# Wavenumber / cm-1 	 Absorbance / OD
1.932508820000000469e+03	9.022441823956714457e-04
1.932538950000000341e+03	9.063688220381505012e-04
1.932569090000000415e+03	9.054931711527866578e-04
1.932599220000000287e+03	8.996178107952695902e-04
1.932629350000000386e+03	8.987424504377367063e-04
1.932659490000000460e+03	9.028667995523778633e-04
1.932689620000000332e+03	9.169914391948599808e-04
1.932719760000000406e+03	9.361157883094953225e-04
1.932749890000000278e+03	9.602404279519805019e-04
1.932780020000000377e+03	9.743650675944487416e-04
1.932810160000000451e+03	9.684894167090868367e-04
1.932840290000000323e+03	9.526140563515597681e-04
1.932870420000000422e+03	9.267386959940365765e-04
1.932900560000000269e+03	9.008630451086893642e-04
1.932930690000000368e+03	8.799876847511503564e-04
1.932960830000000442e+03	8.791120338657934519e-04
1.932990960000000314e+03	8.982366735082736309e-04
1.933021090000000413e+03	9.223613131507449325e-04
1.933051230000000260e+03	9.514856622653902751e-04
1.933081360000000359e+03	9.756103019078615768e-04
1.933111500000000433e+03	9.897346510225057958e-04
1.933141630000000305e+03	9.888592906649798508e-04
1.933171760000000404e+03	9.729839303074527823e-04
1.933201900000000251e+03	9.521082794220966927e-04
1.933232030000000350e+03	9.312329190645715626e-04
1.933262160000000449e+03	9.103575587070464326e-04
1.933292300000000296e+03	8.894819078216903430e-04
1.933322430000000395e+03	8.786065474641613360e-04
1.933352570000000469e+03	8.777308965787974926e-04
1.933382700000000341e+03	8.968555362212776716e-04
1.933412830000000440e+03	9.259801758637470348e-04
1.933442970000000287e+03	9.651045249783954394e-04
1.933473100000000386e+03	9.992291646208698030e-04
1.933503230000000258e+03	1.018353804263343043e-03
1.933533370000000332e+03	1.007478153377990016e-03
1.933563500000000431e+03	9.766027930204548846e-04
1.933593640000000278e+03	9.257271421351034868e-04
1.933623770000000377e+03	8.748517817775761096e-04
1.933653900000000249e+03	8.439764214200548564e-04
1.933684040000000323e+03	8.431007705346979519e-04
1.933714170000000422e+03	8.622254101771642532e-04
1.933744310000000269e+03	8.963497592918145962e-04
1.933774440000000368e+03	9.204743989342789590e-04
1.933804570000000467e+03	9.245990385767510755e-04
1.933834710000000314e+03	8.987233876914038633e-04
1.933864840000000413e+03	8.528480273338676088e-04
1.933894970000000285e+03	8.119726669763502325e-04
1.933925110000000359e+03	7.960970160909852655e-04
1.933955240000000458e+03	8.052216557334623825e-04
1.933985380000000305e+03	8.393460048481057867e-04
1.934015510000000404e+03	8.784706444905782119e-04
1.934045640000000276e+03	9.075952841330614529e-04
1.934075780000000350e+03	9.067196332476976095e-04
1.934105910000000449e+03	8.808442728901674790e-04
1.934136050000000296e+03	8.299686220048160812e-04
1.934166180000000395e+03	7.890932616472848271e-04
1.934196310000000267e+03	7.732179012897716364e-04
1.934226450000000341e+03	7.973422504044050396e-04
1.934256580000000440e+03	8.514668900468785884e-04
1.934286710000000312e+03	9.255915296893513222e-04
1.934316850000000386e+03	9.897158788039969735e-04
1.934346980000000258e+03	1.033840518446467460e-03
1.934377120000000332e+03	1.037964867561115556e-03
1.934407250000000431e+03	1.017089507203590426e-03
1.934437380000000303e+03	9.762141468460591720e-04
1.934467520000000377e+03	9.403384959607019589e-04
1.934497650000000249e+03	9.144631356031787672e-04
1.934527780000000348e+03	9.085877752456547607e-04
1.934557920000000422e+03	9.227121243602989797e-04
1.934588050000000294e+03	9.368367640027672194e-04
1.934618190000000368e+03	9.409611131174153154e-04
1.934648320000000467e+03	9.400857527598824315e-04
1.934678450000000339e+03	9.242103924023623018e-04
1.934708590000000413e+03	9.033347415169992733e-04
1.934738720000000285e+03	8.924593811594772053e-04
1.934768860000000359e+03	8.965837302741183623e-04
1.934798990000000458e+03	9.207083699165896640e-04
1.934829120000000330e+03	9.598330095590690281e-04
1.934859260000000404e+03	9.939573586737054933e-04
1.934889390000000276e+03	1.018081998316183734e-03
1.934919520000000375e+03	1.017206637958650850e-03
1.934949660000000449e+03	9.913309870732966989e-04
1.934979790000000321e+03	9.404556267157762606e-04
1.935009930000000395e+03	8.895799758304109850e-04
1.935040060000000267e+03	8.487046154728936087e-04
1.935070190000000366e+03	8.328292551153596013e-04
1.935100330000000440e+03	8.469536042300038203e-04
1.935130460000000312e+03	8.760782438724870613e-04
1.935160590000000411e+03	9.152028835149525476e-04
1.935190730000000258e+03	9.393272326295998287e-04
1.935220860000000357e+03	9.484518722720700068e-04
1.935251000000000431e+03	9.375762213867100403e-04
1.935281130000000303e+03	9.167008610291849102e-04
1.935311260000000402e+03	8.958255006716597801e-04
1.935341400000000249e+03	8.949498497863098145e-04
1.935371530000000348e+03	9.040744894287799927e-04
1.935401670000000422e+03	9.231988385434222733e-04
1.935431800000000294e+03	9.473234781858935749e-04
1.935461930000000393e+03	9.564481178283706919e-04
1.935492070000000467e+03	9.505724669430157259e-04
1.935522200000000339e+03	9.346971065854886573e-04
1.935552330000000438e+03	9.088217462279585268e-04
1.935582470000000285e+03	8.879460953426024372e-04
1.935612600000000384e+03	8.720707349850753687e-04
1.935642740000000458e+03	8.711950840997115253e-04
1.935672870000000330e+03	8.753197237421975196e-04
1.935703000000000429e+03	8.844443633846676978e-04
1.935733140000000276e+03	8.935687124993138553e-04
1.935763270000000375e+03	8.976933521417859718e-04
1.935793410000000449e+03	9.068177012564251904e-04
1.935823540000000321e+03	9.209423408989003690e-04
1.935853670000000420e+03	9.300669805413705471e-04
1.935883810000000267e+03	9.341913296560186430e-04
1.935913940000000366e+03	9.333159692984926981e-04
1.935944070000000465e+03	9.124406089409606291e-04
1.935974210000000312e+03	8.865649580556134168e-04
1.936004340000000411e+03	8.506895976980802243e-04
1.936034480000000258e+03	8.248139468127260732e-04
1.936064610000000357e+03	8.089385864552059435e-04
1.936094740000000456e+03	8.130632260976711212e-04
1.936124880000000303e+03	8.371875752123184022e-04
1.936155010000000402e+03	8.613122148547897039e-04
1.936185140000000274e+03	8.804368544972698829e-04
1.936215280000000348e+03	8.895612036119021626e-04
1.936245410000000447e+03	8.836858432543781561e-04
1.936275550000000294e+03	8.678101923690270669e-04
1.936305680000000393e+03	8.519348320114930595e-04
1.936335810000000265e+03	8.510594716539740534e-04
1.936365950000000339e+03	8.601838207686132720e-04
1.936396080000000438e+03	8.793084604110865121e-04
1.936426220000000285e+03	9.034328095257268543e-04
1.936456350000000384e+03	9.175574491682020328e-04
1.936486480000000256e+03	9.166820888106830267e-04
1.936516620000000330e+03	9.058064379253230602e-04
1.936546750000000429e+03	8.749310775677948682e-04
1.936576880000000301e+03	8.490557172102716765e-04
1.936607020000000375e+03	8.231800663249105865e-04
1.936637150000000247e+03	8.173047059673935189e-04
1.936667290000000321e+03	8.214290550820277370e-04
1.936697420000000420e+03	8.405536947245009771e-04
1.936727550000000292e+03	8.696783343669772792e-04
1.936757690000000366e+03	8.938026834816176214e-04
1.936787820000000465e+03	9.129273231240908615e-04
1.936817950000000337e+03	9.270519627665660400e-04
1.936848090000000411e+03	9.261763118812091355e-04
1.936878220000000283e+03	9.253009515236831906e-04
1.936908360000000357e+03	9.144253006383301630e-04
1.936938490000000456e+03	9.085499402807992175e-04
1.936968620000000328e+03	9.076745799232802114e-04
1.936998760000000402e+03	9.067989290379233069e-04
1.937028890000000274e+03	9.109235686803954235e-04
1.937059030000000348e+03	9.150479177950365806e-04
1.937089160000000447e+03	9.191725574375017582e-04
1.937119290000000319e+03	9.132971970799846906e-04
1.937149430000000393e+03	9.074215461946227856e-04
1.937179560000000265e+03	8.865461858371045945e-04
1.937209690000000364e+03	8.606708254795744639e-04
1.937239830000000438e+03	8.297951745942153123e-04
1.937269960000000310e+03	8.039198142366921207e-04
1.937300100000000384e+03	7.880441633513271538e-04
1.937330230000000256e+03	7.971688029938112097e-04
1.937360360000000355e+03	8.212934426362755724e-04
1.937390500000000429e+03	8.654177917509220386e-04
1.937420630000000301e+03	9.195424313934025262e-04
1.937450770000000375e+03	9.636667805080351146e-04
1.937480900000000247e+03	9.877914201505202940e-04
1.937511030000000346e+03	9.869160597929874101e-04
1.937541170000000420e+03	9.660404089076313205e-04
1.937571300000000292e+03	9.301650485501120058e-04
1.937601430000000391e+03	8.942896881925788133e-04
1.937631570000000465e+03	8.784140373072207852e-04
1.937661700000000337e+03	8.775386769496948403e-04
1.937691840000000411e+03	8.916630260643390593e-04
1.937721970000000283e+03	9.107876657068122994e-04
1.937752100000000382e+03	9.249123053492874780e-04
1.937782240000000456e+03	9.240366544639305735e-04
1.937812370000000328e+03	9.031612941064054434e-04
1.937842500000000427e+03	8.722859337488772513e-04
1.937872640000000274e+03	8.414102828635180997e-04
1.937902770000000373e+03	8.255349225059979701e-04
1.937932910000000447e+03	8.246592716206410656e-04
1.937963040000000319e+03	8.487839112631123673e-04
1.937993170000000418e+03	8.879085509055847925e-04
1.938023310000000265e+03	9.320329000202312586e-04
1.938053440000000364e+03	9.661575396627056223e-04
1.938083580000000438e+03	9.852818887773409640e-04
1.938113710000000310e+03	9.744065284198188959e-04
1.938143840000000409e+03	9.485311680622957042e-04
1.938173980000000256e+03	9.076555171769404295e-04
1.938204110000000355e+03	8.617801568194111139e-04
1.938234240000000455e+03	8.309047964618759829e-04
1.938264380000000301e+03	8.100291455765268323e-04
1.938294510000000400e+03	8.091537852189939484e-04
1.938324650000000247e+03	8.232781343336451063e-04
1.938354780000000346e+03	8.424027739761183464e-04
1.938384910000000446e+03	8.565274136185865861e-04
1.938415050000000292e+03	8.656517627332396825e-04
1.938445180000000391e+03	8.597764023757017982e-04
1.938475320000000465e+03	8.539007514903468321e-04
1.938505450000000337e+03	8.480253911328297645e-04
1.938535580000000436e+03	8.471500307752968806e-04
1.938565720000000283e+03	8.512743798899449765e-04
1.938595850000000382e+03	8.603990195324151546e-04
1.938625980000000254e+03	8.695236591748922717e-04
1.938656120000000328e+03	8.686480082895284283e-04
1.938686250000000427e+03	8.677726479320024833e-04
1.938716390000000274e+03	8.618969970466544561e-04
1.938746520000000373e+03	8.610216366891215722e-04
1.938776650000000245e+03	8.701462763315986892e-04
1.938806790000000319e+03	8.792706254462379079e-04
1.938836920000000418e+03	8.883952650887150249e-04
1.938867050000000290e+03	8.925199047311871414e-04
1.938897190000000364e+03	8.816442538458271749e-04
1.938927320000000464e+03	8.557688934883039833e-04
1.938957460000000310e+03	8.348932426029478937e-04
1.938987590000000409e+03	8.190178822454208252e-04
1.939017720000000281e+03	8.181425218878948802e-04
1.939047860000000355e+03	8.322668710025390992e-04
1.939077990000000455e+03	8.613915106450084624e-04
1.939108130000000301e+03	8.855158597596557435e-04
1.939138260000000400e+03	8.946404994021259216e-04
1.939168390000000272e+03	8.887651390446019151e-04
1.939198530000000346e+03	8.578894881592427635e-04
1.939228660000000446e+03	8.220141278017095710e-04
1.939258790000000317e+03	7.961387674441933182e-04
1.939288930000000391e+03	7.852631165588402906e-04
1.939319060000000263e+03	7.943877562013104687e-04
1.939349200000000337e+03	8.135121053159527493e-04
1.939379330000000436e+03	8.426367449584221125e-04
1.939409460000000308e+03	8.617613846009022915e-04
1.939439600000000382e+03	8.658857337155434486e-04
1.939469730000000254e+03	8.600103733580194421e-04
1.939499860000000353e+03	8.441350130004923735e-04
1.939530000000000427e+03	8.332593621151324070e-04
1.939560130000000299e+03	8.273840017576084005e-04
1.939590270000000373e+03	8.365083508722476191e-04
1.939620400000000245e+03	8.506329905147297366e-04
1.939650530000000344e+03	8.647576301572049151e-04
1.939680670000000418e+03	8.788819792718352564e-04
1.939710800000000290e+03	8.880066189143193123e-04
1.939740940000000364e+03	8.921309680289535304e-04
1.939771070000000464e+03	8.912556076714275854e-04
1.939801200000000335e+03	9.003802473139047025e-04
1.939831340000000409e+03	9.045045964285458595e-04
1.939861470000000281e+03	9.136292360710299154e-04
1.939891600000000381e+03	9.127538757134970315e-04
1.939921740000000455e+03	9.068782248281351266e-04
1.939951870000000326e+03	8.860028644706099965e-04
1.939982010000000400e+03	8.651272135852539069e-04
1.940012140000000272e+03	8.442518532277357157e-04
1.940042270000000372e+03	8.333764928701997698e-04
1.940072410000000446e+03	8.375008419848478658e-04
1.940102540000000317e+03	8.566254816273211059e-04
1.940132680000000391e+03	8.807498307419614481e-04
1.940162810000000263e+03	8.998744703844346882e-04
1.940192940000000362e+03	9.039991100269137436e-04
1.940223080000000436e+03	8.931234591415537771e-04
1.940253210000000308e+03	8.722480987840286470e-04
1.940283340000000408e+03	8.513727384265035170e-04
1.940313480000000254e+03	8.304970875411474274e-04
1.940343610000000353e+03	8.246217271836164819e-04
1.940373750000000427e+03	8.287460762982645779e-04
1.940403880000000299e+03	8.428707159407397564e-04
1.940434010000000399e+03	8.569953555832079961e-04
1.940464150000000245e+03	8.661197046978541536e-04
1.940494280000000344e+03	8.702443443403262702e-04
1.940524410000000444e+03	8.743689839827914478e-04
1.940554550000000290e+03	8.784933330974464827e-04
1.940584680000000390e+03	8.926179727399216612e-04
1.940614820000000464e+03	9.067423218545520025e-04
1.940644950000000335e+03	9.208669614970341200e-04
1.940675080000000435e+03	9.149916011395031745e-04
1.940705220000000281e+03	8.991159502541520854e-04
1.940735350000000381e+03	8.732405898966219548e-04
1.940765490000000455e+03	8.473649390112608648e-04
1.940795620000000326e+03	8.264895786537426736e-04
1.940825750000000426e+03	8.206142182962117282e-04
1.940855890000000272e+03	8.247385674108598241e-04
1.940886020000000372e+03	8.338632070533300022e-04
1.940916150000000243e+03	8.429878466958071193e-04
1.940946290000000317e+03	8.421121958104502148e-04
1.940976420000000417e+03	8.362368354529192693e-04
1.941006560000000263e+03	8.303611845675712422e-04
1.941036690000000362e+03	8.294858242100383583e-04
1.941066820000000462e+03	8.436104638525135369e-04
1.941096960000000308e+03	8.727348129671519406e-04
1.941127090000000408e+03	8.968594526096301811e-04
1.941157220000000279e+03	9.109840922521122986e-04
1.941187360000000353e+03	9.001084413667453932e-04
1.941217490000000453e+03	8.692330810092172011e-04
1.941247630000000299e+03	8.283574301238619264e-04
1.941277760000000399e+03	7.924820697663356728e-04
1.941307890000000270e+03	7.716067094088105427e-04
1.941338030000000344e+03	7.807310585234567002e-04
1.941368160000000444e+03	8.098556981659260634e-04
1.941398300000000290e+03	8.489800472805675291e-04
1.941428430000000390e+03	8.881046869230468932e-04
1.941458560000000261e+03	9.172293265655162564e-04
1.941488700000000335e+03	9.263536756801624139e-04
1.941518830000000435e+03	9.154783153226334069e-04
1.941548960000000307e+03	9.046029549651113388e-04
1.941579100000000381e+03	8.887273040797533108e-04
1.941609230000000252e+03	8.828519437222293043e-04
1.941639370000000326e+03	8.769762928368673993e-04
1.941669500000000426e+03	8.811009324793395159e-04
1.941699630000000298e+03	8.852255721218185713e-04
1.941729770000000372e+03	8.843499212364616668e-04
1.941759900000000243e+03	8.784745608789376603e-04
1.941790040000000317e+03	8.775989099935807558e-04
1.941820170000000417e+03	8.717235496360428715e-04
1.941850300000000288e+03	8.658481892785258038e-04
1.941880440000000362e+03	8.599725383931708378e-04
1.941910570000000462e+03	8.590971780356379539e-04
1.941940700000000334e+03	8.582218176781189478e-04
1.941970840000000408e+03	8.623461667927531660e-04
1.942000970000000279e+03	8.714708064352372219e-04
1.942031110000000353e+03	8.805951555498695016e-04
1.942061240000000453e+03	8.897197951923466186e-04
1.942091370000000325e+03	8.888444348348276125e-04
1.942121510000000399e+03	8.829687839494657076e-04
1.942151640000000270e+03	8.670934235919455779e-04
1.942181770000000370e+03	8.512180632344115705e-04
1.942211910000000444e+03	8.403424123490516040e-04
1.942242040000000316e+03	8.344670519915275975e-04
1.942272180000000390e+03	8.485914011061718165e-04
1.942302310000000261e+03	8.627160407486539340e-04
1.942332440000000361e+03	8.868406803911182967e-04
1.942362580000000435e+03	8.959650295057644542e-04
1.942392710000000307e+03	8.950896691482385092e-04
1.942422850000000381e+03	8.792140182628804812e-04
1.942452980000000252e+03	8.533386579053572896e-04
1.942483110000000352e+03	8.224632975478290975e-04
1.942513250000000426e+03	7.965876466624680075e-04
1.942543380000000298e+03	7.807122863049478778e-04
1.942573510000000397e+03	7.798369259474219328e-04
1.942603650000000243e+03	7.839612750620630899e-04
1.942633780000000343e+03	7.880859147045352064e-04
1.942663920000000417e+03	7.972102638191813639e-04
1.942694050000000288e+03	8.113349034616496036e-04
1.942724180000000388e+03	8.254595431041247822e-04
1.942754320000000462e+03	8.445838922187601239e-04
1.942784450000000334e+03	8.637085318612472418e-04
1.942814590000000408e+03	8.878328809758875839e-04
1.942844720000000279e+03	9.069575206183608240e-04
1.942874850000000379e+03	9.110821602608329406e-04
1.942904990000000453e+03	8.952065093754749125e-04
1.942935120000000325e+03	8.643311490179536594e-04
1.942965250000000424e+03	8.184557886604174048e-04
1.942995390000000270e+03	7.775801377750690691e-04
1.943025520000000370e+03	7.517047774175458774e-04
1.943055660000000444e+03	7.408291265321789720e-04
1.943085790000000316e+03	7.449537661746580275e-04
1.943115920000000415e+03	7.640784058171312676e-04
1.943146060000000261e+03	7.832027549317804871e-04
1.943176190000000361e+03	7.973273945742417879e-04
1.943206320000000460e+03	8.014520342167208433e-04
1.943236460000000307e+03	8.005763833313708777e-04
1.943266590000000406e+03	8.047010229738360554e-04
1.943296730000000252e+03	8.138253720884891518e-04
1.943326860000000352e+03	8.379500117309535145e-04
1.943356990000000451e+03	8.620746513734248162e-04
1.943387130000000298e+03	8.811990004880809746e-04
1.943417260000000397e+03	8.853236401305461523e-04
1.943447400000000243e+03	8.694479892451950631e-04
1.943477530000000343e+03	8.385726288876599321e-04
1.943507660000000442e+03	7.976972685301356170e-04
1.943537800000000288e+03	7.668216176447764654e-04
1.943567930000000388e+03	7.559462572872543973e-04
1.943598060000000260e+03	7.700708969297365147e-04
1.943628200000000334e+03	7.991952460443679795e-04
1.943658330000000433e+03	8.383198856868473436e-04
1.943688470000000279e+03	8.724442348014907478e-04
1.943718600000000379e+03	8.915688744439639879e-04
1.943748730000000251e+03	8.906935140864449818e-04
1.943778870000000325e+03	8.748178632010800149e-04
1.943809000000000424e+03	8.539425028435548848e-04
1.943839130000000296e+03	8.330671424860297547e-04
1.943869270000000370e+03	8.221914916006697882e-04
1.943899400000000469e+03	8.213161312431369043e-04
1.943929540000000316e+03	8.354404803577880623e-04
1.943959670000000415e+03	8.495651200002632408e-04
1.943989800000000287e+03	8.686897596427364809e-04
1.944019940000000361e+03	8.878141087573787615e-04
1.944050070000000460e+03	9.019387483998470012e-04
1.944080210000000307e+03	9.110630975144931587e-04
1.944110340000000406e+03	9.101877371569602748e-04
1.944140470000000278e+03	9.093123767994412687e-04
1.944170610000000352e+03	8.934367259140832407e-04
1.944200740000000451e+03	8.775613655565561722e-04
1.944230870000000323e+03	8.516860051990329805e-04
1.944261010000000397e+03	8.308103543136699520e-04
1.944291140000000269e+03	8.149349939561498224e-04
1.944321280000000343e+03	8.090593430707948563e-04
1.944351410000000442e+03	8.081839827132619725e-04
1.944381540000000314e+03	8.123086223557410279e-04
1.944411680000000388e+03	8.214329714703802465e-04
1.944441810000000260e+03	8.305576111128573635e-04
1.944471950000000334e+03	8.396819602274965821e-04
1.944502080000000433e+03	8.438065998699686987e-04
1.944532210000000305e+03	8.479312395124546931e-04
1.944562350000000379e+03	8.520555886270889112e-04
1.944592480000000251e+03	8.561802282695679667e-04
1.944622610000000350e+03	8.603048679120331443e-04
1.944652750000000424e+03	8.494292170266801167e-04
1.944682880000000296e+03	8.335538566691599871e-04
1.944713020000000370e+03	8.076782057837988971e-04
1.944743150000000469e+03	7.768028454262707050e-04
1.944773280000000341e+03	7.459274850687425129e-04
1.944803420000000415e+03	7.250518341833864233e-04
1.944833550000000287e+03	7.191764738258624168e-04
1.944863680000000386e+03	7.333011134683375953e-04
1.944893820000000460e+03	7.624254625829759990e-04
1.944923950000000332e+03	7.965501022254503627e-04
1.944954090000000406e+03	8.256744513400957053e-04
1.944984220000000278e+03	8.447990909825689454e-04
1.945014350000000377e+03	8.489237306250410620e-04
1.945044490000000451e+03	8.330480797396830339e-04
1.945074620000000323e+03	8.121727193821579038e-04
1.945104760000000397e+03	7.862970684968037527e-04
1.945134890000000269e+03	7.704217081392766842e-04
1.945165020000000368e+03	7.595463477817546161e-04
1.945195160000000442e+03	7.636706968963888342e-04
1.945225290000000314e+03	7.727953365388659512e-04
1.945255420000000413e+03	7.869199761813411298e-04
1.945285560000000260e+03	8.010443252959853488e-04
1.945315690000000359e+03	8.151689649384605274e-04
1.945345830000000433e+03	8.192933140530947456e-04
1.945375960000000305e+03	8.234179536955807399e-04
1.945406090000000404e+03	8.225425933380478560e-04
1.945436230000000251e+03	8.216669424526978904e-04
1.945466360000000350e+03	8.157915820951669450e-04
1.945496500000000424e+03	8.099159312098050401e-04
1.945526630000000296e+03	7.940405708522849104e-04
1.945556760000000395e+03	7.681652104947547799e-04
1.945586900000000469e+03	7.472895596093986903e-04
1.945617030000000341e+03	7.264141992518666213e-04
1.945647160000000440e+03	7.155388388943445532e-04
1.945677300000000287e+03	7.196631880089926492e-04
1.945707430000000386e+03	7.387878276514589504e-04
1.945737570000000460e+03	7.679121767661042930e-04
1.945767700000000332e+03	8.020368164085786566e-04
1.945797830000000431e+03	8.261614560510499583e-04
1.945827970000000278e+03	8.352858051657030547e-04
1.945858100000000377e+03	8.244104448081671088e-04
1.945888230000000249e+03	8.085350844506539181e-04
1.945918370000000323e+03	7.826594335652858891e-04
1.945948500000000422e+03	7.667840732077588206e-04
1.945978640000000269e+03	7.709084223224069166e-04
1.946008770000000368e+03	7.850330619648751562e-04
1.946038900000000467e+03	8.091577016073533968e-04
1.946069040000000314e+03	8.382820507219918005e-04
1.946099170000000413e+03	8.524066903644669790e-04
1.946129310000000260e+03	8.565310394791150750e-04
1.946159440000000359e+03	8.456556791215860680e-04
1.946189570000000458e+03	8.247803187640609379e-04
1.946219710000000305e+03	8.139046678787009714e-04
1.946249840000000404e+03	8.130293075211750264e-04
1.946279970000000276e+03	8.321539471636482665e-04
1.946310110000000350e+03	8.612782962782936091e-04
1.946340240000000449e+03	8.854029359207649108e-04
1.946370380000000296e+03	9.045272850354141303e-04
1.946400510000000395e+03	8.986519246778831849e-04
1.946430640000000267e+03	8.777765643203580548e-04
1.946460780000000341e+03	8.469009134350058421e-04
1.946490910000000440e+03	8.210255530774687727e-04
1.946521040000000312e+03	8.051501927199486430e-04
1.946551180000000386e+03	8.092745418345898001e-04
1.946581310000000258e+03	8.333991814770680406e-04
1.946611450000000332e+03	8.625235305917133832e-04
1.946641580000000431e+03	8.816481702341796844e-04
1.946671710000000303e+03	8.907728098766568015e-04
1.946701850000000377e+03	8.798971589912968350e-04
1.946731980000000249e+03	8.540217986337736433e-04
1.946762120000000323e+03	8.281461477484194922e-04
1.946792250000000422e+03	8.122707873908854848e-04
1.946822380000000294e+03	8.113954270333664787e-04
1.946852520000000368e+03	8.255197761480037588e-04
1.946882650000000467e+03	8.446444157904769989e-04
1.946912780000000339e+03	8.537690554329541159e-04
1.946942920000000413e+03	8.428934045475941494e-04
1.946973050000000285e+03	8.170180441900778967e-04
1.947003190000000359e+03	7.761423933047156831e-04
1.947033320000000458e+03	7.402670329471894295e-04
1.947063450000000330e+03	7.193916725896573605e-04
1.947093590000000404e+03	7.285160217043035180e-04
1.947123720000000276e+03	7.626406613467848206e-04
1.947153860000000350e+03	8.067650104614174089e-04
1.947183990000000449e+03	8.458896501038967730e-04
1.947214120000000321e+03	8.650142897463700131e-04
1.947244260000000395e+03	8.491386388610119851e-04
1.947274390000000267e+03	8.182632785034837930e-04
1.947304520000000366e+03	7.773879181459594778e-04
1.947334660000000440e+03	7.515122672606053267e-04
1.947364790000000312e+03	7.506369069030793817e-04
1.947394930000000386e+03	7.747612560177197238e-04
1.947425060000000258e+03	8.138858956601921490e-04
1.947455190000000357e+03	8.530105353026715131e-04
1.947485330000000431e+03	8.671348844173018544e-04
1.947515460000000303e+03	8.512595240597886637e-04
1.947545590000000402e+03	8.103841637022574096e-04
1.947575730000000249e+03	7.595085128169060118e-04
1.947605860000000348e+03	7.136331524593766962e-04
1.947636000000000422e+03	6.877575015740156061e-04
1.947666130000000294e+03	6.818821412164915996e-04
1.947696260000000393e+03	7.010067808589648397e-04
1.947726400000000467e+03	7.301311299736032434e-04
1.947756530000000339e+03	7.542557696160884229e-04
1.947786670000000413e+03	7.683801187307187641e-04
1.947816800000000285e+03	7.775047583732028200e-04
1.947846930000000384e+03	7.766293980156699361e-04
1.947877070000000458e+03	7.757537471303130316e-04
1.947907200000000330e+03	7.748783867727940255e-04
1.947937330000000429e+03	7.790030264152592032e-04
1.947967470000000276e+03	7.781273755299092376e-04
1.947997600000000375e+03	7.722520151723782922e-04
1.948027740000000449e+03	7.563763642870202641e-04
1.948057870000000321e+03	7.405010039295001345e-04
1.948088000000000420e+03	7.296256435719711275e-04
1.948118140000000267e+03	7.237499926866161615e-04
1.948148270000000366e+03	7.328746323290863396e-04
1.948178400000000465e+03	7.519992719715595797e-04
1.948208540000000312e+03	7.761236210861999218e-04
1.948238670000000411e+03	8.002482607286781624e-04
1.948268810000000258e+03	8.193726098433273819e-04
1.948298940000000357e+03	8.334972494857956216e-04
1.948329070000000456e+03	8.376218891282677381e-04
1.948359210000000303e+03	8.367462382429108336e-04
1.948389340000000402e+03	8.308708778853868271e-04
1.948419480000000249e+03	8.199952270000268606e-04
1.948449610000000348e+03	8.041198666424997921e-04
1.948479740000000447e+03	7.882445062849796624e-04
1.948509880000000294e+03	7.673688553996166339e-04
1.948540010000000393e+03	7.564934950420945659e-04
1.948570140000000265e+03	7.556181346845686209e-04
1.948600280000000339e+03	7.647424837992078395e-04
1.948630410000000438e+03	7.838671234416880185e-04
1.948660550000000285e+03	8.179914725563314226e-04
1.948690680000000384e+03	8.471161121988007858e-04
1.948720810000000256e+03	8.662407518412740259e-04
1.948750950000000330e+03	8.753651009559201834e-04
1.948781080000000429e+03	8.644897405983842376e-04
1.948811220000000276e+03	8.436140897130350869e-04
1.948841350000000375e+03	8.177387293555118952e-04
1.948871480000000247e+03	7.918633689979817647e-04
1.948901620000000321e+03	7.759877181126306755e-04
1.948931750000000420e+03	7.751123577550977917e-04
1.948961880000000292e+03	7.792369973975768471e-04
1.948992020000000366e+03	7.883613465122160657e-04
1.949022150000000465e+03	8.024859861546843054e-04
1.949052290000000312e+03	8.116103352693374018e-04
1.949082420000000411e+03	8.207349749118006410e-04
1.949112550000000283e+03	8.198596145542816349e-04
1.949142690000000357e+03	8.239839636689227920e-04
1.949172820000000456e+03	8.231086033113968470e-04
1.949202950000000328e+03	8.272332429538759024e-04
1.949233090000000402e+03	8.263575920685120590e-04
1.949263220000000274e+03	8.304822317109911145e-04
1.949293360000000348e+03	8.246065808256292096e-04
1.949323490000000447e+03	8.087312204681021410e-04
1.949353620000000319e+03	7.878558601105770109e-04
1.949383760000000393e+03	7.569802092252178594e-04
1.949413890000000265e+03	7.261048488677035451e-04
1.949444030000000339e+03	7.002291979823355161e-04
1.949474160000000438e+03	6.893538376248134480e-04
1.949504290000000310e+03	6.934784772672855646e-04
1.949534430000000384e+03	7.126028263819278452e-04
1.949564560000000256e+03	7.417274660244110862e-04
1.949594690000000355e+03	7.658521056668754490e-04
1.949624830000000429e+03	7.849764547815177296e-04
1.949654960000000301e+03	7.841010944239917846e-04
1.949685100000000375e+03	7.782254435386368185e-04
1.949715230000000247e+03	7.623500831811097500e-04
1.949745360000000346e+03	7.514747228235876819e-04
1.949775500000000420e+03	7.555990719382288390e-04
1.949805630000000292e+03	7.697237115807040175e-04
1.949835770000000366e+03	7.888480606953462981e-04
1.949865900000000465e+03	8.029727003378145378e-04
1.949896030000000337e+03	8.120973399802916548e-04
1.949926170000000411e+03	8.062216890949366888e-04
1.949956300000000283e+03	7.903463287374096202e-04
1.949986430000000382e+03	7.744709683798825517e-04
1.950016570000000456e+03	7.685953174945206468e-04
1.950046700000000328e+03	7.727199571369997022e-04
1.950076840000000402e+03	7.868443062516369824e-04
1.950106970000000274e+03	8.059689458941171614e-04
1.950137100000000373e+03	8.200935855365923399e-04
1.950167240000000447e+03	8.192179346512284965e-04
1.950197370000000319e+03	8.133425742937114289e-04
1.950227500000000418e+03	7.974672139361774215e-04
1.950257640000000265e+03	7.765915630508282708e-04
1.950287770000000364e+03	7.607162026932942633e-04
1.950317910000000438e+03	7.448405518079362353e-04
1.950348040000000310e+03	7.389651914504191677e-04
1.950378170000000409e+03	7.330898310928882222e-04
1.950408310000000256e+03	7.222141802075351946e-04
1.950438440000000355e+03	7.213388198500023107e-04
1.950468580000000429e+03	7.204631689646454062e-04
1.950498710000000301e+03	7.345878086071275237e-04
1.950528840000000400e+03	7.637124482495968869e-04
1.950558980000000247e+03	7.978367973642402911e-04
1.950589110000000346e+03	8.319614370067077158e-04
1.950619240000000445e+03	8.510860766491878948e-04
1.950649380000000292e+03	8.552104257638290519e-04
1.950679510000000391e+03	8.343350654063039218e-04
1.950709650000000465e+03	7.984594145209467086e-04
1.950739780000000337e+03	7.625840541634204550e-04
1.950769910000000436e+03	7.317086938058922629e-04
1.950800050000000283e+03	7.208330429205392353e-04
1.950830180000000382e+03	7.249576825630113519e-04
1.950860310000000254e+03	7.490823222054826536e-04
1.950890450000000328e+03	7.832066713201260577e-04
1.950920580000000427e+03	8.173313109626004214e-04
1.950950720000000274e+03	8.464556600772457640e-04
1.950980850000000373e+03	8.655802997197190041e-04
1.951010980000000245e+03	8.747049393621961211e-04
1.951041120000000319e+03	8.738292884768392166e-04
1.951071250000000418e+03	8.579539281193121480e-04
1.951101390000000265e+03	8.370782772339560585e-04
1.951131520000000364e+03	8.062029168764278664e-04
1.951161650000000463e+03	7.753275565188927354e-04
1.951191790000000310e+03	7.494519056335455232e-04
1.951221920000000409e+03	7.335765452760115157e-04
1.951252050000000281e+03	7.327011849184925096e-04
1.951282190000000355e+03	7.368255340331336667e-04
1.951312320000000454e+03	7.509501736756019064e-04
1.951342460000000301e+03	7.700745227902511258e-04
1.951372590000000400e+03	7.891991624327174271e-04
1.951402720000000272e+03	8.033238020751995445e-04
1.951432860000000346e+03	8.074481511898407016e-04
1.951462990000000445e+03	8.065727908323078177e-04
1.951493130000000292e+03	8.006971399469597905e-04
1.951523260000000391e+03	7.898217795894307836e-04
1.951553390000000263e+03	7.689464192319056535e-04
1.951583530000000337e+03	7.480707683465426250e-04
1.951613660000000436e+03	7.271954079890174949e-04
1.951643790000000308e+03	7.113200476314973653e-04
1.951673930000000382e+03	7.054443967461354603e-04
1.951704060000000254e+03	7.145690363886195162e-04
1.951734200000000328e+03	7.236933855032517959e-04
1.951764330000000427e+03	7.378180251457269745e-04
1.951794460000000299e+03	7.469426647882040915e-04
1.951824600000000373e+03	7.410670139028421866e-04
1.951854730000000245e+03	7.301916535453270574e-04
1.951884860000000344e+03	7.143162931877930499e-04
1.951915000000000418e+03	7.084406423024380839e-04
1.951945130000000290e+03	7.175652819449082620e-04
1.951975270000000364e+03	7.316896310595524811e-04
1.952005400000000463e+03	7.608142707020287832e-04
1.952035530000000335e+03	7.799389103445020233e-04
1.952065670000000409e+03	7.890632594591412419e-04
1.952095800000000281e+03	7.781878991016191738e-04
1.952125940000000355e+03	7.523122482162580837e-04
1.952156070000000454e+03	7.214368878587298917e-04
1.952186200000000326e+03	6.955615275012067000e-04
1.952216340000000400e+03	6.796858766158556109e-04
1.952246470000000272e+03	6.838105162583277274e-04
1.952276600000000371e+03	6.979351559008029060e-04
1.952306740000000445e+03	7.120595050154401862e-04
1.952336870000000317e+03	7.161841446579192416e-04
1.952367010000000391e+03	7.103084937725642756e-04
1.952397140000000263e+03	6.894331334150322066e-04
1.952427270000000362e+03	6.735577730575120770e-04
1.952457410000000436e+03	6.626821221721451716e-04
1.952487540000000308e+03	6.668067618146242270e-04
1.952517670000000408e+03	6.859314014570905282e-04
1.952547810000000254e+03	7.150557505717428097e-04
1.952577940000000353e+03	7.441803902142191118e-04
1.952608080000000427e+03	7.683047393288525151e-04
1.952638210000000299e+03	7.874293789713326941e-04
1.952668340000000399e+03	8.015540186138009338e-04
1.952698480000000245e+03	8.156783677284520917e-04
1.952728610000000344e+03	8.348030073709183929e-04
1.952758750000000418e+03	8.539273564855606735e-04
1.952788880000000290e+03	8.630519961280447294e-04
1.952819010000000389e+03	8.621766357705118455e-04
1.952849150000000463e+03	8.413009848851557559e-04
1.952879280000000335e+03	8.054256245276295023e-04
1.952909410000000435e+03	7.545502641701021251e-04
1.952939550000000281e+03	7.086746132847487889e-04
1.952969680000000380e+03	6.777992529272205968e-04
1.952999820000000454e+03	6.719236020418586919e-04
1.953029950000000326e+03	6.960482416843369324e-04
1.953060080000000426e+03	7.301728813268112961e-04
1.953090220000000272e+03	7.742972304414508233e-04
1.953120350000000371e+03	8.034218700839271254e-04
1.953150490000000445e+03	8.225462191985694060e-04
1.953180620000000317e+03	8.166708588410453995e-04
1.953210750000000417e+03	8.007954984835183310e-04
1.953240890000000263e+03	7.749198475981641798e-04
1.953271020000000362e+03	7.540444872406321108e-04
1.953301150000000462e+03	7.381691268831119812e-04
1.953331290000000308e+03	7.372934759977550767e-04
1.953361420000000408e+03	7.514181156402233164e-04
1.953391560000000254e+03	7.705424647548725359e-04
1.953421690000000353e+03	7.946671043973438375e-04
1.953451820000000453e+03	8.137917440398101387e-04
1.953481960000000299e+03	8.279160931544612967e-04
1.953512090000000399e+03	8.370407327969314748e-04
1.953542220000000270e+03	8.311653724394074683e-04
1.953572360000000344e+03	8.102897215540513787e-04
1.953602490000000444e+03	7.844143611965212481e-04
1.953632630000000290e+03	7.535387103111690354e-04
1.953662760000000389e+03	7.226633499536339045e-04
1.953692890000000261e+03	6.917879895961195902e-04
1.953723030000000335e+03	6.759123387107615621e-04
1.953753160000000435e+03	6.650369783532256163e-04
1.953783300000000281e+03	6.641613274678756507e-04
1.953813430000000380e+03	6.782859671103438903e-04
1.953843560000000252e+03	6.924106067528260078e-04
1.953873700000000326e+03	7.115349558674682884e-04
1.953903830000000426e+03	7.256595955099365280e-04
1.953933960000000297e+03	7.397842351524186455e-04
1.953964100000000371e+03	7.439085842670528637e-04
1.953994230000000243e+03	7.430332239095338576e-04
1.954024370000000317e+03	7.321575730241669522e-04
1.954054500000000417e+03	7.212822126666448841e-04
1.954084630000000288e+03	7.104068523091228160e-04
1.954114770000000362e+03	6.945312014237578491e-04
1.954144900000000462e+03	6.836558410662357810e-04
1.954175040000000308e+03	6.777801901808808149e-04
1.954205170000000408e+03	6.769048298233548699e-04
1.954235300000000279e+03	6.810294694658269865e-04
1.954265440000000353e+03	6.901538185804662051e-04
1.954295570000000453e+03	6.992784582229433221e-04
1.954325700000000325e+03	7.084030978654204391e-04
1.954355840000000399e+03	7.125274469800615962e-04
1.954385970000000270e+03	7.166520866225337127e-04
1.954416110000000344e+03	7.207764357371748698e-04
1.954446240000000444e+03	7.199010753796489248e-04
1.954476370000000315e+03	7.290257150221260418e-04
1.954506510000000389e+03	7.381500641367721993e-04
1.954536640000000261e+03	7.522747037792404390e-04
1.954566770000000361e+03	7.663993434217156175e-04
1.954596910000000435e+03	7.755236925363548361e-04
1.954627040000000306e+03	7.696483321788377685e-04
1.954657180000000380e+03	7.587726812934778020e-04
1.954687310000000252e+03	7.428973209359507335e-04
1.954717440000000352e+03	7.320219605784286654e-04
1.954747580000000426e+03	7.261463096930598216e-04
1.954777710000000297e+03	7.402709493355419390e-04
1.954807850000000371e+03	7.693952984501872816e-04
1.954837980000000243e+03	8.035199380926616453e-04
1.954868110000000343e+03	8.276445777351329469e-04
1.954898250000000417e+03	8.267689268497691035e-04
1.954928380000000288e+03	8.058935664922509123e-04
1.954958510000000388e+03	7.650182061347196583e-04
1.954988650000000462e+03	7.091425552493632600e-04
1.955018780000000334e+03	6.632671948918408833e-04
1.955048920000000408e+03	6.423915440064778548e-04
1.955079050000000279e+03	6.465161836489569103e-04
1.955109180000000379e+03	6.806408232914243350e-04
1.955139320000000453e+03	7.297651724060688627e-04
1.955169450000000325e+03	7.738898120485462884e-04
1.955199580000000424e+03	7.980144516910175900e-04
1.955229720000000270e+03	8.021388008056656860e-04
1.955259850000000370e+03	7.812634404481336170e-04
1.955289990000000444e+03	7.503877895627814043e-04
1.955320120000000315e+03	7.195124292052532122e-04
1.955350250000000415e+03	7.086370688477242052e-04
1.955380390000000261e+03	7.177614179623773016e-04
1.955410520000000361e+03	7.418860576048416644e-04
1.955440660000000435e+03	7.760104067194850685e-04
1.955470790000000306e+03	8.001350463619633091e-04
1.955500920000000406e+03	8.192596860044365492e-04
1.955531060000000252e+03	8.233840351190777063e-04
1.955561190000000352e+03	8.125086747615486993e-04
1.955591320000000451e+03	7.966333144040285696e-04
1.955621460000000297e+03	7.807576635186705416e-04
1.955651590000000397e+03	7.748823031611395962e-04
1.955681730000000243e+03	7.740066522757826917e-04
1.955711860000000343e+03	7.781312919182617471e-04
1.955741990000000442e+03	7.822559315607338637e-04
1.955772130000000288e+03	7.813802806753769592e-04
1.955802260000000388e+03	7.755049203178529527e-04
1.955832400000000462e+03	7.696292694324841088e-04
1.955862530000000334e+03	7.637539090749670412e-04
1.955892660000000433e+03	7.628785487174341573e-04
1.955922800000000279e+03	7.670028978320822532e-04
1.955952930000000379e+03	7.761275374745593703e-04
1.955983060000000251e+03	7.902521771170345488e-04
1.956013200000000325e+03	8.093765262316768294e-04
1.956043330000000424e+03	8.185011658741470075e-04
1.956073470000000270e+03	8.176255149887970419e-04
1.956103600000000370e+03	8.067501546312610960e-04
1.956133730000000469e+03	7.858747942737359660e-04
1.956163870000000315e+03	7.549991433883837533e-04
1.956194000000000415e+03	7.191237830308505607e-04
1.956224130000000287e+03	6.932484226733343080e-04
1.956254270000000361e+03	6.773727717879693411e-04
1.956284400000000460e+03	6.764974114304433961e-04
1.956314540000000306e+03	6.856217605450964925e-04
1.956344670000000406e+03	7.047464001875627937e-04
1.956374800000000278e+03	7.238710398300429727e-04
1.956404940000000352e+03	7.329953889446752524e-04
1.956435070000000451e+03	7.371200285871543079e-04
1.956465210000000297e+03	7.212443777017962798e-04
1.956495340000000397e+03	7.003690173442711497e-04
1.956525470000000269e+03	6.744936569867479581e-04
1.956555610000000343e+03	6.586180061013829912e-04
1.956585740000000442e+03	6.577426457438570462e-04
1.956615870000000314e+03	6.718672853863322247e-04
1.956646010000000388e+03	7.009916345009775673e-04
1.956676140000000260e+03	7.401162741434499925e-04
1.956706280000000334e+03	7.742406232580933967e-04
1.956736410000000433e+03	7.983652629005716372e-04
1.956766540000000305e+03	8.024899025430437538e-04
1.956796680000000379e+03	7.866142516576857258e-04
1.956826810000000251e+03	7.457388913001614106e-04
1.956856940000000350e+03	7.048635309426370954e-04
1.956887080000000424e+03	6.689878800572798823e-04
1.956917210000000296e+03	6.581125196997508753e-04
1.956947350000000370e+03	6.672368688143970328e-04
1.956977480000000469e+03	6.963615084568594571e-04
1.957007610000000341e+03	7.354861480993388212e-04
1.957037750000000415e+03	7.696104972139752864e-04
1.957067880000000287e+03	7.837351368564574039e-04
1.957098020000000361e+03	7.728594859711043763e-04
1.957128150000000460e+03	7.469841256135673069e-04
1.957158280000000332e+03	7.161087652560529926e-04
1.957188420000000406e+03	7.002331143706880257e-04
1.957218550000000278e+03	7.043577540131670811e-04
1.957248680000000377e+03	7.284823936556383828e-04
1.957278820000000451e+03	7.726067427702779100e-04
1.957308950000000323e+03	8.117313824127572741e-04
1.957339090000000397e+03	8.308557315273926158e-04
1.957369220000000269e+03	8.249803711698755482e-04
1.957399350000000368e+03	7.991050108123454176e-04
1.957429490000000442e+03	7.582293599269832041e-04
1.957459620000000314e+03	7.273539995694688898e-04
1.957489760000000388e+03	7.114783486841039228e-04
1.957519890000000260e+03	7.106029883265849167e-04
1.957550020000000359e+03	7.197276279690481560e-04
1.957580160000000433e+03	7.338519770836923750e-04
1.957610290000000305e+03	7.329766167261664300e-04
1.957640420000000404e+03	7.271012563686424235e-04
1.957670560000000251e+03	7.162256054832893959e-04
1.957700690000000350e+03	7.053502451257603889e-04
1.957730830000000424e+03	6.994745942404054229e-04
1.957760960000000296e+03	7.035992338828775394e-04
1.957791090000000395e+03	7.077238735253496560e-04
1.957821230000000469e+03	7.118482226399908130e-04
1.957851360000000341e+03	7.009728622824687450e-04
1.957881490000000440e+03	6.850975019249416764e-04
1.957911630000000287e+03	6.692218510395836484e-04
1.957941760000000386e+03	6.633464906820596418e-04
1.957971900000000460e+03	6.774708397966969220e-04
1.958002030000000332e+03	7.115954794391782245e-04
1.958032160000000431e+03	7.607201190816537117e-04
1.958062300000000278e+03	7.998444681962951774e-04
1.958092430000000377e+03	8.239691078387664791e-04
1.958122570000000451e+03	8.180934569534045742e-04
1.958152700000000323e+03	7.872180965958833210e-04
1.958182830000000422e+03	7.413427362383609442e-04
1.958212970000000269e+03	7.054670853530037311e-04
1.958243100000000368e+03	6.845917249954786010e-04
1.958273230000000467e+03	6.887163646379437787e-04
1.958303370000000314e+03	7.128407137525910597e-04
1.958333500000000413e+03	7.419653533950604229e-04
1.958363640000000260e+03	7.710897025097127044e-04
1.958393770000000359e+03	7.802143421521828826e-04
1.958423900000000458e+03	7.743389817946519371e-04
1.958454040000000305e+03	7.534633309093027864e-04
1.958484170000000404e+03	7.275879705517657170e-04
1.958514310000000251e+03	7.117123196664215667e-04
1.958544440000000350e+03	7.008369593088856209e-04
1.958574570000000449e+03	6.999615989513596759e-04
1.958604710000000296e+03	7.040859480660077718e-04
1.958634840000000395e+03	6.982105877084768264e-04
1.958664970000000267e+03	6.923352273509597588e-04
1.958695110000000341e+03	6.764595764655947918e-04
1.958725240000000440e+03	6.605842161080677233e-04
1.958755380000000287e+03	6.547085652227196961e-04
1.958785510000000386e+03	6.588332048651848738e-04
1.958815640000000258e+03	6.729578445076669913e-04
1.958845780000000332e+03	6.920821936223023330e-04
1.958875910000000431e+03	7.212068332647786351e-04
1.958906040000000303e+03	7.453314729072499367e-04
1.958936180000000377e+03	7.594558220218941558e-04
1.958966310000000249e+03	7.685804616643782117e-04
1.958996450000000323e+03	7.727048107790124298e-04
1.959026580000000422e+03	7.718294504214864848e-04
1.959056710000000294e+03	7.709540900639605399e-04
1.959086850000000368e+03	7.700784391786036354e-04
1.959116980000000467e+03	7.692030788210776904e-04
1.959147120000000314e+03	7.583274279357177239e-04
1.959177250000000413e+03	7.424520675781906554e-04
1.959207380000000285e+03	7.215767072206655253e-04
1.959237520000000359e+03	7.007010563353094357e-04
1.959267650000000458e+03	6.848256959777754282e-04
1.959297780000000330e+03	6.739503356202602991e-04
1.959327920000000404e+03	6.680746847348983941e-04
1.959358050000000276e+03	6.771993243773755111e-04
1.959388190000000350e+03	6.963236734920177917e-04
1.959418320000000449e+03	7.204483131344890934e-04
1.959448450000000321e+03	7.445729527769673339e-04
1.959478590000000395e+03	7.686973018916007372e-04
1.959508720000000267e+03	7.878219415340809162e-04
1.959538850000000366e+03	7.969465811765580332e-04
1.959568990000000440e+03	7.910709302911961283e-04
1.959599120000000312e+03	7.701955699336779371e-04
1.959629260000000386e+03	7.393199190483118466e-04
1.959659390000000258e+03	6.984445586907944703e-04
1.959689520000000357e+03	6.575691983332632162e-04
1.959719660000000431e+03	6.366935474479001877e-04
1.959749790000000303e+03	6.308181870903831201e-04
1.959779930000000377e+03	6.449425362050204003e-04
1.959810060000000249e+03	6.740671758475036413e-04
1.959840190000000348e+03	7.081918154899710660e-04
1.959870330000000422e+03	7.323161646046114082e-04
1.959900460000000294e+03	7.464408042470935256e-04
1.959930590000000393e+03	7.405654438895625802e-04
1.959960730000000467e+03	7.246897930042045521e-04
1.959990860000000339e+03	7.038144326466794221e-04
1.960021000000000413e+03	6.879387817613213940e-04
1.960051130000000285e+03	6.870634214037954490e-04
1.960081260000000384e+03	6.911880610462675656e-04
1.960111400000000458e+03	7.053124101609117846e-04
1.960141530000000330e+03	7.194370498033869632e-04
1.960171670000000404e+03	7.285613989180261818e-04
1.960201800000000276e+03	7.276860385605002368e-04
1.960231930000000375e+03	7.218106782029762303e-04
1.960262070000000449e+03	7.209350273176193258e-04
1.960292200000000321e+03	7.200596669600933808e-04
1.960322330000000420e+03	7.291843066025704978e-04
1.960352470000000267e+03	7.433086557172077780e-04
1.960382600000000366e+03	7.624332953596810181e-04
1.960412740000000440e+03	7.765576444743182982e-04
1.960442870000000312e+03	7.806822841168042926e-04
1.960473000000000411e+03	7.698069237592752856e-04
1.960503140000000258e+03	7.489312728739191960e-04
1.960533270000000357e+03	7.280559125163940659e-04
1.960563400000000456e+03	7.071805521588619969e-04
1.960593540000000303e+03	6.963049012735089693e-04
1.960623670000000402e+03	6.954295409159830244e-04
1.960653810000000249e+03	7.145538900306253050e-04
1.960683940000000348e+03	7.386785296731035455e-04
1.960714070000000447e+03	7.628031693155679083e-04
1.960744210000000294e+03	7.769275184302190662e-04
1.960774340000000393e+03	7.760521580726861823e-04
1.960804480000000467e+03	7.601765071873281543e-04
1.960834610000000339e+03	7.343011468298119016e-04
1.960864740000000438e+03	6.984257864722787090e-04
1.960894880000000285e+03	6.625501355869284348e-04
1.960925010000000384e+03	6.316747752293933038e-04
1.960955140000000256e+03	6.107994148718751126e-04
1.960985280000000330e+03	5.949237639865101457e-04
1.961015410000000429e+03	5.890484036289861391e-04
1.961045550000000276e+03	5.931727527436342351e-04
1.961075680000000375e+03	6.072973923861024748e-04
1.961105810000000247e+03	6.264220320285826538e-04
1.961135950000000321e+03	6.555463811432210575e-04
1.961166080000000420e+03	6.946710207856934827e-04
1.961196220000000267e+03	7.287953699003438257e-04
1.961226350000000366e+03	7.579200095428131889e-04
1.961256480000000465e+03	7.670446491852833670e-04
1.961286620000000312e+03	7.661689982999264625e-04
1.961316750000000411e+03	7.452936379424013325e-04
1.961346880000000283e+03	7.144182775848731404e-04
1.961377020000000357e+03	6.885426266995189892e-04
1.961407150000000456e+03	6.676672663419938591e-04
1.961437290000000303e+03	6.617916154566388931e-04
1.961467420000000402e+03	6.709162550991090712e-04
1.961497550000000274e+03	6.850408947415842498e-04
1.961527690000000348e+03	6.991652438562284688e-04
1.961557820000000447e+03	7.132898834987036474e-04
1.961587950000000319e+03	7.224145231411738255e-04
1.961618090000000393e+03	7.265388722558149825e-04
1.961648220000000265e+03	7.206635118982909760e-04
1.961678360000000339e+03	7.147878610129360100e-04
1.961708490000000438e+03	7.039125006554000641e-04
1.961738620000000310e+03	6.880371402978868733e-04
1.961768760000000384e+03	6.771614894125269069e-04
1.961798890000000256e+03	6.662861290549978999e-04
1.961829030000000330e+03	6.604104781696429338e-04
1.961859160000000429e+03	6.645351178121081115e-04
1.961889290000000301e+03	6.736597574545921674e-04
1.961919430000000375e+03	6.877841065692294475e-04
1.961949560000000247e+03	7.069087462117096266e-04
1.961979690000000346e+03	7.210333858541848051e-04
1.962009830000000420e+03	7.301577349688170848e-04
1.962039960000000292e+03	7.292823746112980787e-04
1.962070100000000366e+03	7.184067237259381122e-04
1.962100230000000465e+03	7.125313633684071668e-04
1.962130360000000337e+03	7.066560030108900992e-04
1.962160500000000411e+03	7.057803521255262558e-04
1.962190630000000283e+03	7.149049917680103117e-04
1.962220760000000382e+03	7.290296314104785513e-04
1.962250900000000456e+03	7.381539805251177699e-04
1.962281030000000328e+03	7.472786201675948869e-04
1.962311170000000402e+03	7.464029692822379825e-04
1.962341300000000274e+03	7.355276089247159144e-04
1.962371430000000373e+03	7.246522485671869074e-04
1.962401570000000447e+03	7.137765976818269409e-04
1.962431700000000319e+03	7.079012373243029344e-04
1.962461840000000393e+03	7.070255864389460299e-04
1.962491970000000265e+03	7.061502260814200849e-04
1.962522100000000364e+03	7.102748657238922014e-04
1.962552240000000438e+03	7.043992148385372354e-04
1.962582370000000310e+03	6.935238544810082284e-04
1.962612500000000409e+03	6.776484941234811599e-04
1.962642640000000256e+03	6.717728432381261938e-04
1.962672770000000355e+03	6.708974828806002488e-04
1.962702910000000429e+03	6.850218319952444679e-04
1.962733040000000301e+03	7.141464716377207700e-04
1.962763170000000400e+03	7.482711112801951336e-04
1.962793310000000247e+03	7.773954603948335373e-04
1.962823440000000346e+03	7.965201000373067775e-04
1.962853580000000420e+03	7.906444491519448725e-04
1.962883710000000292e+03	7.697690887944266813e-04
1.962913840000000391e+03	7.388937284368984892e-04
1.962943980000000465e+03	7.030180775515343372e-04
1.962974110000000337e+03	6.771427171940180845e-04
1.963004240000000436e+03	6.662673568364821386e-04
1.963034380000000283e+03	6.703917059511371734e-04
1.963064510000000382e+03	6.795163455936073515e-04
1.963094650000000456e+03	6.886406947082465702e-04
1.963124780000000328e+03	6.927653343507256256e-04
1.963154910000000427e+03	6.868899739931946802e-04
1.963185050000000274e+03	6.660143231078455295e-04
1.963215180000000373e+03	6.401389627503084601e-04
1.963245310000000245e+03	6.192636023927902689e-04
1.963275450000000319e+03	6.033879515074322408e-04
1.963305580000000418e+03	6.025125911498993569e-04
1.963335720000000265e+03	6.166369402645505149e-04
1.963365850000000364e+03	6.407615799070218165e-04
1.963395980000000463e+03	6.698862195494911798e-04
1.963426120000000310e+03	6.890105686641334604e-04
1.963456250000000409e+03	6.981352083066105774e-04
1.963486390000000256e+03	6.922595574212625502e-04
1.963516520000000355e+03	6.713841970637235423e-04
1.963546650000000454e+03	6.505088367061984123e-04
1.963576790000000301e+03	6.346331858208473231e-04
1.963606920000000400e+03	6.337578254633213781e-04
1.963637050000000272e+03	6.478824651057965567e-04
1.963667190000000346e+03	6.770068142204349604e-04
1.963697320000000445e+03	7.011314538629062620e-04
1.963727460000000292e+03	7.152558029775504811e-04
1.963757590000000391e+03	7.093804426200264746e-04
1.963787720000000263e+03	6.935050822624994060e-04
1.963817860000000337e+03	6.676294313771452549e-04
1.963847990000000436e+03	6.517540710196181863e-04
1.963878120000000308e+03	6.458787106620941798e-04
1.963908260000000382e+03	6.650030597767364604e-04
1.963938390000000254e+03	6.941276994192058236e-04
1.963968530000000328e+03	7.232520485338511662e-04
1.963998660000000427e+03	7.423766881763244063e-04
1.964028790000000299e+03	7.465013278187965229e-04
1.964058930000000373e+03	7.356256769334434953e-04
1.964089060000000245e+03	7.197503165759164268e-04
1.964119200000000319e+03	7.138746656905614607e-04
1.964149330000000418e+03	7.229993053330246999e-04
1.964179460000000290e+03	7.521239449755079409e-04
1.964209600000000364e+03	7.812482940901532835e-04
1.964239730000000463e+03	8.103729337326157078e-04
1.964269860000000335e+03	8.194975733750997637e-04
1.964300000000000409e+03	8.036219224897347968e-04
1.964330130000000281e+03	7.727465621322135436e-04
1.964360270000000355e+03	7.318709112468513300e-04
1.964390400000000454e+03	7.059955508893281384e-04
1.964420530000000326e+03	6.951201905318060703e-04
1.964450670000000400e+03	6.992445396464472274e-04
1.964480800000000272e+03	7.183691792889274064e-04
1.964510940000000346e+03	7.374935284035627481e-04
1.964541070000000445e+03	7.366181680460368031e-04
1.964571200000000317e+03	7.207428076885166734e-04
1.964601340000000391e+03	6.898671568031505830e-04
1.964631470000000263e+03	6.439917964456351451e-04
1.964661600000000362e+03	6.081164360881019526e-04
1.964691740000000436e+03	5.772407852027428010e-04
1.964721870000000308e+03	5.663654248452207329e-04
1.964752010000000382e+03	5.704897739598618900e-04
1.964782140000000254e+03	5.846144136023440074e-04
1.964812270000000353e+03	6.087390532448083702e-04
1.964842410000000427e+03	6.328634023594487124e-04
1.964872540000000299e+03	6.569880420019269529e-04
1.964902670000000398e+03	6.761126816444001930e-04
1.964932810000000245e+03	7.002370307590474741e-04
1.964962940000000344e+03	7.193616704015137753e-04
1.964993080000000418e+03	7.334860195161579943e-04
1.965023210000000290e+03	7.426106591586351113e-04
1.965053340000000389e+03	7.467352988011072279e-04
1.965083480000000463e+03	7.408596479157453230e-04
1.965113610000000335e+03	7.399842875582263169e-04
1.965143750000000409e+03	7.291086366728663504e-04
1.965173880000000281e+03	7.232332763153423438e-04
1.965204010000000380e+03	7.173579159578183373e-04
1.965234150000000454e+03	7.114822650724494935e-04
1.965264280000000326e+03	7.056069047149324258e-04
1.965294410000000425e+03	6.997315443574084193e-04
1.965324550000000272e+03	6.938558934720534532e-04
1.965354680000000371e+03	6.829805331145244462e-04
1.965384820000000445e+03	6.771048822291625413e-04
1.965414950000000317e+03	6.762295218716435352e-04
1.965445080000000416e+03	6.803541615141087129e-04
1.965475220000000263e+03	6.894785106287618093e-04
1.965505350000000362e+03	7.036031502712300489e-04
1.965535490000000436e+03	7.177274993858673291e-04
1.965565620000000308e+03	7.318521390283494465e-04
1.965595750000000407e+03	7.359767786708146242e-04
1.965625890000000254e+03	7.301011277854665971e-04
1.965656020000000353e+03	7.142257674279325896e-04
1.965686150000000453e+03	6.883504070704093980e-04
1.965716290000000299e+03	6.574747561850571853e-04
1.965746420000000398e+03	6.315993958275270548e-04
1.965776560000000245e+03	6.157237449421759656e-04
1.965806690000000344e+03	6.098483845846450202e-04
1.965836820000000444e+03	6.139730242271171368e-04
1.965866960000000290e+03	6.330973733417663563e-04
1.965897090000000389e+03	6.472220129842345959e-04
1.965927220000000261e+03	6.613466526267167134e-04
1.965957360000000335e+03	6.604710017413528700e-04
1.965987490000000435e+03	6.445956413838258015e-04
1.966017630000000281e+03	6.187199904984716503e-04
1.966047760000000380e+03	5.878446301409434582e-04
1.966077890000000252e+03	5.569692697834222050e-04
1.966108030000000326e+03	5.460936188980622386e-04
1.966138160000000425e+03	5.552182585405324167e-04
1.966168300000000272e+03	5.893426076551758208e-04
1.966198430000000371e+03	6.334672472976532465e-04
1.966228560000000243e+03	6.825918869401217948e-04
1.966258700000000317e+03	7.267162360547682609e-04
1.966288830000000416e+03	7.458408756972415010e-04
1.966318960000000288e+03	7.499655153397136176e-04
1.966349100000000362e+03	7.390898644543605900e-04
1.966379230000000462e+03	7.182145040968285210e-04
1.966409370000000308e+03	7.073388532114754934e-04
1.966439500000000407e+03	7.064634928539495484e-04
1.966469630000000279e+03	7.205881324964247270e-04
1.966499770000000353e+03	7.397124816110670076e-04
1.966529900000000453e+03	7.538371212535352472e-04
1.966560030000000324e+03	7.529617608960162412e-04
1.966590170000000398e+03	7.420861100106493358e-04
1.966620300000000270e+03	7.262107496531361450e-04
1.966650440000000344e+03	7.053350987677731165e-04
1.966680570000000444e+03	6.944597384102441096e-04
1.966710700000000315e+03	7.035843780527212266e-04
1.966740840000000389e+03	7.227087271673635072e-04
1.966770970000000261e+03	7.418333668098436862e-04
1.966801110000000335e+03	7.509577159244829048e-04
1.966831240000000435e+03	7.450823555669519593e-04
1.966861370000000306e+03	7.192069952094357066e-04
1.966891510000000380e+03	6.833313443240715546e-04
1.966921640000000252e+03	6.474559839665522398e-04
1.966951770000000352e+03	6.315806236090182324e-04
1.966981910000000425e+03	6.407049727236574510e-04
1.967012040000000297e+03	6.698296123661406920e-04
1.967042180000000371e+03	7.039539614807771573e-04
1.967072310000000243e+03	7.330786011232603983e-04
1.967102440000000342e+03	7.372032407657255759e-04
1.967132580000000416e+03	7.163275898803694863e-04
1.967162710000000288e+03	6.704522295228401707e-04
1.967192850000000362e+03	6.145765786374837725e-04
1.967222980000000462e+03	5.687012182799613957e-04
1.967253110000000333e+03	5.428258579224312652e-04
1.967283250000000407e+03	5.519502070370774227e-04
1.967313380000000279e+03	5.860748466795517864e-04
1.967343510000000379e+03	6.301994863220222731e-04
1.967373650000000453e+03	6.743238354366687393e-04
1.967403780000000324e+03	6.984484750791400409e-04
1.967433920000000398e+03	7.025728241937881369e-04
1.967464050000000270e+03	6.866974638362610683e-04
1.967494180000000370e+03	6.558221034787328763e-04
1.967524320000000444e+03	6.249464525933667858e-04
1.967554450000000315e+03	6.090710922358535950e-04
1.967584580000000415e+03	6.081957318783276500e-04
1.967614720000000261e+03	6.223200809929649302e-04
1.967644850000000361e+03	6.464447206354431708e-04
1.967674990000000435e+03	6.705690697500765740e-04
1.967705120000000306e+03	6.846937093925586915e-04
1.967735250000000406e+03	6.838183490350327465e-04
1.967765390000000252e+03	6.729426981496727800e-04
1.967795520000000352e+03	6.520673377921476499e-04
1.967825660000000425e+03	6.261916869067865599e-04
1.967855790000000297e+03	6.053163265492683687e-04
1.967885920000000397e+03	5.844409661917362997e-04
1.967916060000000243e+03	5.735653153063832721e-04
1.967946190000000342e+03	5.676899549488592656e-04
1.967976320000000442e+03	5.768145945913225048e-04
1.968006460000000288e+03	5.959389437059786632e-04
1.968036590000000388e+03	6.300635833484391490e-04
1.968066730000000462e+03	6.691879324630875536e-04
1.968096860000000333e+03	7.133125721055580404e-04
1.968126990000000433e+03	7.524372117480304656e-04
1.968157130000000279e+03	7.715615608626866240e-04
1.968187260000000379e+03	7.756862005051518016e-04
1.968217390000000250e+03	7.548108401476336105e-04
1.968247530000000324e+03	7.289351892622655815e-04
1.968277660000000424e+03	6.980598289047443283e-04
1.968307800000000270e+03	6.721841780193901772e-04
1.968337930000000370e+03	6.513088176618581082e-04
1.968368060000000469e+03	6.404334573043360401e-04
1.968398200000000315e+03	6.295578064189760736e-04
1.968428330000000415e+03	6.186824460614470667e-04
1.968458470000000261e+03	6.028067951760959775e-04
1.968488600000000361e+03	5.969314348185650321e-04
1.968518730000000460e+03	5.960560744610390871e-04
1.968548870000000306e+03	6.151804235756813677e-04
1.968579000000000406e+03	6.493050632181557313e-04
1.968609130000000278e+03	6.784297028606320334e-04
1.968639270000000352e+03	6.975540519752743140e-04
1.968669400000000451e+03	6.966786916177483691e-04
1.968699540000000297e+03	6.708030407323942179e-04
1.968729670000000397e+03	6.349276803748679643e-04
1.968759800000000268e+03	6.040523200173397722e-04
1.968789940000000342e+03	5.981766691319848062e-04
1.968820070000000442e+03	6.173013087744511074e-04
1.968850210000000288e+03	6.614256578891045124e-04
1.968880340000000388e+03	7.105502975315730607e-04
1.968910470000000259e+03	7.396749371740493628e-04
1.968940610000000333e+03	7.487992862886955203e-04
1.968970740000000433e+03	7.279239259311565124e-04
1.969000870000000305e+03	6.870485655736391362e-04
1.969031010000000379e+03	6.561729146882799846e-04
1.969061140000000250e+03	6.452975543307579165e-04
1.969091280000000324e+03	6.594219034454021355e-04
1.969121410000000424e+03	6.885465430878714987e-04
1.969151540000000296e+03	7.176711827303478008e-04
1.969181680000000370e+03	7.367955318449831426e-04
1.969211810000000469e+03	7.309201714874591360e-04
1.969241940000000341e+03	7.100448111299409448e-04
1.969272080000000415e+03	6.841691602445798548e-04
1.969302210000000287e+03	6.682937998870597252e-04
1.969332350000000361e+03	6.774181490016920049e-04
1.969362480000000460e+03	7.015427886441702454e-04
1.969392610000000332e+03	7.356674282866446091e-04
1.969422750000000406e+03	7.547917774012868897e-04
1.969452880000000278e+03	7.439164170437648216e-04
1.969483020000000352e+03	7.130407661583987311e-04
1.969513150000000451e+03	6.621654058008782928e-04
1.969543280000000323e+03	6.112900454433509156e-04
1.969573420000000397e+03	5.754143945579937025e-04
1.969603550000000268e+03	5.645390342004646955e-04
1.969633680000000368e+03	5.786636738429398741e-04
1.969663820000000442e+03	6.077880229575852167e-04
1.969693950000000314e+03	6.319126626000565183e-04
1.969724090000000388e+03	6.460370117147007374e-04
1.969754220000000259e+03	6.451616513571747924e-04
1.969784350000000359e+03	6.342862909996527243e-04
1.969814490000000433e+03	6.234106401142927578e-04
1.969844620000000305e+03	6.175352797567687513e-04
1.969874760000000379e+03	6.166596288714118468e-04
1.969904890000000250e+03	6.257842685138820249e-04
1.969935020000000350e+03	6.299089081563610804e-04
1.969965160000000424e+03	6.390332572709933601e-04
1.969995290000000296e+03	6.381578969134743540e-04
1.970025420000000395e+03	6.422825365559464705e-04
1.970055560000000469e+03	6.464068856705876276e-04
1.970085690000000341e+03	6.555315253130647446e-04
1.970115830000000415e+03	6.646558744277039632e-04
1.970145960000000287e+03	6.737805140701810802e-04
1.970176090000000386e+03	6.779051537126601357e-04
1.970206230000000460e+03	6.670295028272932303e-04
1.970236360000000332e+03	6.411541424697769775e-04
1.970266490000000431e+03	6.152787821122399081e-04
1.970296630000000278e+03	5.944031312268907574e-04
1.970326760000000377e+03	5.885277708693598120e-04
1.970356900000000451e+03	5.876521199840029075e-04
1.970387030000000323e+03	6.017767596264850249e-04
1.970417160000000422e+03	6.159013992689532646e-04
1.970447300000000268e+03	6.250257483835994221e-04
1.970477430000000368e+03	6.241503880260665382e-04
1.970507570000000442e+03	6.182747371407115722e-04
1.970537700000000314e+03	6.173993767831856272e-04
1.970567830000000413e+03	6.315240164256608058e-04
1.970597970000000259e+03	6.556483655403080868e-04
1.970628100000000359e+03	6.947730051827735731e-04
1.970658230000000458e+03	7.338976448252529372e-04
1.970688370000000305e+03	7.530219939398952178e-04
1.970718500000000404e+03	7.521466335823692728e-04
1.970748640000000250e+03	7.262709826970151217e-04
1.970778770000000350e+03	6.803956223394858061e-04
1.970808900000000449e+03	6.295202619819584289e-04
1.970839040000000296e+03	5.936446110966012157e-04
1.970869170000000395e+03	5.827692507390722088e-04
1.970899300000000267e+03	5.968938903815473873e-04
1.970929440000000341e+03	6.260182394961927299e-04
1.970959570000000440e+03	6.601428791386670936e-04
1.970989710000000287e+03	6.892672282533124362e-04
1.971019840000000386e+03	7.033918678957806758e-04
1.971049970000000258e+03	7.075165075382597313e-04
1.971080110000000332e+03	7.016408566528978263e-04
1.971110240000000431e+03	7.007654962953718814e-04
1.971140380000000278e+03	7.048898454100199773e-04
1.971170510000000377e+03	7.090144850524920939e-04
1.971200640000000249e+03	7.131391246949642104e-04
1.971230780000000323e+03	7.122634738096073059e-04
1.971260910000000422e+03	6.963881134520732985e-04
1.971291040000000294e+03	6.755127530945551073e-04
1.971321180000000368e+03	6.596371022091970793e-04
1.971351310000000467e+03	6.587617418516641954e-04
1.971381450000000314e+03	6.778860909663203538e-04
1.971411580000000413e+03	7.170107306087858401e-04
1.971441710000000285e+03	7.511353702512671426e-04
1.971471850000000359e+03	7.752597193659005459e-04
1.971501980000000458e+03	7.693843590083765394e-04
1.971532120000000305e+03	7.285087081230282036e-04
1.971562250000000404e+03	6.676333477654908255e-04
1.971592380000000276e+03	6.017579874079762026e-04
1.971622520000000350e+03	5.558823365226089885e-04
1.971652650000000449e+03	5.450069761650869204e-04
1.971682780000000321e+03	5.791316158075682230e-04
1.971712920000000395e+03	6.432559649221999964e-04
1.971743050000000267e+03	7.123806045646816076e-04
1.971773190000000341e+03	7.565049536793211349e-04
1.971803320000000440e+03	7.706295933217893745e-04
1.971833450000000312e+03	7.397542329642681214e-04
1.971863590000000386e+03	6.788785820789067227e-04
1.971893720000000258e+03	6.180032217213901613e-04
1.971923850000000357e+03	5.721278613638608457e-04
1.971953990000000431e+03	5.562522104785028176e-04
1.971984120000000303e+03	5.803768501209741193e-04
1.972014260000000377e+03	6.245011992356205854e-04
1.972044390000000249e+03	6.736258388780891337e-04
1.972074520000000348e+03	7.077504785205634974e-04
1.972104660000000422e+03	7.268748276352127169e-04
1.972134790000000294e+03	7.209994672776817715e-04
1.972164930000000368e+03	7.051238163923237434e-04
1.972195060000000467e+03	6.892484560347966749e-04
1.972225190000000339e+03	6.783730956772746068e-04
1.972255330000000413e+03	6.774974447919177023e-04
1.972285460000000285e+03	6.716220844343936958e-04
1.972315590000000384e+03	6.657467240768627503e-04
1.972345730000000458e+03	6.498710731915047223e-04
1.972375860000000330e+03	6.289957128339795922e-04
1.972406000000000404e+03	6.081200619486165637e-04
1.972436130000000276e+03	5.972447015911014345e-04
1.972466260000000375e+03	5.913693412335774280e-04
1.972496400000000449e+03	5.954936903482116461e-04
1.972526530000000321e+03	5.946183299906926401e-04
1.972556660000000420e+03	5.937429696331597562e-04
1.972586800000000267e+03	5.928673187478097906e-04
1.972616930000000366e+03	5.919919583902838456e-04
1.972647070000000440e+03	6.011163075049161253e-04
1.972677200000000312e+03	6.202409471473963043e-04
1.972707330000000411e+03	6.543655867898637291e-04
1.972737470000000258e+03	6.934899359045190725e-04
1.972767600000000357e+03	7.226145755469814969e-04
1.972797740000000431e+03	7.267389246616295928e-04
1.972827870000000303e+03	7.108635643041094632e-04
1.972858000000000402e+03	6.749882039465762706e-04
1.972888140000000249e+03	6.391125530612259964e-04
1.972918270000000348e+03	6.132371927036889270e-04
1.972948400000000447e+03	6.073618323461649204e-04
1.972978540000000294e+03	6.264861814608072010e-04
1.973008670000000393e+03	6.556108211032835031e-04
1.973038810000000467e+03	6.897351702179269073e-04
1.973068940000000339e+03	7.138598098603982089e-04
1.973099070000000438e+03	7.179844495028772644e-04
1.973129210000000285e+03	7.071087986175172979e-04
1.973159340000000384e+03	6.912334382599902294e-04
1.973189480000000458e+03	6.753577873746322013e-04
1.973219610000000330e+03	6.694824270171081948e-04
1.973249740000000429e+03	6.736070666595803114e-04
1.973279880000000276e+03	6.827314157742264689e-04
1.973310010000000375e+03	6.918560554167035859e-04
1.973340140000000247e+03	7.009806950591737640e-04
1.973370280000000321e+03	7.001050441738168595e-04
1.973400410000000420e+03	7.042296838162889761e-04
1.973430550000000267e+03	7.033540329309320716e-04
1.973460680000000366e+03	7.124786725734091886e-04
1.973490810000000465e+03	7.166033122158743662e-04
1.973520950000000312e+03	7.157276613305244006e-04
1.973551080000000411e+03	6.998523009729973321e-04
1.973581210000000283e+03	6.739769406154741405e-04
1.973611350000000357e+03	6.431012897301149889e-04
1.973641480000000456e+03	6.122259293725867968e-04
1.973671620000000303e+03	5.963502784872357076e-04
1.973701750000000402e+03	5.954749181297028238e-04
1.973731880000000274e+03	6.195995577721810643e-04
1.973762020000000348e+03	6.537239068868244685e-04
1.973792150000000447e+03	6.928485465292899548e-04
1.973822290000000294e+03	7.169728956439441747e-04
1.973852420000000393e+03	7.210975352864093524e-04
1.973882550000000265e+03	7.102221749288872843e-04
1.973912690000000339e+03	6.843465240435261943e-04
1.973942820000000438e+03	6.634711636860010642e-04
1.973972950000000310e+03	6.525958033284789961e-04
1.974003090000000384e+03	6.517201524431151527e-04
1.974033220000000256e+03	6.608447920855992086e-04
1.974063360000000330e+03	6.699691412002384272e-04
1.974093490000000429e+03	6.790937808427086053e-04
1.974123620000000301e+03	6.732184204851915377e-04
1.974153760000000375e+03	6.623427695998246323e-04
1.974183890000000247e+03	6.564674092423075646e-04
1.974214030000000321e+03	6.555917583569437213e-04
1.974244160000000420e+03	6.647163979994208383e-04
1.974274290000000292e+03	6.888410376418921399e-04
1.974304430000000366e+03	7.079653867565344205e-04
1.974334560000000465e+03	7.220900263990095991e-04
1.974364690000000337e+03	7.162146660414855925e-04
1.974394830000000411e+03	7.003390151561275645e-04
1.974424960000000283e+03	6.794636547986024344e-04
1.974455100000000357e+03	6.635880039132444064e-04
1.974485230000000456e+03	6.627126435557184614e-04
1.974515360000000328e+03	6.718372831981886395e-04
1.974545500000000402e+03	6.809616323128347970e-04
1.974575630000000274e+03	6.800862719553088520e-04
1.974605760000000373e+03	6.592109115977837219e-04
1.974635900000000447e+03	6.183352607124215083e-04
1.974666030000000319e+03	5.624599003548960696e-04
1.974696170000000393e+03	5.215842494695407949e-04
1.974726300000000265e+03	5.007088891120156648e-04
1.974756430000000364e+03	5.198335287544889050e-04
1.974786570000000438e+03	5.689578778691264938e-04
1.974816700000000310e+03	6.330825175116100434e-04
1.974846840000000384e+03	6.922068666262437553e-04
1.974876970000000256e+03	7.213315062687269963e-04
1.974907100000000355e+03	7.204561459112010513e-04
1.974937240000000429e+03	6.945804950258330224e-04
1.974967370000000301e+03	6.537051346683156461e-04
1.974997500000000400e+03	6.228297743107805151e-04
1.975027640000000247e+03	6.019541234254313644e-04
1.975057770000000346e+03	6.010787630679054194e-04
1.975087910000000420e+03	6.152031121825426996e-04
1.975118040000000292e+03	6.293277518250248170e-04
1.975148170000000391e+03	6.434523914674930567e-04
1.975178310000000465e+03	6.425767405821361522e-04
1.975208440000000337e+03	6.417013802246102072e-04
1.975238570000000436e+03	6.358260198670862007e-04
1.975268710000000283e+03	6.299503689817312346e-04
1.975298840000000382e+03	6.290750086241983507e-04
1.975328980000000456e+03	6.281993577388414463e-04
1.975359110000000328e+03	6.323239973813205017e-04
1.975389240000000427e+03	6.364486370237926183e-04
1.975419380000000274e+03	6.405729861384337753e-04
1.975449510000000373e+03	6.496976257809108923e-04
1.975479650000000447e+03	6.638219748955481725e-04
1.975509780000000319e+03	6.779466145380233510e-04
1.975539910000000418e+03	6.870712541805004681e-04
1.975570050000000265e+03	6.911956032951416251e-04
1.975600180000000364e+03	6.803202429376195570e-04
1.975630310000000463e+03	6.694448825800905500e-04
1.975660450000000310e+03	6.535692316947325220e-04
1.975690580000000409e+03	6.426938713372104539e-04
1.975720720000000256e+03	6.368182204518485490e-04
1.975750850000000355e+03	6.359428600943226040e-04
1.975780980000000454e+03	6.300674997367985974e-04
1.975811120000000301e+03	6.191918488514455698e-04
1.975841250000000400e+03	6.033164884939185013e-04
1.975871390000000247e+03	5.874408376085604733e-04
1.975901520000000346e+03	5.815654772510364667e-04
1.975931650000000445e+03	5.956901168934977675e-04
1.975961790000000292e+03	6.348144660081531110e-04
1.975991920000000391e+03	6.889391056506266597e-04
1.976022050000000263e+03	7.480637452930982700e-04
1.976052190000000337e+03	7.871880944077397357e-04
1.976082320000000436e+03	8.013127340502079754e-04
1.976112460000000283e+03	7.854370831648568863e-04
1.976142590000000382e+03	7.445617228073256322e-04
1.976172720000000254e+03	7.036863624498082559e-04
1.976202860000000328e+03	6.728107115644491043e-04
1.976232990000000427e+03	6.719353512069162204e-04
1.976263120000000299e+03	6.910599908493963994e-04
1.976293260000000373e+03	7.201843399640348031e-04
1.976323390000000245e+03	7.443089796065130437e-04
1.976353530000000319e+03	7.534333287211522623e-04
1.976383660000000418e+03	7.375579683636251938e-04
1.976413790000000290e+03	6.966826080061078175e-04
1.976443930000000364e+03	6.508069571207406034e-04
1.976474060000000463e+03	6.099315967632162883e-04
1.976504200000000310e+03	5.840559458778621371e-04
1.976534330000000409e+03	5.831805855203361921e-04
1.976564460000000281e+03	5.973052251628183096e-04
1.976594600000000355e+03	6.164295742774536513e-04
1.976624730000000454e+03	6.305542139199218910e-04
1.976654860000000326e+03	6.346788535624009464e-04
1.976685000000000400e+03	6.288032026770390415e-04
1.976715130000000272e+03	6.179278423195169734e-04
1.976745270000000346e+03	6.120521914341620073e-04
1.976775400000000445e+03	6.161768310766341239e-04
1.976805530000000317e+03	6.253014707191043020e-04
1.976835670000000391e+03	6.444258198337535215e-04
1.976865800000000263e+03	6.585504594762217612e-04
1.976895940000000337e+03	6.626748085908698571e-04
1.976926070000000436e+03	6.517994482333408501e-04
1.976956200000000308e+03	6.309240878758157201e-04
1.976986340000000382e+03	6.100484369904596305e-04
1.977016470000000254e+03	5.941730766329325619e-04
1.977046600000000353e+03	5.982977162754046785e-04
1.977076740000000427e+03	6.174220653900400202e-04
1.977106870000000299e+03	6.465467050325232612e-04
1.977137010000000373e+03	6.806710541471666653e-04
1.977167140000000245e+03	6.997956937896399054e-04
1.977197270000000344e+03	7.039203334321120220e-04
1.977227410000000418e+03	6.830446825467489935e-04
1.977257540000000290e+03	6.521693221892346792e-04
1.977287670000000389e+03	6.162939618317084256e-04
1.977317810000000463e+03	5.904183109463403967e-04
1.977347940000000335e+03	5.895429505888213906e-04
1.977378080000000409e+03	6.036672997034586707e-04
1.977408210000000281e+03	6.327919393459419117e-04
1.977438340000000380e+03	6.669165789884093365e-04
1.977468480000000454e+03	6.860409281030516171e-04
1.977498610000000326e+03	6.951655677455287341e-04
1.977528750000000400e+03	6.892899168601668292e-04
1.977558880000000272e+03	6.734145565026466995e-04
1.977589010000000371e+03	6.575391961451196310e-04
1.977619150000000445e+03	6.516635452597577260e-04
1.977649280000000317e+03	6.607881849022348431e-04
1.977679410000000416e+03	6.849128245447061447e-04
1.977709550000000263e+03	7.040371736593553642e-04
1.977739680000000362e+03	7.231618133018216654e-04
1.977769820000000436e+03	7.272861624164697614e-04
1.977799950000000308e+03	7.114108020589426928e-04
1.977830080000000407e+03	6.905354417014175628e-04
1.977860220000000254e+03	6.696597908160614732e-04
1.977890350000000353e+03	6.537844304585344046e-04
1.977920480000000452e+03	6.529090701010084596e-04
1.977950620000000299e+03	6.620334192156476782e-04
1.977980750000000398e+03	6.761580588581228568e-04
1.978010890000000245e+03	6.902824079727670759e-04
1.978041020000000344e+03	6.944070476152391924e-04
1.978071150000000443e+03	6.885316872577151859e-04
1.978101290000000290e+03	6.676560363723590963e-04
1.978131420000000389e+03	6.417806760148359047e-04
1.978161560000000463e+03	6.209050251294659373e-04
1.978191690000000335e+03	6.050296647719527465e-04
1.978221820000000434e+03	5.991543044144218011e-04
1.978251960000000281e+03	6.032786535290698970e-04
1.978282090000000380e+03	5.974032931715389516e-04
1.978312220000000252e+03	5.915279328140149451e-04
1.978342360000000326e+03	5.856522819286599790e-04
1.978372490000000425e+03	5.747769215711240332e-04
1.978402630000000272e+03	5.739012706857740675e-04
1.978432760000000371e+03	5.930259103282473077e-04
1.978462890000000243e+03	6.221505499707236098e-04
1.978493030000000317e+03	6.662748990853631370e-04
1.978523160000000416e+03	7.053995387278355622e-04
1.978553300000000263e+03	7.345238878424809048e-04
1.978583430000000362e+03	7.486485274849491445e-04
1.978613560000000462e+03	7.377731671274270764e-04
1.978643700000000308e+03	7.118975162420729252e-04
1.978673830000000407e+03	6.810221558845447332e-04
1.978703960000000279e+03	6.501467955270234800e-04
1.978734100000000353e+03	6.192711446416573895e-04
1.978764230000000452e+03	6.033957842841303210e-04
1.978794370000000299e+03	5.875201333987792318e-04
1.978824500000000398e+03	5.766447730412502248e-04
1.978854630000000270e+03	5.707694126837331572e-04
1.978884770000000344e+03	5.698937617983693138e-04
1.978914900000000443e+03	5.740184014408414304e-04
1.978945030000000315e+03	5.831430410833185474e-04
1.978975170000000389e+03	6.022673901979608280e-04
1.979005300000000261e+03	6.213920298404410070e-04
1.979035440000000335e+03	6.405163789550763487e-04
1.979065570000000434e+03	6.546410185975515272e-04
1.979095700000000306e+03	6.587656582400236438e-04
1.979125840000000380e+03	6.628900073546648009e-04
1.979155970000000252e+03	6.670146469971438563e-04
1.979186110000000326e+03	6.661389961117869518e-04
1.979216240000000425e+03	6.702636357542590684e-04
1.979246370000000297e+03	6.693882753967331234e-04
1.979276510000000371e+03	6.735126245113742804e-04
1.979306640000000243e+03	6.676372641538502739e-04
1.979336770000000342e+03	6.617619037963262674e-04
1.979366910000000416e+03	6.558862529109643624e-04
1.979397040000000288e+03	6.500108925534403559e-04
1.979427180000000362e+03	6.491352416680834514e-04
1.979457310000000462e+03	6.532598813105486291e-04
1.979487440000000333e+03	6.673845209530307465e-04
1.979517580000000407e+03	6.815088700676680267e-04
1.979547710000000279e+03	6.956335097101501441e-04
1.979577840000000378e+03	7.097581493526253227e-04
1.979607980000000452e+03	7.088824984672614793e-04
1.979638110000000324e+03	6.930071381097413497e-04
1.979668250000000398e+03	6.621314872243752592e-04
1.979698380000000270e+03	6.162561268668598213e-04
1.979728510000000369e+03	5.703807665093305057e-04
1.979758650000000443e+03	5.345051156239663537e-04
1.979788780000000315e+03	5.136297552664481625e-04
1.979818920000000389e+03	5.227541043810873811e-04
1.979849050000000261e+03	5.568787440235686836e-04
1.979879180000000360e+03	6.060033836660302931e-04
1.979909320000000434e+03	6.601277327806728823e-04
1.979939450000000306e+03	7.042523724231572468e-04
1.979969580000000406e+03	7.333770120656266100e-04
1.979999720000000252e+03	7.425013611802727675e-04
1.980029850000000351e+03	7.416260008227398837e-04
1.980059990000000425e+03	7.307503499373868561e-04
1.980090120000000297e+03	7.148749895798597875e-04
1.980120250000000397e+03	6.989996292223327190e-04
1.980150390000000243e+03	6.831239783369816299e-04
1.980180520000000342e+03	6.572486179794514993e-04
1.980210660000000416e+03	6.313729670940904093e-04
1.980240790000000288e+03	6.104976067365652792e-04
1.980270920000000388e+03	5.996222463790432111e-04
1.980301060000000462e+03	6.087465954936824297e-04
1.980331190000000333e+03	6.378712351361587318e-04
1.980361320000000433e+03	6.819958747786292186e-04
1.980391460000000279e+03	7.211202238932776232e-04
1.980421590000000378e+03	7.452448635357489248e-04
1.980451730000000452e+03	7.443692126503850814e-04
1.980481860000000324e+03	7.184938522928688287e-04
1.980511990000000424e+03	6.776184919353375746e-04
1.980542130000000270e+03	6.367428410499822999e-04
1.980572260000000369e+03	6.108674806924591083e-04
1.980602390000000469e+03	6.099921203349262244e-04
1.980632530000000315e+03	6.291164694495754439e-04
1.980662660000000415e+03	6.582411090920517460e-04
1.980692800000000261e+03	6.873654582066901497e-04
1.980722930000000360e+03	7.014900978491653283e-04
1.980753060000000460e+03	6.956147374916343828e-04
1.980783200000000306e+03	6.697390866062802317e-04
1.980813330000000406e+03	6.338637262487470392e-04
1.980843470000000252e+03	6.029880753634017654e-04
1.980873600000000351e+03	5.821127150058766353e-04
1.980903730000000451e+03	5.712373546483406894e-04
1.980933870000000297e+03	5.753617037629887854e-04
1.980964000000000397e+03	5.844863434054589635e-04
1.980994130000000268e+03	5.936109830479360805e-04
1.981024270000000342e+03	5.977353321625772375e-04
1.981054400000000442e+03	6.018599718050493541e-04
1.981084540000000288e+03	6.009843209196993885e-04
1.981114670000000388e+03	6.001089605621665046e-04
1.981144800000000259e+03	6.042336002046455601e-04
1.981174940000000333e+03	6.083579493192867171e-04
1.981205070000000433e+03	6.124825889617588337e-04
1.981235210000000279e+03	6.166069380763999908e-04
1.981265340000000378e+03	6.207315777188721073e-04
1.981295470000000250e+03	6.248562173613581017e-04
1.981325610000000324e+03	6.289805664759923198e-04
1.981355740000000424e+03	6.331052061184644364e-04
1.981385870000000295e+03	6.322298457609384914e-04
1.981416010000000369e+03	6.363541948755865874e-04
1.981446140000000469e+03	6.354788345180606424e-04
1.981476280000000315e+03	6.396031836327017994e-04
1.981506410000000415e+03	6.437278232751739160e-04
1.981536540000000286e+03	6.528524629176510330e-04
1.981566680000000360e+03	6.619768120322902516e-04
1.981596810000000460e+03	6.661014516747693071e-04
1.981626940000000332e+03	6.652260913172433621e-04
1.981657080000000406e+03	6.643504404318864576e-04
1.981687210000000277e+03	6.584750800743555121e-04
1.981717350000000351e+03	6.475994291890024845e-04
1.981747480000000451e+03	6.367240688314665387e-04
1.981777610000000323e+03	6.308487084739494710e-04
1.981807750000000397e+03	6.249730575885945050e-04
1.981837880000000268e+03	6.290976972310666215e-04
1.981868020000000342e+03	6.332220463457077786e-04
1.981898150000000442e+03	6.323466859881748947e-04
1.981928280000000314e+03	6.364713256306539502e-04
1.981958420000000388e+03	6.355956747452901068e-04
1.981988550000000259e+03	6.397203143877761011e-04
1.982018680000000359e+03	6.388449540302501561e-04
1.982048820000000433e+03	6.379693031448863128e-04
1.982078950000000304e+03	6.320939427873623062e-04
1.982109090000000378e+03	6.262182919020004013e-04
1.982139220000000250e+03	6.153429315444852721e-04
1.982169350000000350e+03	6.044675711869562651e-04
1.982199490000000424e+03	5.885919203015912982e-04
1.982229620000000295e+03	5.877165599440722921e-04
1.982259750000000395e+03	5.968411995865424702e-04
1.982289890000000469e+03	6.259655487011808739e-04
1.982320020000000341e+03	6.650901883436602380e-04
1.982350160000000415e+03	7.092145374582997652e-04
1.982380290000000286e+03	7.483391771007791293e-04
1.982410420000000386e+03	7.724638167432504310e-04
1.982440560000000460e+03	7.765881658578915880e-04
1.982470690000000332e+03	7.557128055003664580e-04
1.982500830000000406e+03	7.248371546150073064e-04
1.982530960000000277e+03	6.889617942574810527e-04
1.982561090000000377e+03	6.630864338999578611e-04
1.982591230000000451e+03	6.522107830145978946e-04
1.982621360000000323e+03	6.613354226570750116e-04
1.982651490000000422e+03	6.754600622995501902e-04
1.982681630000000268e+03	6.945844114141924708e-04
1.982711760000000368e+03	7.087090510566676493e-04
1.982741900000000442e+03	7.028334001713057444e-04
1.982772030000000314e+03	6.919580398137836763e-04
1.982802160000000413e+03	6.810826794562546693e-04
1.982832300000000259e+03	6.752070285708997033e-04
1.982862430000000359e+03	6.793316682133718198e-04
1.982892570000000433e+03	6.934560173280091000e-04
1.982922700000000304e+03	7.075806569704912175e-04
1.982952830000000404e+03	7.167052966129683345e-04
1.982982970000000250e+03	7.108296457276064295e-04
1.983013100000000350e+03	6.799542853700851763e-04
1.983043230000000449e+03	6.340789250125489218e-04
1.983073370000000295e+03	5.932032741272005860e-04
1.983103500000000395e+03	5.623279137696723939e-04
1.983133640000000469e+03	5.564522628843104890e-04
1.983163770000000341e+03	5.705769025267926065e-04
1.983193900000000440e+03	6.047015421692600312e-04
1.983224040000000286e+03	6.338258912839053738e-04
1.983254170000000386e+03	6.529505309263716750e-04
1.983284300000000258e+03	6.470751705688546074e-04
1.983314440000000332e+03	6.261995196834985178e-04
1.983344570000000431e+03	5.953241593259633868e-04
1.983374710000000277e+03	5.694485084406161746e-04
1.983404840000000377e+03	5.585731480830802287e-04
1.983434970000000249e+03	5.676977877255642846e-04
1.983465110000000323e+03	5.918221368401976878e-04
1.983495240000000422e+03	6.109467764826778668e-04
1.983525380000000268e+03	6.200711255973240243e-04
1.983555510000000368e+03	6.191957652397911405e-04
1.983585640000000467e+03	6.133204048822671339e-04
1.983615780000000314e+03	5.974447539969091059e-04
1.983645910000000413e+03	5.915693936393850993e-04
1.983676040000000285e+03	5.956940332818641548e-04
1.983706180000000359e+03	6.098183823965014350e-04
1.983736310000000458e+03	6.189430220389716131e-04
1.983766450000000304e+03	6.280673711536177706e-04
1.983796580000000404e+03	6.271920107960918256e-04
1.983826710000000276e+03	6.213166504385678190e-04
1.983856850000000350e+03	6.154409995532059141e-04
1.983886980000000449e+03	6.145656391956799691e-04
1.983917110000000321e+03	6.236902788381570861e-04
1.983947250000000395e+03	6.428146279527993667e-04
1.983977380000000267e+03	6.619392675952726068e-04
1.984007520000000341e+03	6.760636167099168259e-04
1.984037650000000440e+03	6.851882563523939429e-04
1.984067780000000312e+03	6.843128959948679979e-04
1.984097920000000386e+03	6.784372451095060930e-04
1.984128050000000258e+03	6.775618847519801480e-04
1.984158190000000332e+03	6.816862338666282439e-04
1.984188320000000431e+03	6.858108735090934216e-04
1.984218450000000303e+03	6.899355131515724771e-04
1.984248590000000377e+03	6.890598622662155726e-04
1.984278720000000249e+03	6.831845019086915660e-04
1.984308850000000348e+03	6.723091415511625590e-04
1.984338990000000422e+03	6.664334906658006541e-04
1.984369120000000294e+03	6.655581303082816480e-04
1.984399260000000368e+03	6.746824794229208666e-04
1.984429390000000467e+03	6.838071190653910447e-04
1.984459520000000339e+03	6.879317587078701002e-04
1.984489660000000413e+03	6.820561078225081952e-04
1.984519790000000285e+03	6.611807474649900040e-04
1.984549930000000359e+03	6.253050965796258520e-04
1.984580060000000458e+03	5.944297362220976599e-04
1.984610190000000330e+03	5.785543758645844692e-04
1.984640330000000404e+03	5.826787249792186874e-04
1.984670460000000276e+03	6.118033646216949895e-04
1.984700590000000375e+03	6.509280042641674147e-04
1.984730730000000449e+03	6.950523533788069419e-04
1.984760860000000321e+03	7.191769930212851825e-04
1.984791000000000395e+03	7.183013421359282780e-04
1.984821130000000267e+03	6.974259817784100868e-04
1.984851260000000366e+03	6.565506214208718938e-04
1.984881400000000440e+03	6.256749705355196811e-04
1.984911530000000312e+03	5.997996101779895506e-04
1.984941660000000411e+03	5.939242498204655440e-04
1.984971800000000258e+03	6.080485989351097631e-04
1.985001930000000357e+03	6.321732385775810648e-04
1.985032070000000431e+03	6.612975876922264074e-04
1.985062200000000303e+03	6.804222273346996475e-04
1.985092330000000402e+03	6.895468669771767645e-04
1.985122470000000249e+03	6.886712160918198600e-04
1.985152600000000348e+03	6.827958557342889145e-04
1.985182740000000422e+03	6.619202048489328249e-04
1.985212870000000294e+03	6.410448444914076949e-04
1.985243000000000393e+03	6.151694841338845032e-04
1.985273140000000467e+03	5.842938332485184127e-04
1.985303270000000339e+03	5.684184728909982831e-04
1.985333400000000438e+03	5.625431125334673377e-04
1.985363540000000285e+03	5.716674616481134952e-04
1.985393670000000384e+03	6.007921012905897973e-04
1.985423810000000458e+03	6.349164504052262625e-04
1.985453940000000330e+03	6.690410900477075651e-04
1.985484070000000429e+03	6.881657296901738663e-04
1.985514210000000276e+03	6.872900788048239007e-04
1.985544340000000375e+03	6.714147184472968322e-04
1.985574480000000449e+03	6.455390675619357421e-04
1.985604610000000321e+03	6.196637072044125505e-04
1.985634740000000420e+03	6.037883468468854820e-04
1.985664880000000267e+03	6.029126959615355164e-04
1.985695010000000366e+03	6.120373356039987556e-04
1.985725140000000465e+03	6.211619752464758726e-04
1.985755280000000312e+03	6.302863243611220301e-04
1.985785410000000411e+03	6.244109640035910846e-04
1.985815550000000258e+03	6.135353131182380571e-04
1.985845680000000357e+03	5.976599527607109885e-04
1.985875810000000456e+03	5.767845924031789195e-04
1.985905950000000303e+03	5.659089415178258919e-04
1.985936080000000402e+03	5.600335811603018854e-04
1.985966210000000274e+03	5.591582208027828793e-04
1.985996350000000348e+03	5.632825699174170975e-04
1.986026480000000447e+03	5.724072095598872756e-04
1.986056620000000294e+03	5.865315586745314946e-04
1.986086750000000393e+03	6.006561983170066732e-04
1.986116880000000265e+03	6.197808379594868522e-04
1.986147020000000339e+03	6.389051870741221939e-04
1.986177150000000438e+03	6.580298267166023729e-04
1.986207290000000285e+03	6.671541758312415915e-04
1.986237420000000384e+03	6.712788154737137081e-04
1.986267550000000256e+03	6.654034551161897015e-04
1.986297690000000330e+03	6.595278042308347355e-04
1.986327820000000429e+03	6.536524438733107290e-04
1.986357950000000301e+03	6.477770835157797835e-04
1.986388090000000375e+03	6.369014326304267559e-04
1.986418220000000247e+03	6.260260722728977489e-04
1.986448360000000321e+03	6.051504213875416593e-04
1.986478490000000420e+03	5.842750610300165293e-04
1.986508620000000292e+03	5.683997006724894607e-04
1.986538760000000366e+03	5.675240497871325562e-04
1.986568890000000465e+03	5.866486894295988574e-04
1.986599020000000337e+03	6.307733290720832220e-04
1.986629160000000411e+03	6.848976781867188723e-04
1.986659290000000283e+03	7.290223178291962980e-04
1.986689430000000357e+03	7.581466669438416406e-04
1.986719560000000456e+03	7.572713065863087567e-04
1.986749690000000328e+03	7.363959462287905655e-04
1.986779830000000402e+03	7.005202953434264135e-04
1.986809960000000274e+03	6.746449349859032218e-04
1.986840100000000348e+03	6.637692841005432554e-04
1.986870230000000447e+03	6.728939237430134335e-04
1.986900360000000319e+03	6.920185633855005514e-04
1.986930500000000393e+03	7.111429125001358931e-04
1.986960630000000265e+03	7.102675521426168870e-04
1.986990760000000364e+03	6.843921917850798176e-04
1.987020900000000438e+03	6.435165408997245429e-04
1.987051030000000310e+03	6.026411805422071666e-04
1.987081170000000384e+03	5.767655296568391377e-04
1.987111300000000256e+03	5.758901692993201316e-04
1.987141430000000355e+03	6.050148089417894948e-04
1.987171570000000429e+03	6.441391580564309605e-04
1.987201700000000301e+03	6.832637976989103246e-04
1.987231840000000375e+03	7.073881468135506667e-04
1.987261970000000247e+03	7.015127864560335991e-04
1.987292100000000346e+03	6.756374260984965296e-04
1.987322240000000420e+03	6.397617752131393165e-04
1.987352370000000292e+03	6.138864148556161249e-04
1.987382500000000391e+03	6.130110544980901799e-04
1.987412640000000465e+03	6.321354036127324605e-04
1.987442770000000337e+03	6.612600432552087626e-04
1.987472910000000411e+03	6.953843923698521667e-04
1.987503040000000283e+03	7.095090320123273453e-04
1.987533170000000382e+03	6.986336716547983383e-04
1.987563310000000456e+03	6.677580207694322478e-04
1.987593440000000328e+03	6.218826604119168100e-04
1.987623570000000427e+03	5.760073000543874944e-04
1.987653710000000274e+03	5.551316491690314048e-04
1.987683840000000373e+03	5.642562888115085218e-04
1.987713980000000447e+03	5.983806379261449870e-04
1.987744110000000319e+03	6.525052775686254747e-04
1.987774240000000418e+03	7.016299172110940230e-04
1.987804380000000265e+03	7.307542663257393656e-04
1.987834510000000364e+03	7.348789059682114821e-04
1.987864650000000438e+03	7.090032550828503921e-04
1.987894780000000310e+03	6.631278947253349543e-04
1.987924910000000409e+03	6.172525343677986998e-04
1.987955050000000256e+03	5.813768834824484255e-04
1.987985180000000355e+03	5.705015231249263574e-04
1.988015310000000454e+03	5.796261627673895966e-04
1.988045450000000301e+03	6.037505118820438166e-04
1.988075580000000400e+03	6.278751515245081793e-04
1.988105720000000247e+03	6.419995006391593373e-04
1.988135850000000346e+03	6.411241402816264534e-04
1.988165980000000445e+03	6.252487799240993849e-04
1.988196120000000292e+03	6.043731290387502342e-04
1.988226250000000391e+03	5.884977686812162267e-04
1.988256380000000263e+03	5.876224083236972207e-04
1.988286520000000337e+03	5.917467574383314388e-04
1.988316650000000436e+03	6.008713970808085558e-04
1.988346790000000283e+03	6.049957461954497129e-04
1.988376920000000382e+03	6.041203858379237679e-04
1.988407050000000254e+03	5.982450254804067002e-04
1.988437190000000328e+03	5.873693745950397949e-04
1.988467320000000427e+03	5.864940142375138499e-04
1.988497460000000274e+03	5.956183633521600074e-04
1.988527590000000373e+03	6.197430029946313090e-04
1.988557720000000245e+03	6.488676426371145500e-04
1.988587860000000319e+03	6.729919917517479533e-04
1.988617990000000418e+03	6.921166313942211934e-04
1.988648120000000290e+03	6.962412710367002489e-04
1.988678260000000364e+03	6.903656201513383439e-04
1.988708390000000463e+03	6.794902597938093369e-04
1.988738530000000310e+03	6.736146089084613098e-04
1.988768660000000409e+03	6.677392485509303643e-04
1.988798790000000281e+03	6.718638881934094198e-04
1.988828930000000355e+03	6.759882373080505769e-04
1.988859060000000454e+03	6.751128769505176930e-04
1.988889200000000301e+03	6.642372260651646654e-04
1.988919330000000400e+03	6.483618657076375968e-04
1.988949460000000272e+03	6.324865053501174672e-04
1.988979600000000346e+03	6.266108544647555623e-04
1.989009730000000445e+03	6.407354941072238019e-04
1.989039860000000317e+03	6.648601337497089814e-04
1.989070000000000391e+03	7.039844828643435082e-04
1.989100130000000263e+03	7.381091225068248107e-04
1.989130270000000337e+03	7.572334716214670913e-04
1.989160400000000436e+03	7.513581112639361459e-04
1.989190530000000308e+03	7.154827509064168312e-04
1.989220670000000382e+03	6.646071000210515556e-04
1.989250800000000254e+03	6.037317396635280553e-04
1.989280930000000353e+03	5.528563793060006781e-04
1.989311070000000427e+03	5.169807284206434650e-04
1.989341200000000299e+03	5.061053680631213969e-04
1.989371340000000373e+03	5.152297171777606155e-04
1.989401470000000245e+03	5.343543568202407945e-04
1.989431600000000344e+03	5.584789964627051573e-04
1.989461740000000418e+03	5.776033455773474379e-04
1.989491870000000290e+03	5.867279852198314938e-04
1.989522010000000364e+03	5.958523343344637735e-04
1.989552140000000463e+03	6.099769739769389520e-04
1.989582270000000335e+03	6.291016136194121922e-04
1.989612410000000409e+03	6.632259627340555963e-04
1.989642540000000281e+03	6.973506023765299600e-04
1.989672670000000380e+03	7.264752420190062621e-04
1.989702810000000454e+03	7.505995911336466042e-04
1.989732940000000326e+03	7.597242307761237212e-04
1.989763080000000400e+03	7.588485798907668167e-04
1.989793210000000272e+03	7.429732195332397482e-04
1.989823340000000371e+03	7.220978591757146181e-04
1.989853480000000445e+03	7.012222082903585285e-04
1.989883610000000317e+03	6.803468479328333984e-04
1.989913750000000391e+03	6.594711970474773088e-04
1.989943880000000263e+03	6.385958366899521788e-04
1.989974010000000362e+03	6.227204763324251102e-04
1.990004150000000436e+03	6.118448254470582048e-04
1.990034280000000308e+03	6.059694650895411372e-04
1.990064410000000407e+03	6.100941047320132538e-04
1.990094550000000254e+03	6.242184538466574728e-04
1.990124680000000353e+03	6.383430934891326514e-04
1.990154820000000427e+03	6.474674426037649311e-04
1.990184950000000299e+03	6.565920822462489870e-04
1.990215080000000398e+03	6.557167218887161031e-04
1.990245220000000245e+03	6.498410710033680759e-04
1.990275350000000344e+03	6.439657106458371305e-04
1.990305480000000443e+03	6.430903502883042466e-04
1.990335620000000290e+03	6.422146994029542810e-04
1.990365750000000389e+03	6.413393390454213971e-04
1.990395890000000463e+03	6.404636881600644926e-04
1.990426020000000335e+03	6.395883278025454866e-04
1.990456150000000434e+03	6.337129674450145411e-04
1.990486290000000281e+03	6.328373165596645755e-04
1.990516420000000380e+03	6.269619562021336301e-04
1.990546560000000454e+03	6.260863053167767256e-04
1.990576690000000326e+03	6.252109449592507806e-04
1.990606820000000425e+03	6.243355846017248356e-04
1.990636960000000272e+03	6.234599337163748700e-04
1.990667090000000371e+03	6.275845733588400477e-04
1.990697220000000243e+03	6.317092130013191031e-04
1.990727360000000317e+03	6.408335621159583217e-04
1.990757490000000416e+03	6.549582017584335003e-04
1.990787630000000263e+03	6.690825508730777194e-04
1.990817760000000362e+03	6.782071905155478975e-04
1.990847890000000461e+03	6.773318301580219525e-04
1.990878030000000308e+03	6.714561792726669864e-04
1.990908160000000407e+03	6.555808189151399179e-04
1.990938290000000279e+03	6.497054585576159114e-04
1.990968430000000353e+03	6.538298076722570684e-04
1.990998560000000452e+03	6.679544473147322470e-04
1.991028700000000299e+03	6.970787964293775896e-04
1.991058830000000398e+03	7.212034360718488912e-04
1.991088960000000270e+03	7.303280757143260082e-04
1.991119100000000344e+03	7.194524248289660417e-04
1.991149230000000443e+03	6.935770644714359112e-04
1.991179370000000290e+03	6.577014135860856370e-04
1.991209500000000389e+03	6.318260532285555064e-04
1.991239630000000261e+03	6.209506928710334384e-04
1.991269770000000335e+03	6.400750419856757190e-04
1.991299900000000434e+03	6.741996816281431437e-04
1.991330030000000306e+03	7.133243212706225078e-04
1.991360170000000380e+03	7.474486703852659120e-04
1.991390300000000252e+03	7.565733100277360901e-04
1.991420440000000326e+03	7.456976591423830625e-04
1.991450570000000425e+03	7.198222987848529320e-04
1.991480700000000297e+03	6.889469384273316788e-04
1.991510840000000371e+03	6.530712875419675267e-04
1.991540970000000243e+03	6.271959271844443351e-04
1.991571110000000317e+03	6.063202762990882455e-04
1.991601240000000416e+03	5.954449159415592385e-04
1.991631370000000288e+03	5.945695555840402324e-04
1.991661510000000362e+03	5.986939046986744506e-04
1.991691640000000461e+03	6.128185443411496292e-04
1.991721770000000333e+03	6.269431839836317466e-04
1.991751910000000407e+03	6.510675330982651499e-04
1.991782040000000279e+03	6.701921727407453289e-04
1.991812180000000353e+03	6.793165218553845475e-04
1.991842310000000452e+03	6.734411614978605409e-04
1.991872440000000324e+03	6.575658011403334724e-04
1.991902580000000398e+03	6.366901502549773828e-04
1.991932710000000270e+03	6.158147898974522527e-04
1.991962840000000369e+03	6.049394295399232457e-04
1.991992980000000443e+03	6.040637786545663412e-04
1.992023110000000315e+03	6.181884182970415198e-04
1.992053250000000389e+03	6.323127674116857388e-04
1.992083380000000261e+03	6.564374070541570405e-04
1.992113510000000360e+03	6.755620466966302806e-04
1.992143650000000434e+03	6.946863958112725612e-04
1.992173780000000306e+03	7.138110354537458013e-04
1.992203920000000380e+03	7.329353845683880819e-04
1.992234050000000252e+03	7.420600242108651989e-04
1.992264180000000351e+03	7.411846638533392539e-04
1.992294320000000425e+03	7.303090129679792875e-04
1.992324450000000297e+03	7.044336526104560958e-04
1.992354580000000396e+03	6.735582922529279037e-04
1.992384720000000243e+03	6.476826413675737526e-04
1.992414850000000342e+03	6.268072810100486225e-04
1.992444990000000416e+03	6.159316301246817171e-04
1.992475120000000288e+03	6.200562697671677115e-04
1.992505250000000387e+03	6.191809094096417665e-04
1.992535390000000461e+03	6.183052585242779231e-04
1.992565520000000333e+03	6.074298981667558550e-04
1.992595660000000407e+03	5.915542472813908881e-04
1.992625790000000279e+03	5.706788869238726969e-04
1.992655920000000378e+03	5.648035265663486904e-04
1.992686060000000452e+03	5.689278756809829085e-04
1.992716190000000324e+03	5.830525153234650260e-04
1.992746320000000424e+03	6.121771549659343892e-04
1.992776460000000270e+03	6.463015040805847322e-04
1.992806590000000369e+03	6.704261437230490950e-04
1.992836730000000443e+03	6.845504928376933140e-04
1.992866860000000315e+03	6.886751324801723695e-04
1.992896990000000415e+03	6.777997721226433625e-04
1.992927130000000261e+03	6.619241212372922734e-04
1.992957260000000360e+03	6.410487608797602044e-04
1.992987390000000460e+03	6.201734005222281354e-04
1.993017530000000306e+03	6.142977496368731694e-04
1.993047660000000405e+03	6.234223892793502864e-04
1.993077800000000252e+03	6.425467383939995059e-04
1.993107930000000351e+03	6.766713780364669306e-04
1.993138060000000451e+03	7.107960176789412943e-04
1.993168200000000297e+03	7.349203667935816364e-04
1.993198330000000396e+03	7.490450064360568150e-04
1.993228470000000243e+03	7.481693555506999105e-04
1.993258600000000342e+03	7.372939951931709035e-04
1.993288730000000442e+03	7.214186348356507739e-04
1.993318870000000288e+03	7.155429839502888689e-04
1.993349000000000387e+03	7.196676235927679244e-04
1.993379130000000259e+03	7.437922632352392260e-04
1.993409270000000333e+03	7.779166123498826302e-04
1.993439400000000433e+03	8.170412519923550554e-04
1.993469540000000279e+03	8.461656011070003980e-04
1.993499670000000378e+03	8.602902407494755765e-04
1.993529800000000250e+03	8.494148803919465696e-04
1.993559940000000324e+03	8.235392295065924184e-04
1.993590070000000424e+03	7.876638691490661648e-04
1.993620200000000295e+03	7.417885087915368492e-04
1.993650340000000369e+03	7.059128579061796360e-04
1.993680470000000469e+03	6.800374975486495055e-04
1.993710610000000315e+03	6.741618466633014783e-04
1.993740740000000415e+03	6.832864863057647176e-04
1.993770870000000286e+03	7.074111259482498970e-04
1.993801010000000360e+03	7.515354750628894243e-04
1.993831140000000460e+03	7.956601147053599110e-04
1.993861280000000306e+03	8.347844638200083156e-04
1.993891410000000405e+03	8.589091034624726784e-04
1.993921540000000277e+03	8.630337431049586727e-04
1.993951680000000351e+03	8.471580922195937058e-04
1.993981810000000451e+03	8.112827318620674522e-04
1.994011940000000322e+03	7.654073715045450754e-04
1.994042080000000396e+03	7.295317206191809234e-04
1.994072210000000268e+03	7.086563602616627322e-04
1.994102350000000342e+03	7.127807093762969504e-04
1.994132480000000442e+03	7.419053490187732525e-04
1.994162610000000313e+03	7.810299886612526166e-04
1.994192750000000387e+03	8.301543377758902054e-04
1.994222880000000259e+03	8.692789774183695695e-04
1.994253020000000333e+03	8.884033265330049112e-04
1.994283150000000433e+03	8.975279661754820282e-04
1.994313280000000304e+03	8.916526058179580216e-04
1.994343420000000378e+03	8.857769549325961167e-04
1.994373550000000250e+03	8.849015945750771106e-04
1.994403680000000350e+03	8.890262342175492272e-04
1.994433820000000424e+03	8.981505833321884458e-04
1.994463950000000295e+03	9.172752229746616859e-04
1.994494090000000369e+03	9.263995720893078434e-04
1.994524220000000469e+03	9.255242117317749595e-04
1.994554350000000341e+03	9.146488513742528914e-04
1.994584490000000415e+03	8.937732004888968018e-04
1.994614620000000286e+03	8.728978401313716717e-04
1.994644750000000386e+03	8.620224797738496036e-04
1.994674890000000460e+03	8.561468288884807598e-04
1.994705020000000331e+03	8.652714685309648157e-04
1.994735160000000405e+03	8.793958176456090348e-04
1.994765290000000277e+03	8.935204572880842133e-04
1.994795420000000377e+03	9.126450969305574534e-04
1.994825560000000451e+03	9.267694460451947336e-04
1.994855690000000322e+03	9.458940856876749126e-04
1.994885830000000396e+03	9.650184348023102543e-04
1.994915960000000268e+03	9.841430744447904333e-04
1.994946090000000368e+03	9.982677140872656119e-04
1.994976230000000442e+03	1.002392063201899830e-03
1.995006360000000313e+03	9.965167028443827624e-04
1.995036490000000413e+03	9.706413424868456929e-04
1.995066630000000259e+03	9.397656916015004192e-04
1.995096760000000359e+03	9.088903312439722271e-04
1.995126900000000433e+03	8.880146803586091986e-04
1.995157030000000304e+03	8.921393200010882540e-04
1.995187160000000404e+03	9.162639596435595557e-04
1.995217300000000250e+03	9.553883087582079603e-04
1.995247430000000350e+03	9.945129484006734466e-04
1.995277560000000449e+03	1.013637588043146687e-03
1.995307700000000295e+03	1.017761937157794783e-03
1.995337830000000395e+03	9.968865768002627137e-04
1.995367970000000469e+03	9.660109259149105010e-04
1.995398100000000341e+03	9.351355655573823089e-04
1.995428230000000440e+03	9.192602051998552404e-04
1.995458370000000286e+03	9.233845543144963974e-04
1.995488500000000386e+03	9.425091939569765764e-04
1.995518640000000460e+03	9.666335430716169186e-04
1.995548770000000331e+03	9.907581827140882202e-04
1.995578900000000431e+03	9.948828223565672757e-04
1.995609040000000277e+03	9.840071714712073092e-04
1.995639170000000377e+03	9.631318111136821791e-04
1.995669300000000248e+03	9.322564507561609259e-04
1.995699440000000322e+03	9.163807998707959590e-04
1.995729570000000422e+03	9.155054395132700140e-04
1.995759710000000268e+03	9.296297886279142331e-04
1.995789840000000368e+03	9.637544282703885967e-04
1.995819970000000467e+03	9.928790679128579599e-04
1.995850110000000313e+03	1.012003417027507179e-03
1.995880240000000413e+03	1.016128056669979296e-03
1.995910380000000259e+03	9.952524057846232064e-04
1.995940510000000359e+03	9.693770454271000148e-04
1.995970640000000458e+03	9.435016850695629453e-04
1.996000780000000304e+03	9.326260341842168566e-04
1.996030910000000404e+03	9.417506738266870348e-04
1.996061040000000276e+03	9.608753134691602749e-04
1.996091180000000350e+03	9.799996625838094944e-04
1.996121310000000449e+03	9.941243022262707951e-04
1.996151450000000295e+03	9.882486513409227680e-04
1.996181580000000395e+03	9.673732909833906990e-04
1.996211710000000267e+03	9.314979306258713843e-04
1.996241850000000341e+03	9.056222797405172331e-04
1.996271980000000440e+03	8.947469193829812872e-04
1.996302110000000312e+03	9.038715590254653431e-04
1.996332250000000386e+03	9.329959081400968079e-04
1.996362380000000257e+03	9.621205477825800489e-04
1.996392520000000331e+03	9.812448968972153907e-04
1.996422650000000431e+03	9.853695365396875072e-04
1.996452780000000303e+03	9.644941761821693160e-04
1.996482920000000377e+03	9.336185252968101644e-04
1.996513050000000248e+03	9.077431649392869728e-04
1.996543190000000322e+03	8.918675140539220059e-04
1.996573320000000422e+03	8.859921536963979993e-04
1.996603450000000294e+03	9.001167933388801168e-04
1.996633590000000368e+03	9.092411424535193354e-04
1.996663720000000467e+03	9.083657820959933904e-04
1.996693850000000339e+03	8.874904217384613214e-04
1.996723990000000413e+03	8.566147708531091087e-04
1.996754120000000285e+03	8.157394104955778547e-04
1.996784260000000359e+03	7.848637596102256420e-04
1.996814390000000458e+03	7.639883992527005119e-04
1.996844520000000330e+03	7.631130388951745669e-04
1.996874660000000404e+03	7.772373880098187859e-04
1.996904790000000276e+03	8.013620276522900876e-04
1.996934930000000350e+03	8.204863767669323682e-04
1.996965060000000449e+03	8.296110164094094852e-04
1.996995190000000321e+03	8.187356560518804782e-04
1.997025330000000395e+03	8.028600051665224502e-04
1.997055460000000267e+03	7.869846448089953816e-04
1.997085590000000366e+03	7.711092844514752520e-04
1.997115730000000440e+03	7.702336335661114086e-04
1.997145860000000312e+03	7.793582732085885256e-04
1.997176000000000386e+03	7.934826223232327447e-04
1.997206130000000257e+03	8.076072619657079232e-04
1.997236260000000357e+03	8.217319016081831018e-04
1.997266400000000431e+03	8.308562507228153815e-04
1.997296530000000303e+03	8.299808903652963754e-04
1.997326660000000402e+03	8.241055300077654300e-04
1.997356800000000248e+03	8.082298791224143408e-04
1.997386930000000348e+03	7.873545187648892107e-04
1.997417070000000422e+03	7.614788678795281207e-04
1.997447200000000294e+03	7.406035075220029906e-04
1.997477330000000393e+03	7.197281471644709216e-04
1.997507470000000467e+03	7.088524962791178941e-04
1.997537600000000339e+03	7.129771359215969495e-04
1.997567740000000413e+03	7.271014850362342297e-04
1.997597870000000285e+03	7.462261246787144087e-04
1.997628000000000384e+03	7.653507643211807099e-04
1.997658140000000458e+03	7.794751134358249289e-04
1.997688270000000330e+03	7.835997530782970455e-04
1.997718400000000429e+03	7.677243927207699770e-04
1.997748540000000276e+03	7.468487418354208263e-04
1.997778670000000375e+03	7.209733814778906957e-04
1.997808810000000449e+03	7.000977305925346061e-04
1.997838940000000321e+03	6.892223702350055992e-04
1.997869070000000420e+03	6.883470098774796542e-04
1.997899210000000267e+03	6.924713589921208112e-04
1.997929340000000366e+03	6.965959986345998667e-04
1.997959470000000465e+03	7.057206382770700448e-04
1.997989610000000312e+03	7.148449873917162023e-04
1.998019740000000411e+03	7.289696270341913809e-04
1.998049880000000257e+03	7.380939761488305995e-04
1.998080010000000357e+03	7.472186157913077165e-04
1.998110140000000456e+03	7.513432554337798330e-04
1.998140280000000303e+03	7.504676045484229285e-04
1.998170410000000402e+03	7.395922441909008604e-04
1.998200550000000248e+03	7.237165933055428324e-04
1.998230680000000348e+03	7.028412329480177023e-04
1.998260810000000447e+03	6.869658725904836949e-04
1.998290950000000294e+03	6.760902217051306673e-04
1.998321080000000393e+03	6.752148613476047223e-04
1.998351210000000265e+03	6.793395009900768389e-04
1.998381350000000339e+03	6.884638501047229964e-04
1.998411480000000438e+03	6.875884897471901125e-04
1.998441620000000285e+03	6.867128388618401469e-04
1.998471750000000384e+03	6.808374785043161403e-04
1.998501880000000256e+03	6.749621181467851949e-04
1.998532020000000330e+03	6.690864672614302289e-04
1.998562150000000429e+03	6.682111069038973450e-04
1.998592290000000276e+03	6.673354560185473794e-04
1.998622420000000375e+03	6.764600956610175575e-04
1.998652550000000247e+03	6.805847353034966130e-04
1.998682690000000321e+03	6.847090844181377700e-04
1.998712820000000420e+03	6.838337240606048861e-04
1.998742950000000292e+03	6.779583637030878185e-04
1.998773090000000366e+03	6.670827128177209131e-04
1.998803220000000465e+03	6.562073524601988450e-04
1.998833360000000312e+03	6.403317015748408170e-04
1.998863490000000411e+03	6.244563412173137484e-04
1.998893620000000283e+03	6.085809808597936188e-04
1.998923760000000357e+03	5.977053299744336523e-04
1.998953890000000456e+03	5.918299696169096458e-04
1.998984020000000328e+03	5.959546092593817623e-04
1.999014160000000402e+03	5.950789583740248578e-04
1.999044290000000274e+03	6.042035980165019748e-04
1.999074430000000348e+03	6.083279471311431319e-04
1.999104560000000447e+03	6.124525867736152485e-04
1.999134690000000319e+03	6.115772264160893035e-04
1.999164830000000393e+03	6.157015755307304605e-04
1.999194960000000265e+03	6.248262151732075775e-04
1.999225100000000339e+03	6.339505642878467961e-04
1.999255230000000438e+03	6.530752039303200362e-04
1.999285360000000310e+03	6.771998435727982768e-04
1.999315500000000384e+03	6.963241926874405574e-04
1.999345630000000256e+03	7.054488323299176744e-04
1.999375760000000355e+03	7.095734719723897910e-04
1.999405900000000429e+03	6.936978210870317629e-04
1.999436030000000301e+03	6.728224607295066328e-04
1.999466170000000375e+03	6.419468098441474813e-04
1.999496300000000247e+03	6.160714494866242896e-04
1.999526430000000346e+03	6.001960891290972211e-04
1.999556570000000420e+03	5.943204382437353162e-04
1.999586700000000292e+03	5.984450778862143716e-04
1.999616830000000391e+03	6.075697175286845497e-04
1.999646970000000465e+03	6.216940666433218299e-04
1.999677100000000337e+03	6.258187062858078242e-04
1.999707240000000411e+03	6.349430554004401039e-04
1.999737370000000283e+03	6.490676950429222214e-04
1.999767500000000382e+03	6.631923346853904611e-04
1.999797640000000456e+03	6.823166838000327417e-04
1.999827770000000328e+03	7.014413234425129207e-04
1.999857910000000402e+03	7.005656725571490773e-04
1.999888040000000274e+03	6.846903121996289476e-04
1.999918170000000373e+03	6.438149518420976936e-04
1.999948310000000447e+03	5.979393009567374184e-04
1.999978440000000319e+03	5.570639405992200421e-04
2.000008570000000418e+03	5.361885802416879732e-04
2.000038710000000265e+03	5.403129293563360691e-04
2.000068840000000364e+03	5.694375689988054323e-04
2.000098980000000438e+03	5.985619181134507749e-04
2.000129110000000310e+03	6.276865577559201381e-04
2.000159240000000409e+03	6.318111973983991936e-04
2.000189380000000256e+03	6.209355465130461660e-04
2.000219510000000355e+03	6.000601861555140970e-04
2.000249650000000429e+03	5.941845352701591310e-04
2.000279780000000301e+03	6.083091749126343095e-04
2.000309910000000400e+03	6.374338145551036727e-04
2.000340050000000247e+03	6.815581636697501389e-04
2.000370180000000346e+03	7.206828033122225641e-04
2.000400310000000445e+03	7.448074429546938657e-04
2.000430450000000292e+03	7.489317920693419617e-04
2.000460580000000391e+03	7.430564317118110162e-04
2.000490720000000465e+03	7.271807808264529882e-04
2.000520850000000337e+03	7.163054204689309201e-04
2.000550980000000436e+03	7.054300601114019131e-04
2.000581120000000283e+03	7.045544092260450086e-04
2.000611250000000382e+03	7.036790488685190637e-04
2.000641380000000254e+03	7.028036885109931187e-04
2.000671520000000328e+03	7.019280376256362142e-04
2.000701650000000427e+03	7.010526772681033303e-04
2.000731790000000274e+03	6.951770263827553031e-04
2.000761920000000373e+03	6.843016660252332350e-04
2.000792050000000245e+03	6.684263056677061665e-04
2.000822190000000319e+03	6.525506547823481385e-04
2.000852320000000418e+03	6.416752944248121926e-04
2.000882460000000265e+03	6.407996435394622270e-04
2.000912590000000364e+03	6.599242831819424060e-04
2.000942720000000463e+03	6.940489228244028919e-04
2.000972860000000310e+03	7.231732719390551734e-04
2.001002990000000409e+03	7.322979115815253515e-04
2.001033120000000281e+03	7.064225512240021598e-04
2.001063260000000355e+03	6.605469003386418847e-04
2.001093390000000454e+03	6.096715399811145075e-04
2.001123530000000301e+03	5.937958890957634184e-04
2.001153660000000400e+03	6.329205287382289047e-04
2.001183790000000272e+03	7.170451683807116394e-04
2.001213930000000346e+03	8.061695174953475984e-04
2.001244060000000445e+03	8.552941571378230856e-04
2.001274200000000292e+03	8.144185062524678109e-04
2.001304330000000391e+03	7.035431458949428785e-04
2.001334460000000263e+03	5.626677855374226378e-04
2.001364600000000337e+03	4.767921346520570536e-04
2.001394730000000436e+03	5.059167742945333557e-04
2.001424860000000308e+03	6.550414139370047684e-04
2.001455000000000382e+03	8.591657630516516542e-04
2.001485130000000254e+03	9.882904026941308206e-04
2.001515270000000328e+03	9.324147518087674835e-04
2.001545400000000427e+03	6.365393914512379459e-04
2.001575530000000299e+03	1.706640310937118654e-04
2.001605670000000373e+03	-3.052116197916412976e-04
2.001635800000000245e+03	-6.010869801491708353e-04
2.001665930000000344e+03	-5.469623405066972865e-04
2.001696070000000418e+03	-1.128379913920493638e-04
2.001726200000000290e+03	5.962866482504200483e-04
2.001756340000000364e+03	1.345410997365063810e-03
2.001786470000000463e+03	1.899535637007530864e-03
2.001816600000000335e+03	2.088660276650014525e-03
2.001846740000000409e+03	1.902784625764653015e-03
2.001876870000000281e+03	1.461909265407131120e-03
2.001907010000000355e+03	9.560336145217757098e-04
2.001937140000000454e+03	5.801582541642424928e-04
2.001967270000000326e+03	4.342828938067241906e-04
2.001997410000000400e+03	5.134072429213570876e-04
2.002027540000000272e+03	7.225318825638399334e-04
2.002057670000000371e+03	9.216565222063127782e-04
2.002087810000000445e+03	1.015780871320946799e-03
2.002117940000000317e+03	9.749055109634294225e-04
2.002148080000000391e+03	8.490298600780654681e-04
2.002178210000000263e+03	7.131544997205502279e-04
2.002208340000000362e+03	6.372791393630117263e-04
2.002238480000000436e+03	6.464034884776578838e-04
2.002268610000000308e+03	7.305281281201406185e-04
2.002298740000000407e+03	8.296527677626036601e-04
2.002328880000000254e+03	9.037771168772523733e-04
2.002359010000000353e+03	9.229017565197256134e-04
2.002389150000000427e+03	9.020261056343625850e-04
2.002419280000000299e+03	8.611507452768452087e-04
2.002449410000000398e+03	8.352753849193150781e-04
2.002479550000000245e+03	8.293997340339670510e-04
2.002509680000000344e+03	8.385243736764302902e-04
2.002539820000000418e+03	8.526487227910745093e-04
2.002569950000000290e+03	8.467733624335505027e-04
2.002600080000000389e+03	8.208980020760203722e-04
2.002630220000000463e+03	7.800223511906650975e-04
2.002660350000000335e+03	7.541469908331419059e-04
2.002690480000000434e+03	7.382716304756148373e-04
2.002720620000000281e+03	7.523959795902590564e-04
2.002750750000000380e+03	7.815206192327284196e-04
2.002780890000000454e+03	8.156449683473718237e-04
2.002811020000000326e+03	8.397696079898500643e-04
2.002841150000000425e+03	8.588942476323233044e-04
2.002871290000000272e+03	8.630185967469644615e-04
2.002901420000000371e+03	8.571432363894404549e-04
2.002931560000000445e+03	8.462675855040735495e-04
2.002961690000000317e+03	8.303922251465534199e-04
2.002991820000000416e+03	8.145168647890332903e-04
2.003021960000000263e+03	7.936412139036702618e-04
2.003052090000000362e+03	7.827658535461481937e-04
2.003082220000000461e+03	7.768904931886172482e-04
2.003112360000000308e+03	7.760148423032672826e-04
2.003142490000000407e+03	7.801394819457324603e-04
2.003172630000000254e+03	7.842638310603805563e-04
2.003202760000000353e+03	7.833884707028546113e-04
2.003232890000000452e+03	7.875131103453197889e-04
2.003263030000000299e+03	7.816374594599717618e-04
2.003293160000000398e+03	7.857620991024369395e-04
2.003323290000000270e+03	7.848867387449179334e-04
2.003353430000000344e+03	7.890110878595660293e-04
2.003383560000000443e+03	7.881357275020331454e-04
2.003413700000000290e+03	7.722600766166820563e-04
2.003443830000000389e+03	7.513847162591499873e-04
2.003473960000000261e+03	7.305093559016317961e-04
2.003504100000000335e+03	7.096337050162687676e-04
2.003534230000000434e+03	7.037583446587378222e-04
2.003564370000000281e+03	7.128826937733909186e-04
2.003594500000000380e+03	7.370073334158552814e-04
2.003624630000000252e+03	7.611319730583404608e-04
2.003654770000000326e+03	7.802563221729758025e-04
2.003684900000000425e+03	7.793809618154498575e-04
2.003715030000000297e+03	7.635056014579227890e-04
2.003745170000000371e+03	7.326299505725636374e-04
2.003775300000000243e+03	7.067545902150473847e-04
2.003805440000000317e+03	6.858789393296843562e-04
2.003835570000000416e+03	6.800035789721534107e-04
2.003865700000000288e+03	6.941282186146285893e-04
2.003895840000000362e+03	7.082525677292728084e-04
2.003925970000000461e+03	7.323772073717441100e-04
2.003956100000000333e+03	7.465018470142192886e-04
2.003986240000000407e+03	7.606261961288635076e-04
2.004016370000000279e+03	7.647508357713356242e-04
2.004046510000000353e+03	7.638751848859787197e-04
2.004076640000000452e+03	7.629998245284458358e-04
2.004106770000000324e+03	7.571244641709287682e-04
2.004136910000000398e+03	7.462488132855757406e-04
2.004167040000000270e+03	7.303734529280486720e-04
2.004197180000000344e+03	7.094978020426925824e-04
2.004227310000000443e+03	6.886224416851605135e-04
2.004257440000000315e+03	6.627470813276373218e-04
2.004287580000000389e+03	6.468714304422792938e-04
2.004317710000000261e+03	6.359960700847572257e-04
2.004347840000000360e+03	6.351207097272312807e-04
2.004377980000000434e+03	6.492450588418685609e-04
2.004408110000000306e+03	6.633696984843437394e-04
2.004438250000000380e+03	6.824940475989860200e-04
2.004468380000000252e+03	7.016186872414661990e-04
2.004498510000000351e+03	7.107433268839363771e-04
2.004528650000000425e+03	7.048676759985744722e-04
2.004558780000000297e+03	6.889923156410543426e-04
2.004588920000000371e+03	6.731166647556893756e-04
2.004619050000000243e+03	6.572413043981692460e-04
2.004649180000000342e+03	6.513659440406383005e-04
2.004679320000000416e+03	6.554902931552794576e-04
2.004709450000000288e+03	6.696149327977615751e-04
2.004739580000000387e+03	6.837395724402298147e-04
2.004769720000000461e+03	6.978639215548740338e-04
2.004799850000000333e+03	7.019885611973461503e-04
2.004829990000000407e+03	6.961129103119911843e-04
2.004860120000000279e+03	6.852375499544691162e-04
2.004890250000000378e+03	6.743621895969401092e-04
2.004920390000000452e+03	6.734865387115832047e-04
2.004950520000000324e+03	6.776111783540553213e-04
2.004980650000000423e+03	6.967358179965285614e-04
2.005010790000000270e+03	7.208601671111758424e-04
2.005040920000000369e+03	7.399848067536490825e-04
2.005071060000000443e+03	7.491091558682883011e-04
2.005101190000000315e+03	7.482337955107623562e-04
2.005131320000000414e+03	7.373584351532402881e-04
2.005161460000000261e+03	7.214827842678822600e-04
2.005191590000000360e+03	7.156074239103582535e-04
2.005221730000000434e+03	7.197317730249994105e-04
2.005251860000000306e+03	7.338564126674745891e-04
2.005281990000000405e+03	7.629810523099439523e-04
2.005312130000000252e+03	7.921054014245892949e-04
2.005342260000000351e+03	8.112300410670625350e-04
2.005372390000000451e+03	8.153546807095277127e-04
2.005402530000000297e+03	7.944790298241785620e-04
2.005432660000000396e+03	7.586036694666523084e-04
2.005462800000000243e+03	7.127280185812989721e-04
2.005492930000000342e+03	6.718526582237746569e-04
2.005523060000000442e+03	6.359772978662414644e-04
2.005553200000000288e+03	6.201016469808903753e-04
2.005583330000000387e+03	6.092262866233544294e-04
2.005613470000000461e+03	6.033506357379994633e-04
2.005643600000000333e+03	5.974752753804823957e-04
2.005673730000000432e+03	5.865999150229464498e-04
2.005703870000000279e+03	5.757242641376003611e-04
2.005734000000000378e+03	5.698489037800624768e-04
2.005764130000000250e+03	5.739735434225484711e-04
2.005794270000000324e+03	5.880978925371857513e-04
2.005824400000000423e+03	6.122225321796570530e-04
2.005854540000000270e+03	6.363468812943043340e-04
2.005884670000000369e+03	6.604715209367756357e-04
2.005914800000000469e+03	6.695961605792458138e-04
2.005944940000000315e+03	6.637205096938908477e-04
2.005975070000000414e+03	6.528451493363618408e-04
2.006005200000000286e+03	6.369697889788486500e-04
2.006035340000000360e+03	6.210941380934836831e-04
2.006065470000000460e+03	6.152187777359527376e-04
2.006095610000000306e+03	6.193431268506008336e-04
2.006125740000000405e+03	6.334677664930760121e-04
2.006155870000000277e+03	6.525924061355492523e-04
2.006186010000000351e+03	6.717167552501915329e-04
2.006216140000000451e+03	6.808413948926617110e-04
2.006246280000000297e+03	6.849657440073098069e-04
2.006276410000000396e+03	6.790903836497788615e-04
2.006306540000000268e+03	6.732150232922548549e-04
2.006336680000000342e+03	6.673393724068998889e-04
2.006366810000000442e+03	6.764640120493700670e-04
2.006396940000000313e+03	7.005886516918483076e-04
2.006427080000000387e+03	7.297130008064867113e-04
2.006457210000000259e+03	7.588376404489630134e-04
2.006487350000000333e+03	7.779619895636052940e-04
2.006517480000000432e+03	7.770866292060724101e-04
2.006547610000000304e+03	7.612112688485522805e-04
2.006577750000000378e+03	7.303356179632000678e-04
2.006607880000000250e+03	7.044602576056699372e-04
2.006638010000000349e+03	6.935848972481478691e-04
2.006668150000000423e+03	7.027092463627801489e-04
2.006698280000000295e+03	7.368338860052614514e-04
2.006728420000000369e+03	7.809582351199079175e-04
2.006758550000000469e+03	8.150828747623753423e-04
2.006788680000000340e+03	8.292075144048574598e-04
2.006818820000000414e+03	8.083318635194874924e-04
2.006848950000000286e+03	7.674565031619701161e-04
2.006879090000000360e+03	7.115808522766067790e-04
2.006909220000000460e+03	6.607054919190794018e-04
2.006939350000000331e+03	6.348301315615631490e-04
2.006969490000000405e+03	6.339544806761993057e-04
2.006999620000000277e+03	6.530791203186794847e-04
2.007029750000000377e+03	6.822037599611488479e-04
2.007059890000000451e+03	7.063281090757891900e-04
2.007090020000000322e+03	7.204527487182643686e-04
2.007120160000000396e+03	7.145770978329094025e-04
2.007150290000000268e+03	7.087017374753853960e-04
2.007180420000000368e+03	6.978263771178563890e-04
2.007210560000000442e+03	7.019507262324975461e-04
2.007240690000000313e+03	7.110753658749746631e-04
2.007270830000000387e+03	7.351997149896150052e-04
2.007300960000000259e+03	7.543243546320951842e-04
2.007331090000000358e+03	7.584489942745603619e-04
2.007361230000000432e+03	7.425733433892092727e-04
2.007391360000000304e+03	7.116979830316810807e-04
2.007421490000000404e+03	6.658226226741517650e-04
2.007451630000000250e+03	6.249469717887964904e-04
2.007481760000000349e+03	6.040716114312713603e-04
2.007511900000000423e+03	6.031959605459144558e-04
2.007542030000000295e+03	6.223206001883876959e-04
2.007572160000000395e+03	6.464452398308659364e-04
2.007602300000000469e+03	6.655695889455012781e-04
2.007632430000000340e+03	6.696942285879803336e-04
2.007662560000000440e+03	6.588188682304513266e-04
2.007692700000000286e+03	6.329432173450971755e-04
2.007722830000000386e+03	6.070678569875739838e-04
2.007752970000000460e+03	5.961922061022070785e-04
2.007783100000000331e+03	6.053168457446911344e-04
2.007813230000000431e+03	6.294414853871554971e-04
2.007843370000000277e+03	6.585658345018077786e-04
2.007873500000000377e+03	6.776904741442810187e-04
2.007903640000000451e+03	6.768148232589171753e-04
2.007933770000000322e+03	6.559394629013989841e-04
2.007963900000000422e+03	6.300641025438619147e-04
2.007994040000000268e+03	5.991884516585166409e-04
2.008024170000000368e+03	5.883130913009806950e-04
2.008054300000000467e+03	5.924377309434528116e-04
2.008084440000000313e+03	6.115620800581020311e-04
2.008114570000000413e+03	6.256867197005702708e-04
2.008144710000000259e+03	6.298110688152253056e-04
2.008174840000000358e+03	6.189357084576893597e-04
2.008204970000000458e+03	5.930603481001661681e-04
2.008235110000000304e+03	5.671846972148120170e-04
2.008265240000000404e+03	5.463093368572799480e-04
2.008295380000000250e+03	5.404336859719319208e-04
2.008325510000000349e+03	5.445583256143970985e-04
2.008355640000000449e+03	5.536829652568742155e-04
2.008385780000000295e+03	5.578073143715153726e-04
2.008415910000000395e+03	5.569319540139894276e-04
2.008446040000000266e+03	5.460565936564673595e-04
2.008476180000000340e+03	5.351809427711073930e-04
2.008506310000000440e+03	5.343055824135814480e-04
2.008536450000000286e+03	5.384299315282226051e-04
2.008566580000000386e+03	5.525545711706977836e-04
2.008596710000000257e+03	5.666792108131799011e-04
2.008626850000000331e+03	5.808035599278171812e-04
2.008656980000000431e+03	5.849281995702892978e-04
2.008687110000000303e+03	5.840528392127633528e-04
2.008717250000000377e+03	5.831771883274064483e-04
2.008747380000000248e+03	5.823018279698805033e-04
2.008777520000000322e+03	5.864261770845216604e-04
2.008807650000000422e+03	6.005508167269968389e-04
2.008837780000000294e+03	6.096754563694739559e-04
2.008867920000000368e+03	6.187998054841131745e-04
2.008898050000000467e+03	6.229244451265783522e-04
2.008928190000000313e+03	6.220487942412283866e-04
2.008958320000000413e+03	6.161734338836974412e-04
2.008988450000000284e+03	6.152980735261784351e-04
2.009018590000000358e+03	6.094224226408234690e-04
2.009048720000000458e+03	6.035470622832925236e-04
2.009078850000000330e+03	6.026717019257735175e-04
2.009108990000000404e+03	5.917960510404066121e-04
2.009139120000000275e+03	5.859206906828895445e-04
2.009169260000000349e+03	5.850450397975326400e-04
2.009199390000000449e+03	5.841696794399997561e-04
2.009229520000000321e+03	5.982943190824818736e-04
2.009259660000000395e+03	6.124186681971122148e-04
2.009289790000000266e+03	6.315433078395993327e-04
2.009319920000000366e+03	6.456679474820606335e-04
2.009350060000000440e+03	6.497922965967087294e-04
2.009380190000000312e+03	6.489169362391897233e-04
2.009410330000000386e+03	6.380412853538228179e-04
2.009440460000000257e+03	6.271659249963076888e-04
2.009470590000000357e+03	6.212905646387698044e-04
2.009500730000000431e+03	6.204149137534128999e-04
2.009530860000000303e+03	6.295395533958969558e-04
2.009561000000000377e+03	6.436639025105342360e-04
2.009591130000000248e+03	6.577885421530094145e-04
2.009621260000000348e+03	6.619131817954815311e-04
2.009651400000000422e+03	6.660375309101226882e-04
2.009681530000000294e+03	6.601621705525986816e-04
2.009711660000000393e+03	6.442868101950716131e-04
2.009741800000000467e+03	6.284111593097135851e-04
2.009771930000000339e+03	6.125357989521865165e-04
2.009802070000000413e+03	6.016601480668334889e-04
2.009832200000000284e+03	5.957847877093025435e-04
2.009862330000000384e+03	5.899094273517785370e-04
2.009892470000000458e+03	5.840337764664166320e-04
2.009922600000000330e+03	5.831584161088976259e-04
2.009952740000000404e+03	5.722827652235376594e-04
2.009982870000000275e+03	5.614074048660155913e-04
2.010013000000000375e+03	5.455320445084885228e-04
2.010043140000000449e+03	5.296563936231235559e-04
2.010073270000000321e+03	5.187810332656084267e-04
2.010103400000000420e+03	5.129056729080774812e-04
2.010133540000000266e+03	5.220300220227236387e-04
2.010163670000000366e+03	5.361546616651988173e-04
2.010193810000000440e+03	5.552790107798341590e-04
2.010223940000000312e+03	5.744036504223143380e-04
2.010254070000000411e+03	5.835282900647775772e-04
2.010284210000000257e+03	5.826526391794276116e-04
2.010314340000000357e+03	5.767772788219036051e-04
2.010344470000000456e+03	5.659019184643745981e-04
2.010374610000000303e+03	5.650262675790246325e-04
2.010404740000000402e+03	5.691509072214898102e-04
2.010434880000000248e+03	5.882752563361390297e-04
2.010465010000000348e+03	6.123998959786103313e-04
2.010495140000000447e+03	6.415245356210796945e-04
2.010525280000000294e+03	6.656488847357269756e-04
2.010555410000000393e+03	6.797735243781952152e-04
2.010585550000000467e+03	6.788978734928383107e-04
2.010615680000000339e+03	6.680225131353162427e-04
2.010645810000000438e+03	6.371471527777880506e-04
2.010675950000000284e+03	6.012715018924377763e-04
2.010706080000000384e+03	5.503961415349034603e-04
2.010736210000000256e+03	5.045207811773880224e-04
2.010766350000000330e+03	4.636451302920258088e-04
2.010796480000000429e+03	4.377697699344956783e-04
2.010826620000000275e+03	4.368941190491387738e-04
2.010856750000000375e+03	4.560187586916120139e-04
2.010886880000000247e+03	4.951433983340983169e-04
2.010917020000000321e+03	5.492677474487339673e-04
2.010947150000000420e+03	6.033923870912075160e-04
2.010977280000000292e+03	6.525170267336760643e-04
2.011007420000000366e+03	6.766413758483233454e-04
2.011037550000000465e+03	6.857660154907935235e-04
2.011067690000000312e+03	6.798903646054385574e-04
2.011097820000000411e+03	6.590150042479134274e-04
2.011127950000000283e+03	6.381396438903882973e-04
2.011158090000000357e+03	6.222639930050302692e-04
2.011188220000000456e+03	6.113886326474943234e-04
2.011218360000000303e+03	6.155129817621493582e-04
2.011248490000000402e+03	6.246376214046195363e-04
2.011278620000000274e+03	6.387622610470947149e-04
2.011308760000000348e+03	6.428866101617358719e-04
2.011338890000000447e+03	6.420112498042029880e-04
2.011369020000000319e+03	6.411358894466839820e-04
2.011399160000000393e+03	6.302602385613240155e-04
2.011429290000000265e+03	6.243848782038069478e-04
2.011459430000000339e+03	6.285092273184481049e-04
2.011489560000000438e+03	6.326338669609132825e-04
2.011519690000000310e+03	6.467585066033954000e-04
2.011549830000000384e+03	6.608828557180326801e-04
2.011579960000000256e+03	6.700074953605097972e-04
2.011610100000000330e+03	6.691318444751528927e-04
2.011640230000000429e+03	6.582564841176238857e-04
2.011670360000000301e+03	6.373811237601056945e-04
2.011700500000000375e+03	6.115054728747376656e-04
2.011730630000000247e+03	5.956301125172175359e-04
2.011760760000000346e+03	5.797547521596904674e-04
2.011790900000000420e+03	5.788791012743335629e-04
2.011821030000000292e+03	5.780037409168145568e-04
2.011851170000000366e+03	5.821280900314487750e-04
2.011881300000000465e+03	5.812527296739228300e-04
2.011911430000000337e+03	5.703773693163938230e-04
2.011941570000000411e+03	5.595017184310407954e-04
2.011971700000000283e+03	5.436263580735206657e-04
2.012001830000000382e+03	5.327509977159847199e-04
2.012031970000000456e+03	5.318753468306278154e-04
2.012062100000000328e+03	5.409999864731049324e-04
2.012092240000000402e+03	5.601243355877472130e-04
2.012122370000000274e+03	5.792489752302204531e-04
2.012152500000000373e+03	5.933736148726956317e-04
2.012182640000000447e+03	6.024979639873417891e-04
2.012212770000000319e+03	5.916226036298127822e-04
2.012242910000000393e+03	5.757469527444547541e-04
2.012273040000000265e+03	5.548715923869296240e-04
2.012303170000000364e+03	5.439962320294075560e-04
2.012333310000000438e+03	5.531205811440398357e-04
2.012363440000000310e+03	5.822452207865230767e-04
2.012393570000000409e+03	6.263698604289935634e-04
2.012423710000000256e+03	6.704942095436400296e-04
2.012453840000000355e+03	7.046188491861143932e-04
2.012483980000000429e+03	7.137431983007466729e-04
2.012514110000000301e+03	6.928678379432284817e-04
2.012544240000000400e+03	6.519924775857041666e-04
2.012574380000000247e+03	6.061168267003438914e-04
2.012604510000000346e+03	5.652414663428195762e-04
2.012634650000000420e+03	5.493658154574546093e-04
2.012664780000000292e+03	5.534904550999406037e-04
2.012694910000000391e+03	5.776150947424049664e-04
2.012725050000000465e+03	6.017394438570453086e-04
2.012755180000000337e+03	6.158640834995274260e-04
2.012785310000000436e+03	6.099887231419964806e-04
2.012815450000000283e+03	5.841130722566492683e-04
2.012845580000000382e+03	5.482377118991160758e-04
2.012875720000000456e+03	5.173620610137569242e-04
2.012905850000000328e+03	5.064867006562348561e-04
2.012935980000000427e+03	5.156113402987050343e-04
2.012966120000000274e+03	5.447356894133573157e-04
2.012996250000000373e+03	5.838603290558228021e-04
2.013026380000000245e+03	6.179849686983041046e-04
2.013056520000000319e+03	6.321093178129413848e-04
2.013086650000000418e+03	6.212339574554123778e-04
2.013116790000000265e+03	6.003583065700632271e-04
2.013146920000000364e+03	5.744829462125330966e-04
2.013177050000000463e+03	5.536075858550010276e-04
2.013207190000000310e+03	5.477319349696460615e-04
2.013237320000000409e+03	5.568565746121231785e-04
2.013267460000000256e+03	5.759809237267654591e-04
2.013297590000000355e+03	5.951055633692386992e-04
2.013327720000000454e+03	6.042302030117158163e-04
2.013357860000000301e+03	5.933545521263558498e-04
2.013387990000000400e+03	5.724791917688307197e-04
2.013418120000000272e+03	5.516038314113055896e-04
2.013448260000000346e+03	5.257281805259444996e-04
2.013478390000000445e+03	5.148528201684224315e-04
2.013508530000000292e+03	5.189771692830635885e-04
2.013538660000000391e+03	5.331018089255387671e-04
2.013568790000000263e+03	5.472264485680139456e-04
2.013598930000000337e+03	5.613507976826581647e-04
2.013629060000000436e+03	5.704754373251214039e-04
2.013659190000000308e+03	5.796000769676054598e-04
2.013689330000000382e+03	5.837244260822466169e-04
2.013719460000000254e+03	5.928490657247237339e-04
2.013749600000000328e+03	6.069734148393610140e-04
2.013779730000000427e+03	6.160980544818311921e-04
2.013809860000000299e+03	6.152226941243121860e-04
2.013840000000000373e+03	5.993470432389541580e-04
2.013870130000000245e+03	5.734716828814309664e-04
2.013900270000000319e+03	5.325960319960687528e-04
2.013930400000000418e+03	4.967206716385424992e-04
2.013960530000000290e+03	4.758453112810173691e-04
2.013990670000000364e+03	4.849696603956565877e-04
2.014020800000000463e+03	5.140943000381328898e-04
2.014050930000000335e+03	5.632189396806083770e-04
2.014081070000000409e+03	6.173432887952509662e-04
2.014111200000000281e+03	6.514679284377253299e-04
2.014141340000000355e+03	6.605922775523645485e-04
2.014171470000000454e+03	6.397169171948394184e-04
2.014201600000000326e+03	6.038415568373131648e-04
2.014231740000000400e+03	5.529659059519548281e-04
2.014261870000000272e+03	5.170905455944355134e-04
2.014292010000000346e+03	5.012148947090705464e-04
2.014322140000000445e+03	5.153395343515457250e-04
2.014352270000000317e+03	5.494641739940200886e-04
2.014382410000000391e+03	5.985885231086646163e-04
2.014412540000000263e+03	6.477131627511470424e-04
2.014442670000000362e+03	6.818378023936144672e-04
2.014472810000000436e+03	6.909621515082536858e-04
2.014502940000000308e+03	6.750867911507266172e-04
2.014533080000000382e+03	6.292111402653732810e-04
2.014563210000000254e+03	5.733357799078478423e-04
2.014593340000000353e+03	5.124604195503174031e-04
2.014623480000000427e+03	4.715847686649621284e-04
2.014653610000000299e+03	4.607094083074400603e-04
2.014683740000000398e+03	4.798340479499133004e-04
2.014713880000000245e+03	5.289583970645578281e-04
2.014744010000000344e+03	5.880830367070294384e-04
2.014774150000000418e+03	6.372073858216739661e-04
2.014804280000000290e+03	6.663320254641433293e-04
2.014834410000000389e+03	6.704566651066223848e-04
2.014864550000000463e+03	6.495810142212593563e-04
2.014894680000000335e+03	6.187056538637381031e-04
2.014924820000000409e+03	5.928300029783770131e-04
2.014954950000000281e+03	5.869546426208530066e-04
2.014985080000000380e+03	5.860792822633270616e-04
2.015015220000000454e+03	5.902036313779682186e-04
2.015045350000000326e+03	5.893282710204492125e-04
2.015075480000000425e+03	5.684529106629102047e-04
2.015105620000000272e+03	5.375772597775649309e-04
2.015135750000000371e+03	5.017018994200317383e-04
2.015165890000000445e+03	4.808262485346756487e-04
2.015196020000000317e+03	4.799508881771566426e-04
2.015226150000000416e+03	4.990755278196229439e-04
2.015256290000000263e+03	5.381998769342713484e-04
2.015286420000000362e+03	5.773245165767368348e-04
2.015316550000000461e+03	6.064491562192131369e-04
2.015346690000000308e+03	6.255735053338623564e-04
2.015376820000000407e+03	6.296981449763275340e-04
2.015406960000000254e+03	6.238224940909795069e-04
2.015437090000000353e+03	6.229471337334466230e-04
2.015467220000000452e+03	6.220717733759206780e-04
2.015497360000000299e+03	6.211961224905637735e-04
2.015527490000000398e+03	6.203207621330378285e-04
2.015557630000000245e+03	6.144451112476898014e-04
2.015587760000000344e+03	6.035697508901538555e-04
2.015617890000000443e+03	5.976943905326298490e-04
2.015648030000000290e+03	5.968187396472729445e-04
2.015678160000000389e+03	6.109433792897481230e-04
2.015708290000000261e+03	6.300680189322213631e-04
2.015738430000000335e+03	6.491923680468636437e-04
2.015768560000000434e+03	6.533170076893357603e-04
2.015798700000000281e+03	6.424413568039827327e-04
2.015828830000000380e+03	6.115659964464545406e-04
2.015858960000000252e+03	5.706906360889302254e-04
2.015889100000000326e+03	5.448149852035691354e-04
2.015919230000000425e+03	5.339396248460470673e-04
2.015949370000000272e+03	5.530639739606893479e-04
2.015979500000000371e+03	5.921886136031617731e-04
2.016009630000000243e+03	6.363132532456391988e-04
2.016039770000000317e+03	6.654376023602776025e-04
2.016069900000000416e+03	6.745622420027477806e-04
2.016100030000000288e+03	6.586868816452276509e-04
2.016130170000000362e+03	6.278112307598684994e-04
2.016160300000000461e+03	5.919358704023353068e-04
2.016190440000000308e+03	5.760602195169911566e-04
2.016220570000000407e+03	5.751848591594582727e-04
2.016250700000000279e+03	5.943094988019384517e-04
2.016280840000000353e+03	6.184338479165787938e-04
2.016310970000000452e+03	6.425584875590500955e-04
2.016341100000000324e+03	6.466831272015291510e-04
2.016371240000000398e+03	6.308074763161641840e-04
2.016401370000000270e+03	6.049321159586479313e-04
2.016431510000000344e+03	5.740564650732818408e-04
2.016461640000000443e+03	5.531811047157567107e-04
2.016491770000000315e+03	5.423057443582346426e-04
2.016521910000000389e+03	5.514300934728738612e-04
2.016552040000000261e+03	5.705547331153540402e-04
2.016582180000000335e+03	5.896790822299893819e-04
2.016612310000000434e+03	5.988037218724664990e-04
2.016642440000000306e+03	5.929283615149355535e-04
2.016672580000000380e+03	5.720527106295794639e-04
2.016702710000000252e+03	5.461773502720632112e-04
2.016732840000000351e+03	5.303019899145292038e-04
2.016762980000000425e+03	5.244263390291742377e-04
2.016793110000000297e+03	5.335509786716444158e-04
2.016823250000000371e+03	5.576753277862916969e-04
2.016853380000000243e+03	5.867999674287679990e-04
2.016883510000000342e+03	6.159246070712373622e-04
2.016913650000000416e+03	6.300489561858815812e-04
2.016943780000000288e+03	6.291735958283556363e-04
2.016973920000000362e+03	6.182979449429956698e-04
2.017004050000000461e+03	6.024225845854616623e-04
2.017034180000000333e+03	5.865472242279484716e-04
2.017064320000000407e+03	5.756715733425885051e-04
2.017094450000000279e+03	5.697962129850644986e-04
2.017124580000000378e+03	5.739208526275366151e-04
2.017154720000000452e+03	5.730452017421727717e-04
2.017184850000000324e+03	5.721698413846537656e-04
2.017214990000000398e+03	5.712941904992968611e-04
2.017245120000000270e+03	5.654188301417728546e-04
2.017275250000000369e+03	5.545434697842438476e-04
2.017305390000000443e+03	5.386678188988788807e-04
2.017335520000000315e+03	5.277924585413637515e-04
2.017365650000000414e+03	5.119170981838297441e-04
2.017395790000000261e+03	5.060414472984817169e-04
2.017425920000000360e+03	5.001660869409507715e-04
2.017456060000000434e+03	5.042904360555919285e-04
2.017486190000000306e+03	5.084150756980709840e-04
2.017516320000000405e+03	5.125397153405361617e-04
2.017546460000000252e+03	5.166640644551911965e-04
2.017576590000000351e+03	5.207887040976563742e-04
2.017606730000000425e+03	5.199130532122994697e-04
2.017636860000000297e+03	5.190376928547804636e-04
2.017666990000000396e+03	5.281623324972437028e-04
2.017697130000000243e+03	5.422866816118948607e-04
2.017727260000000342e+03	5.614113212543611620e-04
2.017757390000000441e+03	5.855359608968394025e-04
2.017787530000000288e+03	6.046603100114886220e-04
2.017817660000000387e+03	6.137849496539518612e-04
2.017847800000000461e+03	6.079092987685968952e-04
2.017877930000000333e+03	5.920339384110698266e-04
2.017908060000000432e+03	5.711585780535446966e-04
2.017938200000000279e+03	5.502829271681886070e-04
2.017968330000000378e+03	5.344075668106615384e-04
2.017998460000000250e+03	5.235322064531464092e-04
2.018028600000000324e+03	5.226565555677825659e-04
2.018058730000000423e+03	5.317811952102527440e-04
2.018088870000000270e+03	5.409055443248989015e-04
2.018119000000000369e+03	5.650301839673702031e-04
2.018149130000000468e+03	5.891548236098484437e-04
2.018179270000000315e+03	6.132791727244887858e-04
2.018209400000000414e+03	6.324038123669620259e-04
2.018239540000000261e+03	6.465281614816062450e-04
2.018269670000000360e+03	6.406528011240822384e-04
2.018299800000000459e+03	6.247774407665482310e-04
2.018329940000000306e+03	5.989017898811940799e-04
2.018360070000000405e+03	5.730264295236708882e-04
2.018390200000000277e+03	5.571510691661438197e-04
2.018420340000000351e+03	5.562754182807869152e-04
2.018450470000000450e+03	5.704000579232551549e-04
2.018480610000000297e+03	5.945244070379024359e-04
2.018510740000000396e+03	6.236490466803717991e-04
2.018540870000000268e+03	6.377736863228539166e-04
2.018571010000000342e+03	6.318980354374989505e-04
2.018601140000000441e+03	6.160226750799649431e-04
2.018631280000000288e+03	5.801470241946146689e-04
2.018661410000000387e+03	5.442716638370814763e-04
2.018691540000000259e+03	5.133963034795602232e-04
2.018721680000000333e+03	4.925206525942041336e-04
2.018751810000000432e+03	4.916452922366712497e-04
2.018781940000000304e+03	5.057699318791533671e-04
2.018812080000000378e+03	5.298942809937867704e-04
2.018842210000000250e+03	5.590189206362700114e-04
2.018872350000000324e+03	5.831432697509034146e-04
2.018902480000000423e+03	5.972679093933785932e-04
2.018932610000000295e+03	6.013925490358645876e-04
2.018962750000000369e+03	5.905168981504976822e-04
2.018992880000000468e+03	5.696415377929725521e-04
2.019023010000000340e+03	5.487661774354474220e-04
2.019053150000000414e+03	5.278905265500913324e-04
2.019083280000000286e+03	5.170151661925623254e-04
2.019113420000000360e+03	5.111395153072073594e-04
2.019143550000000459e+03	5.152641549496794759e-04
2.019173680000000331e+03	5.143887945921535310e-04
2.019203820000000405e+03	5.135131437067966265e-04
2.019233950000000277e+03	5.126377833492706815e-04
2.019264090000000351e+03	5.067621324639157154e-04
2.019294220000000450e+03	5.058867721063897704e-04
2.019324350000000322e+03	5.200114117488649490e-04
2.019354490000000396e+03	5.491357608635033527e-04
2.019384620000000268e+03	5.832604005059777164e-04
2.019414750000000367e+03	6.223850401484501416e-04
2.019444890000000441e+03	6.515093892630885453e-04
2.019475020000000313e+03	6.656340289055706627e-04
2.019505160000000387e+03	6.597583780202156967e-04
2.019535290000000259e+03	6.338830176626855661e-04
2.019565420000000358e+03	6.030076573051643130e-04
2.019595560000000432e+03	5.771320064197962840e-04
2.019625690000000304e+03	5.612566460622761544e-04
2.019655820000000404e+03	5.603812857047502094e-04
2.019685960000000250e+03	5.645056348193983053e-04
2.019716090000000349e+03	5.636302744618723604e-04
2.019746230000000423e+03	5.577546235765035165e-04
2.019776360000000295e+03	5.368792632189853253e-04
2.019806490000000395e+03	5.160039028614532564e-04
2.019836630000000468e+03	4.901282519760991052e-04
2.019866760000000340e+03	4.742528916185789756e-04
2.019896900000000414e+03	4.783772407332131937e-04
2.019927030000000286e+03	4.925018803756953112e-04
2.019957160000000385e+03	5.216265200181646744e-04
2.019987300000000459e+03	5.507508691328030781e-04
2.020017430000000331e+03	5.748755087752813187e-04
2.020047560000000431e+03	5.890001484177564972e-04
2.020077700000000277e+03	5.931244975324045932e-04
2.020107830000000376e+03	5.822491371748686473e-04
2.020137970000000450e+03	5.663734862895175581e-04
2.020168100000000322e+03	5.504981259319904896e-04
2.020198230000000422e+03	5.396227655744614826e-04
2.020228370000000268e+03	5.337471146891134555e-04
2.020258500000000367e+03	5.378717543315786331e-04
2.020288640000000441e+03	5.469961034462247906e-04
2.020318770000000313e+03	5.561207430886949687e-04
2.020348900000000413e+03	5.702453827311701473e-04
2.020379040000000259e+03	5.743697318458113044e-04
2.020409170000000358e+03	5.734943714882853594e-04
2.020439300000000458e+03	5.626190111307632913e-04
2.020469440000000304e+03	5.417433602454072017e-04
2.020499570000000404e+03	5.258679998878801332e-04
2.020529710000000250e+03	5.199923490025251671e-04
2.020559840000000349e+03	5.291169886449953452e-04
2.020589970000000449e+03	5.432416282874705238e-04
2.020620110000000295e+03	5.673659774021108659e-04
2.020650240000000395e+03	5.914906170445891065e-04
2.020680370000000266e+03	6.006152566870592846e-04
2.020710510000000340e+03	5.947396058017043186e-04
2.020740640000000440e+03	5.788642454441703111e-04
2.020770780000000286e+03	5.579885945588211604e-04
2.020800910000000385e+03	5.421132342012940919e-04
2.020831040000000257e+03	5.412378738437681469e-04
2.020861180000000331e+03	5.503622229584143044e-04
2.020891310000000431e+03	5.694868626008806056e-04
2.020921450000000277e+03	5.836112117155317636e-04
2.020951580000000376e+03	5.927358513579950028e-04
2.020981710000000248e+03	5.918604910004759967e-04
2.021011850000000322e+03	5.809848401151229691e-04
2.021041980000000422e+03	5.701094797575870232e-04
2.021072110000000293e+03	5.692341194000680171e-04
2.021102250000000367e+03	5.833584685147052973e-04
2.021132380000000467e+03	6.024831081571785374e-04
2.021162520000000313e+03	6.216074572718277569e-04
2.021192650000000413e+03	6.307320969142979350e-04
2.021222780000000284e+03	6.248567365567808674e-04
2.021252920000000358e+03	5.989810856714128384e-04
2.021283050000000458e+03	5.631057253138865848e-04
2.021313190000000304e+03	5.322300744285343721e-04
2.021343320000000404e+03	5.163547140710073036e-04
2.021373450000000275e+03	5.204793537134863590e-04
2.021403590000000349e+03	5.446037028281197623e-04
2.021433720000000449e+03	5.787283424705941259e-04
2.021463850000000321e+03	6.128529821130684896e-04
2.021493990000000395e+03	6.319773312277107702e-04
2.021524120000000266e+03	6.361019708701898256e-04
2.021554260000000340e+03	6.302263199848279207e-04
2.021584390000000440e+03	6.143509596273077911e-04
2.021614520000000311e+03	6.034755992697787841e-04
2.021644660000000385e+03	5.975999483844238180e-04
2.021674790000000257e+03	6.017245880268959346e-04
2.021704920000000357e+03	6.008492276693699896e-04
2.021735060000000431e+03	5.949735767840150236e-04
2.021765190000000302e+03	5.740982164264898935e-04
2.021795330000000376e+03	5.482225655411288034e-04
2.021825460000000248e+03	5.123472051836025498e-04
2.021855590000000348e+03	4.814718448260812966e-04
2.021885730000000422e+03	4.655961939407163297e-04
2.021915860000000293e+03	4.647208335831973236e-04
2.021946000000000367e+03	4.788451826978415427e-04
2.021976130000000467e+03	5.029698223403059054e-04
2.022006260000000339e+03	5.220944619827860844e-04
2.022036400000000413e+03	5.312188110974253030e-04
2.022066530000000284e+03	5.253434507399012965e-04
2.022096660000000384e+03	5.144680903823792284e-04
2.022126800000000458e+03	5.035924394970123230e-04
2.022156930000000330e+03	5.027170791394933169e-04
2.022187070000000404e+03	5.168414282541305971e-04
2.022217200000000275e+03	5.309660678966127145e-04
2.022247330000000375e+03	5.500907075390790157e-04
2.022277470000000449e+03	5.542150566537201728e-04
2.022307600000000321e+03	5.433396962962050436e-04
2.022337730000000420e+03	5.274643359386710362e-04
2.022367870000000266e+03	5.065886850533218855e-04
2.022398000000000366e+03	5.007133246957909400e-04
2.022428140000000440e+03	5.098376738104301586e-04
2.022458270000000311e+03	5.389623134529064608e-04
2.022488400000000411e+03	5.780869530953788860e-04
2.022518540000000257e+03	6.122113022100292290e-04
2.022548670000000357e+03	6.213359418524924682e-04
2.022578810000000431e+03	6.154602909671375022e-04
2.022608940000000302e+03	5.845849306096162490e-04
2.022639070000000402e+03	5.537095702520880569e-04
2.022669210000000248e+03	5.228339193667358442e-04
2.022699340000000348e+03	5.119585590092068372e-04
2.022729470000000447e+03	5.160831986516789538e-04
2.022759610000000293e+03	5.352075477663212344e-04
2.022789740000000393e+03	5.543321874087944745e-04
2.022819880000000467e+03	5.784565365234348167e-04
2.022850010000000339e+03	5.925811761659099952e-04
2.022880140000000438e+03	5.967058158083890507e-04
2.022910280000000284e+03	6.058301649230282693e-04
2.022940410000000384e+03	6.099548045655003858e-04
2.022970550000000458e+03	6.090791536801365424e-04
2.023000680000000330e+03	6.032037933226194748e-04
2.023030810000000429e+03	5.923284329650974067e-04
2.023060950000000275e+03	5.664527820797363167e-04
2.023091080000000375e+03	5.455774217222111866e-04
2.023121210000000247e+03	5.247020613646860565e-04
2.023151350000000321e+03	5.238264104793291520e-04
2.023181480000000420e+03	5.429510501217954532e-04
2.023211620000000266e+03	5.770753992364457963e-04
2.023241750000000366e+03	6.162000388789182215e-04
2.023271880000000465e+03	6.403246785213895231e-04
2.023302020000000311e+03	6.394490276360395575e-04
2.023332150000000411e+03	6.185736672785074886e-04
2.023362280000000283e+03	5.776983069209831734e-04
2.023392420000000357e+03	5.368226560356209598e-04
2.023422550000000456e+03	5.059472956780927677e-04
2.023452690000000302e+03	4.950716447927466790e-04
2.023482820000000402e+03	5.091962844352149187e-04
2.023512950000000274e+03	5.333209240776931592e-04
2.023543090000000348e+03	5.624452731923315629e-04
2.023573220000000447e+03	5.815699128348048030e-04
2.023603360000000293e+03	5.806942619494548374e-04
2.023633490000000393e+03	5.698189015919188916e-04
2.023663620000000265e+03	5.539435412344057008e-04
2.023693760000000339e+03	5.430678903490387954e-04
2.023723890000000438e+03	5.471925299915109120e-04
2.023754020000000310e+03	5.663171696339841521e-04
2.023784160000000384e+03	5.954415187486294947e-04
2.023814290000000256e+03	6.295661583911107972e-04
2.023844430000000330e+03	6.536905075057442005e-04
2.023874560000000429e+03	6.678151471482193791e-04
2.023904690000000301e+03	6.619397867906953725e-04
2.023934830000000375e+03	6.460641359053373445e-04
2.023964960000000247e+03	6.201887755478141528e-04
2.023995100000000321e+03	5.993131246624580633e-04
2.024025230000000420e+03	5.884377643049290563e-04
2.024055360000000292e+03	5.875624039474031113e-04
2.024085500000000366e+03	6.016867530620473303e-04
2.024115630000000465e+03	6.208113927045136315e-04
2.024145760000000337e+03	6.449360323469918721e-04
2.024175900000000411e+03	6.640603814616410916e-04
2.024206030000000283e+03	6.781850211041093313e-04
2.024236170000000357e+03	6.823093702187574272e-04
2.024266300000000456e+03	6.714340098612214813e-04
2.024296430000000328e+03	6.555586495037013517e-04
2.024326570000000402e+03	6.346829986183383232e-04
2.024356700000000274e+03	6.088076382608220705e-04
2.024386830000000373e+03	5.879322779032969404e-04
2.024416970000000447e+03	5.720566270179319734e-04
2.024447100000000319e+03	5.611812666604099054e-04
2.024477240000000393e+03	5.653056157750441235e-04
2.024507370000000265e+03	5.744302554175281794e-04
2.024537500000000364e+03	5.935548950600014195e-04
2.024567640000000438e+03	6.226792441746398232e-04
2.024597770000000310e+03	6.468038838171180638e-04
2.024627910000000384e+03	6.659282329317534055e-04
2.024658040000000256e+03	6.700528725742393998e-04
2.024688170000000355e+03	6.691775122167065160e-04
2.024718310000000429e+03	6.583018613313465495e-04
2.024748440000000301e+03	6.424265009738264198e-04
2.024778570000000400e+03	6.365511406162954744e-04
2.024808710000000247e+03	6.356754897309455088e-04
2.024838840000000346e+03	6.448001293734156869e-04
2.024868980000000420e+03	6.589244784880529671e-04
2.024899110000000292e+03	6.680491181305300841e-04
2.024929240000000391e+03	6.721737577730022006e-04
2.024959380000000465e+03	6.712981068876452961e-04
2.024989510000000337e+03	6.654227465301212896e-04
2.025019640000000436e+03	6.595473861725972831e-04
2.025049780000000283e+03	6.636717352872384401e-04
2.025079910000000382e+03	6.677963749297105567e-04
2.025110050000000456e+03	6.769207240443567142e-04
2.025140180000000328e+03	6.810453636868288307e-04
2.025170310000000427e+03	6.751700033293048242e-04
2.025200450000000274e+03	6.542943524439487346e-04
2.025230580000000373e+03	6.234189920864205425e-04
2.025260720000000447e+03	5.925433412010544520e-04
2.025290850000000319e+03	5.716679808435362609e-04
2.025320980000000418e+03	5.707926204860103159e-04
2.025351120000000265e+03	5.849169696006545349e-04
2.025381250000000364e+03	6.190416092431288986e-04
2.025411380000000463e+03	6.531662488855963233e-04
2.025441520000000310e+03	6.772905980002436044e-04
2.025471650000000409e+03	6.814152376427226598e-04
2.025501790000000256e+03	6.705395867573626933e-04
2.025531920000000355e+03	6.496642263998375633e-04
2.025562050000000454e+03	6.187888660423024323e-04
2.025592190000000301e+03	5.929132151569552200e-04
2.025622320000000400e+03	5.820378547994192742e-04
2.025652460000000247e+03	5.811622039140693086e-04
2.025682590000000346e+03	5.902868435565464256e-04
2.025712720000000445e+03	6.044114831990146652e-04
2.025742860000000292e+03	6.185358323136658232e-04
2.025772990000000391e+03	6.226604719561310008e-04
2.025803120000000263e+03	6.167851115986139332e-04
2.025833260000000337e+03	6.059094607132470278e-04
2.025863390000000436e+03	6.000341003557230213e-04
2.025893530000000283e+03	5.941584494703680552e-04
2.025923660000000382e+03	5.982830891128401718e-04
2.025953790000000254e+03	6.124077287553222892e-04
2.025983930000000328e+03	6.315320778699576310e-04
2.026014060000000427e+03	6.406567175124278091e-04
2.026044190000000299e+03	6.447813571549068645e-04
2.026074330000000373e+03	6.389057062695449596e-04
2.026104460000000245e+03	6.230303459120248299e-04
2.026134600000000319e+03	6.121546950266648635e-04
2.026164730000000418e+03	6.112793346691389185e-04
2.026194860000000290e+03	6.154039743116110350e-04
2.026225000000000364e+03	6.345283234262533156e-04
2.026255130000000463e+03	6.486529630687284942e-04
2.026285270000000310e+03	6.627773121833727132e-04
2.026315400000000409e+03	6.619019518258467683e-04
2.026345530000000281e+03	6.510265914683177613e-04
2.026375670000000355e+03	6.351509405829597332e-04
2.026405800000000454e+03	6.242755802254376651e-04
2.026435930000000326e+03	6.234002198679117202e-04
2.026466070000000400e+03	6.325245689825509388e-04
2.026496200000000272e+03	6.466492086250261173e-04
2.026526340000000346e+03	6.607735577396703364e-04
2.026556470000000445e+03	6.698981973821405145e-04
2.026586600000000317e+03	6.690228370246215084e-04
2.026616740000000391e+03	6.681471861392646039e-04
2.026646870000000263e+03	6.772718257817347820e-04
2.026677000000000362e+03	6.913964654242099606e-04
2.026707140000000436e+03	7.205208145388483643e-04
2.026737270000000308e+03	7.496454541813246664e-04
2.026767410000000382e+03	7.637698032959619465e-04
2.026797540000000254e+03	7.678944429384479409e-04
2.026827670000000353e+03	7.420190825809178103e-04
2.026857810000000427e+03	7.061434316955536583e-04
2.026887940000000299e+03	6.702680713380343436e-04
2.026918080000000373e+03	6.393924204526751920e-04
2.026948210000000245e+03	6.285170600951531239e-04
2.026978340000000344e+03	6.276416997376271789e-04
2.027008480000000418e+03	6.367660488522663975e-04
2.027038610000000290e+03	6.408906884947454530e-04
2.027068740000000389e+03	6.350153281372145075e-04
2.027098880000000463e+03	6.291396772518526026e-04
2.027129010000000335e+03	6.232643168943285961e-04
2.027159150000000409e+03	6.323886660089747536e-04
2.027189280000000281e+03	6.565133056514529941e-04
2.027219410000000380e+03	6.956379452939184804e-04
2.027249550000000454e+03	7.297622944085618846e-04
2.027279680000000326e+03	7.488869340510351247e-04
2.027309820000000400e+03	7.430112831656801586e-04
2.027339950000000272e+03	7.071359228081608439e-04
2.027370080000000371e+03	6.612605624506315283e-04
2.027400220000000445e+03	6.153849115652712531e-04
2.027430350000000317e+03	5.945095512077461231e-04
2.027460480000000416e+03	6.036341908502163012e-04
2.027490620000000263e+03	6.377585399648597053e-04
2.027520750000000362e+03	6.768831796073390694e-04
2.027550890000000436e+03	7.110075287219824736e-04
2.027581020000000308e+03	7.201321683644526517e-04
2.027611150000000407e+03	7.042568080069255831e-04
2.027641290000000254e+03	6.683811571215683700e-04
2.027671420000000353e+03	6.275057967640440548e-04
2.027701550000000452e+03	6.066304364065189247e-04
2.027731690000000299e+03	6.107547855211600818e-04
2.027761820000000398e+03	6.398794251636363839e-04
2.027791960000000245e+03	6.790037742782778496e-04
2.027822090000000344e+03	7.231284139207552752e-04
2.027852220000000443e+03	7.472530535632196380e-04
2.027882360000000290e+03	7.463774026778696724e-04
2.027912490000000389e+03	7.305020423203426039e-04
2.027942630000000463e+03	7.046263914349815138e-04
2.027972760000000335e+03	6.837510310774633226e-04
2.028002890000000434e+03	6.678756707199293152e-04
2.028033030000000281e+03	6.620000198345812881e-04
2.028063160000000380e+03	6.561246594770434037e-04
2.028093290000000252e+03	6.552492991195243976e-04
2.028123430000000326e+03	6.393736482341733085e-04
2.028153560000000425e+03	6.184982878766343006e-04
2.028183700000000272e+03	5.926226369912870884e-04
2.028213830000000371e+03	5.717472766337550194e-04
2.028243960000000243e+03	5.608719162762329513e-04
2.028274100000000317e+03	5.649962653908741084e-04
2.028304230000000416e+03	5.841209050333473485e-04
2.028334370000000263e+03	6.082452541479946295e-04
2.028364500000000362e+03	6.273698937904609307e-04
2.028394630000000461e+03	6.464945334329341708e-04
2.028424770000000308e+03	6.506188825475822668e-04
2.028454900000000407e+03	6.497435221900563218e-04
2.028485030000000279e+03	6.388681618325342537e-04
2.028515170000000353e+03	6.229925109471692868e-04
2.028545300000000452e+03	6.071171505896422183e-04
2.028575440000000299e+03	5.912414997042911291e-04
2.028605570000000398e+03	5.803661393467621221e-04
2.028635700000000270e+03	5.744907789892381156e-04
2.028665840000000344e+03	5.736151281038812111e-04
2.028695970000000443e+03	5.877397677463563896e-04
2.028726100000000315e+03	6.068644073888296298e-04
2.028756240000000389e+03	6.259887565034719104e-04
2.028786370000000261e+03	6.501133961459432120e-04
2.028816510000000335e+03	6.642377452605874311e-04
2.028846640000000434e+03	6.733623849030645481e-04
2.028876770000000306e+03	6.774870245455366646e-04
2.028906910000000380e+03	6.816113736601778217e-04
2.028937040000000252e+03	6.807360133026518767e-04
2.028967180000000326e+03	6.798603624172949722e-04
2.028997310000000425e+03	6.739850020597640268e-04
2.029027440000000297e+03	6.631096417022419587e-04
2.029057580000000371e+03	6.472339908168908695e-04
2.029087710000000243e+03	6.263586304593588006e-04
2.029117840000000342e+03	6.054832701018336705e-04
2.029147980000000416e+03	5.946076192164737040e-04
2.029178110000000288e+03	5.887322588589496974e-04
2.029208250000000362e+03	5.928566079735908545e-04
2.029238380000000461e+03	5.969812476160629711e-04
2.029268510000000333e+03	5.961058872585439650e-04
2.029298650000000407e+03	5.902302363731820600e-04
2.029328780000000279e+03	5.793548760156599919e-04
2.029358910000000378e+03	5.684795156581309850e-04
2.029389050000000452e+03	5.576038647727710185e-04
2.029419180000000324e+03	5.617285044152500739e-04
2.029449320000000398e+03	5.808528535298854156e-04
2.029479450000000270e+03	6.049774931723705951e-04
2.029509580000000369e+03	6.241021328148368963e-04
2.029539720000000443e+03	6.382264819294811153e-04
2.029569850000000315e+03	6.423511215719532319e-04
2.029599990000000389e+03	6.414754706865963274e-04
2.029630120000000261e+03	6.356001103290792598e-04
2.029660250000000360e+03	6.397247499715444374e-04
2.029690390000000434e+03	6.538490990861886565e-04
2.029720520000000306e+03	6.729737387286618966e-04
2.029750650000000405e+03	6.820983783711390136e-04
2.029780790000000252e+03	6.812227274857890480e-04
2.029810920000000351e+03	6.553473671282519786e-04
2.029841060000000425e+03	6.094717162428986423e-04
2.029871190000000297e+03	5.535963558853732036e-04
2.029901320000000396e+03	4.977209955278477649e-04
2.029931460000000243e+03	4.668453446424886133e-04
2.029961590000000342e+03	4.559699842849596063e-04
2.029991730000000416e+03	4.800943333996068874e-04
2.030021860000000288e+03	5.292189730420754357e-04
2.030051990000000387e+03	5.833436126845559233e-04
2.030082130000000461e+03	6.324679617991865732e-04
2.030112260000000333e+03	6.665926014416678758e-04
2.030142390000000432e+03	6.707172410841469312e-04
2.030172530000000279e+03	6.498415901987839027e-04
2.030202660000000378e+03	6.039662298412615260e-04
2.030232800000000452e+03	5.580905789558943120e-04
2.030262930000000324e+03	5.122152185983788741e-04
2.030293060000000423e+03	4.813398582408437432e-04
2.030323200000000270e+03	4.754642073554957160e-04
2.030353330000000369e+03	4.845888469979728330e-04
2.030383460000000468e+03	5.037134866404391342e-04
2.030413600000000315e+03	5.228378357550883537e-04
2.030443730000000414e+03	5.369624753975565934e-04
2.030473870000000261e+03	5.360868245122066278e-04
2.030504000000000360e+03	5.302114641546687435e-04
2.030534130000000459e+03	5.193361037971466754e-04
2.030564270000000306e+03	5.184604529117967098e-04
2.030594400000000405e+03	5.225850925542618874e-04
2.030624540000000252e+03	5.417094416689111069e-04
2.030654670000000351e+03	5.558340813113793466e-04
2.030684800000000450e+03	5.699587209538545252e-04
2.030714940000000297e+03	5.740830700685026211e-04
2.030745070000000396e+03	5.632077097109736141e-04
2.030775200000000268e+03	5.523323493534515460e-04
2.030805340000000342e+03	5.414566984680846407e-04
2.030835470000000441e+03	5.355813381105606341e-04
2.030865610000000288e+03	5.397056872252017912e-04
2.030895740000000387e+03	5.488303268676789082e-04
2.030925870000000259e+03	5.579549665101629641e-04
2.030956010000000333e+03	5.620793156247971822e-04
2.030986140000000432e+03	5.512039552672681753e-04
2.031016270000000304e+03	5.403285949097461072e-04
2.031046410000000378e+03	5.294529440243861407e-04
2.031076540000000250e+03	5.285775836668601957e-04
2.031106680000000324e+03	5.377019327815063532e-04
2.031136810000000423e+03	5.568265724239795933e-04
2.031166940000000295e+03	5.809512120664508950e-04
2.031197080000000369e+03	5.950755611810951140e-04
2.031227210000000468e+03	5.942002008235622301e-04
2.031257350000000315e+03	5.783245499382111410e-04
2.031287480000000414e+03	5.474491895806898878e-04
2.031317610000000286e+03	5.215738292231597573e-04
2.031347750000000360e+03	4.956981783378056061e-04
2.031377880000000459e+03	4.848228179802696602e-04
2.031408010000000331e+03	4.839474576227506541e-04
2.031438150000000405e+03	4.880718067373848723e-04
2.031468280000000277e+03	4.921964463798708667e-04
2.031498420000000351e+03	4.863207954945089617e-04
2.031528550000000450e+03	4.754454351369799547e-04
2.031558680000000322e+03	4.595700747794598251e-04
2.031588820000000396e+03	4.436944238940948582e-04
2.031618950000000268e+03	4.428190635365758521e-04
2.031649090000000342e+03	4.469434126512239480e-04
2.031679220000000441e+03	4.660680522936902492e-04
2.031709350000000313e+03	4.901926919361684898e-04
2.031739490000000387e+03	5.193170410508068935e-04
2.031769620000000259e+03	5.434416806932851340e-04
2.031799750000000358e+03	5.625663203357514353e-04
2.031829890000000432e+03	5.766906694503956543e-04
2.031860020000000304e+03	5.808153090928747098e-04
2.031890160000000378e+03	5.849396582075158668e-04
2.031920290000000250e+03	5.890642978499949223e-04
2.031950420000000349e+03	5.831889374924639768e-04
2.031980560000000423e+03	5.773132866071020719e-04
2.032010690000000295e+03	5.564379262495769418e-04
2.032040820000000394e+03	5.355625658920518117e-04
2.032070960000000468e+03	5.196869150066937837e-04
2.032101090000000340e+03	5.088115546491717156e-04
2.032131230000000414e+03	5.079359037638148111e-04
2.032161360000000286e+03	5.270605434062880512e-04
2.032191490000000385e+03	5.511851830487593529e-04
2.032221630000000459e+03	5.803095321634046955e-04
2.032251760000000331e+03	5.944341718058798740e-04
2.032281900000000405e+03	5.985585209205210311e-04
2.032312030000000277e+03	5.776831605629959010e-04
2.032342160000000376e+03	5.518078002054727094e-04
2.032372300000000450e+03	5.159321493201085573e-04
2.032402430000000322e+03	4.900567889625853657e-04
2.032432560000000421e+03	4.741814286050582972e-04
2.032462700000000268e+03	4.733057777197013927e-04
2.032492830000000367e+03	4.824304173621785097e-04
2.032522970000000441e+03	4.965547664768157898e-04
2.032553100000000313e+03	5.106794061192979073e-04
2.032583230000000412e+03	5.248040457617661469e-04
2.032613370000000259e+03	5.339283948764123044e-04
2.032643500000000358e+03	5.330530345188863595e-04
2.032673640000000432e+03	5.321773836335225161e-04
2.032703770000000304e+03	5.263020232760054484e-04
2.032733900000000403e+03	5.104266629184714410e-04
2.032764040000000250e+03	4.995510120331184134e-04
2.032794170000000349e+03	4.886756516755963453e-04
2.032824300000000449e+03	4.828002913180584610e-04
2.032854440000000295e+03	4.869246404327134958e-04
2.032884570000000394e+03	5.010492800751817355e-04
2.032914710000000468e+03	5.201736291898240161e-04
2.032944840000000340e+03	5.392982688322972562e-04
2.032974970000000440e+03	5.534229084747724348e-04
2.033005110000000286e+03	5.625472575894185923e-04
2.033035240000000385e+03	5.566718972318876468e-04
2.033065370000000257e+03	5.457965368743655787e-04
2.033095510000000331e+03	5.299208859890075507e-04
2.033125640000000431e+03	5.090455256314754817e-04
2.033155780000000277e+03	4.981698747461293930e-04
2.033185910000000376e+03	4.822945143885953856e-04
2.033216040000000248e+03	4.714191540310733175e-04
2.033246180000000322e+03	4.655435031457114126e-04
2.033276310000000421e+03	4.596681427881874060e-04
2.033306450000000268e+03	4.587924919028305015e-04
2.033336580000000367e+03	4.679171315453006796e-04
2.033366710000000467e+03	4.770417711877777966e-04
2.033396850000000313e+03	4.911661203024220157e-04
2.033426980000000412e+03	5.052907599448971943e-04
2.033457110000000284e+03	5.094153995873693108e-04
2.033487250000000358e+03	5.085397487020124063e-04
2.033517380000000458e+03	5.126643883444845229e-04
2.033547520000000304e+03	5.217887374591306804e-04
2.033577650000000403e+03	5.359133771016058589e-04
2.033607780000000275e+03	5.650380167440752222e-04
2.033637920000000349e+03	5.891623658587225032e-04
2.033668050000000449e+03	6.032870055011907429e-04
2.033698180000000320e+03	6.024116451436717368e-04
2.033728320000000394e+03	5.815359942583087083e-04
2.033758450000000266e+03	5.506606339007874551e-04
2.033788590000000340e+03	5.197849830154283035e-04
2.033818720000000440e+03	5.039096226578942961e-04
2.033848850000000311e+03	5.080342623003802904e-04
2.033878990000000385e+03	5.271586114150156321e-04
2.033909120000000257e+03	5.512832510574938727e-04
2.033939260000000331e+03	5.754076001721342148e-04
2.033969390000000431e+03	5.895322398146024545e-04
2.033999520000000302e+03	5.886568794570834484e-04
2.034029660000000376e+03	5.777812285717234819e-04
2.034059790000000248e+03	5.669058682142014138e-04
2.034089920000000347e+03	5.610305078566774073e-04
2.034120060000000421e+03	5.651548569713116255e-04
2.034150190000000293e+03	5.742794966137956814e-04
2.034180330000000367e+03	5.884038457284329615e-04
2.034210460000000467e+03	5.925284853709050781e-04
2.034240590000000338e+03	5.866531250133810715e-04
2.034270730000000412e+03	5.757774741280211050e-04
2.034300860000000284e+03	5.599021137705009754e-04
2.034331000000000358e+03	5.490264628851410089e-04
2.034361130000000458e+03	5.481511025276150639e-04
2.034391260000000329e+03	5.522757421700871805e-04
2.034421400000000403e+03	5.564000912847283375e-04
2.034451530000000275e+03	5.655247309272054546e-04
2.034481660000000375e+03	5.696493705696775711e-04
2.034511800000000449e+03	5.637737196843226051e-04
2.034541930000000320e+03	5.528983593267935981e-04
2.034572070000000394e+03	5.320227084414375085e-04
2.034602200000000266e+03	5.161473480839104400e-04
2.034632330000000366e+03	5.052719877263883719e-04
2.034662470000000440e+03	4.993963368410264669e-04
2.034692600000000311e+03	5.085209764835035839e-04
2.034722730000000411e+03	5.276456161259768241e-04
2.034752870000000257e+03	5.517699652406171662e-04
2.034783000000000357e+03	5.708946048830973452e-04
2.034813140000000431e+03	5.750189539977315634e-04
2.034843270000000302e+03	5.641435936402094953e-04
2.034873400000000402e+03	5.382682332826863036e-04
2.034903540000000248e+03	5.173925823973302141e-04
2.034933670000000347e+03	5.015172220398031455e-04
2.034963810000000421e+03	5.106415711544354252e-04
2.034993940000000293e+03	5.297662107969225431e-04
2.035024070000000393e+03	5.638908504393969068e-04
2.035054210000000467e+03	5.880151995540303100e-04
2.035084340000000338e+03	5.871398391965113039e-04
2.035114470000000438e+03	5.662644788389792350e-04
2.035144610000000284e+03	5.253888279536308992e-04
2.035174740000000384e+03	4.895134675960977066e-04
2.035204880000000458e+03	4.686378167107416171e-04
2.035235010000000329e+03	4.777624563532187341e-04
2.035265140000000429e+03	5.118870959956861588e-04
2.035295280000000275e+03	5.660114451103356870e-04
2.035325410000000375e+03	6.101360847528061737e-04
2.035355540000000246e+03	6.292607243952863527e-04
2.035385680000000320e+03	6.133850735099213858e-04
2.035415810000000420e+03	5.725097131523970706e-04
2.035445950000000266e+03	5.216340622670456728e-04
2.035476080000000366e+03	4.857587019095124803e-04
2.035506210000000465e+03	4.648833415519873502e-04
2.035536350000000311e+03	4.740076906666265688e-04
2.035566480000000411e+03	5.031323303091028709e-04
2.035596620000000257e+03	5.322566794237551524e-04
2.035626750000000357e+03	5.513813190662214536e-04
2.035656880000000456e+03	5.505059587086955086e-04
2.035687020000000302e+03	5.346303078233374806e-04
2.035717150000000402e+03	5.087549474658142890e-04
2.035747280000000274e+03	4.828795871082841584e-04
2.035777420000000347e+03	4.670039362229261304e-04
2.035807550000000447e+03	4.661285758654001854e-04
2.035837690000000293e+03	4.802529249800444044e-04
2.035867820000000393e+03	4.993775646225176446e-04
2.035897950000000264e+03	5.185022042649908847e-04
2.035928090000000338e+03	5.326265533796351037e-04
2.035958220000000438e+03	5.417511930221122207e-04
2.035988360000000284e+03	5.358755421367572547e-04
2.036018490000000384e+03	5.250001817792282477e-04
2.036048620000000255e+03	5.091248214217011792e-04
2.036078760000000329e+03	4.932491705363431511e-04
2.036108890000000429e+03	4.923738101788102672e-04
2.036139020000000301e+03	5.014984498212943231e-04
2.036169160000000375e+03	5.206227989359366037e-04
2.036199290000000246e+03	5.397474385784098438e-04
2.036229430000000320e+03	5.588717876930521244e-04
2.036259560000000420e+03	5.629964273355173021e-04
2.036289690000000292e+03	5.521210669780021729e-04
2.036319830000000366e+03	5.262454160926410829e-04
2.036349960000000465e+03	5.003700557351109524e-04
2.036380090000000337e+03	4.794946953775927612e-04
2.036410230000000411e+03	4.736190444922308562e-04
2.036440360000000283e+03	4.777436841347099117e-04
2.036470500000000357e+03	4.918680332493471918e-04
2.036500630000000456e+03	5.109926728918204319e-04
2.036530760000000328e+03	5.251173125343025494e-04
2.036560900000000402e+03	5.292416616489367676e-04
2.036591030000000274e+03	5.183663012914216384e-04
2.036621170000000347e+03	5.074906504060547330e-04
2.036651300000000447e+03	4.916152900485276644e-04
2.036681430000000319e+03	4.807399296910055964e-04
2.036711570000000393e+03	4.648642788056475683e-04
2.036741700000000264e+03	4.589889184481235618e-04
2.036771830000000364e+03	4.531135580905926163e-04
2.036801970000000438e+03	4.522379072052357118e-04
2.036832100000000310e+03	4.613625468477128289e-04
2.036862240000000384e+03	4.804868959623551095e-04
2.036892370000000255e+03	5.096115356048314116e-04
2.036922500000000355e+03	5.437361752472988363e-04
2.036952640000000429e+03	5.678605243619461174e-04
2.036982770000000301e+03	5.819851640044212959e-04
2.037012910000000375e+03	5.811095131190643914e-04
2.037043040000000246e+03	5.552341527615342609e-04
2.037073170000000346e+03	5.243587924040130077e-04
2.037103310000000420e+03	4.884831415186557946e-04
2.037133440000000292e+03	4.626077811611256640e-04
2.037163570000000391e+03	4.517324208036035960e-04
2.037193710000000465e+03	4.608567699182358757e-04
2.037223840000000337e+03	4.749814095607179931e-04
2.037253980000000411e+03	4.991057586753583353e-04
2.037284110000000283e+03	5.182303983178385143e-04
2.037314240000000382e+03	5.273550379603086924e-04
2.037344380000000456e+03	5.264793870749448490e-04
2.037374510000000328e+03	5.206040267174277814e-04
2.037404640000000427e+03	5.097286663598918355e-04
2.037434780000000274e+03	4.988530154745457468e-04
2.037464910000000373e+03	4.929776551170217402e-04
2.037495050000000447e+03	4.871020042316528964e-04
2.037525180000000319e+03	4.912266438741388908e-04
2.037555310000000418e+03	4.953512835166040684e-04
2.037585450000000264e+03	4.994756326312521644e-04
2.037615580000000364e+03	5.086002722737223425e-04
2.037645720000000438e+03	5.127246213883634995e-04
2.037675850000000310e+03	5.068492610308464319e-04
2.037705980000000409e+03	5.009739006733085476e-04
2.037736120000000255e+03	4.850982497879643973e-04
2.037766250000000355e+03	4.742228894304284514e-04
2.037796380000000454e+03	4.733475290729025065e-04
2.037826520000000301e+03	4.824718781875486640e-04
2.037856650000000400e+03	5.015965178300219041e-04
2.037886790000000246e+03	5.357208669446722471e-04
2.037916920000000346e+03	5.648455065871346714e-04
2.037947050000000445e+03	5.839701462296079115e-04
2.037977190000000292e+03	5.830944953442510070e-04
2.038007320000000391e+03	5.672191349867308774e-04
2.038037450000000263e+03	5.413437746292076858e-04
2.038067590000000337e+03	5.104681237438415953e-04
2.038097720000000436e+03	4.945927633863214656e-04
2.038127860000000283e+03	4.987171125009626227e-04
2.038157990000000382e+03	5.178417521434358628e-04
2.038188120000000254e+03	5.469663917859121649e-04
2.038218260000000328e+03	5.660907409005544455e-04
2.038248390000000427e+03	5.652153805430285005e-04
2.038278530000000274e+03	5.493397296576704725e-04
2.038308660000000373e+03	5.134643693001442188e-04
2.038338790000000245e+03	4.775890089426179652e-04
2.038368930000000319e+03	4.567133580572618756e-04
2.038399060000000418e+03	4.608379976997339922e-04
2.038429190000000290e+03	4.849626373422122327e-04
2.038459330000000364e+03	5.190869864568556369e-04
2.038489460000000463e+03	5.582116260993211232e-04
2.038519600000000310e+03	5.773359752139703427e-04
2.038549730000000409e+03	5.764606148564374588e-04
2.038579860000000281e+03	5.605852544989173292e-04
2.038610000000000355e+03	5.347096036135631780e-04
2.038640130000000454e+03	5.088342432560261086e-04
2.038670270000000301e+03	4.979585923706800199e-04
2.038700400000000400e+03	4.920832320131421356e-04
2.038730530000000272e+03	4.962078716556281299e-04
2.038760670000000346e+03	4.953322207702642865e-04
2.038790800000000445e+03	4.894568604127333411e-04
2.038820930000000317e+03	4.835815000552162735e-04
2.038851070000000391e+03	4.727058491698563070e-04
2.038881200000000263e+03	4.668304888123323004e-04
2.038911340000000337e+03	4.759548379269715190e-04
2.038941470000000436e+03	4.900794775694466976e-04
2.038971600000000308e+03	5.042041172119288150e-04
2.039001740000000382e+03	5.133284663265610948e-04
2.039031870000000254e+03	5.124531059690420887e-04
2.039062000000000353e+03	4.965777456115080812e-04
2.039092140000000427e+03	4.757020947261519916e-04
2.039122270000000299e+03	4.548267343686268616e-04
2.039152410000000373e+03	4.489510834832718955e-04
2.039182540000000245e+03	4.530757231257509510e-04
2.039212670000000344e+03	4.772003627682153137e-04
2.039242810000000418e+03	5.063247118828606563e-04
2.039272940000000290e+03	5.304493515253388969e-04
2.039303080000000364e+03	5.445737006399761770e-04
2.039333210000000463e+03	5.436983402824502321e-04
2.039363340000000335e+03	5.328229799249281640e-04
2.039393480000000409e+03	5.219473290395681975e-04
2.039423610000000281e+03	5.160719686820441909e-04
2.039453740000000380e+03	5.251966083245213079e-04
2.039483880000000454e+03	5.393209574391516492e-04
2.039514010000000326e+03	5.634455970816368287e-04
2.039544150000000400e+03	5.825699461962791093e-04
2.039574280000000272e+03	5.816945858387531643e-04
2.039604410000000371e+03	5.608192254812280342e-04
2.039634550000000445e+03	5.199435745958658206e-04
2.039664680000000317e+03	4.690682142383453823e-04
2.039694820000000391e+03	4.231925633529781683e-04
2.039724950000000263e+03	3.923172029954638540e-04
2.039755080000000362e+03	3.914418426379379090e-04
2.039785220000000436e+03	4.105661917525732507e-04
2.039815350000000308e+03	4.496908313950526148e-04
2.039845480000000407e+03	4.838154710375200396e-04
2.039875620000000254e+03	4.979398201521711975e-04
2.039905750000000353e+03	4.920644597946402521e-04
2.039935890000000427e+03	4.661888089092791621e-04
2.039966020000000299e+03	4.353134485517579089e-04
2.039996150000000398e+03	4.144380881942258399e-04
2.040026290000000245e+03	4.185624373088808747e-04
2.040056420000000344e+03	4.376870769513471759e-04
2.040086550000000443e+03	4.768117165938196012e-04
2.040116690000000290e+03	5.109360657084699442e-04
2.040146820000000389e+03	5.350607053509343070e-04
2.040176960000000463e+03	5.391850544655824029e-04
2.040207090000000335e+03	5.233096941080553344e-04
2.040237220000000434e+03	5.074343337505282658e-04
2.040267360000000281e+03	4.915586828651702378e-04
2.040297490000000380e+03	4.906833225076442928e-04
2.040327630000000454e+03	4.998076716222904503e-04
2.040357760000000326e+03	5.139323112647586900e-04
2.040387890000000425e+03	5.180569509072377454e-04
2.040418030000000272e+03	5.171813000218808409e-04
2.040448160000000371e+03	5.013059396643537724e-04
2.040478290000000243e+03	4.854305793068336428e-04
2.040508430000000317e+03	4.695549284214686758e-04
2.040538560000000416e+03	4.736795680639407924e-04
2.040568700000000263e+03	4.828039171785869499e-04
2.040598830000000362e+03	5.019285568210601900e-04
2.040628960000000461e+03	5.210531964635334301e-04
2.040659100000000308e+03	5.301775455781795876e-04
2.040689230000000407e+03	5.293021852206536426e-04
2.040719360000000279e+03	5.184268248631246356e-04
2.040749500000000353e+03	5.075511739777716080e-04
2.040779630000000452e+03	4.966758136202356622e-04
2.040809770000000299e+03	4.808001627348845730e-04
2.040839900000000398e+03	4.699248023773625049e-04
2.040870030000000270e+03	4.490494420198373748e-04
2.040900170000000344e+03	4.331737911344793468e-04
2.040930300000000443e+03	4.122984307769472778e-04
2.040960440000000290e+03	4.064227798915923118e-04
2.040990570000000389e+03	4.155474195340624899e-04
2.041020700000000261e+03	4.396720591765407304e-04
2.041050840000000335e+03	4.737964082911841346e-04
2.041080970000000434e+03	5.129210479336565598e-04
2.041111100000000306e+03	5.320456875761367388e-04
2.041141240000000380e+03	5.361700366907709570e-04
2.041171370000000252e+03	5.202946763332508273e-04
2.041201510000000326e+03	4.944190254478897373e-04
2.041231640000000425e+03	4.635436650903615452e-04
2.041261770000000297e+03	4.426683047328433540e-04
2.041291910000000371e+03	4.367926538474814491e-04
2.041322040000000243e+03	4.509172934899566276e-04
2.041352180000000317e+03	4.700416426045989082e-04
2.041382310000000416e+03	4.841662822470671479e-04
2.041412440000000288e+03	4.982909218895492653e-04
2.041442580000000362e+03	4.974152710041854220e-04
2.041472710000000461e+03	4.865399106466633539e-04
2.041502840000000333e+03	4.706645502891362853e-04
2.041532980000000407e+03	4.547888994037782573e-04
2.041563110000000279e+03	4.389135390462511888e-04
2.041593250000000353e+03	4.330378881608962227e-04
2.041623380000000452e+03	4.321625278033702777e-04
2.041653510000000324e+03	4.362871674458423943e-04
2.041683650000000398e+03	4.354115165604854898e-04
2.041713780000000270e+03	4.295361562029614833e-04
2.041743910000000369e+03	4.236607958454374767e-04
2.041774050000000443e+03	4.077851449600794487e-04
2.041804180000000315e+03	3.869097846025543186e-04
2.041834320000000389e+03	3.760341337171943521e-04
2.041864450000000261e+03	3.751587733596684071e-04
2.041894580000000360e+03	3.842834130021455241e-04
2.041924720000000434e+03	4.084077621167789274e-04
2.041954850000000306e+03	4.425324017592602299e-04
2.041984990000000380e+03	4.716567508739055725e-04
2.042015120000000252e+03	4.857813905163807511e-04
2.042045250000000351e+03	4.849060301588548061e-04
2.042075390000000425e+03	4.690303792734898392e-04
2.042105520000000297e+03	4.431550189159666475e-04
2.042135650000000396e+03	4.172796585584434559e-04
2.042165790000000243e+03	4.014040076730854278e-04
2.042195920000000342e+03	4.105286473155625449e-04
2.042226060000000416e+03	4.296529964301978866e-04
2.042256190000000288e+03	4.687776360726772507e-04
2.042286320000000387e+03	5.079022757151427370e-04
2.042316460000000461e+03	5.420266248297861411e-04
2.042346590000000333e+03	5.611512644722663201e-04
2.042376720000000432e+03	5.652759041147384367e-04
2.042406860000000279e+03	5.544002532293854091e-04
2.042436990000000378e+03	5.385248928718514017e-04
2.042467130000000452e+03	5.126492419864972505e-04
2.042497260000000324e+03	4.917738816289721204e-04
2.042527390000000423e+03	4.758985212714450519e-04
2.042557530000000270e+03	4.650228703860920243e-04
2.042587660000000369e+03	4.641475100285591404e-04
2.042617800000000443e+03	4.732718591432052979e-04
2.042647930000000315e+03	4.923964987856785380e-04
2.042678060000000414e+03	5.115211384281517781e-04
2.042708200000000261e+03	5.256454875427959972e-04
2.042738330000000360e+03	5.247701271852700522e-04
2.042768460000000459e+03	5.088947668277429837e-04
2.042798600000000306e+03	4.730191159423857705e-04
2.042828730000000405e+03	4.371437555848595169e-04
2.042858870000000252e+03	4.012681046995023038e-04
2.042889000000000351e+03	3.853927443419752352e-04
2.042919130000000450e+03	3.945173839844523522e-04
2.042949270000000297e+03	4.186417330990926944e-04
2.042979400000000396e+03	4.527663727415670580e-04
2.043009540000000243e+03	4.818907218562124006e-04
2.043039670000000342e+03	5.010153614986856407e-04
2.043069800000000441e+03	5.051400011411577573e-04
2.043099940000000288e+03	4.942643502558047297e-04
2.043130070000000387e+03	4.833889898982757227e-04
2.043160200000000259e+03	4.725136295407536546e-04
2.043190340000000333e+03	4.766379786553948117e-04
2.043220470000000432e+03	4.957626182978611129e-04
2.043250610000000279e+03	5.148869674125103324e-04
2.043280740000000378e+03	5.290116070549855110e-04
2.043310870000000250e+03	5.381362466974626280e-04
2.043341010000000324e+03	5.322605958121007230e-04
2.043371140000000423e+03	5.263852354545697776e-04
2.043401270000000295e+03	5.155098750970477095e-04
2.043431410000000369e+03	5.146342242116838661e-04
2.043461540000000468e+03	5.137588638541579211e-04
2.043491680000000315e+03	5.128832129688079555e-04
2.043521810000000414e+03	5.070078526112770101e-04
2.043551940000000286e+03	4.861324922537588189e-04
2.043582080000000360e+03	4.452568413683966053e-04
2.043612210000000459e+03	3.993814810108672897e-04
2.043642350000000306e+03	3.535058301255139535e-04
2.043672480000000405e+03	3.226304697679857614e-04
2.043702610000000277e+03	3.117551094104706322e-04
2.043732750000000351e+03	3.208794585251029119e-04
2.043762880000000450e+03	3.550040981675772755e-04
2.043793010000000322e+03	3.941287378100497008e-04
2.043823150000000396e+03	4.282530869246931049e-04
2.043853280000000268e+03	4.473777265671732839e-04
2.043883420000000342e+03	4.565020756818125025e-04
2.043913550000000441e+03	4.506267153242884960e-04
2.043943680000000313e+03	4.397513549667594890e-04
2.043973820000000387e+03	4.388757040814025845e-04
2.044003950000000259e+03	4.480003437238797015e-04
2.044034090000000333e+03	4.721246928385200436e-04
2.044064220000000432e+03	5.062493324809944073e-04
2.044094350000000304e+03	5.353739721234707094e-04
2.044124490000000378e+03	5.544983212381129900e-04
2.044154620000000250e+03	5.586229608805851066e-04
2.044184750000000349e+03	5.427476005230580380e-04
2.044214890000000423e+03	5.168719496377038869e-04
2.044245020000000295e+03	4.809965892801776333e-04
2.044275160000000369e+03	4.501209383948184817e-04
2.044305290000000468e+03	4.292455780372864127e-04
2.044335420000000340e+03	4.183702176797712835e-04
2.044365560000000414e+03	4.124945667944024397e-04
2.044395690000000286e+03	4.166192064368884340e-04
2.044425820000000385e+03	4.257438460793586121e-04
2.044455960000000459e+03	4.348681951939978307e-04
2.044486090000000331e+03	4.539928348364780097e-04
2.044516230000000405e+03	4.781171839511114130e-04
2.044546360000000277e+03	5.122418235935927155e-04
2.044576490000000376e+03	5.413664632360690177e-04
2.044606630000000450e+03	5.604908123507043594e-04
2.044636760000000322e+03	5.646154519931834148e-04
2.044666900000000396e+03	5.437398011078203863e-04
2.044697030000000268e+03	5.078644407503010716e-04
2.044727160000000367e+03	4.619890803927717560e-04
2.044757300000000441e+03	4.261134295074145428e-04
2.044787430000000313e+03	4.102380691498944132e-04
2.044817560000000412e+03	4.143627087923595909e-04
2.044847700000000259e+03	4.334870579070088104e-04
2.044877830000000358e+03	4.576116975494801120e-04
2.044907970000000432e+03	4.717360466641173922e-04
2.044938100000000304e+03	4.708606863065914472e-04
2.044968230000000403e+03	4.549853259490713175e-04
2.044998370000000250e+03	4.291096750637171664e-04
2.045028500000000349e+03	4.132343147061831590e-04
2.045058630000000448e+03	4.123589543486572140e-04
2.045088770000000295e+03	4.264833034633014330e-04
2.045118900000000394e+03	4.556079431057777351e-04
2.045149040000000468e+03	4.897322922204211393e-04
2.045179170000000340e+03	5.188569318628974414e-04
2.045209300000000439e+03	5.279815715053676195e-04
2.045239440000000286e+03	5.221059206200126535e-04
2.045269570000000385e+03	5.062305602624855849e-04
2.045299710000000459e+03	4.903549093771206180e-04
2.045329840000000331e+03	4.744795490196004883e-04
2.045359970000000430e+03	4.686041886620764818e-04
2.045390110000000277e+03	4.677285377767195773e-04
2.045420240000000376e+03	4.668531774191936323e-04
2.045450370000000248e+03	4.659778170616676873e-04
2.045480510000000322e+03	4.701021661763088444e-04
2.045510640000000421e+03	4.742268058187878998e-04
2.045540780000000268e+03	4.733511549334309954e-04
2.045570910000000367e+03	4.774757945759031119e-04
2.045601040000000467e+03	4.766004342183702280e-04
2.045631180000000313e+03	4.657247833330172004e-04
2.045661310000000412e+03	4.498494229754831930e-04
2.045691450000000259e+03	4.289737720901340423e-04
2.045721580000000358e+03	4.130984117326069738e-04
2.045751710000000458e+03	4.072230513750760283e-04
2.045781850000000304e+03	4.163474004897291247e-04
2.045811980000000403e+03	4.454720401321915491e-04
2.045842110000000275e+03	4.845966797746778520e-04
2.045872250000000349e+03	5.237210288893123789e-04
2.045902380000000448e+03	5.428456685317856190e-04
2.045932520000000295e+03	5.369700176464375918e-04
2.045962650000000394e+03	5.110946572889005224e-04
2.045992780000000266e+03	4.702192969313831461e-04
2.046022920000000340e+03	4.293436460460209325e-04
2.046053050000000439e+03	4.034682856884908020e-04
2.046083180000000311e+03	3.925929253309756728e-04
2.046113320000000385e+03	4.017172744456079525e-04
2.046143450000000257e+03	4.258419140880931320e-04
2.046173590000000331e+03	4.549662632027315357e-04
2.046203720000000430e+03	4.790909028452028373e-04
2.046233850000000302e+03	4.982155424876760774e-04
2.046263990000000376e+03	5.073398916023222349e-04
2.046294120000000248e+03	5.114645312448012904e-04
2.046324260000000322e+03	5.155888803594355085e-04
2.046354390000000421e+03	5.197135200019076251e-04
2.046384520000000293e+03	5.238381596443866806e-04
2.046414660000000367e+03	5.179625087590247756e-04
2.046444790000000467e+03	5.070871484015027075e-04
2.046474920000000338e+03	4.812117880439795159e-04
2.046505060000000412e+03	4.503361371586203643e-04
2.046535190000000284e+03	4.194607768010921722e-04
2.046565330000000358e+03	3.985851259157360826e-04
2.046595460000000458e+03	3.927097655582051372e-04
2.046625590000000329e+03	4.018344052006822542e-04
2.046655730000000403e+03	4.259587543153295353e-04
2.046685860000000275e+03	4.600833939578038989e-04
2.046715990000000374e+03	4.942080336002782626e-04
2.046746130000000448e+03	5.233323827149097274e-04
2.046776260000000320e+03	5.424570223573899064e-04
2.046806400000000394e+03	5.515813714720291250e-04
2.046836530000000266e+03	5.507060111145101189e-04
2.046866660000000365e+03	5.448306507569861123e-04
2.046896800000000439e+03	5.339549998716192070e-04
2.046926930000000311e+03	5.130796395141010158e-04
2.046957070000000385e+03	4.872039886287399257e-04
2.046987200000000257e+03	4.563286282712186726e-04
2.047017330000000356e+03	4.304532679136954809e-04
2.047047470000000430e+03	4.095776170283255135e-04
2.047077600000000302e+03	3.987022566708103843e-04
2.047107730000000402e+03	4.078268963132736236e-04
2.047137870000000248e+03	4.269512454279297820e-04
2.047168000000000347e+03	4.560758850703922063e-04
2.047198140000000421e+03	4.852002341850375489e-04
2.047228270000000293e+03	5.043248738275177279e-04
2.047258400000000393e+03	5.084495134699829055e-04
2.047288540000000467e+03	4.975738625846298779e-04
2.047318670000000338e+03	4.766985022271047479e-04
2.047348810000000412e+03	4.458228513417455963e-04
2.047378940000000284e+03	4.199474909842224046e-04
2.047409070000000384e+03	4.090721306266933976e-04
2.047439210000000458e+03	4.131964797413345547e-04
2.047469340000000329e+03	4.323211193838077948e-04
2.047499470000000429e+03	4.614457590262840969e-04
2.047529610000000275e+03	4.905701081409294395e-04
2.047559740000000374e+03	5.046947477834046181e-04
2.047589880000000448e+03	4.988190968980427131e-04
2.047620010000000320e+03	4.679437365405214599e-04
2.047650140000000420e+03	4.320683761829952063e-04
2.047680280000000266e+03	3.961927252976379932e-04
2.047710410000000365e+03	3.753173649401128631e-04
2.047740540000000465e+03	3.744420045825799792e-04
2.047770680000000311e+03	3.985663536972272603e-04
2.047800810000000411e+03	4.326909933397016239e-04
2.047830950000000257e+03	4.568153424543419661e-04
2.047861080000000356e+03	4.709399820968171446e-04
2.047891210000000228e+03	4.650646217392931381e-04
2.047921350000000530e+03	4.391889708539320480e-04
2.047951480000000174e+03	4.133136104964088564e-04
2.047981620000000476e+03	3.974379596110438895e-04
2.048011750000000575e+03	3.915625992535198829e-04
2.048041880000000219e+03	4.056872388960020004e-04
2.048072020000000521e+03	4.248115880106373421e-04
2.048102150000000165e+03	4.489362276531155826e-04
2.048132280000000264e+03	4.580608672955926997e-04
2.048162420000000566e+03	4.571852164102288563e-04
2.048192550000000210e+03	4.463098560527067882e-04
2.048222690000000512e+03	4.354342051673468217e-04
2.048252820000000156e+03	4.245588448098247536e-04
2.048282950000000255e+03	4.236834844522988086e-04
2.048313090000000557e+03	4.278078335669399657e-04
2.048343220000000201e+03	4.319324732094190211e-04
2.048373360000000503e+03	4.360568223240532393e-04
2.048403490000000147e+03	4.401814619665322947e-04
2.048433620000000246e+03	4.393061016090063498e-04
2.048463760000000548e+03	4.434304507236405679e-04
2.048493890000000192e+03	4.475550903661265623e-04
2.048524020000000291e+03	4.566797300085967404e-04
2.048554160000000138e+03	4.708040791232409594e-04
2.048584290000000237e+03	4.749287187657200149e-04
2.048614430000000539e+03	4.690530678803442322e-04
2.048644560000000183e+03	4.581777075228360419e-04
2.048674690000000282e+03	4.373023471653039729e-04
2.048704830000000129e+03	4.164266962799548222e-04
2.048734960000000228e+03	4.055513359224258152e-04
2.048765090000000328e+03	3.996759755648948698e-04
2.048795230000000174e+03	4.088003246795410273e-04
2.048825360000000273e+03	4.229249643220092669e-04
2.048855500000000575e+03	4.420493134366446086e-04
2.048885630000000219e+03	4.611739530791247876e-04
2.048915760000000319e+03	4.652985927216038431e-04
2.048945900000000165e+03	4.644229418362538775e-04
2.048976030000000264e+03	4.485475814787198701e-04
2.049006170000000566e+03	4.276719305933568416e-04
2.049036300000000210e+03	4.117965702358367119e-04
2.049066430000000310e+03	4.059212098783127054e-04
2.049096570000000156e+03	4.100455589929608013e-04
2.049126700000000255e+03	4.241701986354290410e-04
2.049156830000000355e+03	4.432948382779022811e-04
2.049186970000000201e+03	4.624191873925445617e-04
2.049217100000000300e+03	4.815438270350178018e-04
2.049247240000000147e+03	4.956681761496620209e-04
2.049277370000000246e+03	5.047928157921321990e-04
2.049307500000000346e+03	5.139174554346093160e-04
2.049337640000000192e+03	5.230418045492485346e-04
2.049367770000000291e+03	5.271664441917275901e-04
2.049397900000000391e+03	5.212910838341897057e-04
2.049428040000000237e+03	5.054154329488455555e-04
2.049458170000000337e+03	4.795400725913154250e-04
2.049488310000000183e+03	4.486644217059632123e-04
2.049518440000000282e+03	4.227890613484330817e-04
2.049548570000000382e+03	4.169137009909021363e-04
2.049578710000000228e+03	4.260380501055482938e-04
2.049608840000000328e+03	4.451626897480215339e-04
2.049638980000000174e+03	4.692870388626688150e-04
2.049669110000000273e+03	4.834116785051439935e-04
2.049699240000000373e+03	4.825363181476111096e-04
2.049729380000000219e+03	4.566606672622569585e-04
2.049759510000000319e+03	4.257853069047287664e-04
2.049789640000000418e+03	3.899099465472025128e-04
2.049819780000000264e+03	3.640342956618414227e-04
2.049849910000000364e+03	3.581589353043174162e-04
2.049880050000000210e+03	3.572832844189674506e-04
2.049910180000000310e+03	3.664079240614376287e-04
2.049940310000000409e+03	3.705325637039097453e-04
2.049970450000000255e+03	3.746569128185509023e-04
2.050000580000000355e+03	3.737815524610249573e-04
2.050030720000000201e+03	3.779059015756799922e-04
2.050060850000000300e+03	3.820305412181451699e-04
2.050090980000000400e+03	3.961551808606203484e-04
2.050121120000000246e+03	4.152795299752626290e-04
2.050151250000000346e+03	4.394041696177339307e-04
2.050181380000000445e+03	4.585288092602002319e-04
2.050211520000000291e+03	4.726531583748513898e-04
2.050241650000000391e+03	4.867777980173265684e-04
2.050271790000000237e+03	4.959021471319657870e-04
2.050301920000000337e+03	5.000267867744448425e-04
2.050332050000000436e+03	4.991514264169119586e-04
2.050362190000000282e+03	4.882757755315589310e-04
2.050392320000000382e+03	4.574004151740376778e-04
2.050422450000000481e+03	4.215250548165044853e-04
2.050452590000000328e+03	3.806494039311492106e-04
2.050482720000000427e+03	3.497740435736210185e-04
2.050512860000000273e+03	3.488983926882710529e-04
2.050542990000000373e+03	3.730230323307354157e-04
2.050573120000000472e+03	4.171476719732128413e-04
2.050603260000000319e+03	4.662720210878573690e-04
2.050633390000000418e+03	5.003966607303247938e-04
2.050663530000000264e+03	5.095210098449778902e-04
2.050693660000000364e+03	4.886456494874458212e-04
2.050723790000000463e+03	4.477702891299215060e-04
2.050753930000000310e+03	4.068946382445592924e-04
2.050784060000000409e+03	3.810192778870361008e-04
2.050814190000000508e+03	3.701439175295070938e-04
2.050844330000000355e+03	3.842682666441513128e-04
2.050874460000000454e+03	4.083929062866295534e-04
2.050904600000000300e+03	4.325172554012698956e-04
2.050934730000000400e+03	4.466418950437450741e-04
2.050964860000000499e+03	4.457665346862191291e-04
2.050995000000000346e+03	4.298908838008611011e-04
2.051025130000000445e+03	4.090155234433359710e-04
2.051055260000000544e+03	3.881401630858039020e-04
2.051085400000000391e+03	3.772645122004508744e-04
2.051115530000000490e+03	3.763891518429179905e-04
2.051145670000000337e+03	3.855135009575710869e-04
2.051175800000000436e+03	3.946381406000412650e-04
2.051205930000000535e+03	4.087627802425095047e-04
2.051236070000000382e+03	4.228871293571606627e-04
2.051266200000000481e+03	4.370117689996289023e-04
2.051296340000000328e+03	4.411361181142769983e-04
2.051326470000000427e+03	4.402607577567510533e-04
2.051356600000000526e+03	4.393853973992181694e-04
2.051386740000000373e+03	4.285097465138720807e-04
2.051416870000000472e+03	4.276343861563391968e-04
2.051447000000000571e+03	4.217590257988082514e-04
2.051477140000000418e+03	4.308833749134544089e-04
2.051507270000000517e+03	4.400080145559245870e-04
2.051537410000000364e+03	4.591323636705738065e-04
2.051567540000000463e+03	4.782570033130470466e-04
2.051597670000000562e+03	4.973816429555202867e-04
2.051627810000000409e+03	5.015059920701614438e-04
2.051657940000000508e+03	4.956306317126374372e-04
2.051688080000000355e+03	4.797549808272794092e-04
2.051718210000000454e+03	4.488796204697512171e-04
2.051748340000000553e+03	4.130042601122249635e-04
2.051778480000000400e+03	3.821286092268727508e-04
2.051808610000000499e+03	3.562532488693426203e-04
2.051838740000000143e+03	3.503778885118255526e-04
2.051868880000000445e+03	3.595022376264578323e-04
2.051899010000000544e+03	3.836268772689360729e-04
2.051929150000000391e+03	4.127512263835814155e-04
2.051959280000000490e+03	4.418758660260507787e-04
2.051989410000000134e+03	4.610005056685309577e-04
2.052019550000000436e+03	4.651248547831721147e-04
2.052049680000000535e+03	4.592494944256342304e-04
2.052079810000000180e+03	4.383741340681229781e-04
2.052109950000000481e+03	4.174984831827599496e-04
2.052140080000000580e+03	3.966231228252278807e-04
2.052170220000000427e+03	3.807474719398767915e-04
2.052200350000000526e+03	3.698721115823477845e-04
2.052230480000000171e+03	3.689967512248357173e-04
2.052260620000000472e+03	3.731211003394699355e-04
2.052290750000000571e+03	3.872457399819381751e-04
2.052320890000000418e+03	4.063700890965873946e-04
2.052351020000000517e+03	4.354947287390498190e-04
2.052381150000000162e+03	4.646193683815399988e-04
2.052411290000000463e+03	4.887437174961664632e-04
2.052441420000000562e+03	4.978683571386505191e-04
2.052471550000000207e+03	4.919929967811334515e-04
2.052501690000000508e+03	4.761173458957615456e-04
2.052531820000000153e+03	4.452419855382472313e-04
2.052561960000000454e+03	4.193663346528792024e-04
2.052592090000000553e+03	4.084909742953501954e-04
2.052622220000000198e+03	4.126156139378361898e-04
2.052652360000000499e+03	4.317399630524715315e-04
2.052682490000000143e+03	4.608646026949547725e-04
2.052712630000000445e+03	4.849889518095881757e-04
2.052742760000000544e+03	4.941135914520583539e-04
2.052772890000000189e+03	4.832382310945432247e-04
2.052803030000000490e+03	4.523625802091771342e-04
2.052833160000000134e+03	4.114872198516597579e-04
2.052863290000000234e+03	3.706118594941354427e-04
2.052893430000000535e+03	3.397362086087693522e-04
2.052923560000000180e+03	3.238608482512492226e-04
2.052953700000000481e+03	3.229851973658853792e-04
2.052983830000000580e+03	3.321098370083555573e-04
2.053013960000000225e+03	3.562344766508407368e-04
2.053044100000000526e+03	3.753588257654760785e-04
2.053074230000000171e+03	3.944834654079562575e-04
2.053104360000000270e+03	4.086081050504314360e-04
2.053134500000000571e+03	4.077324541650606538e-04
2.053164630000000216e+03	4.068570938075485866e-04
2.053194770000000517e+03	3.959814429221886201e-04
2.053224900000000162e+03	3.851060825646665520e-04
2.053255030000000261e+03	3.792307222071425454e-04
2.053285170000000562e+03	3.733550713217737016e-04
2.053315300000000207e+03	3.774797109642596959e-04
2.053345440000000508e+03	3.816040600788869752e-04
2.053375570000000153e+03	3.857286997213729696e-04
2.053405700000000252e+03	3.848533393638470246e-04
2.053435840000000553e+03	3.839776884784762423e-04
2.053465970000000198e+03	3.831023281209641751e-04
2.053496100000000297e+03	3.922269677634343532e-04
2.053526240000000143e+03	4.113513168780835727e-04
2.053556370000000243e+03	4.354759565205479355e-04
2.053586510000000544e+03	4.596003056351882776e-04
2.053616640000000189e+03	4.737249452776773340e-04
2.053646770000000288e+03	4.678495849201394496e-04
2.053676910000000134e+03	4.419739340347922374e-04
2.053707040000000234e+03	4.060985736772590449e-04
2.053737170000000333e+03	3.702232133197327912e-04
2.053767310000000180e+03	3.443475624343786401e-04
2.053797440000000279e+03	3.434722020768526951e-04
2.053827580000000580e+03	3.625965511914880368e-04
2.053857710000000225e+03	3.967211908339693394e-04
2.053887840000000324e+03	4.258458304764387026e-04
2.053917980000000171e+03	4.449701795910809832e-04
2.053948110000000270e+03	4.440948192335550382e-04
2.053978250000000571e+03	4.282191683481970101e-04
2.054008380000000216e+03	4.073438079906788190e-04
2.054038510000000315e+03	3.914684476331517504e-04
2.054068650000000162e+03	3.905927967477948459e-04
2.054098780000000261e+03	4.047174363902700245e-04
2.054128910000000360e+03	4.288420760327413261e-04
2.054159050000000207e+03	4.529664251473816683e-04
2.054189180000000306e+03	4.670910647898568469e-04
2.054219320000000153e+03	4.612154139044949419e-04
2.054249450000000252e+03	4.453400535469817512e-04
2.054279580000000351e+03	4.244646931894427433e-04
2.054309720000000198e+03	4.035890423040935926e-04
2.054339850000000297e+03	3.927136819465645856e-04
2.054369990000000143e+03	3.868380310612096196e-04
2.054400120000000243e+03	3.859626707036836746e-04
2.054430250000000342e+03	3.850873103461507907e-04
2.054460390000000189e+03	3.892116594607988866e-04
2.054490520000000288e+03	3.883362991032660028e-04
2.054520650000000387e+03	3.924609387457450582e-04
2.054550790000000234e+03	3.965852878603931542e-04
2.054580920000000333e+03	4.057099275028563934e-04
2.054611060000000180e+03	4.198342766175144902e-04
2.054641190000000279e+03	4.289589162599777294e-04
2.054671320000000378e+03	4.430835559024529080e-04
2.054701460000000225e+03	4.522079050170921266e-04
2.054731590000000324e+03	4.563325446595711821e-04
2.054761720000000423e+03	4.654571843020413602e-04
2.054791860000000270e+03	4.695815334166894561e-04
2.054821990000000369e+03	4.687061730591635111e-04
2.054852130000000216e+03	4.578305221737966058e-04
2.054882260000000315e+03	4.419551618162695372e-04
2.054912390000000414e+03	4.160798014587463456e-04
2.054942530000000261e+03	3.902041505733921944e-04
2.054972660000000360e+03	3.693287902158670644e-04
2.055002800000000207e+03	3.634531393305120983e-04
2.055032930000000306e+03	3.675777789729842149e-04
2.055063060000000405e+03	3.817024186154524545e-04
2.055093200000000252e+03	4.008267677301016740e-04
2.055123330000000351e+03	4.199514073725818530e-04
2.055153460000000450e+03	4.290760470150450923e-04
2.055183600000000297e+03	4.282003961296951267e-04
2.055213730000000396e+03	4.223250357721572423e-04
2.055243870000000243e+03	4.164493848868161541e-04
2.055274000000000342e+03	4.105740245292852086e-04
2.055304130000000441e+03	4.096986641717523248e-04
2.055334270000000288e+03	4.038230132863973587e-04
2.055364400000000387e+03	4.029476529288644748e-04
2.055394540000000234e+03	3.970720020435233866e-04
2.055424670000000333e+03	3.961966416859905027e-04
2.055454800000000432e+03	3.953212813284645577e-04
2.055484940000000279e+03	3.994456304431057148e-04
2.055515070000000378e+03	4.135702700855739544e-04
2.055545200000000477e+03	4.326949097280541334e-04
2.055575340000000324e+03	4.518192588426894751e-04
2.055605470000000423e+03	4.659438984851646537e-04
2.055635610000000270e+03	4.650682475998077492e-04
2.055665740000000369e+03	4.541928872422856811e-04
2.055695870000000468e+03	4.333175268847536121e-04
2.055726010000000315e+03	4.124418759994044614e-04
2.055756140000000414e+03	3.965665156418773929e-04
2.055786270000000513e+03	3.906911552843395086e-04
2.055816410000000360e+03	3.948155043989945434e-04
2.055846540000000459e+03	3.989401440414735989e-04
2.055876680000000306e+03	4.080644931561128175e-04
2.055906810000000405e+03	4.121891327985779951e-04
2.055936940000000504e+03	4.063137724410539886e-04
2.055967080000000351e+03	3.904381215557028995e-04
2.055997210000000450e+03	3.745627611981688920e-04
2.056027350000000297e+03	3.636871103128158644e-04
2.056057480000000396e+03	3.678117499552949199e-04
2.056087610000000495e+03	3.869363895977612211e-04
2.056117750000000342e+03	4.160607387124135026e-04
2.056147880000000441e+03	4.551853783548789889e-04
2.056178010000000540e+03	4.943100179973514141e-04
2.056208150000000387e+03	5.184343671119986952e-04
2.056238280000000486e+03	5.175590067544658113e-04
2.056268420000000333e+03	4.916833558691185990e-04
2.056298550000000432e+03	4.408079955115912218e-04
2.056328680000000531e+03	3.899326351540569058e-04
2.056358820000000378e+03	3.390569842687055080e-04
2.056388950000000477e+03	3.131816239111753775e-04
2.056419080000000577e+03	3.123062635536494325e-04
2.056449220000000423e+03	3.414306126682947751e-04
2.056479350000000522e+03	3.855552523107652618e-04
2.056509490000000369e+03	4.296796014254117280e-04
2.056539620000000468e+03	4.588042410678880301e-04
2.056569750000000568e+03	4.679288807103582082e-04
2.056599890000000414e+03	4.570532298250051806e-04
2.056630020000000513e+03	4.311778694674819890e-04
2.056660160000000360e+03	4.003022185821228374e-04
2.056690290000000459e+03	3.744268582245996457e-04
2.056720420000000559e+03	3.585514978670656383e-04
2.056750560000000405e+03	3.526758469817106723e-04
2.056780690000000504e+03	3.568004866241897277e-04
2.056810820000000149e+03	3.659251262666668447e-04
2.056840960000000450e+03	3.750494753812991244e-04
2.056871090000000549e+03	3.791741150237712410e-04
2.056901230000000396e+03	3.832984641384123981e-04
2.056931360000000495e+03	3.824231037808795142e-04
2.056961490000000140e+03	3.765477434233763243e-04
2.056991630000000441e+03	3.706720925380074805e-04
2.057021760000000540e+03	3.647967321804834739e-04
2.057051900000000387e+03	3.539210812951235074e-04
2.057082030000000486e+03	3.530457209375906236e-04
2.057112160000000131e+03	3.521703605800785564e-04
2.057142300000000432e+03	3.612947096947247139e-04
2.057172430000000531e+03	3.654193493371829526e-04
2.057202560000000176e+03	3.745439889796670085e-04
2.057232700000000477e+03	3.736683380942962263e-04
2.057262830000000577e+03	3.677929777367791586e-04
2.057292970000000423e+03	3.569173268514261310e-04
2.057323100000000522e+03	3.460419664938901851e-04
2.057353230000000167e+03	3.501666061363831184e-04
2.057383370000000468e+03	3.642909552510134596e-04
2.057413500000000568e+03	3.884155948934847613e-04
2.057443630000000212e+03	4.125402345359630019e-04
2.057473770000000513e+03	4.266645836506002820e-04
2.057503900000000158e+03	4.257892232930812759e-04
2.057534040000000459e+03	4.049135724077251863e-04
2.057564170000000559e+03	3.690382120501919938e-04
2.057594300000000203e+03	3.381628516926707406e-04
2.057624440000000504e+03	3.122872008073096506e-04
2.057654570000000149e+03	3.114118404497906445e-04
2.057684710000000450e+03	3.305361895644329251e-04
2.057714840000000549e+03	3.596608292068953494e-04
2.057744970000000194e+03	3.937854688493835909e-04
2.057775110000000495e+03	4.129098179640258715e-04
2.057805240000000140e+03	4.220344576065029885e-04
2.057835370000000239e+03	4.161590972489720430e-04
2.057865510000000540e+03	4.052834463636051376e-04
2.057895640000000185e+03	3.944080860060969473e-04
2.057925780000000486e+03	3.885324351207281035e-04
2.057955910000000131e+03	3.976570747632052205e-04
2.057986040000000230e+03	4.017817144056842760e-04
2.058016180000000531e+03	4.109060635203096168e-04
2.058046310000000176e+03	4.200307031627936727e-04
2.058076440000000275e+03	4.191553428052677277e-04
2.058106580000000577e+03	4.182796919198969454e-04
2.058136710000000221e+03	4.124043315623937556e-04
2.058166850000000522e+03	4.065286806770179728e-04
2.058196980000000167e+03	4.006533203195147830e-04
2.058227110000000266e+03	3.947779599619768987e-04
2.058257250000000568e+03	3.839023090766169322e-04
2.058287380000000212e+03	3.730269487190948641e-04
2.058317520000000513e+03	3.671512978337329591e-04
2.058347650000000158e+03	3.662759374762208919e-04
2.058377780000000257e+03	3.804005771186891316e-04
2.058407920000000559e+03	4.045249262333225349e-04
2.058438050000000203e+03	4.236495658757957750e-04
2.058468180000000302e+03	4.427742055182759540e-04
2.058498320000000149e+03	4.518985546329221115e-04
2.058528450000000248e+03	4.460231942753981049e-04
2.058558590000000549e+03	4.301475433900331380e-04
2.058588720000000194e+03	4.092721830325080079e-04
2.058618850000000293e+03	3.933968226749809394e-04
2.058648990000000140e+03	3.875211717896329122e-04
2.058679120000000239e+03	3.816458114321019668e-04
2.058709260000000540e+03	3.907701605467342465e-04
2.058739390000000185e+03	3.998948001892113635e-04
2.058769520000000284e+03	4.040194398316904190e-04
2.058799660000000131e+03	4.081437889463385149e-04
2.058829790000000230e+03	4.022684285888075695e-04
2.058859920000000329e+03	3.913930682312855014e-04
2.058890060000000176e+03	3.755174173459274733e-04
2.058920190000000275e+03	3.546420569883954044e-04
2.058950330000000577e+03	3.437664061030284990e-04
2.058980460000000221e+03	3.428910457455164318e-04
2.059010590000000320e+03	3.520156853879866099e-04
2.059040730000000167e+03	3.711400345026358294e-04
2.059070860000000266e+03	4.002646741451121315e-04
2.059100990000000365e+03	4.293893137875814947e-04
2.059131130000000212e+03	4.485136629022237753e-04
2.059161260000000311e+03	4.476383025446908914e-04
2.059191400000000158e+03	4.317626516593398023e-04
2.059221530000000257e+03	4.058872913018166106e-04
2.059251660000000356e+03	3.800119309442864801e-04
2.059281800000000203e+03	3.591362800589303905e-04
2.059311930000000302e+03	3.532609197014063840e-04
2.059342070000000149e+03	3.673852688160575419e-04
2.059372200000000248e+03	3.965099084585130274e-04
2.059402330000000347e+03	4.206345481009982068e-04
2.059432470000000194e+03	4.397588972156404874e-04
2.059462600000000293e+03	4.438835368581126040e-04
2.059492730000000392e+03	4.380081765005816585e-04
2.059522870000000239e+03	4.221325256152236305e-04
2.059553000000000338e+03	4.062571652576965620e-04
2.059583140000000185e+03	4.003815143723485348e-04
2.059613270000000284e+03	4.095061540148187129e-04
2.059643400000000383e+03	4.236307936572938915e-04
2.059673540000000230e+03	4.327551427719331101e-04
2.059703670000000329e+03	4.268797824144021646e-04
2.059733810000000176e+03	4.110041315290580144e-04
2.059763940000000275e+03	3.801287711715298223e-04
2.059794070000000374e+03	3.442534108139966298e-04
2.059824210000000221e+03	3.183777599286424786e-04
2.059854340000000320e+03	3.125023995711115332e-04
2.059884470000000420e+03	3.266270392135797729e-04
2.059914610000000266e+03	3.607513883282370548e-04
2.059944740000000365e+03	3.998760279707094800e-04
2.059974880000000212e+03	4.290003770853548226e-04
2.060005010000000311e+03	4.381250167278250007e-04
2.060035140000000411e+03	4.272496563702959937e-04
2.060065280000000257e+03	3.963740054849437811e-04
2.060095410000000356e+03	3.554986451274125270e-04
2.060125540000000456e+03	3.196232847698793345e-04
2.060155680000000302e+03	3.037476338845282453e-04
2.060185810000000401e+03	3.128722735270053623e-04
2.060215950000000248e+03	3.419966226416576438e-04
2.060246080000000347e+03	3.811212622841231301e-04
2.060276210000000447e+03	4.252459019265866780e-04
2.060306350000000293e+03	4.543702510412320206e-04
2.060336480000000392e+03	4.584948906837110760e-04
2.060366620000000239e+03	4.426192397983599869e-04
2.060396750000000338e+03	4.117438794408248559e-04
2.060426880000000438e+03	3.708685190833005407e-04
2.060457020000000284e+03	3.399928681979413891e-04
2.060487150000000383e+03	3.241175078404143206e-04
2.060517280000000483e+03	3.232421474828883756e-04
2.060547420000000329e+03	3.373664965975325947e-04
2.060577550000000429e+03	3.614911362400038963e-04
2.060607690000000275e+03	3.806154853546531158e-04
2.060637820000000374e+03	3.947401249971282944e-04
2.060667950000000474e+03	4.038647646395915336e-04
2.060698090000000320e+03	4.079891137542465684e-04
2.060728220000000420e+03	4.171137533967167466e-04
2.060758350000000519e+03	4.312383930391849862e-04
2.060788490000000365e+03	4.503627421538411446e-04
2.060818620000000465e+03	4.644873817962955065e-04
2.060848760000000311e+03	4.686117309109505413e-04
2.060878890000000411e+03	4.527363705534234728e-04
2.060909020000000510e+03	4.168610101958972192e-04
2.060939160000000356e+03	3.709853593105438829e-04
2.060969290000000456e+03	3.301099989530126289e-04
2.060999430000000302e+03	3.192343480676665401e-04
2.061029560000000401e+03	3.333589877101209020e-04
2.061059690000000501e+03	3.724836273526072050e-04
2.061089830000000347e+03	4.266079764672567332e-04
2.061119960000000447e+03	4.657326161097222195e-04
2.061150090000000546e+03	4.748572557521923976e-04
2.061180230000000392e+03	4.589816048668343695e-04
2.061210360000000492e+03	4.181062445093100544e-04
2.061240500000000338e+03	3.672305936239586566e-04
2.061270630000000438e+03	3.313552332664254640e-04
2.061300760000000537e+03	3.204798729089033960e-04
2.061330900000000383e+03	3.296042220235426146e-04
2.061361030000000483e+03	3.587288616660189167e-04
2.061391170000000329e+03	3.828532107806592588e-04
2.061421300000000429e+03	3.969778504231344374e-04
2.061451430000000528e+03	3.911024900656034919e-04
2.061481570000000374e+03	3.702268391802543412e-04
2.061511700000000474e+03	3.443514788227311496e-04
2.061541830000000573e+03	3.184761184651871413e-04
2.061571970000000420e+03	3.126004675798460530e-04
2.061602100000000519e+03	3.217251072223092923e-04
2.061632240000000365e+03	3.458494563369565733e-04
2.061662370000000465e+03	3.799740959794378758e-04
2.061692500000000564e+03	4.090987356219072391e-04
2.061722640000000411e+03	4.282230847365495197e-04
2.061752770000000510e+03	4.323477243790216362e-04
2.061782900000000154e+03	4.164723640215084455e-04
2.061813040000000456e+03	3.855967131361423550e-04
2.061843170000000555e+03	3.497213527786161014e-04
2.061873310000000401e+03	3.138457018932588882e-04
2.061903440000000501e+03	2.929703415357337581e-04
2.061933570000000145e+03	2.870949811782166905e-04
2.061963710000000447e+03	3.062193302928381544e-04
2.061993840000000546e+03	3.353439699353144565e-04
2.062023980000000392e+03	3.694683190499717385e-04
2.062054110000000492e+03	3.935929586924361012e-04
2.062084240000000136e+03	4.027175983349201571e-04
2.062114380000000438e+03	3.918419474495532517e-04
2.062144510000000537e+03	3.709665870920211828e-04
2.062174640000000181e+03	3.500912267345099305e-04
2.062204780000000483e+03	3.392155758491499640e-04
2.062234910000000582e+03	3.433402154916151416e-04
2.062265050000000429e+03	3.574645646062593607e-04
2.062295180000000528e+03	3.765892042487395397e-04
2.062325310000000172e+03	3.957138438912127798e-04
2.062355450000000474e+03	4.048381930058589373e-04
2.062385580000000573e+03	4.039628326483329923e-04
2.062415710000000217e+03	3.930874722908039853e-04
2.062445850000000519e+03	3.872118214054490193e-04
2.062475980000000163e+03	3.763364610479200123e-04
2.062506120000000465e+03	3.704608101625650463e-04
2.062536250000000564e+03	3.695854498050321624e-04
2.062566380000000208e+03	3.637100894475150947e-04
2.062596520000000510e+03	3.628344385621512513e-04
2.062626650000000154e+03	3.569590782046272448e-04
2.062656790000000456e+03	3.610834273192684019e-04
2.062686920000000555e+03	3.652080669617405184e-04
2.062717050000000199e+03	3.743327066042245743e-04
2.062747190000000501e+03	3.934570557188668549e-04
2.062777320000000145e+03	4.025816953613439719e-04
2.062807450000000244e+03	4.117063350038141500e-04
2.062837590000000546e+03	4.108306841184433678e-04
2.062867720000000190e+03	4.049553237609263001e-04
2.062897860000000492e+03	3.990796728755643952e-04
2.062927990000000136e+03	3.932043125180473275e-04
2.062958120000000235e+03	3.873289521605302599e-04
2.062988260000000537e+03	3.864533012751594776e-04
2.063018390000000181e+03	3.905779409176385331e-04
2.063048530000000483e+03	3.897022900322677508e-04
2.063078660000000582e+03	3.888269296747418058e-04
2.063108790000000226e+03	3.829515693172316770e-04
2.063138930000000528e+03	3.770759184318628332e-04
2.063169060000000172e+03	3.612005580743496425e-04
2.063199190000000272e+03	3.553251977168117581e-04
2.063229330000000573e+03	3.494495468314567921e-04
2.063259460000000217e+03	3.485741864739377860e-04
2.063289600000000519e+03	3.576985355885700657e-04
2.063319730000000163e+03	3.718231752310521832e-04
2.063349860000000263e+03	3.809478148735223613e-04
2.063380000000000564e+03	3.850721639881635183e-04
2.063410130000000208e+03	3.841968036306445122e-04
2.063440260000000308e+03	3.683214432731174437e-04
2.063470400000000154e+03	3.474457923877544152e-04
2.063500530000000253e+03	3.265704320302362240e-04
2.063530670000000555e+03	3.106947811448712571e-04
2.063560800000000199e+03	3.098194207873522510e-04
2.063590930000000299e+03	3.289440604298185522e-04
2.063621070000000145e+03	3.580684095444638948e-04
2.063651200000000244e+03	3.871930491869401969e-04
2.063681340000000546e+03	4.113173983015736002e-04
2.063711470000000190e+03	4.204420379440645950e-04
2.063741600000000290e+03	4.145666775865336495e-04
2.063771740000000136e+03	3.936910267011706210e-04
2.063801870000000235e+03	3.728156663436524298e-04
2.063832000000000335e+03	3.519403059861134220e-04
2.063862140000000181e+03	3.360646551007623328e-04
2.063892270000000281e+03	3.251892947432402647e-04
2.063922410000000582e+03	3.193136438578644820e-04
2.063952540000000226e+03	3.084382835003562917e-04
2.063982670000000326e+03	2.975629231428272847e-04
2.064012810000000172e+03	2.916872722574723187e-04
2.064042940000000272e+03	2.858119118999483121e-04
2.064073080000000573e+03	2.899362610145755914e-04
2.064103210000000217e+03	3.040609006570646478e-04
2.064133340000000317e+03	3.181855402995328874e-04
2.064163480000000163e+03	3.323098894141840454e-04
2.064193610000000263e+03	3.414345290566472846e-04
2.064223740000000362e+03	3.355591686991302169e-04
2.064253880000000208e+03	3.246835178137633116e-04
2.064284010000000308e+03	3.088081574562362430e-04
2.064314150000000154e+03	2.929325065708851539e-04
2.064344280000000253e+03	2.870571462133611473e-04
2.064374410000000353e+03	2.861817858558352023e-04
2.064404550000000199e+03	2.903061349704694205e-04
2.064434680000000299e+03	2.844307746129523529e-04
2.064464810000000398e+03	2.785554142554214074e-04
2.064494950000000244e+03	2.726797633700733803e-04
2.064525080000000344e+03	2.718044030125474353e-04
2.064555220000000190e+03	2.859287521271777766e-04
2.064585350000000290e+03	3.150533917696540787e-04
2.064615480000000389e+03	3.591780314121245654e-04
2.064645620000000235e+03	3.983023805267729700e-04
2.064675750000000335e+03	4.224270201692442717e-04
2.064705890000000181e+03	4.215513692838873672e-04
2.064736020000000281e+03	3.906760089263730529e-04
2.064766150000000380e+03	3.448006485688367984e-04
2.064796290000000226e+03	2.939249976834784617e-04
2.064826420000000326e+03	2.580496373259591469e-04
2.064856550000000425e+03	2.521742769684212626e-04
2.064886690000000272e+03	2.662986260830724206e-04
2.064916820000000371e+03	3.004232657255467842e-04
2.064946960000000217e+03	3.395476148401951888e-04
2.064977090000000317e+03	3.636722544826595516e-04
2.065007220000000416e+03	3.777968941251347301e-04
2.065037360000000263e+03	3.719212432397797641e-04
2.065067490000000362e+03	3.560458828822457567e-04
2.065097620000000461e+03	3.401705225247186881e-04
2.065127760000000308e+03	3.342948716393706610e-04
2.065157890000000407e+03	3.334195112818447160e-04
2.065188030000000253e+03	3.375438603964789341e-04
2.065218160000000353e+03	3.416685000389579896e-04
2.065248290000000452e+03	3.407931396814320446e-04
2.065278430000000299e+03	3.349174887960701397e-04
2.065308560000000398e+03	3.340421284385441947e-04
2.065338700000000244e+03	3.331664775531872902e-04
2.065368830000000344e+03	3.422911171956713461e-04
2.065398960000000443e+03	3.514157568381415242e-04
2.065429100000000290e+03	3.655401059527857432e-04
2.065459230000000389e+03	3.746647455952559214e-04
2.065489360000000488e+03	3.787893852377280379e-04
2.065519500000000335e+03	3.729137343523730719e-04
2.065549630000000434e+03	3.720383739948401880e-04
2.065579770000000281e+03	3.661627231094990997e-04
2.065609900000000380e+03	3.652873627519731548e-04
2.065640030000000479e+03	3.694120023944313935e-04
2.065670170000000326e+03	3.685363515090814279e-04
2.065700300000000425e+03	3.576609911515524209e-04
2.065730440000000272e+03	3.467853402662063322e-04
2.065760570000000371e+03	3.359099799086703864e-04
2.065790700000000470e+03	3.300346195511463798e-04
2.065820840000000317e+03	3.341589686657875369e-04
2.065850970000000416e+03	3.482836083082557765e-04
2.065881100000000515e+03	3.674082479507359555e-04
2.065911240000000362e+03	3.715325970653701737e-04
2.065941370000000461e+03	3.656572367078531061e-04
2.065971510000000308e+03	3.397815858225058938e-04
2.066001640000000407e+03	3.089062254649707628e-04
2.066031770000000506e+03	2.880308651074386939e-04
2.066061910000000353e+03	2.821552142220906667e-04
2.066092040000000452e+03	3.062798538645619684e-04
2.066122170000000551e+03	3.454044935070343936e-04
2.066152310000000398e+03	3.895288426216808597e-04
2.066182440000000497e+03	4.236534822641482845e-04
2.066212580000000344e+03	4.327778313787875031e-04
2.066242710000000443e+03	4.169024710212604345e-04
2.066272840000000542e+03	3.810271106637341809e-04
2.066302980000000389e+03	3.451514597783908456e-04
2.066333110000000488e+03	3.192760994208537761e-04
2.066363250000000335e+03	3.084004485355007485e-04
2.066393380000000434e+03	3.075250881779748036e-04
2.066423510000000533e+03	3.066497278204419197e-04
2.066453650000000380e+03	3.007740769350869536e-04
2.066483780000000479e+03	2.848987165775668240e-04
2.066513910000000578e+03	2.690233562200397555e-04
2.066544050000000425e+03	2.631477053346847894e-04
2.066574180000000524e+03	2.722723449771480286e-04
2.066604320000000371e+03	2.963966940917953097e-04
2.066634450000000470e+03	3.305213337342696733e-04
2.066664580000000569e+03	3.546459733767409750e-04
2.066694720000000416e+03	3.587703224913960098e-04
2.066724850000000515e+03	3.428949621338620024e-04
2.066754980000000160e+03	3.070196017763426877e-04
2.066785120000000461e+03	2.761439508909835361e-04
2.066815250000000560e+03	2.602685905334564676e-04
2.066845390000000407e+03	2.743929396481006866e-04
2.066875520000000506e+03	3.185175792905642345e-04
2.066905650000000151e+03	3.776422189330566614e-04
2.066935790000000452e+03	4.317665680476853729e-04
2.066965920000000551e+03	4.608912076901616750e-04
2.066996060000000398e+03	4.600155568048047705e-04
2.067026190000000497e+03	4.291401964472765784e-04
2.067056320000000142e+03	3.732648360897580786e-04
2.067086460000000443e+03	3.173891852043947415e-04
2.067116590000000542e+03	2.815138248468615489e-04
2.067146720000000187e+03	2.756384644893514202e-04
2.067176860000000488e+03	2.947628136039798230e-04
2.067206990000000133e+03	3.388874532464641876e-04
2.067237130000000434e+03	3.930118023610998379e-04
2.067267260000000533e+03	4.321364420035722631e-04
2.067297390000000178e+03	4.562610816460505037e-04
2.067327530000000479e+03	4.503854307606955376e-04
2.067357660000000578e+03	4.245100704031654071e-04
2.067387800000000425e+03	3.886344195178081939e-04
2.067417930000000524e+03	3.577590591602730630e-04
2.067448060000000169e+03	3.418836988027598722e-04
2.067478200000000470e+03	3.410080479173960288e-04
2.067508330000000569e+03	3.601326875598692689e-04
2.067538460000000214e+03	3.842573272023544484e-04
2.067568600000000515e+03	4.033816763169897901e-04
2.067598730000000160e+03	4.025063159594777229e-04
2.067628870000000461e+03	3.916306650741038786e-04
2.067659000000000560e+03	3.657553047165737481e-04
2.067689130000000205e+03	3.448799443590694347e-04
2.067719270000000506e+03	3.290042934736975289e-04
2.067749400000000151e+03	3.281289331161854617e-04
2.067779530000000250e+03	3.322535727586437004e-04
2.067809670000000551e+03	3.463779218732809806e-04
2.067839800000000196e+03	3.505025615157739138e-04
2.067869940000000497e+03	3.346269106304020080e-04
2.067900070000000142e+03	3.087515502728926942e-04
2.067930200000000241e+03	2.778761899153575632e-04
2.067960340000000542e+03	2.570005390299875958e-04
2.067990470000000187e+03	2.511251786724774671e-04
2.068020610000000488e+03	2.702495277871058699e-04
2.068050740000000133e+03	3.093741674295921729e-04
2.068080870000000232e+03	3.634988070720587827e-04
2.068111010000000533e+03	4.076231561866983100e-04
2.068141140000000178e+03	4.317477958291765505e-04
2.068171270000000277e+03	4.308724354716506055e-04
2.068201410000000578e+03	3.999967845862983928e-04
2.068231540000000223e+03	3.591214242287671388e-04
2.068261680000000524e+03	3.182457733434049252e-04
2.068291810000000169e+03	2.873704129858975498e-04
2.068321940000000268e+03	2.764950526283616039e-04
2.068352080000000569e+03	2.906194017429919452e-04
2.068382210000000214e+03	3.197440413854821251e-04
2.068412350000000515e+03	3.488683905001205288e-04
2.068442480000000160e+03	3.729930301425987693e-04
2.068472610000000259e+03	3.821176697850689474e-04
2.068502750000000560e+03	3.712420188997020420e-04
2.068532880000000205e+03	3.503666585421838509e-04
2.068563010000000304e+03	3.194912981846625977e-04
2.068593150000000151e+03	2.936156472993015076e-04
2.068623280000000250e+03	2.727402869417833164e-04
2.068653420000000551e+03	2.668646360564075337e-04
2.068683550000000196e+03	2.709892756989004670e-04
2.068713680000000295e+03	2.801139153413637062e-04
2.068743820000000142e+03	2.942382644560148641e-04
2.068773950000000241e+03	3.083629040984900427e-04
2.068804080000000340e+03	3.124875437409621592e-04
2.068834220000000187e+03	3.166118928556033163e-04
2.068864350000000286e+03	3.207365324980754329e-04
2.068894490000000133e+03	3.248608816127235288e-04
2.068924620000000232e+03	3.289855212551817676e-04
2.068954750000000331e+03	3.381101608976588846e-04
2.068984890000000178e+03	3.472345100123258588e-04
2.069015020000000277e+03	3.513591496547840975e-04
2.069045160000000578e+03	3.504834987694133153e-04
2.069075290000000223e+03	3.446081384119031865e-04
2.069105420000000322e+03	3.337327780543603017e-04
2.069135560000000169e+03	3.178571271690161515e-04
2.069165690000000268e+03	3.019817668114960219e-04
2.069195820000000367e+03	2.911064064539670149e-04
2.069225960000000214e+03	2.852307555686189877e-04
2.069256090000000313e+03	2.943553952110822269e-04
2.069286230000000160e+03	3.034797443257214455e-04
2.069316360000000259e+03	3.176043839681896852e-04
2.069346490000000358e+03	3.267290236106668022e-04
2.069376630000000205e+03	3.258533727253098977e-04
2.069406760000000304e+03	3.149780123677947685e-04
2.069436890000000403e+03	2.991026520102607611e-04
2.069467030000000250e+03	2.832270011249027331e-04
2.069497160000000349e+03	2.723516407673737261e-04
2.069527300000000196e+03	2.714759898820168216e-04
2.069557430000000295e+03	2.756006295245028159e-04
2.069587560000000394e+03	2.897252691669710556e-04
2.069617700000000241e+03	2.988496182816241520e-04
2.069647830000000340e+03	3.079742579240873912e-04
2.069677970000000187e+03	3.120986070387354872e-04
2.069708100000000286e+03	3.162232466811937259e-04
2.069738230000000385e+03	3.253478863236708429e-04
2.069768370000000232e+03	3.344722354383239393e-04
2.069798500000000331e+03	3.385968750807960559e-04
2.069828630000000430e+03	3.377215147232770498e-04
2.069858770000000277e+03	3.268458638379101444e-04
2.069888900000000376e+03	3.059705034803850143e-04
2.069919040000000223e+03	2.850948525950219858e-04
2.069949170000000322e+03	2.742194922374929789e-04
2.069979300000000421e+03	2.833441318799700959e-04
2.070009440000000268e+03	3.124684809946154385e-04
2.070039570000000367e+03	3.565931206370998030e-04
2.070069710000000214e+03	4.007174697517462691e-04
2.070099840000000313e+03	4.298421093942017546e-04
2.070129970000000412e+03	4.389667490366788716e-04
2.070160110000000259e+03	4.180910981513158431e-04
2.070190240000000358e+03	3.872157377937945899e-04
2.070220370000000457e+03	3.613403774362644594e-04
2.070250510000000304e+03	3.454647265509203091e-04
2.070280640000000403e+03	3.445893661933874252e-04
2.070310780000000250e+03	3.587137153080316443e-04
2.070340910000000349e+03	3.728383549504998840e-04
2.070371040000000448e+03	3.719629945929670001e-04
2.070401180000000295e+03	3.560873437076228498e-04
2.070431310000000394e+03	3.202119833500965962e-04
2.070461440000000493e+03	2.743366229925742195e-04
2.070491580000000340e+03	2.384609721072100674e-04
2.070521710000000439e+03	2.225856117496899378e-04
2.070551850000000286e+03	2.267099608643241559e-04
2.070581980000000385e+03	2.508346005067885187e-04
2.070612110000000484e+03	2.749592401492806371e-04
2.070642250000000331e+03	2.990835892639348570e-04
2.070672380000000430e+03	3.082082289063980962e-04
2.070702520000000277e+03	3.073325780210411917e-04
2.070732650000000376e+03	3.014572176635033074e-04
2.070762780000000475e+03	2.855818573059693000e-04
2.070792920000000322e+03	2.747062064206162724e-04
2.070823050000000421e+03	2.638308460631011432e-04
2.070853180000000521e+03	2.529554857055860140e-04
2.070883320000000367e+03	2.420798348202191086e-04
2.070913450000000466e+03	2.362044744626951021e-04
2.070943590000000313e+03	2.403288235773293202e-04
2.070973720000000412e+03	2.494534632198064372e-04
2.071003850000000511e+03	2.635781028622885547e-04
2.071033990000000358e+03	2.777024519769188959e-04
2.071064120000000457e+03	2.968270916194060138e-04
2.071094260000000304e+03	3.109514407340502329e-04
2.071124390000000403e+03	3.200760803765134721e-04
2.071154520000000502e+03	3.242007200189855887e-04
2.071184660000000349e+03	3.283250691336336846e-04
2.071214790000000448e+03	3.374497087761108016e-04
2.071244920000000548e+03	3.415743484185690404e-04
2.071275060000000394e+03	3.456986975332310141e-04
2.071305190000000493e+03	3.448233371756981303e-04
2.071335330000000340e+03	3.289476862903401022e-04
2.071365460000000439e+03	3.080723259328149721e-04
2.071395590000000539e+03	2.871969655752759643e-04
2.071425730000000385e+03	2.663213146899268136e-04
2.071455860000000484e+03	2.604459543324028070e-04
2.071485990000000129e+03	2.595705939748838009e-04
2.071516130000000430e+03	2.736949430895280200e-04
2.071546260000000530e+03	2.828195827319912592e-04
2.071576400000000376e+03	2.919439318466304778e-04
2.071606530000000475e+03	2.860685714891064713e-04
2.071636660000000575e+03	2.751932111315774643e-04
2.071666800000000421e+03	2.543175602462283136e-04
2.071696930000000521e+03	2.434421998887131844e-04
2.071727070000000367e+03	2.375665490033512794e-04
2.071757200000000466e+03	2.416911886458233960e-04
2.071787330000000566e+03	2.658158282882877588e-04
2.071817470000000412e+03	2.949401774029331014e-04
2.071847600000000511e+03	3.240648170454024646e-04
2.071877730000000156e+03	3.431894566878895825e-04
2.071907870000000457e+03	3.523138058025288011e-04
2.071938000000000557e+03	3.414384454449997941e-04
2.071968140000000403e+03	3.105627945596406425e-04
2.071998270000000502e+03	2.746874342021143889e-04
2.072028400000000147e+03	2.388120738446020130e-04
2.072058540000000448e+03	2.179364229592389846e-04
2.072088670000000548e+03	2.120610626017011002e-04
2.072118800000000192e+03	2.261857022441832177e-04
2.072148940000000493e+03	2.603100513588196829e-04
2.072179070000000138e+03	2.994346910013129248e-04
2.072209210000000439e+03	3.335590401159355123e-04
2.072239340000000539e+03	3.576836797583998750e-04
2.072269470000000183e+03	3.668083194008908698e-04
2.072299610000000484e+03	3.659326685155200876e-04
2.072329740000000129e+03	3.600573081580099588e-04
2.072359880000000430e+03	3.491816572726569312e-04
2.072390010000000530e+03	3.383062969151140464e-04
2.072420140000000174e+03	3.374309365576089181e-04
2.072450280000000475e+03	3.315552856722331354e-04
2.072480410000000575e+03	3.356799253147052520e-04
2.072510540000000219e+03	3.348045649571862459e-04
2.072540680000000521e+03	3.389289140718343418e-04
2.072570810000000165e+03	3.380535537143153357e-04
2.072600950000000466e+03	3.221779028289434299e-04
2.072631080000000566e+03	3.013025424714044220e-04
2.072661210000000210e+03	2.654271821139059240e-04
2.072691350000000511e+03	2.345515312285328946e-04
2.072721480000000156e+03	2.086761708710166419e-04
2.072751620000000457e+03	2.078005199856597374e-04
2.072781750000000557e+03	2.319251596281241001e-04
2.072811880000000201e+03	2.760497992706084647e-04
2.072842020000000502e+03	3.151741483852360526e-04
2.072872150000000147e+03	3.292987880277320478e-04
2.072902280000000246e+03	3.134234276701980404e-04
2.072932420000000548e+03	2.625477767848466426e-04
2.072962550000000192e+03	2.016724164273092645e-04
2.072992690000000493e+03	1.607967655419539899e-04
2.073022820000000138e+03	1.699214051844311069e-04
2.073052950000000237e+03	2.290460448269165949e-04
2.073083090000000539e+03	3.181703939415386762e-04
2.073113220000000183e+03	3.922950335840252878e-04
2.073143350000000282e+03	4.064196732264935275e-04
2.073173490000000129e+03	3.405440223411271283e-04
2.073203620000000228e+03	2.096686619836168886e-04
2.073233760000000530e+03	5.379301109824374816e-05
2.073263890000000174e+03	-6.708234925925649073e-05
2.073294020000000273e+03	-9.795770961679162170e-05
2.073324160000000575e+03	-1.883336050216566360e-05
2.073354290000000219e+03	1.502912791403188120e-04
2.073384430000000521e+03	3.494156282549537584e-04
2.073414560000000165e+03	5.135402678974471113e-04
2.073444690000000264e+03	5.876649075399198452e-04
2.073474830000000566e+03	5.617892566545379385e-04
2.073504960000000210e+03	4.659138962970349462e-04
2.073535090000000309e+03	3.450385359394930740e-04
2.073565230000000156e+03	2.491628850541383056e-04
2.073595360000000255e+03	2.082875246966070515e-04
2.073625500000000557e+03	2.224118738112512705e-04
2.073655630000000201e+03	2.615365134537445124e-04
2.073685760000000300e+03	3.006611530962099987e-04
2.073715900000000147e+03	3.097855022108630951e-04
2.073746030000000246e+03	2.839101418533190868e-04
2.073776160000000345e+03	2.380347814957967101e-04
2.073806300000000192e+03	1.921591306104364349e-04
2.073836430000000291e+03	1.762837702529163053e-04
2.073866570000000138e+03	1.904081193675744021e-04
2.073896700000000237e+03	2.345327590100448889e-04
2.073926830000000336e+03	2.886573986525114988e-04
2.073956970000000183e+03	3.277817477671529645e-04
2.073987100000000282e+03	3.469063874096123268e-04
2.074017240000000129e+03	3.360307365242592992e-04
2.074047370000000228e+03	3.051553761667380460e-04
2.074077500000000327e+03	2.692800158092256702e-04
2.074107640000000174e+03	2.334043649238615181e-04
2.074137770000000273e+03	2.075290045663313876e-04
2.074167900000000373e+03	1.966536442088023806e-04
2.074198040000000219e+03	2.057779933234415992e-04
2.074228170000000318e+03	2.249026329659287171e-04
2.074258310000000165e+03	2.590269820805651824e-04
2.074288440000000264e+03	2.981516217230445465e-04
2.074318570000000364e+03	3.372762613655100328e-04
2.074348710000000210e+03	3.664006104801553754e-04
2.074378840000000309e+03	3.755252501226186146e-04
2.074408980000000156e+03	3.696495992372705874e-04
2.074439110000000255e+03	3.487742388797454574e-04
2.074469240000000354e+03	3.228988785222153268e-04
2.074499380000000201e+03	2.970232276368750535e-04
2.074529510000000300e+03	2.811478672793410460e-04
2.074559640000000400e+03	2.652725069218070386e-04
2.074589780000000246e+03	2.593968560364451337e-04
2.074619910000000345e+03	2.485214956789161267e-04
2.074650050000000192e+03	2.326458447935719764e-04
2.074680180000000291e+03	2.117704844360468464e-04
2.074710310000000391e+03	2.008951240785178394e-04
2.074740450000000237e+03	2.000194731931609349e-04
2.074770580000000336e+03	2.141441128356291745e-04
2.074800710000000436e+03	2.432687524780985378e-04
2.074830850000000282e+03	2.773931015927488808e-04
2.074860980000000382e+03	3.065177412352182440e-04
2.074891120000000228e+03	3.256420903498674635e-04
2.074921250000000327e+03	3.197667299923434570e-04
2.074951380000000427e+03	3.038913696348094495e-04
2.074981520000000273e+03	2.880157187494514215e-04
2.075011650000000373e+03	2.721403583919312918e-04
2.075041790000000219e+03	2.712647075065743874e-04
2.075071920000000318e+03	2.803893471490515044e-04
2.075102050000000418e+03	2.945139867915197440e-04
2.075132190000000264e+03	2.986383359061678400e-04
2.075162320000000364e+03	2.977629755486349561e-04
2.075192450000000463e+03	2.868876151911059491e-04
2.075222590000000309e+03	2.660119643057567984e-04
2.075252720000000409e+03	2.501366039482227910e-04
2.075282860000000255e+03	2.442609530628747638e-04
2.075312990000000354e+03	2.533855927053518808e-04
2.075343120000000454e+03	2.675102323478201205e-04
2.075373260000000300e+03	2.866345814624693400e-04
2.075403390000000400e+03	2.907592211049275788e-04
2.075433530000000246e+03	2.848835702195795516e-04
2.075463660000000345e+03	2.640082098620405437e-04
2.075493790000000445e+03	2.381328495045242910e-04
2.075523930000000291e+03	2.172571986191751403e-04
2.075554060000000391e+03	2.013818382616550107e-04
2.075584190000000490e+03	2.055064779041132494e-04
2.075614330000000336e+03	2.196308270187574685e-04
2.075644460000000436e+03	2.437554666612218313e-04
2.075674600000000282e+03	2.678798157758621734e-04
2.075704730000000382e+03	2.870044554183492913e-04
2.075734860000000481e+03	2.961290950608264083e-04
2.075765000000000327e+03	3.002534441754745043e-04
2.075795130000000427e+03	2.943780838179366199e-04
2.075825260000000526e+03	2.885027234604126134e-04
2.075855400000000373e+03	2.726270725750545854e-04
2.075885530000000472e+03	2.567517122175344557e-04
2.075915670000000318e+03	2.308760613321803046e-04
2.075945800000000418e+03	2.000007009746590514e-04
2.075975930000000517e+03	1.791253406171200435e-04
2.076006070000000364e+03	1.682496897317670159e-04
2.076036200000000463e+03	1.823743293742352556e-04
2.076066340000000309e+03	2.164986784888717208e-04
2.076096470000000409e+03	2.656233181313610858e-04
2.076126600000000508e+03	3.197479577738276957e-04
2.076156740000000354e+03	3.588723068884830392e-04
2.076186870000000454e+03	3.829969465309474019e-04
2.076217000000000553e+03	3.821215861734145181e-04
2.076247140000000400e+03	3.612459352880653674e-04
2.076277270000000499e+03	3.353705749305213590e-04
2.076307410000000345e+03	3.144949240451860861e-04
2.076337540000000445e+03	3.136195636876532022e-04
2.076367670000000544e+03	3.277442033301353197e-04
2.076397810000000391e+03	3.518685524447756618e-04
2.076427940000000490e+03	3.759931920872400246e-04
2.076458070000000134e+03	3.851178317297310194e-04
2.076488210000000436e+03	3.842421808443463593e-04
2.076518340000000535e+03	3.583668204868301066e-04
2.076548480000000382e+03	3.224911696014798324e-04
2.076578610000000481e+03	2.816158092439624561e-04
2.076608740000000580e+03	2.557404488864184477e-04
2.076638880000000427e+03	2.398647980010604197e-04
2.076669010000000526e+03	2.389894376435275358e-04
2.076699150000000373e+03	2.531137867581717549e-04
2.076729280000000472e+03	2.722384264006588728e-04
2.076759410000000571e+03	2.813630660431221120e-04
2.076789550000000418e+03	2.754874151577879626e-04
2.076819680000000517e+03	2.646120548002450779e-04
2.076849810000000161e+03	2.487366944427249482e-04
2.076879950000000463e+03	2.378610435573580428e-04
2.076910080000000562e+03	2.469856831998212821e-04
2.076940220000000409e+03	2.711100323144893798e-04
2.076970350000000508e+03	3.052346719569498656e-04
2.077000480000000152e+03	3.443593115994292297e-04
2.077030620000000454e+03	3.634836607140784492e-04
2.077060750000000553e+03	3.576083003565405649e-04
2.077090890000000400e+03	3.267326494711814133e-04
2.077121020000000499e+03	2.708572891136490357e-04
2.077151150000000143e+03	2.199819287561494141e-04
2.077181290000000445e+03	1.891062778707763847e-04
2.077211420000000544e+03	1.882309175132573786e-04
2.077241550000000188e+03	2.173555571557406196e-04
2.077271690000000490e+03	2.614799062703732080e-04
2.077301820000000134e+03	3.056045459128575725e-04
2.077331960000000436e+03	3.197288950274740360e-04
2.077362090000000535e+03	3.088535346699589068e-04
2.077392220000000179e+03	2.729781743124465310e-04
2.077422360000000481e+03	2.321025234270773785e-04
2.077452490000000580e+03	2.012271630695561253e-04
2.077482620000000225e+03	2.003518027120371192e-04
2.077512760000000526e+03	2.294761518266547062e-04
2.077542890000000170e+03	2.736007914691529486e-04
2.077573030000000472e+03	3.177251405837855369e-04
2.077603160000000571e+03	3.418497802262637775e-04
2.077633290000000216e+03	3.359744198687258931e-04
2.077663430000000517e+03	3.100987689833717420e-04
2.077693560000000161e+03	2.692234086258543657e-04
2.077723700000000463e+03	2.333477577404902137e-04
2.077753830000000562e+03	2.074723973829600832e-04
2.077783960000000206e+03	2.015970370254499544e-04
2.077814100000000508e+03	2.107213861400891730e-04
2.077844230000000152e+03	2.248460257825574127e-04
2.077874360000000252e+03	2.389706654250395301e-04
2.077904500000000553e+03	2.430950145396737483e-04
2.077934630000000197e+03	2.372196541821636195e-04
2.077964770000000499e+03	2.263440032967967142e-04
2.077994900000000143e+03	2.154686429392677072e-04
2.078025030000000243e+03	2.095932825817437006e-04
2.078055170000000544e+03	2.037176316963817957e-04
2.078085300000000188e+03	2.028422713388627896e-04
2.078115430000000288e+03	2.069669109813349062e-04
2.078145570000000134e+03	2.260912600959841257e-04
2.078175700000000234e+03	2.452158997384573658e-04
2.078205840000000535e+03	2.743402488530888306e-04
2.078235970000000179e+03	3.034648884955720716e-04
2.078266100000000279e+03	3.225895281380314339e-04
2.078296240000000580e+03	3.317138772526706525e-04
2.078326370000000225e+03	3.258385168951744015e-04
2.078356510000000526e+03	3.049628660097836175e-04
2.078386640000000170e+03	2.840875056522862430e-04
2.078416770000000270e+03	2.582121452947422346e-04
2.078446910000000571e+03	2.423364944093980844e-04
2.078477040000000216e+03	2.364611340518602001e-04
2.078507170000000315e+03	2.305857736943361935e-04
2.078537310000000161e+03	2.247101228090020442e-04
2.078567440000000261e+03	2.188347624514641598e-04
2.078597580000000562e+03	2.129591115660883771e-04
2.078627710000000206e+03	2.070837512085782484e-04
2.078657840000000306e+03	2.112083908510364871e-04
2.078687980000000152e+03	2.303327399656857066e-04
2.078718110000000252e+03	2.594573796081689476e-04
2.078748250000000553e+03	2.885817287228004124e-04
2.078778380000000197e+03	3.227063683652886539e-04
2.078808510000000297e+03	3.418310080077618940e-04
2.078838650000000143e+03	3.509553571224011126e-04
2.078868780000000243e+03	3.400799967648721056e-04
2.078898910000000342e+03	3.192046364073469755e-04
2.078929050000000188e+03	2.933289855219928244e-04
2.078959180000000288e+03	2.624536251644715712e-04
2.078989320000000134e+03	2.415779742791085427e-04
2.079019450000000234e+03	2.207026139215834126e-04
2.079049580000000333e+03	2.148272535640455283e-04
2.079079720000000179e+03	2.139516026786886238e-04
2.079109850000000279e+03	2.280762423211707413e-04
2.079139980000000378e+03	2.472008819636439814e-04
2.079170120000000225e+03	2.713252310782982013e-04
2.079200250000000324e+03	2.854498707207664410e-04
2.079230390000000170e+03	2.945742198354056596e-04
2.079260520000000270e+03	2.936988594778727757e-04
2.079290650000000369e+03	2.828234991203437687e-04
2.079320790000000216e+03	2.669478482349996185e-04
2.079350920000000315e+03	2.560724878774706115e-04
2.079381060000000161e+03	2.551968369921275848e-04
2.079411190000000261e+03	2.593214766345858235e-04
2.079441320000000360e+03	2.684461162770629405e-04
2.079471460000000206e+03	2.725704653916971587e-04
2.079501590000000306e+03	2.666951050341731522e-04
2.079531720000000405e+03	2.508197446766530225e-04
2.079561860000000252e+03	2.299440937912899940e-04
2.079591990000000351e+03	2.090687334337787417e-04
2.079622130000000197e+03	1.931930825484207137e-04
2.079652260000000297e+03	1.823177221908778289e-04
2.079682390000000396e+03	1.864423618333499455e-04
2.079712530000000243e+03	2.005667109479941645e-04
2.079742660000000342e+03	2.096913505904712816e-04
2.079772800000000188e+03	2.138156997051193775e-04
2.079802930000000288e+03	2.129403393476003714e-04
2.079833060000000387e+03	2.070649789900624871e-04
2.079863200000000234e+03	1.911893281047044590e-04
2.079893330000000333e+03	1.803139677471754521e-04
2.079923460000000432e+03	1.744386073896375677e-04
2.079953600000000279e+03	1.785629565042995415e-04
2.079983730000000378e+03	1.926875961467677811e-04
2.080013870000000225e+03	2.068119452614258780e-04
2.080044000000000324e+03	2.209365849038941176e-04
2.080074130000000423e+03	2.250612245463523564e-04
2.080104270000000270e+03	2.241855736609954519e-04
2.080134400000000369e+03	2.183102133034714454e-04
2.080164530000000468e+03	2.074348529459424384e-04
2.080194670000000315e+03	2.015592020606082890e-04
2.080224800000000414e+03	2.056838417030665278e-04
2.080254940000000261e+03	2.198081908177107469e-04
2.080285070000000360e+03	2.439328304601889874e-04
2.080315200000000459e+03	2.630574701026483497e-04
2.080345340000000306e+03	2.771818192172925688e-04
2.080375470000000405e+03	2.713064588597685622e-04
2.080405610000000252e+03	2.554308079744244120e-04
2.080435740000000351e+03	2.345554476168992819e-04
2.080465870000000450e+03	2.136800872593602740e-04
2.080496010000000297e+03	2.028044363740072464e-04
2.080526140000000396e+03	2.069290760164793630e-04
2.080556270000000495e+03	2.210537156589614805e-04
2.080586410000000342e+03	2.351780647736056995e-04
2.080616540000000441e+03	2.443027044160828165e-04
2.080646680000000288e+03	2.434270535307259120e-04
2.080676810000000387e+03	2.325516931731969050e-04
2.080706940000000486e+03	2.266763328156590207e-04
2.080737080000000333e+03	2.208006819302971158e-04
2.080767210000000432e+03	2.249253215727831101e-04
2.080797340000000531e+03	2.340499612152463493e-04
2.080827480000000378e+03	2.431743103298994457e-04
2.080857610000000477e+03	2.422989499723665618e-04
2.080887750000000324e+03	2.314232990870135342e-04
2.080917880000000423e+03	2.055479387294834037e-04
2.080948010000000522e+03	1.846725783719443958e-04
2.080978150000000369e+03	1.687969274866141234e-04
2.081008280000000468e+03	1.629215671290762391e-04
2.081038420000000315e+03	1.770459162437343359e-04
2.081068550000000414e+03	1.961705558861936982e-04
2.081098680000000513e+03	2.202951955286719388e-04
2.081128820000000360e+03	2.344195446433022800e-04
2.081158950000000459e+03	2.435441842857793970e-04
2.081189080000000558e+03	2.476688239282515136e-04
2.081219220000000405e+03	2.517931730428996095e-04
2.081249350000000504e+03	2.609178126853767266e-04
2.081279490000000351e+03	2.750421618000209456e-04
2.081309620000000450e+03	2.791668014424930622e-04
2.081339750000000549e+03	2.732914410849551778e-04
2.081369890000000396e+03	2.574157901995971498e-04
2.081400020000000495e+03	2.265404298420758966e-04
2.081430160000000342e+03	2.006647789567217455e-04
2.081460290000000441e+03	1.847894185992016158e-04
2.081490420000000540e+03	1.889140582416737324e-04
2.081520560000000387e+03	2.130384073563140745e-04
2.081550690000000486e+03	2.471630469987884382e-04
2.081580820000000131e+03	2.762876866412855570e-04
2.081610960000000432e+03	2.954120357559070209e-04
2.081641090000000531e+03	2.845366753983780139e-04
2.081671230000000378e+03	2.586610245130377406e-04
2.081701360000000477e+03	2.227856641554976092e-04
2.081731490000000576e+03	1.919103037979624782e-04
2.081761630000000423e+03	1.710346529126133275e-04
2.081791760000000522e+03	1.701592925550804436e-04
2.081821890000000167e+03	1.742839321975664379e-04
2.081852030000000468e+03	1.884082813121967792e-04
2.081882160000000567e+03	1.925329209546827736e-04
2.081912300000000414e+03	1.916572700693258691e-04
2.081942430000000513e+03	1.857819097117879847e-04
2.081972560000000158e+03	1.799065493542917338e-04
2.082002700000000459e+03	1.840308984688981964e-04
2.082032830000000558e+03	1.931555381113891912e-04
2.082062970000000405e+03	2.072798872260334102e-04
2.082093100000000504e+03	2.264045268685066503e-04
2.082123230000000149e+03	2.405291665109887678e-04
2.082153370000000450e+03	2.496535156256141086e-04
2.082183500000000549e+03	2.487781552680812247e-04
2.082213630000000194e+03	2.429027949105849737e-04
2.082243770000000495e+03	2.320271440252041906e-04
2.082273900000000140e+03	2.211517836676890614e-04
2.082304040000000441e+03	2.102761327823360338e-04
2.082334170000000540e+03	2.044007724247981495e-04
2.082364300000000185e+03	1.935254120672830203e-04
2.082394440000000486e+03	1.876497611819072375e-04
2.082424570000000131e+03	1.867744008244021092e-04
2.082454700000000230e+03	1.908990404668742258e-04
2.082484840000000531e+03	2.050233895815184448e-04
2.082514970000000176e+03	2.241480292239778072e-04
2.082545110000000477e+03	2.432723783386270267e-04
2.082575240000000576e+03	2.523970179810902659e-04
2.082605370000000221e+03	2.515216576235851376e-04
2.082635510000000522e+03	2.506460067382143553e-04
2.082665640000000167e+03	2.397706463806992261e-04
2.082695780000000468e+03	2.338949954953373211e-04
2.082725910000000567e+03	2.380196351378094377e-04
2.082756040000000212e+03	2.471442747802865547e-04
2.082786180000000513e+03	2.562686238949118955e-04
2.082816310000000158e+03	2.703932635374078908e-04
2.082846440000000257e+03	2.745179031798800073e-04
2.082876580000000558e+03	2.786422522945142255e-04
2.082906710000000203e+03	2.777668919369952194e-04
2.082936850000000504e+03	2.718912410516333145e-04
2.082966980000000149e+03	2.710158806941143084e-04
2.082997110000000248e+03	2.751405203365864249e-04
2.083027250000000549e+03	2.742648694512156426e-04
2.083057380000000194e+03	2.683895090937055139e-04
2.083087520000000495e+03	2.525138582083336081e-04
2.083117650000000140e+03	2.316384978508223558e-04
2.083147780000000239e+03	2.107631374932833479e-04
2.083177920000000540e+03	1.898874866079203194e-04
2.083208050000000185e+03	1.740121262504140676e-04
2.083238180000000284e+03	1.731367658928811837e-04
2.083268320000000131e+03	1.872611150075254027e-04
2.083298450000000230e+03	2.063857546499986428e-04
2.083328590000000531e+03	2.305101037646389850e-04
2.083358720000000176e+03	2.546347434071033478e-04
2.083388850000000275e+03	2.737593830495904657e-04
2.083418990000000576e+03	2.778837321642246838e-04
2.083449120000000221e+03	2.670083718067095546e-04
2.083479250000000320e+03	2.411330114491794241e-04
2.083509390000000167e+03	2.102573605638202725e-04
2.083539520000000266e+03	1.793820002062851415e-04
2.083569660000000567e+03	1.535063493209309904e-04
2.083599790000000212e+03	1.526309889634119843e-04
2.083629920000000311e+03	1.667556286058941017e-04
2.083660060000000158e+03	2.008799777205444448e-04
2.083690190000000257e+03	2.400046173630099311e-04
2.083720330000000558e+03	2.691289664776413959e-04
2.083750460000000203e+03	2.782536061201185129e-04
2.083780590000000302e+03	2.673782457626033837e-04
2.083810730000000149e+03	2.365025948772442321e-04
2.083840860000000248e+03	2.006272345197179785e-04
2.083870990000000347e+03	1.747518741621878480e-04
2.083901130000000194e+03	1.738762232768309435e-04
2.083931260000000293e+03	1.880008629192991831e-04
2.083961400000000140e+03	2.221252120339356484e-04
2.083991530000000239e+03	2.512498516764188894e-04
2.084021660000000338e+03	2.703744913188921295e-04
2.084051800000000185e+03	2.594988404335529797e-04
2.084081930000000284e+03	2.336234800760089714e-04
2.084112070000000131e+03	1.927478291906536967e-04
2.084142200000000230e+03	1.618724688331185657e-04
2.084172330000000329e+03	1.459971084755845583e-04
2.084202470000000176e+03	1.551214575902515325e-04
2.084232600000000275e+03	1.792460972327158952e-04
2.084262730000000374e+03	2.183707368751952593e-04
2.084292870000000221e+03	2.524950859898456024e-04
2.084323000000000320e+03	2.666197256322999642e-04
2.084353140000000167e+03	2.607440747469519371e-04
2.084383270000000266e+03	2.348687143894218066e-04
2.084413400000000365e+03	2.039933540319005534e-04
2.084443540000000212e+03	1.681177031465364013e-04
2.084473670000000311e+03	1.472423427890251491e-04
2.084503800000000410e+03	1.363669824314822643e-04
2.084533940000000257e+03	1.454913315461353607e-04
2.084564070000000356e+03	1.646159711885947230e-04
2.084594210000000203e+03	1.937403203032400656e-04
2.084624340000000302e+03	2.228649599457233066e-04
2.084654470000000401e+03	2.469895995881876694e-04
2.084684610000000248e+03	2.561139487028407657e-04
2.084714740000000347e+03	2.552385883453078819e-04
2.084744880000000194e+03	2.443629374599548543e-04
2.084775010000000293e+03	2.334875771024258473e-04
2.084805140000000392e+03	2.176122167448918399e-04
2.084835280000000239e+03	2.117365658595438127e-04
2.084865410000000338e+03	2.058612055020198062e-04
2.084895540000000437e+03	2.049858451445008001e-04
2.084925680000000284e+03	1.991101942591388951e-04
2.084955810000000383e+03	1.882348339016098882e-04
2.084985950000000230e+03	1.773591830162568606e-04
2.085016080000000329e+03	1.714838226587189762e-04
2.085046210000000428e+03	1.706084623011999701e-04
2.085076350000000275e+03	1.747328114158619439e-04
2.085106480000000374e+03	1.888574510583163057e-04
2.085136610000000474e+03	2.029820907007845454e-04
2.085166750000000320e+03	2.121064398154376418e-04
2.085196880000000419e+03	2.112310794579047579e-04
2.085227020000000266e+03	2.053554285725428530e-04
2.085257150000000365e+03	1.944800682150277238e-04
2.085287280000000464e+03	1.836047078574987168e-04
2.085317420000000311e+03	1.877290569721468128e-04
2.085347550000000410e+03	1.968536966146100520e-04
2.085377690000000257e+03	2.059780457292631484e-04
2.085407820000000356e+03	2.151026853717263876e-04
2.085437950000000455e+03	2.092273250142023810e-04
2.085468090000000302e+03	1.933516741288443530e-04
2.085498220000000401e+03	1.724763137713331007e-04
2.085528350000000501e+03	1.616009534138040937e-04
2.085558490000000347e+03	1.557253025284421888e-04
2.085588620000000446e+03	1.748499421709015511e-04
2.085618760000000293e+03	2.039742912855468937e-04
2.085648890000000392e+03	2.330989309280301347e-04
2.085679020000000492e+03	2.572235705704944975e-04
2.085709160000000338e+03	2.563479196851514708e-04
2.085739290000000437e+03	2.354725593276263407e-04
2.085769430000000284e+03	1.995969084422621886e-04
2.085799560000000383e+03	1.587215480847309346e-04
2.085829690000000483e+03	1.328461877272008040e-04
2.085859830000000329e+03	1.219705368418616542e-04
2.085889960000000428e+03	1.360951764843298939e-04
2.085920090000000528e+03	1.652198161267992571e-04
2.085950230000000374e+03	1.993441652414496001e-04
2.085980360000000474e+03	2.234688048839139629e-04
2.086010500000000320e+03	2.325931539985531815e-04
2.086040630000000419e+03	2.217177936410241745e-04
2.086070760000000519e+03	1.958424332835079218e-04
2.086100900000000365e+03	1.549667823981526471e-04
2.086131030000000464e+03	1.190914220406263935e-04
2.086161160000000564e+03	9.321606168309626295e-05
2.086191300000000410e+03	8.234041079774323535e-05
2.086221430000000510e+03	8.646505044020147412e-05
2.086251570000000356e+03	1.055893995548506936e-04
2.086281700000000455e+03	1.247140391973378115e-04
2.086311830000000555e+03	1.438386788397971738e-04
2.086341970000000401e+03	1.529630279544502702e-04
2.086372100000000501e+03	1.620876675969273872e-04
2.086402240000000347e+03	1.612120167115704827e-04
2.086432370000000446e+03	1.703366563540337220e-04
2.086462500000000546e+03	1.894612959965069621e-04
2.086492640000000392e+03	2.185856451111523047e-04
2.086522770000000492e+03	2.427102847536305452e-04
2.086552900000000136e+03	2.668349243961087858e-04
2.086583040000000437e+03	2.659592735107518813e-04
2.086613170000000537e+03	2.500839131532178738e-04
2.086643310000000383e+03	2.142082622678537218e-04
2.086673440000000483e+03	1.733329019103224677e-04
2.086703570000000582e+03	1.474575415528062150e-04
2.086733710000000428e+03	1.365818906674531874e-04
2.086763840000000528e+03	1.507065303099353049e-04
2.086793980000000374e+03	1.848308794245717701e-04
2.086824110000000474e+03	2.189555190670461338e-04
2.086854240000000573e+03	2.430801587095104965e-04
2.086884380000000419e+03	2.472045078241585925e-04
2.086914510000000519e+03	2.263291474666334624e-04
2.086944640000000163e+03	1.854537871091160861e-04
2.086974780000000464e+03	1.495781362237519341e-04
2.087004910000000564e+03	1.187027758662306809e-04
2.087035050000000410e+03	1.128271249808687759e-04
2.087065180000000510e+03	1.269517646233370156e-04
2.087095310000000154e+03	1.560764042658341344e-04
2.087125450000000455e+03	1.852007533804517214e-04
2.087155580000000555e+03	2.093253930229438398e-04
2.087185710000000199e+03	2.134500326654020785e-04
2.087215850000000501e+03	2.025743817800490509e-04
2.087245980000000145e+03	1.816990214225239209e-04
2.087276120000000446e+03	1.558233705371558919e-04
2.087306250000000546e+03	1.399480101796357623e-04
2.087336380000000190e+03	1.390726498221167562e-04
2.087366520000000492e+03	1.481969989367698526e-04
2.087396650000000136e+03	1.673216385792292149e-04
2.087426790000000437e+03	1.864459876938784344e-04
2.087456920000000537e+03	1.905706273363366732e-04
2.087487050000000181e+03	1.896952669788315449e-04
2.087517190000000483e+03	1.738196160934596390e-04
2.087547320000000582e+03	1.579442557359395094e-04
2.087577450000000226e+03	1.470688953784105024e-04
2.087607590000000528e+03	1.461932444930535979e-04
2.087637720000000172e+03	1.603178841355357154e-04
2.087667860000000474e+03	1.844422332501621797e-04
2.087697990000000573e+03	2.085668728926404203e-04
2.087728120000000217e+03	2.226915125351364155e-04
2.087758260000000519e+03	2.268158616497567559e-04
2.087788390000000163e+03	2.209405012922466272e-04
2.087818520000000262e+03	2.050651409347126197e-04
2.087848660000000564e+03	1.941894900493457143e-04
2.087878790000000208e+03	1.933141296918405860e-04
2.087908930000000510e+03	2.024384788064659269e-04
2.087939060000000154e+03	2.215631184489530447e-04
2.087969190000000253e+03	2.406877580914262849e-04
2.087999330000000555e+03	2.548121072060705039e-04
2.088029460000000199e+03	2.589367468485287427e-04
2.088059600000000501e+03	2.480610959631757151e-04
2.088089730000000145e+03	2.321857356056694632e-04
2.088119860000000244e+03	2.163103752481354558e-04
2.088150000000000546e+03	2.004347243627635500e-04
2.088180130000000190e+03	1.895593640052484208e-04
2.088210260000000289e+03	1.836840036477105365e-04
2.088240400000000136e+03	1.828083527623536320e-04
2.088270530000000235e+03	1.819329924048346259e-04
2.088300670000000537e+03	1.760573415194727209e-04
2.088330800000000181e+03	1.751819811619675926e-04
2.088360930000000280e+03	1.743066208044347087e-04
2.088391070000000582e+03	1.784309699190550491e-04
2.088421200000000226e+03	1.925556095615371666e-04
2.088451340000000528e+03	2.116799586761863861e-04
2.088481470000000172e+03	2.358045983186646266e-04
2.088511600000000271e+03	2.499292379611467441e-04
2.088541740000000573e+03	2.590535870757582071e-04
2.088571870000000217e+03	2.531782267182619561e-04
2.088602000000000317e+03	2.373028663607279487e-04
2.088632140000000163e+03	2.114272154753599198e-04
2.088662270000000262e+03	1.905518551178486675e-04
2.088692410000000564e+03	1.696762042324717612e-04
2.088722540000000208e+03	1.488008438749743867e-04
2.088752670000000307e+03	1.279254835174353788e-04
2.088782810000000154e+03	1.070498326320862281e-04
2.088812940000000253e+03	8.617447227454722025e-05
2.088843070000000353e+03	6.529911191702209017e-05
2.088873210000000199e+03	5.942346103167406302e-05
2.088903340000000298e+03	6.354810067414617958e-05
2.088933480000000145e+03	9.267244978879152217e-05
2.088963610000000244e+03	1.317970894312570085e-04
2.088993740000000344e+03	1.759217290737274952e-04
2.089023880000000190e+03	2.100460781883778383e-04
2.089054010000000289e+03	2.241707178308460779e-04
2.089084150000000136e+03	2.032950669454969272e-04
2.089114280000000235e+03	1.674197065879706736e-04
2.089144410000000335e+03	1.215443462304482969e-04
2.089174550000000181e+03	8.566869534508414485e-05
2.089204680000000280e+03	7.479333498755513787e-05
2.089234810000000380e+03	8.391797463001837709e-05
2.089264950000000226e+03	1.130423237446637197e-04
2.089295080000000326e+03	1.521669633871430838e-04
2.089325220000000172e+03	1.862913125017934268e-04
2.089355350000000271e+03	2.104159521442716674e-04
2.089385480000000371e+03	2.195405917867349066e-04
2.089415620000000217e+03	2.236649409013830025e-04
2.089445750000000317e+03	2.177895805438451182e-04
2.089475880000000416e+03	2.119142201863211117e-04
2.089506020000000262e+03	2.060385693009730845e-04
2.089536150000000362e+03	1.951632089434440775e-04
2.089566290000000208e+03	1.742875580580949268e-04
2.089596420000000307e+03	1.484121977005647963e-04
2.089626550000000407e+03	1.275368373430257884e-04
2.089656690000000253e+03	1.116611864576677604e-04
2.089686820000000353e+03	1.157858261001398770e-04
2.089716960000000199e+03	1.349101752148029743e-04
2.089747090000000298e+03	1.690348148572634601e-04
2.089777220000000398e+03	2.031594544997517016e-04
2.089807360000000244e+03	2.222838036143870433e-04
2.089837490000000344e+03	2.264084432568591598e-04
2.089867620000000443e+03	2.055330828993201520e-04
2.089897760000000289e+03	1.796574320139660008e-04
2.089927890000000389e+03	1.537820716564497481e-04
2.089958030000000235e+03	1.329064207711005974e-04
2.089988160000000335e+03	1.320310604135677135e-04
2.090018290000000434e+03	1.361557000560398301e-04
2.090048430000000280e+03	1.502800491706840491e-04
2.090078560000000380e+03	1.594046888131472883e-04
2.090108700000000226e+03	1.585290379277903838e-04
2.090138830000000326e+03	1.576536775702713777e-04
2.090168960000000425e+03	1.467783172127562485e-04
2.090199100000000271e+03	1.409026663273943436e-04
2.090229230000000371e+03	1.400273059698614597e-04
2.090259360000000470e+03	1.491519456123385767e-04
2.090289500000000317e+03	1.582762947269777953e-04
2.090319630000000416e+03	1.674009343694549123e-04
2.090349770000000262e+03	1.665252834840980078e-04
2.090379900000000362e+03	1.556499231265828787e-04
2.090410030000000461e+03	1.347745627690438708e-04
2.090440170000000307e+03	1.088989118836897196e-04
2.090470300000000407e+03	8.302355152615958911e-05
2.090500430000000506e+03	7.214819116863058213e-05
2.090530570000000353e+03	7.627254028327867807e-05
2.090560700000000452e+03	1.003971799257430408e-04
2.090590840000000298e+03	1.345215290404072617e-04
2.090620970000000398e+03	1.736461686828727480e-04
2.090651100000000497e+03	2.077708083253332338e-04
2.090681240000000344e+03	2.268951574399824533e-04
2.090711370000000443e+03	2.210197970824445690e-04
2.090741510000000289e+03	2.051441461971004188e-04
2.090771640000000389e+03	1.742687858395791656e-04
2.090801770000000488e+03	1.433934254820579124e-04
2.090831910000000335e+03	1.175177745967037612e-04
2.090862040000000434e+03	1.066424142391608765e-04
2.090892170000000533e+03	1.057670538816279926e-04
2.090922310000000380e+03	1.098914029962760885e-04
2.090952440000000479e+03	1.240160426387582060e-04
2.090982580000000326e+03	1.331403917533974246e-04
2.091012710000000425e+03	1.422650313958745416e-04
2.091042840000000524e+03	1.463896710383466582e-04
2.091072980000000371e+03	1.505140201529947541e-04
2.091103110000000470e+03	1.446386597954568698e-04
2.091133250000000317e+03	1.387630089100949649e-04
2.091163380000000416e+03	1.328876485525848361e-04
2.091193510000000515e+03	1.320122881950519522e-04
2.091223650000000362e+03	1.311366373097089255e-04
2.091253780000000461e+03	1.352612769521671643e-04
2.091283910000000560e+03	1.443859165946442813e-04
2.091314050000000407e+03	1.535102657092834999e-04
2.091344180000000506e+03	1.576349053517556165e-04
2.091374320000000353e+03	1.617592544664037124e-04
2.091404450000000452e+03	1.608838941088708285e-04
2.091434580000000551e+03	1.650085337513568229e-04
2.091464720000000398e+03	1.691328828660049188e-04
2.091494850000000497e+03	1.882575225084642812e-04
2.091524980000000141e+03	2.073821621509652768e-04
2.091555120000000443e+03	2.265065112655728630e-04
2.091585250000000542e+03	2.356311509080638578e-04
2.091615390000000389e+03	2.297555000227019528e-04
2.091645520000000488e+03	2.038801396651857001e-04
2.091675650000000132e+03	1.630047793076683238e-04
2.091705790000000434e+03	1.271291284222902940e-04
2.091735920000000533e+03	1.062537680647651639e-04
2.091766060000000380e+03	1.003781171794032590e-04
2.091796190000000479e+03	1.195027568218764991e-04
2.091826320000000578e+03	1.436273964643686174e-04
2.091856460000000425e+03	1.777517455790050827e-04
2.091886590000000524e+03	2.018763852214694454e-04
2.091916720000000169e+03	2.110010248639604402e-04
2.091946860000000470e+03	2.151253739785807806e-04
2.091976990000000569e+03	2.142500136210617745e-04
2.092007130000000416e+03	2.183743627357098704e-04
2.092037260000000515e+03	2.224990023781958648e-04
2.092067390000000159e+03	2.316236420206591040e-04
2.092097530000000461e+03	2.357479911352933222e-04
2.092127660000000560e+03	2.348726307777604383e-04
2.092157790000000205e+03	2.239972704202591869e-04
2.092187930000000506e+03	2.081216195348872811e-04
2.092218060000000150e+03	1.872462591773760288e-04
2.092248200000000452e+03	1.713706082920180007e-04
2.092278330000000551e+03	1.654952479344801164e-04
2.092308460000000196e+03	1.696198875769661107e-04
2.092338600000000497e+03	1.787442366915914516e-04
2.092368730000000141e+03	1.928688763340874468e-04
2.092398870000000443e+03	2.019932254487127876e-04
2.092429000000000542e+03	2.061178650911849042e-04
2.092459130000000187e+03	2.002425047336608976e-04
2.092489270000000488e+03	1.843668538483028696e-04
2.092519400000000132e+03	1.684914934907827400e-04
2.092549530000000232e+03	1.526161331332487325e-04
2.092579670000000533e+03	1.417404822478818271e-04
2.092609800000000178e+03	1.408651218903766988e-04
2.092639940000000479e+03	1.549894710050070401e-04
2.092670070000000578e+03	1.741141106474941580e-04
2.092700200000000223e+03	1.982387502899585208e-04
2.092730340000000524e+03	2.123630994046027398e-04
2.092760470000000169e+03	2.114877390470976115e-04
2.092790610000000470e+03	1.956120881617118279e-04
2.092820740000000569e+03	1.647367278041905747e-04
2.092850870000000214e+03	1.338613674466693215e-04
2.092881010000000515e+03	1.079857165613151704e-04
2.092911140000000159e+03	9.211035620378116295e-05
2.092941270000000259e+03	9.123499584626215686e-05
2.092971410000000560e+03	9.535934496089637502e-05
2.093001540000000205e+03	9.948398460338236937e-05
2.093031680000000506e+03	9.360833371802046443e-05
2.093061810000000150e+03	8.273297336049145745e-05
2.093091940000000250e+03	6.685761300297132781e-05
2.093122080000000551e+03	5.598196211760442242e-05
2.093152210000000196e+03	5.010660176009429367e-05
2.093182340000000295e+03	5.423124140256641024e-05
2.093212480000000141e+03	6.835559051721062929e-05
2.093242610000000241e+03	8.748023015968386940e-05
2.093272750000000542e+03	1.016045792743142107e-04
2.093302880000000187e+03	1.157292189167963281e-04
2.093333010000000286e+03	1.248538585592734451e-04
2.093363150000000132e+03	1.339782076739126637e-04
2.093393280000000232e+03	1.431028473163897807e-04
2.093423420000000533e+03	1.522271964310151215e-04
2.093453550000000178e+03	1.563518360735011159e-04
2.093483680000000277e+03	1.504764757159771094e-04
2.093513820000000578e+03	1.296008248306140809e-04
2.093543950000000223e+03	1.087254644731028286e-04
2.093574080000000322e+03	8.285010411555882026e-05
2.093604220000000169e+03	7.197445323021967045e-05
2.093634350000000268e+03	7.609909287269178702e-05
2.093664490000000569e+03	9.522344198731325093e-05
2.093694620000000214e+03	1.243480816297964919e-04
2.093724750000000313e+03	1.434727212722697320e-04
2.093754890000000159e+03	1.525970703869228284e-04
2.093785020000000259e+03	1.467217100293849441e-04
2.093815150000000358e+03	1.308463496718648145e-04
2.093845290000000205e+03	1.199706987865117869e-04
2.093875420000000304e+03	1.140953384289739025e-04
2.093905560000000150e+03	1.282196875436181216e-04
2.093935690000000250e+03	1.523443271860963621e-04
2.093965820000000349e+03	1.764689668285746027e-04
2.093995960000000196e+03	2.005933159432149449e-04
2.094026090000000295e+03	2.047179555857009392e-04
2.094056230000000141e+03	1.988423047003390343e-04
2.094086360000000241e+03	1.779669443428000264e-04
2.094116490000000340e+03	1.470915839852787732e-04
2.094146630000000187e+03	1.212159330999107443e-04
2.094176760000000286e+03	9.534057274239449153e-05
2.094206890000000385e+03	6.946521238486436101e-05
2.094237030000000232e+03	5.358956149952021075e-05
2.094267160000000331e+03	3.771420114198620333e-05
2.094297300000000178e+03	3.183855025663817617e-05
2.094327430000000277e+03	3.596318989909641495e-05
2.094357560000000376e+03	5.508782954156965506e-05
2.094387700000000223e+03	8.421217865622887544e-05
2.094417830000000322e+03	1.133368182986843609e-04
2.094447970000000169e+03	1.374611674133524586e-04
2.094478100000000268e+03	1.415858070558106974e-04
2.094508230000000367e+03	1.307104466982816904e-04
2.094538370000000214e+03	1.048347958129275392e-04
2.094568500000000313e+03	7.395943545539240827e-05
2.094598630000000412e+03	5.808407509787227863e-05
2.094628770000000259e+03	5.720842421252925192e-05
2.094658900000000358e+03	7.133306385499749158e-05
2.094689040000000205e+03	1.004574129696428342e-04
2.094719170000000304e+03	1.295820526121121974e-04
2.094749300000000403e+03	1.487066922545715597e-04
2.094779440000000250e+03	1.528310413692196557e-04
2.094809570000000349e+03	1.469556810116956491e-04
2.094839700000000448e+03	1.310803206541755195e-04
2.094869840000000295e+03	1.152046697688174914e-04
2.094899970000000394e+03	1.043293094112884845e-04
2.094930110000000241e+03	1.034536585259315800e-04
2.094960240000000340e+03	1.075782981684036965e-04
2.094990370000000439e+03	1.067029378108846904e-04
2.095020510000000286e+03	1.058272869255277859e-04
2.095050640000000385e+03	1.049519265680087798e-04
2.095080780000000232e+03	1.040762756826518753e-04
2.095110910000000331e+03	1.032009153251189915e-04
2.095141040000000430e+03	1.073255549675772302e-04
2.095171180000000277e+03	1.214499040822214493e-04
2.095201310000000376e+03	1.305745437247124441e-04
2.095231440000000475e+03	1.346991833671706829e-04
2.095261580000000322e+03	1.338235324818276561e-04
2.095291710000000421e+03	1.229481721242986492e-04
2.095321850000000268e+03	1.020725212389356207e-04
2.095351980000000367e+03	8.619716088140161325e-05
2.095382110000000466e+03	7.532180052387260627e-05
2.095412250000000313e+03	7.944614963853458001e-05
2.095442380000000412e+03	1.035707892809989428e-04
2.095472520000000259e+03	1.326951383956581632e-04
2.095502650000000358e+03	1.618197780381275264e-04
2.095532780000000457e+03	1.809444176805868887e-04
2.095562920000000304e+03	1.800687667952299842e-04
2.095593050000000403e+03	1.691934064377009772e-04
2.095623180000000502e+03	1.433180460801847245e-04
2.095653320000000349e+03	1.174423951948305733e-04
2.095683450000000448e+03	1.065670348373015663e-04
2.095713590000000295e+03	1.056913839519446618e-04
2.095743720000000394e+03	1.148160235944217789e-04
2.095773850000000493e+03	1.339406632368811412e-04
2.095803990000000340e+03	1.480650123515253602e-04
2.095834120000000439e+03	1.421896519940013537e-04
2.095864250000000538e+03	1.213142916364762236e-04
2.095894390000000385e+03	9.043864075113094980e-05
2.095924520000000484e+03	4.956328039359969573e-05
2.095954660000000331e+03	1.868762950824054414e-05
2.095984790000000430e+03	7.812269150711537158e-06
2.096014920000000529e+03	1.693690879317477638e-05
2.096045060000000376e+03	4.606125790783399676e-05
2.096075190000000475e+03	7.518589755030335997e-05
2.096105330000000322e+03	9.931024666495757991e-05
2.096135460000000421e+03	1.134348863074258196e-04
2.096165590000000520e+03	1.075595259498879352e-04
2.096195730000000367e+03	9.668387506453490765e-05
2.096225860000000466e+03	7.580851470699589978e-05
2.096255990000000565e+03	6.493315434948077058e-05
2.096286130000000412e+03	5.905750346411886564e-05
2.096316260000000511e+03	6.818214310660986044e-05
2.096346400000000358e+03	7.730649222124907904e-05
2.096376530000000457e+03	9.143113186371731871e-05
2.096406660000000556e+03	9.555577150618943527e-05
2.096436800000000403e+03	8.968012062082753033e-05
2.096466930000000502e+03	7.880476026331240114e-05
2.096497060000000147e+03	5.792939990578727105e-05
2.096527200000000448e+03	4.205374902042924301e-05
2.096557330000000547e+03	3.117838866290023603e-05
2.096587470000000394e+03	3.030273777754333153e-05
2.096617600000000493e+03	4.442737742001157120e-05
2.096647730000000138e+03	6.355201706249868909e-05
2.096677870000000439e+03	8.767636617713903124e-05
2.096708000000000538e+03	1.068010058196122714e-04
2.096738140000000385e+03	1.159253549342514900e-04
2.096768270000000484e+03	1.100499945767274834e-04
2.096798400000000129e+03	1.041746342192034769e-04
2.096828540000000430e+03	9.329898333383657150e-05
2.096858670000000529e+03	8.242362297632144230e-05
2.096888800000000174e+03	8.654826261879355886e-05
2.096918940000000475e+03	9.567261173343277747e-05
2.096949070000000575e+03	1.147972513759060176e-04
2.096979210000000421e+03	1.289216004905502366e-04
2.097009340000000520e+03	1.330462401330223532e-04
2.097039470000000165e+03	1.321708797755172249e-04
2.097069610000000466e+03	1.162952288901453191e-04
2.097099740000000565e+03	9.541986853260631118e-05
2.097129880000000412e+03	7.954421764726216093e-05
2.097160010000000511e+03	7.866885728972927705e-05
2.097190140000000156e+03	8.779349693220639406e-05
2.097220280000000457e+03	1.069178460468417358e-04
2.097250410000000556e+03	1.260424856893149759e-04
2.097280540000000201e+03	1.401671253317970933e-04
2.097310680000000502e+03	1.492914744464363119e-04
2.097340810000000147e+03	1.434161140889123054e-04
2.097370950000000448e+03	1.275404632035542773e-04
2.097401080000000547e+03	1.066651028460291473e-04
2.097431210000000192e+03	9.078974248850901763e-05
2.097461350000000493e+03	7.991409160312823445e-05
2.097491480000000138e+03	7.903873124562310615e-05
2.097521610000000237e+03	8.316337088809522271e-05
2.097551750000000538e+03	9.228772000273444132e-05
2.097581880000000183e+03	9.641235964520655788e-05
2.097612020000000484e+03	9.053670875984465294e-05
2.097642150000000129e+03	7.966134840234340153e-05
2.097672280000000228e+03	5.878598804481827145e-05
2.097702420000000529e+03	4.291033715944636562e-05
2.097732550000000174e+03	3.703497680192235908e-05
2.097762690000000475e+03	5.115932591656657813e-05
2.097792820000000575e+03	8.028396555903594134e-05
2.097822950000000219e+03	1.194086052015153054e-04
2.097853090000000520e+03	1.635329543161478938e-04
2.097883220000000165e+03	1.976575939586361352e-04
2.097913350000000264e+03	2.117822336011043749e-04
2.097943490000000565e+03	2.009065827157374695e-04
2.097973620000000210e+03	1.700312223582162163e-04
2.098003760000000511e+03	1.291555714728609416e-04
2.098033890000000156e+03	8.328021111533856491e-05
2.098064020000000255e+03	5.240485075781731172e-05
2.098094160000000556e+03	3.152919987244040545e-05
2.098124290000000201e+03	2.565383951493027670e-05
2.098154420000000300e+03	2.477847915739739282e-05
2.098184560000000147e+03	2.890282827204548877e-05
2.098214690000000246e+03	3.302746791451760533e-05
2.098244830000000547e+03	3.715181702915182349e-05
2.098274960000000192e+03	4.127645667165169563e-05
2.098305090000000291e+03	5.540109631410605751e-05
2.098335230000000138e+03	6.952544542875027656e-05
2.098365360000000237e+03	9.365008507122851711e-05
2.098395500000000538e+03	1.177744341858688593e-04
2.098425630000000183e+03	1.368990738283420994e-04
2.098455760000000282e+03	1.460237134708192164e-04
2.098485900000000129e+03	1.451480625854761897e-04
2.098516030000000228e+03	1.392727022279383053e-04
2.098546160000000327e+03	1.233973418704042979e-04
2.098576300000000174e+03	1.075216909850462699e-04
2.098606430000000273e+03	9.664633062751726289e-05
2.098636570000000575e+03	8.577067974216423529e-05
2.098666700000000219e+03	8.489531938464522920e-05
2.098696830000000318e+03	8.901995902711734576e-05
2.098726970000000165e+03	9.814430814175656437e-05
2.098757100000000264e+03	1.122689477842248040e-04
2.098787240000000565e+03	1.213932968988779004e-04
2.098817370000000210e+03	1.205179365413450165e-04
2.098847500000000309e+03	1.096425761838160096e-04
2.098877640000000156e+03	8.876692529846685886e-05
2.098907770000000255e+03	5.789156494094560568e-05
2.098937900000000354e+03	3.701620458340659781e-05
2.098968040000000201e+03	2.114055369806244755e-05
2.098998170000000300e+03	2.526519334052068633e-05
2.099028310000000147e+03	3.938954245516490538e-05
2.099058440000000246e+03	6.851418209764814637e-05
2.099088570000000345e+03	9.263882174011250914e-05
2.099118710000000192e+03	1.167631708547667291e-04
2.099148840000000291e+03	1.258878104972438461e-04
2.099178970000000390e+03	1.300124501397020849e-04
2.099209110000000237e+03	1.241367992543540577e-04
2.099239240000000336e+03	1.082614388968200503e-04
2.099269380000000183e+03	8.238578801146589914e-05
2.099299510000000282e+03	5.651042765393576861e-05
2.099329640000000381e+03	2.563506729641451543e-05
2.099359780000000228e+03	-5.240583588930758374e-06
2.099389910000000327e+03	-3.111594394647476669e-05
2.099420050000000174e+03	-3.699159483182279384e-05
2.099450180000000273e+03	-2.286695518935455418e-05
2.099480310000000372e+03	6.257684453128686819e-06
2.099510450000000219e+03	5.038203356777515296e-05
2.099540580000000318e+03	9.950667321025064016e-05
2.099570710000000417e+03	1.386313128527161265e-04
2.099600850000000264e+03	1.677556619673614691e-04
2.099630980000000363e+03	1.718803016098197078e-04
2.099661120000000210e+03	1.610046507244666802e-04
2.099691250000000309e+03	1.401292903669415502e-04
2.099721380000000408e+03	1.092539300094341748e-04
2.099751520000000255e+03	8.337827912406614583e-05
2.099781650000000354e+03	6.750291876653213841e-05
2.099811790000000201e+03	6.162726788118411125e-05
2.099841920000000300e+03	6.575190752364235003e-05
2.099872050000000399e+03	7.487654716613334482e-05
2.099902190000000246e+03	8.900089628077756387e-05
2.099932320000000345e+03	1.031255359232596813e-04
2.099962450000000445e+03	1.022501755657267974e-04
2.099992590000000291e+03	9.137452468035989206e-05
2.100022720000000390e+03	7.049916432283476198e-05
2.100052860000000237e+03	4.462351343748061083e-05
2.100082990000000336e+03	2.874815307996048119e-05
2.100113120000000436e+03	2.787279272242759731e-05
2.100143260000000282e+03	4.199714183708569415e-05
2.100173390000000381e+03	7.112178147954117957e-05
2.100203520000000481e+03	1.052464211220155432e-04
2.100233660000000327e+03	1.243707702366508849e-04
2.100263790000000427e+03	1.284954098791230015e-04
2.100293930000000273e+03	1.176197589937838517e-04
2.100324060000000372e+03	8.674439863624872071e-05
2.100354190000000472e+03	6.086903827873246797e-05
2.100384330000000318e+03	4.999338739336556259e-05
2.100414460000000417e+03	5.411802703583767915e-05
2.100444600000000264e+03	7.824237615047802130e-05
2.100474730000000363e+03	1.073670157929473845e-04
2.100504860000000463e+03	1.264916554354345024e-04
2.100535000000000309e+03	1.206160045500725975e-04
2.100565130000000408e+03	8.974064419255134428e-05
2.100595260000000508e+03	4.386528383501508976e-05
2.100625400000000354e+03	-1.201036705034130847e-05
2.100655530000000454e+03	-5.288572740787256254e-05
2.100685670000000300e+03	-7.376137829322171324e-05
2.100715800000000399e+03	-6.463673865074459624e-05
2.100745930000000499e+03	-3.051209900827023258e-05
2.100776070000000345e+03	1.861225010638123400e-05
2.100806200000000445e+03	6.773688974884284342e-05
2.100836330000000544e+03	1.018615293913172071e-04
2.100866470000000390e+03	1.159858785059614261e-04
2.100896600000000490e+03	1.151105181484285422e-04
2.100926740000000336e+03	9.923486726308439199e-05
2.100956870000000436e+03	7.835950690554538411e-05
2.100987000000000535e+03	5.248414654802913137e-05
2.101017140000000381e+03	4.160849566267610378e-05
2.101047270000000481e+03	3.073313530513321901e-05
2.101077410000000327e+03	3.485748441978131495e-05
2.101107540000000427e+03	4.898212406224955462e-05
2.101137670000000526e+03	6.310676370473167207e-05
2.101167810000000372e+03	8.223111281936701378e-05
2.101197940000000472e+03	9.635575246184913123e-05
2.101228070000000571e+03	1.054803921043262482e-04
2.101258210000000417e+03	1.096047412189604664e-04
2.101288340000000517e+03	1.087293808614275825e-04
2.101318480000000363e+03	1.028537299760795554e-04
2.101348610000000463e+03	1.019783696185605493e-04
2.101378740000000562e+03	1.061030092610326658e-04
2.101408880000000408e+03	1.102273583756807618e-04
2.101439010000000508e+03	1.143519980181528783e-04
2.101469150000000354e+03	1.184763471327870965e-04
2.101499280000000454e+03	1.176009867752542126e-04
2.101529410000000553e+03	1.067256264177252056e-04
2.101559550000000399e+03	9.084997553238105539e-05
2.101589680000000499e+03	6.997461517485592530e-05
2.101619810000000143e+03	4.909925481733079522e-05
2.101649950000000445e+03	3.322360393197276718e-05
2.101680080000000544e+03	1.734824357443875975e-05
2.101710220000000390e+03	6.472592689085732154e-06
2.101740350000000490e+03	-4.402767668429397041e-06
2.101770480000000134e+03	-1.027812802595340358e-05
2.101800620000000436e+03	-1.115377891131030808e-05
2.101830750000000535e+03	-1.202913926884319196e-05
2.101860880000000179e+03	-2.904499626366074949e-06
2.101891020000000481e+03	1.121984948826426631e-05
2.101921150000000580e+03	3.034448913073750642e-05
2.101951290000000427e+03	4.946883824538672592e-05
2.101981420000000526e+03	6.359347788785496558e-05
2.102011550000000170e+03	7.271811753033208259e-05
2.102041690000000472e+03	7.184246664497517809e-05
2.102071820000000571e+03	7.096710628744229421e-05
2.102101960000000417e+03	6.509145540209426706e-05
2.102132090000000517e+03	5.921609504455638273e-05
2.102162220000000161e+03	6.334073468705625487e-05
2.102192360000000463e+03	7.246508380168159569e-05
2.102222490000000562e+03	7.658972344416759004e-05
2.102252620000000206e+03	8.071436308662582881e-05
2.102282760000000508e+03	7.983871220126892432e-05
2.102312890000000152e+03	6.896335184375379512e-05
2.102343030000000454e+03	5.308770095838188929e-05
2.102373160000000553e+03	4.221234060086676010e-05
2.102403290000000197e+03	3.633698024334275356e-05
2.102433430000000499e+03	4.546132935798197217e-05
2.102463560000000143e+03	5.958596900045021183e-05
2.102493700000000445e+03	7.371031811509443088e-05
2.102523830000000544e+03	8.283495775757154789e-05
2.102553960000000188e+03	8.195959740006641958e-05
2.102584100000000490e+03	6.608394651469451375e-05
2.102614230000000134e+03	5.020858615717438411e-05
2.102644360000000233e+03	3.433322579964037669e-05
2.102674500000000535e+03	3.345757491428347219e-05
2.102704630000000179e+03	4.258221455676058920e-05
2.102734770000000481e+03	5.670656367139093046e-05
2.102764900000000580e+03	7.083120331385917012e-05
2.102795030000000224e+03	7.495584295635904226e-05
2.102825170000000526e+03	6.408019207097825909e-05
2.102855300000000170e+03	4.820483171345812945e-05
2.102885430000000270e+03	3.232947135593799981e-05
2.102915570000000571e+03	2.645382047057609487e-05
2.102945700000000215e+03	3.057846011306208922e-05
2.102975840000000517e+03	4.470280922767855269e-05
2.103005970000000161e+03	5.882744887017454793e-05
2.103036100000000260e+03	6.795208851265166494e-05
2.103066240000000562e+03	5.707643762728475956e-05
2.103096370000000206e+03	3.120107726976850682e-05
2.103126510000000508e+03	5.325426384400477886e-06
2.103156640000000152e+03	-1.554993397311077441e-05
2.103186770000000251e+03	-1.142529433063865785e-05
2.103216910000000553e+03	1.269905478398780652e-05
2.103247040000000197e+03	5.182369442646717062e-05
2.103277170000000297e+03	9.594833406893765737e-05
2.103307310000000143e+03	1.300726831836018782e-04
2.103337440000000242e+03	1.441973228260562401e-04
2.103367580000000544e+03	1.333216719406893347e-04
2.103397710000000188e+03	1.174463115831830828e-04
2.103427840000000288e+03	9.657095122565795275e-05
2.103457980000000134e+03	8.569530034029104737e-05
2.103488110000000233e+03	8.481993998275816349e-05
2.103518240000000333e+03	8.894457962524415784e-05
2.103548380000000179e+03	8.306892873988225290e-05
2.103578510000000279e+03	7.219356838236712370e-05
2.103608650000000580e+03	5.131791749700409522e-05
2.103638780000000224e+03	2.544255713947396469e-05
2.103668910000000324e+03	4.567196781948834605e-06
2.103699050000000170e+03	-1.308454103413070335e-06
2.103729180000000270e+03	7.816185539064046672e-06
2.103759320000000571e+03	2.694053465369938838e-05
2.103789450000000215e+03	5.106517429619150672e-05
2.103819580000000315e+03	7.018981393866474683e-05
2.103849720000000161e+03	7.431416305329896499e-05
2.103879850000000260e+03	6.843880269577495845e-05
2.103909980000000360e+03	5.756344233824595147e-05
2.103940120000000206e+03	4.668779145289292387e-05
2.103970250000000306e+03	3.581243109536391689e-05
2.104000390000000152e+03	3.493678021002089018e-05
2.104030520000000251e+03	4.406141985248412940e-05
2.104060650000000351e+03	5.318605949496124641e-05
2.104090790000000197e+03	6.731040860959158767e-05
2.104120920000000297e+03	8.643504825206482778e-05
2.104151060000000143e+03	9.555939736671792417e-05
2.104181190000000242e+03	1.046840370091950412e-04
2.104211320000000342e+03	1.088086766516671577e-04
2.104241460000000188e+03	1.029330257663191306e-04
2.104271590000000288e+03	8.705766540878512316e-05
2.104301720000000387e+03	7.118230505125111574e-05
2.104331860000000233e+03	5.530665416589308769e-05
2.104361990000000333e+03	4.443129380837795850e-05
2.104392130000000179e+03	3.855564292302993135e-05
2.104422260000000279e+03	3.768028256549704746e-05
2.104452390000000378e+03	4.180492220796916403e-05
2.104482530000000224e+03	4.592927132260338219e-05
2.104512660000000324e+03	4.505391096507049831e-05
2.104542790000000423e+03	3.917855060756036956e-05
2.104572930000000270e+03	3.330289972219846462e-05
2.104603060000000369e+03	2.742753936467445808e-05
2.104633200000000215e+03	2.655188847931755358e-05
2.104663330000000315e+03	3.067652812178967014e-05
2.104693460000000414e+03	3.980116776425290936e-05
2.104723600000000260e+03	5.392551687889712841e-05
2.104753730000000360e+03	7.805015652137536897e-05
2.104783870000000206e+03	9.717450563602458846e-05
2.104814000000000306e+03	1.212991452785028290e-04
2.104844130000000405e+03	1.354237849209710687e-04
2.104874270000000251e+03	1.345481340356141642e-04
2.104904400000000351e+03	1.186727736780801568e-04
2.104934530000000450e+03	8.779741332054502578e-05
2.104964670000000297e+03	5.192176243520862933e-05
2.104994800000000396e+03	1.104640207767737525e-05
2.105024940000000242e+03	-1.982924880766789855e-05
2.105055070000000342e+03	-3.070460916521078332e-05
2.105085200000000441e+03	-2.657996952273866675e-05
2.105115340000000288e+03	-7.455620408089447260e-06
2.105145470000000387e+03	1.666901923437491551e-05
2.105175600000000486e+03	3.579365887684815561e-05
2.105205740000000333e+03	3.991800799149625156e-05
2.105235870000000432e+03	3.904264763397724547e-05
2.105266010000000279e+03	4.316699674862534142e-05
2.105296140000000378e+03	4.729163639108358019e-05
2.105326270000000477e+03	6.641627603355682030e-05
2.105356410000000324e+03	9.054062514819716245e-05
2.105386540000000423e+03	1.046652647906792799e-04
2.105416680000000270e+03	1.037896139053223754e-04
2.105446810000000369e+03	8.291425354779724533e-05
2.105476940000000468e+03	4.703889319027099170e-05
2.105507080000000315e+03	1.163242304910716562e-06
2.105537210000000414e+03	-2.971211805262441441e-05
2.105567340000000513e+03	-4.058747841015342139e-05
2.105597480000000360e+03	-2.646312929549532456e-05
2.105627610000000459e+03	7.661510346979039099e-06
2.105657750000000306e+03	4.678585946163438258e-05
2.105687880000000405e+03	7.591049910408986801e-05
2.105718010000000504e+03	8.503513874656698501e-05
2.105748150000000351e+03	6.915948786120895697e-05
2.105778280000000450e+03	3.828412750367382600e-05
2.105808420000000297e+03	2.408476618337429542e-06
2.105838550000000396e+03	-2.346688373920657877e-05
2.105868680000000495e+03	-3.434224409672170797e-05
2.105898820000000342e+03	-3.021789498207361202e-05
2.105928950000000441e+03	-2.109325533961037280e-05
2.105959080000000540e+03	-6.968615697142133136e-06
2.105989220000000387e+03	7.155733417502085913e-06
2.106019350000000486e+03	1.628037305997920292e-05
2.106049490000000333e+03	3.040472217462342197e-05
2.106079620000000432e+03	3.952936181710053898e-05
2.106109750000000531e+03	5.365400145956877864e-05
2.106139890000000378e+03	6.277835057420799725e-05
2.106170020000000477e+03	6.690299021668011381e-05
2.106200150000000576e+03	6.102762985914222948e-05
2.106230290000000423e+03	4.515197897381195702e-05
2.106260420000000522e+03	1.927661861628182649e-05
2.106290560000000369e+03	-1.159903226906344731e-05
2.106320690000000468e+03	-3.747439262660745563e-05
2.106350820000000567e+03	-5.334975298414146305e-05
2.106380960000000414e+03	-5.422540386949836755e-05
2.106411090000000513e+03	-4.010076422701625010e-05
2.106441230000000360e+03	-1.597641511236203016e-05
2.106471360000000459e+03	3.148224530111209951e-06
2.106501490000000558e+03	1.727286417257944962e-05
2.106531630000000405e+03	2.139721328722754556e-05
2.106561760000000504e+03	1.052185292968466079e-05
2.106591890000000149e+03	-5.353507427821591058e-06
2.106622030000000450e+03	-2.122915831317961910e-05
2.106652160000000549e+03	-3.210451867072250387e-05
2.106682300000000396e+03	-3.298016955606553058e-05
2.106712430000000495e+03	-2.385552991358841357e-05
2.106742560000000140e+03	-4.730890271115173462e-06
2.106772700000000441e+03	1.439345884352016824e-05
2.106802830000000540e+03	2.351809848598340746e-05
2.106832970000000387e+03	2.264244760064038076e-05
2.106863100000000486e+03	1.176708724311137377e-05
2.106893230000000131e+03	8.917268855823667906e-07
2.106923370000000432e+03	-9.983923999770660807e-06
2.106953500000000531e+03	-1.085928435730354469e-05
2.106983630000000176e+03	-1.734644714826427681e-06
2.107013770000000477e+03	7.389704399812790925e-06
2.107043900000000576e+03	1.151434404228490749e-05
2.107074040000000423e+03	1.563869315693300344e-05
2.107104170000000522e+03	1.976333279941899779e-05
2.107134300000000167e+03	1.888797244188611391e-05
2.107164440000000468e+03	2.301232155652033207e-05
2.107194570000000567e+03	3.713696119898857173e-05
2.107224700000000212e+03	5.126160084148456697e-05
2.107254840000000513e+03	6.538594995611490823e-05
2.107284970000000158e+03	7.451058959859202524e-05
2.107315110000000459e+03	7.363493871323512074e-05
2.107345240000000558e+03	5.775957835570111332e-05
2.107375370000000203e+03	3.688421799818986102e-05
2.107405510000000504e+03	1.600856711281295475e-05
2.107435640000000149e+03	1.332067553067028953e-07
2.107465780000000450e+03	-1.074244413006020249e-05
2.107495910000000549e+03	-2.161780448758920947e-05
2.107526040000000194e+03	-2.249316484510821557e-05
2.107556180000000495e+03	-2.836881573047012051e-05
2.107586310000000140e+03	-3.424417608799412704e-05
2.107616440000000239e+03	-3.511953644551313314e-05
2.107646580000000540e+03	-3.599518733089779321e-05
2.107676710000000185e+03	-2.687054768839292063e-05
2.107706850000000486e+03	-1.774619857376757981e-05
2.107736980000000131e+03	-3.621558931285462357e-06
2.107767110000000230e+03	5.503080711191654650e-06
2.107797250000000531e+03	9.627429825825872811e-06
2.107827380000000176e+03	1.375206946831186716e-05
2.107857510000000275e+03	1.287670911077898328e-05
2.107887650000000576e+03	7.001058225417078340e-06
2.107917780000000221e+03	1.112569786788919490e-05
2.107947920000000522e+03	1.525004698253729085e-05
2.107978050000000167e+03	1.937468662502328520e-05
2.108008180000000266e+03	2.349932626748152398e-05
2.108038320000000567e+03	2.762367538211574214e-05
2.108068450000000212e+03	2.674831502461061383e-05
2.108098590000000513e+03	3.087266413924483199e-05
2.108128720000000158e+03	3.499730378171694856e-05
2.108158850000000257e+03	4.412194342419406556e-05
2.108188990000000558e+03	4.324629253883716107e-05
2.108219120000000203e+03	4.237093218131815497e-05
2.108249250000000302e+03	3.649557182379414844e-05
2.108279390000000149e+03	2.061992093843612039e-05
2.108309520000000248e+03	-2.554394191028874772e-07
2.108339660000000549e+03	-1.613109030444703773e-05
2.108369790000000194e+03	-2.700645066198992250e-05
2.108399920000000293e+03	-2.288181101950392815e-05
2.108430060000000140e+03	-8.757461904859709101e-06
2.108460190000000239e+03	5.367177737622408351e-06
2.108490330000000540e+03	2.449152685224387227e-05
2.108520460000000185e+03	3.361616649473486707e-05
2.108550590000000284e+03	3.274080613720198318e-05
2.108580730000000131e+03	2.186515525183507780e-05
2.108610860000000230e+03	5.989794894314948159e-06
2.108640990000000329e+03	-9.885565463219059268e-06
2.108671130000000176e+03	-2.076121634855820908e-05
2.108701260000000275e+03	-2.163657670609109296e-05
2.108731400000000576e+03	-2.251222759146187524e-05
2.108761530000000221e+03	-1.838758794897588089e-05
2.108791660000000320e+03	-1.426294830651764212e-05
2.108821800000000167e+03	-5.138599191850667935e-06
2.108851930000000266e+03	-1.013959549392429160e-06
2.108882060000000365e+03	3.110680093093565191e-06
2.108912200000000212e+03	7.235029207741661139e-06
2.108942330000000311e+03	1.135966885019989991e-05
2.108972470000000158e+03	1.048401796484299542e-05
2.109002600000000257e+03	9.608657607310111537e-06
2.109032730000000356e+03	-1.266702750205017658e-06
2.109062870000000203e+03	-1.214235363554416747e-05
2.109093000000000302e+03	-2.801771399307817489e-05
2.109123140000000149e+03	-4.389336487843620294e-05
2.109153270000000248e+03	-4.976872523597408726e-05
2.109183400000000347e+03	-5.064408559350697114e-05
2.109213540000000194e+03	-4.651973647885887519e-05
2.109243670000000293e+03	-3.239509683637675774e-05
2.109273800000000392e+03	-1.827045719389464029e-05
2.109303940000000239e+03	-4.146108079250421241e-06
2.109334070000000338e+03	9.978531563217818423e-06
2.109364210000000185e+03	1.910288067785703703e-05
2.109394340000000284e+03	2.322752032032915359e-05
2.109424470000000383e+03	2.235215996281014750e-05
2.109454610000000230e+03	2.147650907745324300e-05
2.109484740000000329e+03	1.060114871992423602e-05
2.109514870000000428e+03	-2.742116376047709636e-07
2.109545010000000275e+03	-1.614986252296279901e-05
2.109575140000000374e+03	-3.702522288050180688e-05
2.109605280000000221e+03	-5.290087376584595713e-05
2.109635410000000320e+03	-6.877623412336608677e-05
2.109665540000000419e+03	-7.965159448090897154e-05
2.109695680000000266e+03	-8.052724536625199825e-05
2.109725810000000365e+03	-7.140260572377488124e-05
2.109755950000000212e+03	-5.227825660913953953e-05
2.109786080000000311e+03	-3.315361696666629943e-05
2.109816210000000410e+03	-9.028977324201936661e-06
2.109846350000000257e+03	1.009537179046116062e-05
2.109876480000000356e+03	2.422001143291552250e-05
2.109906610000000455e+03	2.834465107540151685e-05
2.109936750000000302e+03	2.246900019003961191e-05
2.109966880000000401e+03	6.593639832519482269e-06
2.109997020000000248e+03	-1.428201105284354622e-05
2.110027150000000347e+03	-3.515737141038255409e-05
2.110057280000000446e+03	-4.603273176789768328e-05
2.110087420000000293e+03	-4.690838265325458778e-05
2.110117550000000392e+03	-3.278374301077247033e-05
2.110147690000000239e+03	-1.365939389612325083e-05
2.110177820000000338e+03	1.546524574633223459e-05
2.110207950000000437e+03	4.458988538880159780e-05
2.110238090000000284e+03	5.871423450344581685e-05
2.110268220000000383e+03	6.283887414593181120e-05
2.110298350000000482e+03	5.696351378839392687e-05
2.110328490000000329e+03	4.108786290304977662e-05
2.110358620000000428e+03	2.021250254552464654e-05
2.110388760000000275e+03	-6.631483398383819505e-07
2.110418890000000374e+03	-2.653850869736851248e-05
2.110449020000000473e+03	-5.241386905489864301e-05
2.110479160000000320e+03	-8.328951994024391681e-05
2.110509290000000419e+03	-1.141648802977790478e-04
2.110539420000000518e+03	-1.400402406552953005e-04
2.110569560000000365e+03	-1.509158915406483281e-04
2.110599690000000464e+03	-1.367912518981800885e-04
2.110629830000000311e+03	-1.026669027835436232e-04
2.110659960000000410e+03	-4.854226314107701334e-05
2.110690090000000509e+03	5.823765013984738559e-07
2.110720230000000356e+03	3.970672561605381734e-05
2.110750360000000455e+03	5.383136525852205700e-05
2.110780500000000302e+03	4.295571437316902941e-05
2.110810630000000401e+03	1.708035401563889888e-05
2.110840760000000500e+03	-1.879500634188735475e-05
2.110870900000000347e+03	-4.967065722724650634e-05
2.110901030000000446e+03	-6.554601758476663598e-05
2.110931160000000546e+03	-6.642137794228564207e-05
2.110961300000000392e+03	-5.729702882764642347e-05
2.110991430000000491e+03	-4.817238918518318425e-05
2.111021570000000338e+03	-3.904804007053008785e-05
2.111051700000000437e+03	-3.492340042807184908e-05
2.111081830000000537e+03	-3.579876078560473296e-05
2.111111970000000383e+03	-3.667441167094775967e-05
2.111142100000000482e+03	-3.754977202846676576e-05
2.111172240000000329e+03	-3.342542291381866981e-05
2.111202370000000428e+03	-3.430078327135155369e-05
2.111232500000000528e+03	-4.017614362888943802e-05
2.111262640000000374e+03	-5.605179451424746606e-05
2.111292770000000473e+03	-7.192715487176759570e-05
2.111322900000000573e+03	-8.780251522930160313e-05
2.111353040000000419e+03	-8.867816611464462984e-05
2.111383170000000518e+03	-7.955352647216751283e-05
2.111413310000000365e+03	-4.542917735753104758e-05
2.111443440000000464e+03	-6.304537715065561265e-06
2.111473570000000564e+03	3.282010192739992505e-05
2.111503710000000410e+03	6.194445104205914543e-05
2.111533840000000509e+03	7.106909068453626244e-05
2.111563970000000154e+03	5.019373032701113235e-05
2.111594110000000455e+03	1.431807944166085811e-05
2.111624240000000555e+03	-3.155728091587539641e-05
2.111654380000000401e+03	-7.243293180123067110e-05
2.111684510000000500e+03	-9.830829215877467941e-05
2.111714640000000145e+03	-9.918365251627980772e-05
2.111744780000000446e+03	-7.505930340163946557e-05
2.111774910000000546e+03	-3.593466375916010147e-05
2.111805050000000392e+03	8.189685355486364671e-06
2.111835180000000491e+03	4.231432499794685054e-05
2.111865310000000136e+03	6.143896464043396843e-05
2.111895450000000437e+03	6.556331375505430881e-05
2.111925580000000537e+03	5.968795339754418006e-05
2.111955710000000181e+03	5.381259304002017352e-05
2.111985850000000482e+03	4.793694215465826858e-05
2.112015980000000582e+03	4.706158179712538470e-05
2.112046120000000428e+03	4.618593091176848020e-05
2.112076250000000528e+03	4.031057055424447366e-05
2.112106380000000172e+03	2.943521019672934447e-05
2.112136520000000473e+03	8.559559311366315981e-06
2.112166650000000573e+03	-1.731580104616381455e-05
2.112196780000000217e+03	-3.819116140368894463e-05
2.112226920000000518e+03	-4.906681228904197223e-05
2.112257050000000163e+03	-3.994217264656485522e-05
2.112287190000000464e+03	-1.581782353193839086e-05
2.112317320000000564e+03	1.330681611053097235e-05
2.112347450000000208e+03	3.743145575302309069e-05
2.112377590000000509e+03	4.655580486766230930e-05
2.112407720000000154e+03	4.068044451013830276e-05
2.112437860000000455e+03	1.980479362477527427e-05
2.112467990000000555e+03	-1.107056673274597891e-05
2.112498120000000199e+03	-3.194592709025723121e-05
2.112528260000000500e+03	-3.782157797564689172e-05
2.112558390000000145e+03	-2.869693833314201914e-05
2.112588520000000244e+03	-1.457229869067377948e-05
2.112618660000000546e+03	4.552050423961562231e-06
2.112648790000000190e+03	1.367669006643867924e-05
2.112678930000000491e+03	7.801039181076774298e-06
2.112709060000000136e+03	-3.074321176438354897e-06
2.112739190000000235e+03	-1.894968153395848454e-05
2.112769330000000537e+03	-3.482533241933039037e-05
2.112799460000000181e+03	-3.570069277684939646e-05
2.112829600000000482e+03	-3.157634366221517830e-05
2.112859730000000582e+03	-2.745170401974306174e-05
2.112889860000000226e+03	-3.332706437726706827e-05
2.112920000000000528e+03	-4.420271526263397366e-05
2.112950130000000172e+03	-7.007807562013634861e-05
2.112980260000000271e+03	-9.095343597767535648e-05
2.113010400000000573e+03	-1.118290868630245072e-04
2.113040530000000217e+03	-1.127044472205573911e-04
2.113070670000000518e+03	-9.358009810592204936e-05
2.113100800000000163e+03	-6.445545846343880836e-05
2.113130930000000262e+03	-3.033081882095056692e-05
2.113161070000000564e+03	-6.206469706324102553e-06
2.113191200000000208e+03	7.918169936158014899e-06
2.113221330000000307e+03	2.042809578620130573e-06
2.113251470000000154e+03	-8.832841306732897024e-06
2.113281600000000253e+03	-1.970820166426190401e-05
2.113311740000000555e+03	-2.558385254962380895e-05
2.113341870000000199e+03	-2.145921290713781460e-05
2.113372000000000298e+03	-1.733457326466569803e-05
2.113402140000000145e+03	-1.821022415002260253e-05
2.113432270000000244e+03	-2.908558450755160951e-05
2.113462410000000546e+03	-5.496123539290576065e-05
2.113492540000000190e+03	-8.583659575042701384e-05
2.113522670000000289e+03	-1.167119561079621448e-04
2.113552810000000136e+03	-1.375876069933112955e-04
2.113582940000000235e+03	-1.334629673508391789e-04
2.113613070000000334e+03	-1.143383277083659388e-04
2.113643210000000181e+03	-8.021397859372947359e-05
2.113673340000000280e+03	-4.608933895125510993e-05
2.113703480000000582e+03	-2.696498983661976823e-05
2.113733610000000226e+03	-2.784035019413877432e-05
2.113763740000000325e+03	-4.371571055165890396e-05
2.113793880000000172e+03	-6.459136143700805466e-05
2.113824010000000271e+03	-8.046672179454206209e-05
2.113854150000000573e+03	-8.634237267990396703e-05
2.113884280000000217e+03	-7.721773303744072781e-05
2.113914410000000316e+03	-5.809309339495360991e-05
2.113944550000000163e+03	-3.896874428030439041e-05
2.113974680000000262e+03	-2.484410463783615075e-05
2.114004810000000361e+03	-2.571946499536903463e-05
2.114034950000000208e+03	-3.159511588071706178e-05
2.114065080000000307e+03	-4.247047623825994656e-05
2.114095220000000154e+03	-4.834612712360797371e-05
2.114125350000000253e+03	-4.922148748112697980e-05
2.114155480000000352e+03	-4.009684783864986279e-05
2.114185620000000199e+03	-3.597249872400176685e-05
2.114215750000000298e+03	-4.684785908154465162e-05
2.114245880000000398e+03	-6.772321943906978170e-05
2.114276020000000244e+03	-9.359887032442393284e-05
2.114306150000000343e+03	-1.294742306819501865e-04
2.114336290000000190e+03	-1.453498815673082145e-04
2.114366420000000289e+03	-1.512252419248183433e-04
2.114396550000000389e+03	-1.321006022823589809e-04
2.114426690000000235e+03	-9.797625316770863790e-05
2.114456820000000334e+03	-5.885161352524315159e-05
2.114486960000000181e+03	-2.472726441060668634e-05
2.114517090000000280e+03	-5.602624768119568444e-06
2.114547220000000380e+03	-1.477985125647451881e-06
2.114577360000000226e+03	-1.235363601100047948e-05
2.114607490000000325e+03	-2.322899636852948646e-05
2.114637620000000425e+03	-3.910435672606349389e-05
2.114667760000000271e+03	-4.998000761141652148e-05
2.114697890000000370e+03	-5.585536796895440581e-05
2.114728030000000217e+03	-6.173101885430243296e-05
2.114758160000000316e+03	-5.760637921183031640e-05
2.114788290000000416e+03	-4.848173956935319939e-05
2.114818430000000262e+03	-3.935739045470010300e-05
2.114848560000000361e+03	-3.023275081223686378e-05
2.114878690000000461e+03	-2.610811116976474722e-05
2.114908830000000307e+03	-3.198376205512665216e-05
2.114938960000000407e+03	-4.785912241264678180e-05
2.114969100000000253e+03	-6.873477329800981028e-05
2.114999230000000352e+03	-8.961013365552106258e-05
2.115029360000000452e+03	-1.054854940130550700e-04
2.115059500000000298e+03	-1.113611448984169749e-04
2.115089630000000398e+03	-1.072365052559448584e-04
2.115119770000000244e+03	-9.311215614130063933e-05
2.115149900000000343e+03	-7.898751649881852188e-05
2.115180030000000443e+03	-7.486287685636028311e-05
2.115210170000000289e+03	-8.073852774169443247e-05
2.115240300000000389e+03	-9.161388809922343945e-05
2.115270430000000488e+03	-1.024892484567663242e-04
2.115300570000000334e+03	-1.033648993421232287e-04
2.115330700000000434e+03	-9.424025969964611171e-05
2.115360840000000280e+03	-7.511591058499689222e-05
2.115390970000000380e+03	-5.599127094252365211e-05
2.115421100000000479e+03	-4.186663130004153466e-05
2.115451240000000325e+03	-3.274228218540231605e-05
2.115481370000000425e+03	-3.861764254294020038e-05
2.115511510000000271e+03	-4.449329342828822753e-05
2.115541640000000370e+03	-5.536865378583111230e-05
2.115571770000000470e+03	-5.624401414335011840e-05
2.115601910000000316e+03	-5.711966502870702289e-05
2.115632040000000416e+03	-4.799502538621602810e-05
2.115662170000000515e+03	-3.387038574374778843e-05
2.115692310000000361e+03	-1.974603662911744717e-05
2.115722440000000461e+03	-6.213969866442070611e-07
2.115752580000000307e+03	1.350295212800001199e-05
2.115782710000000407e+03	1.762759177048600634e-05
2.115812840000000506e+03	1.175223141296199980e-05
2.115842980000000352e+03	-9.123419472401028685e-06
2.115873110000000452e+03	-4.999877982993228276e-05
2.115903240000000551e+03	-9.587414018746853728e-05
2.115933380000000398e+03	-1.417497910728149346e-04
2.115963510000000497e+03	-1.676251514303450652e-04
2.115993650000000343e+03	-1.685008023156880919e-04
2.116023780000000443e+03	-1.393761626732187286e-04
2.116053910000000542e+03	-9.525152303074824189e-05
2.116084050000000389e+03	-5.612717391610677620e-05
2.116114180000000488e+03	-3.700253427363353609e-05
2.116144320000000334e+03	-4.787818515898656369e-05
2.116174450000000434e+03	-8.375354551651281731e-05
2.116204580000000533e+03	-1.346289058740401945e-04
2.116234720000000380e+03	-1.755045567593815914e-04
2.116264850000000479e+03	-1.913799171169155988e-04
2.116294980000000578e+03	-1.672552774744512361e-04
2.116325120000000425e+03	-1.231309283598047699e-04
2.116355250000000524e+03	-6.900628871733816005e-05
2.116385390000000370e+03	-2.488193960269169391e-05
2.116415520000000470e+03	-7.572999602134533603e-07
2.116445650000000569e+03	-1.632660317732459454e-06
2.116475790000000416e+03	-1.750831120309048750e-05
2.116505920000000515e+03	-3.338367156062449492e-05
2.116536050000000159e+03	-3.925903191814850146e-05
2.116566190000000461e+03	-3.513468280351428330e-05
2.116596320000000560e+03	-2.601004316103716629e-05
2.116626460000000407e+03	-1.688569404639794769e-05
2.116656590000000506e+03	-1.276105440391195334e-05
2.116686720000000150e+03	-1.863641476144983766e-05
2.116716860000000452e+03	-3.951206564679898836e-05
2.116746990000000551e+03	-5.538742600433299579e-05
2.116777130000000398e+03	-7.626307688969602427e-05
2.116807260000000497e+03	-9.213843724721615391e-05
2.116837390000000141e+03	-1.080137976047362836e-04
2.116867530000000443e+03	-1.238894484900943116e-04
2.116897660000000542e+03	-1.297648088476183181e-04
2.116927790000000186e+03	-1.306401692051373242e-04
2.116957930000000488e+03	-1.165158200905069830e-04
2.116988060000000132e+03	-8.739118044800986418e-05
2.117018200000000434e+03	-4.826683133338227627e-05
2.117048330000000533e+03	-9.142191690916789959e-06
2.117078460000000177e+03	1.498244795156145059e-05
2.117108600000000479e+03	2.410679706620066920e-05
2.117138730000000578e+03	1.323143670867166222e-05
2.117168870000000425e+03	-7.644214176691366269e-06
2.117199000000000524e+03	-3.351957453422149680e-05
2.117229130000000168e+03	-4.939493489172774865e-05
2.117259270000000470e+03	-4.527058577709353049e-05
2.117289400000000569e+03	-3.614594613461641348e-05
2.117319530000000213e+03	-2.202130649213429603e-05
2.117349670000000515e+03	-1.289695737750895521e-05
2.117379800000000159e+03	-1.877231773500520617e-05
2.117409940000000461e+03	-3.964796862039599024e-05
2.117440070000000560e+03	-6.552332897791224298e-05
2.117470200000000204e+03	-8.639868933542349527e-05
2.117500340000000506e+03	-9.227434022078540021e-05
2.117530470000000150e+03	-8.814970057829940586e-05
2.117560600000000250e+03	-7.902506093583616664e-05
2.117590740000000551e+03	-6.490071182120582538e-05
2.117620870000000195e+03	-6.077607217871983103e-05
2.117651010000000497e+03	-6.165172306409061331e-05
2.117681140000000141e+03	-6.752708342160074206e-05
2.117711270000000241e+03	-7.340244377913862639e-05
2.117741410000000542e+03	-7.427809466449553089e-05
2.117771540000000186e+03	-7.015345502200953653e-05
2.117801680000000488e+03	-6.602910590738919616e-05
2.117831810000000132e+03	-6.690446626489432447e-05
2.117861940000000232e+03	-7.777982662242333145e-05
2.117892080000000533e+03	-9.365547750778135949e-05
2.117922210000000177e+03	-1.145308378653064896e-04
2.117952340000000277e+03	-1.254061982228354966e-04
2.117982480000000578e+03	-1.262818491082062788e-04
2.118012610000000222e+03	-1.171572094657014063e-04
2.118042750000000524e+03	-9.803286035107994234e-05
2.118072880000000168e+03	-8.890822070860282533e-05
2.118103010000000268e+03	-8.978358106613570921e-05
2.118133150000000569e+03	-9.565923195148373637e-05
2.118163280000000213e+03	-1.115345923090038660e-04
2.118193420000000515e+03	-1.274102431943757718e-04
2.118223550000000159e+03	-1.332856035518859006e-04
2.118253680000000259e+03	-1.241609639094087836e-04
2.118283820000000560e+03	-1.100366147947784423e-04
2.118313950000000204e+03	-9.091197515230520221e-05
2.118344080000000304e+03	-8.678733550983308564e-05
2.118374220000000150e+03	-8.766298639517611235e-05
2.118404350000000250e+03	-9.353834675271399668e-05
2.118434490000000551e+03	-9.941399763808977941e-05
2.118464620000000195e+03	-1.002893579955949077e-04
2.118494750000000295e+03	-9.616471835312279115e-05
2.118524890000000141e+03	-8.704036923848357254e-05
2.118555020000000241e+03	-7.791572959600645554e-05
2.118585150000000340e+03	-6.879108995352933853e-05
2.118615290000000186e+03	-6.466674083888124258e-05
2.118645420000000286e+03	-5.554210119640412557e-05
2.118675560000000132e+03	-4.641775208176490697e-05
2.118705690000000232e+03	-2.229311243930054420e-05
2.118735820000000331e+03	1.831527203177696350e-06
2.118765960000000177e+03	2.595587631781803850e-05
2.118796090000000277e+03	3.008051596029015506e-05
2.118826230000000578e+03	1.420486507491824923e-05
2.118856360000000222e+03	-2.167049528258024882e-05
2.118886490000000322e+03	-7.254585564010762599e-05
2.118916630000000168e+03	-1.134215065254767785e-04
2.118946760000000268e+03	-1.392968668830069090e-04
2.118976890000000367e+03	-1.301722272405159142e-04
2.119007030000000213e+03	-1.010478781258844494e-04
2.119037160000000313e+03	-6.192323848340508530e-05
2.119067300000000159e+03	-2.779888936875474226e-05
2.119097430000000259e+03	-8.674249726281502149e-06
2.119127560000000358e+03	-4.549610083823263373e-06
2.119157700000000204e+03	-1.542526096917629097e-05
2.119187830000000304e+03	-3.130062132669642061e-05
2.119217960000000403e+03	-4.717598168423042804e-05
2.119248100000000250e+03	-5.805163256956957785e-05
2.119278230000000349e+03	-6.892699292711246262e-05
2.119308370000000195e+03	-8.480264381245661287e-05
2.119338500000000295e+03	-1.056780041699956207e-04
2.119368630000000394e+03	-1.365533645275307517e-04
2.119398770000000241e+03	-1.624290154128710251e-04
2.119428900000000340e+03	-1.733043757704000321e-04
2.119459040000000186e+03	-1.641800266557469357e-04
2.119489170000000286e+03	-1.350553870132775724e-04
2.119519300000000385e+03	-9.093074737080708569e-05
2.119549440000000232e+03	-5.180639825616562000e-05
2.119579570000000331e+03	-1.768175861370513413e-05
2.119609700000000430e+03	-8.557118971228017124e-06
2.119639840000000277e+03	-1.443276985657604428e-05
2.119669970000000376e+03	-3.530813021410117436e-05
2.119700110000000222e+03	-6.118378109945532550e-05
2.119730240000000322e+03	-8.705914145698545603e-05
2.119760370000000421e+03	-1.079345018145244639e-04
2.119790510000000268e+03	-1.238101526998824919e-04
2.119820640000000367e+03	-1.346855130573976211e-04
2.119850780000000213e+03	-1.355611639427545256e-04
2.119880910000000313e+03	-1.364365243002735317e-04
2.119911040000000412e+03	-1.373118846578064156e-04
2.119941180000000259e+03	-1.331875355431583197e-04
2.119971310000000358e+03	-1.290628959007000809e-04
2.120001440000000457e+03	-1.249382562582279643e-04
2.120031580000000304e+03	-1.208139071435659906e-04
2.120061710000000403e+03	-1.166892675011077518e-04
2.120091850000000250e+03	-1.075649183864407776e-04
2.120121980000000349e+03	-9.844027874397753841e-05
2.120152110000000448e+03	-8.431563910150929875e-05
2.120182250000000295e+03	-8.019128998687508059e-05
2.120212380000000394e+03	-7.606665034440296402e-05
2.120242510000000493e+03	-8.694201070191809322e-05
2.120272650000000340e+03	-1.028176615872761213e-04
2.120302780000000439e+03	-1.186930219447962509e-04
2.120332920000000286e+03	-1.295686728301492785e-04
2.120363050000000385e+03	-1.254440331876910397e-04
2.120393180000000484e+03	-1.063193935452177996e-04
2.120423320000000331e+03	-8.219504443057745746e-05
2.120453450000000430e+03	-5.307040478809421646e-05
2.120483590000000277e+03	-3.894605567344999741e-05
2.120513720000000376e+03	-3.482141603097788085e-05
2.120543850000000475e+03	-5.069677638849801049e-05
2.120573990000000322e+03	-7.157242727386103898e-05
2.120604120000000421e+03	-9.744778763139116950e-05
2.120634250000000520e+03	-1.183231479889301774e-04
2.120664390000000367e+03	-1.241987988742643267e-04
2.120694520000000466e+03	-1.300741592317883333e-04
2.120724660000000313e+03	-1.259498101171402373e-04
2.120754790000000412e+03	-1.268251704746731212e-04
2.120784920000000511e+03	-1.277005308322060051e-04
2.120815060000000358e+03	-1.285761817175629096e-04
2.120845190000000457e+03	-1.294515420750957935e-04
2.120875320000000556e+03	-1.253269024326236769e-04
2.120905460000000403e+03	-1.162025533179705805e-04
2.120935590000000502e+03	-9.707791367549734041e-05
2.120965730000000349e+03	-7.795356456084812091e-05
2.120995860000000448e+03	-6.382892491837988125e-05
2.121025990000000547e+03	-5.470428527591664203e-05
2.121056130000000394e+03	-5.557993616125966874e-05
2.121086260000000493e+03	-5.645529651879255262e-05
2.121116400000000340e+03	-6.733094740413170243e-05
2.121146530000000439e+03	-7.320630776166958675e-05
2.121176660000000538e+03	-8.408166811919859374e-05
2.121206800000000385e+03	-9.495731900456549912e-05
2.121236930000000484e+03	-1.058326793620945061e-04
2.121267060000000129e+03	-1.267080397196057584e-04
2.121297200000000430e+03	-1.375836906049726638e-04
2.121327330000000529e+03	-1.534590509624927934e-04
2.121357470000000376e+03	-1.543347018478496979e-04
2.121387600000000475e+03	-1.452100622053725809e-04
2.121417730000000574e+03	-1.260854225629132186e-04
2.121447870000000421e+03	-9.696107344826787600e-05
2.121478000000000520e+03	-6.783643380578463500e-05
2.121508140000000367e+03	-4.371208469114429285e-05
2.121538270000000466e+03	-2.958744504866217540e-05
2.121568400000000565e+03	-2.546280540619005883e-05
2.121598540000000412e+03	-3.133845629155196377e-05
2.121628670000000511e+03	-4.221381664908097076e-05
2.121658800000000156e+03	-5.308917700659609995e-05
2.121688940000000457e+03	-4.896482789196188179e-05
2.121719070000000556e+03	-3.984018824949864257e-05
2.121749210000000403e+03	-2.571583913484054573e-05
2.121779340000000502e+03	-1.159119949237230607e-05
2.121809470000000147e+03	-1.246655984989131216e-05
2.121839610000000448e+03	-2.334221073525821755e-05
2.121869740000000547e+03	-5.421757109279334852e-05
2.121899870000000192e+03	-9.009293145029184657e-05
2.121930010000000493e+03	-1.259685823356698764e-04
2.121960140000000138e+03	-1.518439426931861291e-04
2.121990280000000439e+03	-1.627195935785391567e-04
2.122020410000000538e+03	-1.485949539360847949e-04
2.122050540000000183e+03	-1.294703142935837992e-04
2.122080680000000484e+03	-1.003459651789662122e-04
2.122110810000000129e+03	-8.122132553647909425e-05
2.122140950000000430e+03	-6.709697642184875299e-05
2.122171080000000529e+03	-5.797233677935775820e-05
2.122201210000000174e+03	-5.384769713688564163e-05
2.122231350000000475e+03	-4.972334802225142347e-05
2.122261480000000574e+03	-4.559870837977930691e-05
2.122291610000000219e+03	-3.647406873728831211e-05
2.122321750000000520e+03	-2.734971962266297130e-05
2.122351880000000165e+03	-2.322507998017697695e-05
2.122382020000000466e+03	-2.910073086553888189e-05
2.122412150000000565e+03	-4.997609122306401197e-05
2.122442280000000210e+03	-7.585145158059414250e-05
2.122472420000000511e+03	-1.067271024659532941e-04
2.122502550000000156e+03	-1.376024628234606695e-04
2.122532690000000457e+03	-1.634781137088425762e-04
2.122562820000000556e+03	-1.793534740663488281e-04
2.122592950000000201e+03	-1.802288344238817119e-04
2.122623090000000502e+03	-1.711044853092424933e-04
2.122653220000000147e+03	-1.469798456667642528e-04
2.122683350000000246e+03	-1.128552060242760113e-04
2.122713490000000547e+03	-7.873085690966730166e-05
2.122743620000000192e+03	-4.460621726717906022e-05
2.122773760000000493e+03	-2.048186815252484028e-05
2.122803890000000138e+03	-1.135722851006160106e-05
2.122834020000000237e+03	-7.232588867575606706e-06
2.122864160000000538e+03	-1.810823975295638988e-05
2.122894290000000183e+03	-3.898360011045376439e-05
2.122924420000000282e+03	-5.485896046798777181e-05
2.122954560000000129e+03	-6.573461135334079941e-05
2.122984690000000228e+03	-7.160997171087868374e-05
2.123014830000000529e+03	-6.748562259623058779e-05
2.123044960000000174e+03	-6.836098295374959388e-05
2.123075090000000273e+03	-7.423634331128747821e-05
2.123105230000000574e+03	-8.011199419666326094e-05
2.123135360000000219e+03	-9.098735455416451234e-05
2.123165500000000520e+03	-1.018630054395314177e-04
2.123195630000000165e+03	-1.127383657970604247e-04
2.123225760000000264e+03	-1.136137261545933086e-04
2.123255900000000565e+03	-1.094893770399452126e-04
2.123286030000000210e+03	-1.003647373974680956e-04
2.123316160000000309e+03	-9.124009775497710084e-05
2.123346300000000156e+03	-8.711574864034288268e-05
2.123376430000000255e+03	-9.299110899786688922e-05
2.123406570000000556e+03	-1.038667598832337946e-04
2.123436700000000201e+03	-1.197421202407678020e-04
2.123466830000000300e+03	-1.256174805982779308e-04
2.123496970000000147e+03	-1.314931314836398357e-04
2.123527100000000246e+03	-1.273684918411538414e-04
2.123557230000000345e+03	-1.132438521986856017e-04
2.123587370000000192e+03	-9.911950308404138266e-05
2.123617500000000291e+03	-7.999486344158202034e-05
2.123647640000000138e+03	-5.587051432694167818e-05
2.123677770000000237e+03	-3.674587468445456029e-05
2.123707900000000336e+03	-2.262123504197244284e-05
2.123738040000000183e+03	-2.349688592732934733e-05
2.123768170000000282e+03	-2.937224628486723166e-05
2.123798310000000129e+03	-5.524789717022138280e-05
2.123828440000000228e+03	-8.612325752775651377e-05
2.123858570000000327e+03	-1.119986178852727665e-04
2.123888710000000174e+03	-1.328742687706357950e-04
2.123918840000000273e+03	-1.237496291281448002e-04
2.123948970000000372e+03	-9.962498948568043744e-05
2.123979110000000219e+03	-5.550064037103397130e-05
2.124009240000000318e+03	-1.137600072857736233e-05
2.124039380000000165e+03	1.274834838607685761e-05
2.124069510000000264e+03	1.687298802854897417e-05
2.124099640000000363e+03	-9.002372328981156357e-06
2.124129780000000210e+03	-4.987802321432255326e-05
2.124159910000000309e+03	-9.075338357185380733e-05
2.124190050000000156e+03	-1.116290344572168358e-04
2.124220180000000255e+03	-1.125043948147497197e-04
2.124250310000000354e+03	-9.337975517227647959e-05
2.124280450000000201e+03	-6.425540605761725921e-05
2.124310580000000300e+03	-4.513076641515789689e-05
2.124340710000000399e+03	-4.100612677267190254e-05
2.124370850000000246e+03	-5.688177765802993058e-05
2.124400980000000345e+03	-8.275713801556006111e-05
2.124431120000000192e+03	-1.036327889009230896e-04
2.124461250000000291e+03	-1.045081492584559735e-04
2.124491380000000390e+03	-8.538350961596885558e-05
2.124521520000000237e+03	-5.625916050132351298e-05
2.124551650000000336e+03	-2.213452085884914933e-05
2.124581780000000435e+03	-3.009881216375909219e-06
2.124611920000000282e+03	1.114467898258308942e-06
2.124642050000000381e+03	-9.760892459270698041e-06
2.124672190000000228e+03	-2.563654334462872608e-05
2.124702320000000327e+03	-4.651190370215385617e-05
2.124732450000000426e+03	-5.738726405968286315e-05
2.124762590000000273e+03	-6.326291494501701251e-05
2.124792720000000372e+03	-6.913827530255489684e-05
2.124822860000000219e+03	-8.001392618790792444e-05
2.124852990000000318e+03	-9.588928654544193186e-05
2.124883120000000417e+03	-1.167646469029809397e-04
2.124913260000000264e+03	-1.326402977883250900e-04
2.124943390000000363e+03	-1.385156581458490965e-04
2.124973520000000462e+03	-1.343910185033769800e-04
2.125003660000000309e+03	-1.252666693887238836e-04
2.125033790000000408e+03	-1.111420297462695217e-04
2.125063930000000255e+03	-1.070176806316214257e-04
2.125094060000000354e+03	-1.078930409891543096e-04
2.125124190000000453e+03	-1.137684013466783162e-04
2.125154330000000300e+03	-1.146440522320352207e-04
2.125184460000000399e+03	-1.055194125895442259e-04
2.125214590000000499e+03	-8.139477294707986310e-05
2.125244730000000345e+03	-5.727042383243952095e-05
2.125274860000000444e+03	-2.814578418997015774e-05
2.125305000000000291e+03	-1.402143507532593869e-05
2.125335130000000390e+03	-1.489679543284494478e-05
2.125365260000000490e+03	-3.077215579036507442e-05
2.125395400000000336e+03	-4.664780667572310247e-05
2.125425530000000435e+03	-5.752316703325210945e-05
2.125455670000000282e+03	-5.839881791860901394e-05
2.125485800000000381e+03	-4.927417827614577472e-05
2.125515930000000481e+03	-3.014953863367253462e-05
2.125546070000000327e+03	-1.102518951902331512e-05
2.125576200000000426e+03	-1.900549876546198114e-06
2.125606330000000526e+03	-7.775910234070204652e-06
2.125636470000000372e+03	-1.865156111942323225e-05
2.125666600000000471e+03	-2.952692147696611702e-05
2.125696740000000318e+03	-4.040257236231914462e-05
2.125726870000000417e+03	-4.127793271983815071e-05
2.125757000000000517e+03	-3.715329307736603415e-05
2.125787140000000363e+03	-3.302894396271793820e-05
2.125817270000000462e+03	-2.890430432024582164e-05
2.125847410000000309e+03	-2.977995520560272613e-05
2.125877540000000408e+03	-3.065531556313561001e-05
2.125907670000000508e+03	-3.653067592067349434e-05
2.125937810000000354e+03	-3.240632680601152060e-05
2.125967940000000453e+03	-2.828168716353940404e-05
2.125998070000000553e+03	-1.915704752106228703e-05
2.126028210000000399e+03	-1.503269840642806887e-05
2.126058340000000499e+03	-2.090805876395207541e-05
2.126088480000000345e+03	-4.678370964930622655e-05
2.126118610000000444e+03	-7.765907000684135753e-05
2.126148740000000544e+03	-1.135344303643676112e-04
2.126178880000000390e+03	-1.444100812497267627e-04
2.126209010000000490e+03	-1.602854416072330146e-04
2.126239140000000134e+03	-1.611608019647658985e-04
2.126269280000000435e+03	-1.420364528501305568e-04
2.126299410000000535e+03	-1.179118132076661940e-04
2.126329550000000381e+03	-9.378746409302585185e-05
2.126359680000000481e+03	-7.966282445054373440e-05
2.126389810000000580e+03	-7.053818480806661739e-05
2.126419950000000426e+03	-6.641383569341852144e-05
2.126450080000000526e+03	-5.728919605094140444e-05
2.126480220000000372e+03	-4.316484693629718539e-05
2.126510350000000471e+03	-2.404020729383782307e-05
2.126540480000000571e+03	-9.915567651369583402e-06
2.126570620000000417e+03	-1.079121853671261011e-05
2.126600750000000517e+03	-2.666657889424661754e-05
2.126630880000000161e+03	-5.754193925176787072e-05
2.126661020000000462e+03	-9.841759013712314541e-05
2.126691150000000562e+03	-1.242929504946532759e-04
2.126721290000000408e+03	-1.351686013800063035e-04
2.126751420000000508e+03	-1.210439617375380639e-04
2.126781550000000152e+03	-8.691932209504982243e-05
2.126811690000000453e+03	-4.279497298041723408e-05
2.126841820000000553e+03	-1.367033333793399308e-05
2.126871960000000399e+03	4.540157767102259712e-07
2.126902090000000499e+03	-1.042134458083265880e-05
2.126932220000000143e+03	-3.129670493833003331e-05
2.126962360000000444e+03	-5.717235582371194003e-05
2.126992490000000544e+03	-7.804771618123707011e-05
2.127022620000000188e+03	-8.392307653876107665e-05
2.127052760000000490e+03	-7.979872742411298070e-05
2.127082890000000134e+03	-7.067408778163586369e-05
2.127113030000000435e+03	-6.154973866699664509e-05
2.127143160000000535e+03	-5.242509902453340587e-05
2.127173290000000179e+03	-4.330045938204241107e-05
2.127203430000000481e+03	-2.417611026740706937e-05
2.127233560000000580e+03	-5.147062492882881202e-08
2.127263690000000224e+03	2.907316901754053440e-05
2.127293830000000526e+03	4.319751813218475345e-05
2.127323960000000170e+03	4.232215777466574735e-05
2.127354100000000471e+03	2.144650688928884108e-05
2.127384230000000571e+03	-1.942885346824241299e-05
2.127414360000000215e+03	-6.530421382575091194e-05
2.127444500000000517e+03	-1.111798647111111871e-04
2.127474630000000161e+03	-1.370552250686413176e-04
2.127504770000000462e+03	-1.379308759539982221e-04
2.127534900000000562e+03	-1.188062363115249820e-04
2.127565030000000206e+03	-8.468159666903674054e-05
2.127595170000000508e+03	-5.055724755440027529e-05
2.127625300000000152e+03	-2.143260791191703429e-05
2.127655430000000251e+03	-2.307968269457671973e-06
2.127685570000000553e+03	6.816380845181546633e-06
2.127715700000000197e+03	1.094102048766754098e-05
2.127745840000000499e+03	1.506536960230175914e-05
2.127775970000000143e+03	1.919000924478775350e-05
2.127806100000000242e+03	2.331464888725987006e-05
2.127836240000000544e+03	2.243899800188908777e-05
2.127866370000000188e+03	2.156363764437008168e-05
2.127896500000000287e+03	2.068827728683719780e-05
2.127926640000000134e+03	9.812626401498047990e-06
2.127956770000000233e+03	3.937266043960163664e-06
2.127986910000000535e+03	-1.938384841415619064e-06
2.128017040000000179e+03	-7.813745198911870027e-06
2.128047170000000278e+03	-1.368910555644975435e-05
2.128077310000000580e+03	-1.456475644180665885e-05
2.128107440000000224e+03	-1.044011679933454229e-05
2.128137580000000526e+03	3.684232315309676764e-06
2.128167710000000170e+03	1.780887195779179422e-05
2.128197840000000269e+03	3.693351160026503432e-05
2.128227980000000571e+03	5.605786071490037603e-05
2.128258110000000215e+03	6.518250035737749304e-05
2.128288240000000314e+03	6.430713999984460916e-05
2.128318380000000161e+03	5.343148911449158156e-05
2.128348510000000260e+03	3.255612875696645148e-05
2.128378650000000562e+03	1.168047787160342299e-05
2.128408780000000206e+03	-4.194882485902828861e-06
2.128438910000000305e+03	-1.507024284344571363e-05
2.128469050000000152e+03	-1.594589372880261813e-05
2.128499180000000251e+03	-1.182125408633050156e-05
2.128529320000000553e+03	-7.696904971682405616e-06
2.128559450000000197e+03	6.427734670799711836e-06
2.128589580000000296e+03	2.055237431328182929e-05
2.128619720000000143e+03	3.467672342791217055e-05
2.128649850000000242e+03	4.880136307038041021e-05
2.128679980000000342e+03	5.292600271285252678e-05
2.128710120000000188e+03	5.205035182749562228e-05
2.128740250000000287e+03	4.617499146997161574e-05
2.128770390000000134e+03	4.029934058462358859e-05
2.128800520000000233e+03	3.442398022709958205e-05
2.128830650000000333e+03	4.354861986956282127e-05
2.128860790000000179e+03	6.267296898421204077e-05
2.128890920000000278e+03	8.179760862667140309e-05
2.128921050000000378e+03	1.009222482691446432e-04
2.128951190000000224e+03	1.050465973838066169e-04
2.128981320000000323e+03	9.917123702626873261e-05
2.129011460000000170e+03	7.829558614091958191e-05
2.129041590000000269e+03	5.742022578339445182e-05
2.129071720000000369e+03	4.654486542586544484e-05
2.129101860000000215e+03	5.066921454049966300e-05
2.129131990000000314e+03	7.479385418296402577e-05
2.129162130000000161e+03	1.089182032976282466e-04
2.129192260000000260e+03	1.330428429400926094e-04
2.129222390000000360e+03	1.371674825825786037e-04
2.129252530000000206e+03	1.212918316972205757e-04
2.129282660000000305e+03	8.541647133968044425e-05
2.129312790000000405e+03	4.954111098215419062e-05
2.129342930000000251e+03	2.366546009680003948e-05
2.129373060000000351e+03	1.779009973927603294e-05
2.129403200000000197e+03	3.191444885392025199e-05
2.129433330000000296e+03	5.103908849640736989e-05
2.129463460000000396e+03	7.016372813886673221e-05
2.129493600000000242e+03	7.928807725350595081e-05
2.129523730000000342e+03	6.841271689597694383e-05
2.129553870000000188e+03	4.753706601062779313e-05
2.129584000000000287e+03	2.666170565310266305e-05
2.129614130000000387e+03	1.578634529557365607e-05
2.129644270000000233e+03	2.491069441022675246e-05
2.129674400000000333e+03	4.903533405269111523e-05
2.129704530000000432e+03	8.315997369516547888e-05
2.129734670000000278e+03	1.222843228098069446e-04
2.129764800000000378e+03	1.514089624522763078e-04
2.129794940000000224e+03	1.655333115669344046e-04
2.129825070000000323e+03	1.646579512094015207e-04
2.129855200000000423e+03	1.537825908518725138e-04
2.129885340000000269e+03	1.429069399665194862e-04
2.129915470000000369e+03	1.320315796089904792e-04
2.129945600000000468e+03	1.311562192514575953e-04
2.129975740000000314e+03	1.352805683660918135e-04
2.130005870000000414e+03	1.444052080085828083e-04
2.130036010000000260e+03	1.585295571232270273e-04
2.130066140000000360e+03	1.676541967657041443e-04
2.130096270000000459e+03	1.717788364081623831e-04
2.130126410000000305e+03	1.709031855228054786e-04
2.130156540000000405e+03	1.600278251652764716e-04
2.130186680000000251e+03	1.441521742799184436e-04
2.130216810000000351e+03	1.332768139224033144e-04
2.130246940000000450e+03	1.224014535648881852e-04
2.130277080000000296e+03	1.215258026795312807e-04
2.130307210000000396e+03	1.356504423219995203e-04
2.130337340000000495e+03	1.497750819644677600e-04
2.130367480000000342e+03	1.688994310791031017e-04
2.130397610000000441e+03	1.880240707215763418e-04
2.130427750000000287e+03	1.921484198362244378e-04
2.130457880000000387e+03	1.912730594787054317e-04
2.130488010000000486e+03	1.803976991211764247e-04
2.130518150000000333e+03	1.695220482358233971e-04
2.130548280000000432e+03	1.636466878782855128e-04
2.130578410000000531e+03	1.677713275207576293e-04
2.130608550000000378e+03	1.868956766354068488e-04
2.130638680000000477e+03	2.060203162778800889e-04
2.130668820000000323e+03	2.251446653925293084e-04
2.130698950000000423e+03	2.442693050350025485e-04
2.130729080000000522e+03	2.533939446774657878e-04
2.130759220000000369e+03	2.575182937921138837e-04
2.130789350000000468e+03	2.566429334345809998e-04
2.130819490000000314e+03	2.607672825492429736e-04
2.130849620000000414e+03	2.648919221917012123e-04
2.130879750000000513e+03	2.690165618341872067e-04
2.130909890000000360e+03	2.731409109488214249e-04
2.130940020000000459e+03	2.622655505912924179e-04
2.130970150000000558e+03	2.463901902337584104e-04
2.131000290000000405e+03	2.255145393484092597e-04
2.131030420000000504e+03	2.046391789908841297e-04
2.131060560000000351e+03	1.987635281055361025e-04
2.131090690000000450e+03	2.028881677480082191e-04
2.131120820000000549e+03	2.270128073904725818e-04
2.131150960000000396e+03	2.611371565051229249e-04
2.131181090000000495e+03	2.952617961475834107e-04
2.131211230000000342e+03	3.243861452622287533e-04
2.131241360000000441e+03	3.335107849047058703e-04
2.131271490000000540e+03	3.226354245471768634e-04
2.131301630000000387e+03	3.067597736618327131e-04
2.131331760000000486e+03	2.858844133043075830e-04
2.131361890000000130e+03	2.700090529467874534e-04
2.131392030000000432e+03	2.591334020614066702e-04
2.131422160000000531e+03	2.582580417038737863e-04
2.131452300000000378e+03	2.673823908185407605e-04
2.131482430000000477e+03	2.765070304610039997e-04
2.131512560000000576e+03	3.006316701034822403e-04
2.131542700000000423e+03	3.297560192181275829e-04
2.131572830000000522e+03	3.688806588605930692e-04
2.131602960000000166e+03	4.180052985030963120e-04
2.131633100000000468e+03	4.571296476177100221e-04
2.131663230000000567e+03	4.862542872601932631e-04
2.131693370000000414e+03	4.953786363748324817e-04
2.131723500000000513e+03	4.745032760173073516e-04
2.131753630000000157e+03	4.436279156597860984e-04
2.131783770000000459e+03	4.127522647744269468e-04
2.131813900000000558e+03	3.868769044168829385e-04
2.131844040000000405e+03	3.860012535315260340e-04
2.131874170000000504e+03	4.101258931740181524e-04
2.131904300000000148e+03	4.442505328164925160e-04
2.131934440000000450e+03	4.833748819311339817e-04
2.131964570000000549e+03	5.124995215736033449e-04
2.131994700000000194e+03	5.316241612160904628e-04
2.132024840000000495e+03	5.357485103307108032e-04
2.132054970000000139e+03	5.398731499732106753e-04
2.132085110000000441e+03	5.439974990878310157e-04
2.132115240000000540e+03	5.631221387303181336e-04
2.132145370000000185e+03	5.822467783727913737e-04
2.132175510000000486e+03	6.063711274874317159e-04
2.132205640000000130e+03	6.204957671299138333e-04
2.132235770000000230e+03	6.246204067723859499e-04
2.132265910000000531e+03	6.237447558870012898e-04
2.132296040000000175e+03	6.178693955295050388e-04
2.132326180000000477e+03	6.169937446441481343e-04
2.132356310000000576e+03	6.311183842866163740e-04
2.132386440000000221e+03	6.502430239290896141e-04
2.132416580000000522e+03	6.743673730437160785e-04
2.132446710000000166e+03	6.934920126862170742e-04
2.132476850000000468e+03	7.026163618008424150e-04
2.132506980000000567e+03	7.017410014433095311e-04
2.132537110000000212e+03	6.958656410857994024e-04
2.132567250000000513e+03	6.949899902004424979e-04
2.132597380000000157e+03	7.041146298429196149e-04
2.132627510000000257e+03	7.282392694853839776e-04
2.132657650000000558e+03	7.623636186000204429e-04
2.132687780000000203e+03	7.964882582425086843e-04
2.132717920000000504e+03	8.306126073571451496e-04
2.132748050000000148e+03	8.597372469996145128e-04
2.132778180000000248e+03	8.788618866420877529e-04
2.132808320000000549e+03	8.979862357567230946e-04
2.132838450000000194e+03	9.221108753992152129e-04
2.132868590000000495e+03	9.462352245138416773e-04
2.132898720000000139e+03	9.703598641563337956e-04
2.132928850000000239e+03	9.944845037987981584e-04
2.132958990000000540e+03	1.008608852913442377e-03
2.132989120000000185e+03	1.012733492555914494e-03
2.133019250000000284e+03	1.006858132198390487e-03
2.133049390000000130e+03	9.959824813130374599e-04
2.133079520000000230e+03	9.951071209555184538e-04
2.133109660000000531e+03	1.004231470070143795e-03
2.133139790000000175e+03	1.038356109712632036e-03
2.133169920000000275e+03	1.087480749355093645e-03
2.133200060000000576e+03	1.146605098469741235e-03
2.133230190000000221e+03	1.210729738112217846e-03
2.133260320000000320e+03	1.264854377754698334e-03
2.133290460000000166e+03	1.293978726869343676e-03
2.133320590000000266e+03	1.293103366511810792e-03
2.133350730000000567e+03	1.277227715626438886e-03
2.133380860000000212e+03	1.246352355268917633e-03
2.133410990000000311e+03	1.215476994911382502e-03
2.133441130000000157e+03	1.209601344026048353e-03
2.133471260000000257e+03	1.223725983668530470e-03
2.133501400000000558e+03	1.267850332783135303e-03
2.133531530000000203e+03	1.326974972425634669e-03
2.133561660000000302e+03	1.396099612068102402e-03
2.133591800000000148e+03	1.445223961182739991e-03
2.133621930000000248e+03	1.479348600825228233e-03
2.133652060000000347e+03	1.493473240467696472e-03
2.133682200000000194e+03	1.487597589582348445e-03
2.133712330000000293e+03	1.486722229224815561e-03
2.133742470000000139e+03	1.495846578339454780e-03
2.133772600000000239e+03	1.519971217981933020e-03
2.133802730000000338e+03	1.559095857624398507e-03
2.133832870000000185e+03	1.608220206739049973e-03
2.133863000000000284e+03	1.647344846381515460e-03
2.133893140000000130e+03	1.681469195496179680e-03
2.133923270000000230e+03	1.710593835138649044e-03
2.133953400000000329e+03	1.734718474781113406e-03
2.133983540000000175e+03	1.768842823895749872e-03
2.134013670000000275e+03	1.812967463538220358e-03
2.134043800000000374e+03	1.872092103180705847e-03
2.134073940000000221e+03	1.946216452295340682e-03
2.134104070000000320e+03	2.015341091937822293e-03
2.134134210000000166e+03	2.079465441052474883e-03
2.134164340000000266e+03	2.133590080694941493e-03
2.134194470000000365e+03	2.172714720337406979e-03
2.134224610000000212e+03	2.211839069452048445e-03
2.134254740000000311e+03	2.245963709094522809e-03
2.134284870000000410e+03	2.285088348736988295e-03
2.134315010000000257e+03	2.334212697851653640e-03
2.134345140000000356e+03	2.398337337494116372e-03
2.134375280000000203e+03	2.472461686608765086e-03
2.134405410000000302e+03	2.561586326251225065e-03
2.134435540000000401e+03	2.660710965893695046e-03
2.134465680000000248e+03	2.774835315008356007e-03
2.134495810000000347e+03	2.898959954650823234e-03
2.134525950000000194e+03	3.033084303765476442e-03
2.134556080000000293e+03	3.167208943407939792e-03
2.134586210000000392e+03	3.291333583050407019e-03
2.134616350000000239e+03	3.405457932165054102e-03
2.134646480000000338e+03	3.509582571807515206e-03
2.134676610000000437e+03	3.608707211449999064e-03
2.134706750000000284e+03	3.712831560564650024e-03
2.134736880000000383e+03	3.826956200207121128e-03
2.134767020000000230e+03	3.966080549321765458e-03
2.134797150000000329e+03	4.120205188964234932e-03
2.134827280000000428e+03	4.289329828606705530e-03
2.134857420000000275e+03	4.458454177721352107e-03
2.134887550000000374e+03	4.607578817363830459e-03
2.134917680000000473e+03	4.741703457006307687e-03
2.134947820000000320e+03	4.845827806120944770e-03
2.134977950000000419e+03	4.934952445763418627e-03
2.135008090000000266e+03	5.009076794878067340e-03
2.135038220000000365e+03	5.078201434520535074e-03
2.135068350000000464e+03	5.147326074163002807e-03
2.135098490000000311e+03	5.211450423277655397e-03
2.135128620000000410e+03	5.270575062920127007e-03
2.135158760000000257e+03	5.309699412034782351e-03
2.135188890000000356e+03	5.333824051677246714e-03
2.135219020000000455e+03	5.342948691319709953e-03
2.135249160000000302e+03	5.357073040434354172e-03
2.135279290000000401e+03	5.376197680076827412e-03
2.135309420000000500e+03	5.415322319719306776e-03
2.135339560000000347e+03	5.474446668833954366e-03
2.135369690000000446e+03	5.548571308476427100e-03
2.135399830000000293e+03	5.622695657591075813e-03
2.135429960000000392e+03	5.696820297233534669e-03
2.135460090000000491e+03	5.760944936875997402e-03
2.135490230000000338e+03	5.820069285990658869e-03
2.135520360000000437e+03	5.894193925633131603e-03
2.135550500000000284e+03	5.993318274747791441e-03
2.135580630000000383e+03	6.117442914390258668e-03
2.135610760000000482e+03	6.266567554032723142e-03
2.135640900000000329e+03	6.430691903147364719e-03
2.135671030000000428e+03	6.589816542789825315e-03
2.135701160000000527e+03	6.738941182432303667e-03
2.135731300000000374e+03	6.868065531546951874e-03
2.135761430000000473e+03	6.982190171189436856e-03
2.135791570000000320e+03	7.096314520304083939e-03
2.135821700000000419e+03	7.230439159946547290e-03
2.135851830000000518e+03	7.384563799589016764e-03
2.135881970000000365e+03	7.568688148703650587e-03
2.135912100000000464e+03	7.772812788346142310e-03
2.135942230000000563e+03	7.981937427988597400e-03
2.135972370000000410e+03	8.191061777103256225e-03
2.136002500000000509e+03	8.390186416745729070e-03
2.136032640000000356e+03	8.584310765860372894e-03
2.136062770000000455e+03	8.783435405502831861e-03
2.136092900000000554e+03	8.987560045145309706e-03
2.136123040000000401e+03	9.216684394259960778e-03
2.136153170000000500e+03	9.465809033902428116e-03
2.136183310000000347e+03	9.734933383017091435e-03
2.136213440000000446e+03	1.000905802265955602e-02
2.136243570000000545e+03	1.028818266230202561e-02
2.136273710000000392e+03	1.055230701141665617e-02
2.136303840000000491e+03	1.081143165105913351e-02
2.136333970000000136e+03	1.107055629070162472e-02
2.136364110000000437e+03	1.133468063981625529e-02
2.136394240000000536e+03	1.162880527945873987e-02
2.136424380000000383e+03	1.194792962857338381e-02
2.136454510000000482e+03	1.230205426821584513e-02
2.136484640000000581e+03	1.267617890785831258e-02
2.136514780000000428e+03	1.306530325697295714e-02
2.136544910000000527e+03	1.346442789661543571e-02
2.136575040000000172e+03	1.388355253625792041e-02
2.136605180000000473e+03	1.432767688537256445e-02
2.136635310000000572e+03	1.480680152501502589e-02
2.136665450000000419e+03	1.534092587412967668e-02
2.136695580000000518e+03	1.592505051377213210e-02
2.136725710000000163e+03	1.654917515341462753e-02
2.136755850000000464e+03	1.721329950252925567e-02
2.136785980000000563e+03	1.789242414217173671e-02
2.136816120000000410e+03	1.859154849128638598e-02
2.136846250000000509e+03	1.930567313092884651e-02
2.136876380000000154e+03	2.005479777057132817e-02
2.136906520000000455e+03	2.084892211968596143e-02
2.136936650000000554e+03	2.169804675932843208e-02
2.136966780000000199e+03	2.261717139897093110e-02
2.136996920000000500e+03	2.360629574808556508e-02
2.137027050000000145e+03	2.469542038772803982e-02
2.137057190000000446e+03	2.590954473684267678e-02
2.137087320000000545e+03	2.731366937648514737e-02
2.137117450000000190e+03	2.895779401612763593e-02
2.137147590000000491e+03	3.092191836524225967e-02
2.137177720000000136e+03	3.325604300488474441e-02
2.137207860000000437e+03	3.599016735399938882e-02
2.137237990000000536e+03	3.914429199364186096e-02
2.137268120000000181e+03	4.272341663328434180e-02
2.137298260000000482e+03	4.672254098239897457e-02
2.137328390000000581e+03	5.117166562204143732e-02
2.137358520000000226e+03	5.612079026168392826e-02
2.137388660000000527e+03	6.164491461079855961e-02
2.137418790000000172e+03	6.784403925044105166e-02
2.137448930000000473e+03	7.481816359955567597e-02
2.137479060000000572e+03	8.268728823919815896e-02
2.137509190000000217e+03	9.154641287884064671e-02
2.137539330000000518e+03	1.015055372279552726e-01
2.137569460000000163e+03	1.126596618675977657e-01
2.137599590000000262e+03	1.251137865072402267e-01
2.137629730000000563e+03	1.389679108563548759e-01
2.137659860000000208e+03	1.543120354959973406e-01
2.137690000000000509e+03	1.712211598451119920e-01
2.137720130000000154e+03	1.897202844847544756e-01
2.137750260000000253e+03	2.097794091243969650e-01
2.137780400000000554e+03	2.312835334735116044e-01
2.137810530000000199e+03	2.540226581131540540e-01
2.137840670000000500e+03	2.776767824622686787e-01
2.137870800000000145e+03	3.018259071019111506e-01
2.137900930000000244e+03	3.259500317415536252e-01
2.137931070000000545e+03	3.494791560906682637e-01
2.137961200000000190e+03	3.718232807303107901e-01
2.137991330000000289e+03	3.924324053699532744e-01
2.138021470000000136e+03	4.108415297190678439e-01
2.138051600000000235e+03	4.267056543587103290e-01
2.138081740000000536e+03	4.397947787078250181e-01
2.138111870000000181e+03	4.499989033474675049e-01
2.138142000000000280e+03	4.573030279871099779e-01
2.138172140000000581e+03	4.617721523362245950e-01
2.138202270000000226e+03	4.635412769758671114e-01
2.138232410000000527e+03	4.628104013249817461e-01
2.138262540000000172e+03	4.598245259646241978e-01
2.138292670000000271e+03	4.548386506042666477e-01
2.138322810000000572e+03	4.480827749533812243e-01
2.138352940000000217e+03	4.397568995930237756e-01
2.138383070000000316e+03	4.300160242326662718e-01
2.138413210000000163e+03	4.189851485817809307e-01
2.138443340000000262e+03	4.067842732214232981e-01
2.138473480000000563e+03	3.935483975705379445e-01
2.138503610000000208e+03	3.794575222101804757e-01
2.138533740000000307e+03	3.646916468498229702e-01
2.138563880000000154e+03	3.494557711989376148e-01
2.138594010000000253e+03	3.339298958385800709e-01
2.138624140000000352e+03	3.182840204782225180e-01
2.138654280000000199e+03	3.026681448273371711e-01
2.138684410000000298e+03	2.872122694669796417e-01
2.138714550000000145e+03	2.720313938160943135e-01
2.138744680000000244e+03	2.572305184557367452e-01
2.138774810000000343e+03	2.428946430953792535e-01
2.138804950000000190e+03	2.290987674444938949e-01
2.138835080000000289e+03	2.158878920841363624e-01
2.138865220000000136e+03	2.033070164332510255e-01
2.138895350000000235e+03	1.913711410728934637e-01
2.138925480000000334e+03	1.801052657125359335e-01
2.138955620000000181e+03	1.695143900616505883e-01
2.138985750000000280e+03	1.595935147012930710e-01
2.139015880000000379e+03	1.503226393409355377e-01
2.139046020000000226e+03	1.416717636900501898e-01
2.139076150000000325e+03	1.335908883296926530e-01
2.139106290000000172e+03	1.260400126788072950e-01
2.139136420000000271e+03	1.189641373184497780e-01
2.139166550000000370e+03	1.123332619580922481e-01
2.139196690000000217e+03	1.061223863072069118e-01
2.139226820000000316e+03	1.003115109468493693e-01
2.139256950000000415e+03	9.489063558649182828e-02
2.139287090000000262e+03	8.983975993560647244e-02
2.139317220000000361e+03	8.513388457524895259e-02
2.139347360000000208e+03	8.073800892436359955e-02
2.139377490000000307e+03	7.662213356400605913e-02
2.139407620000000406e+03	7.275125820364855556e-02
2.139437760000000253e+03	6.910038255276318431e-02
2.139467890000000352e+03	6.566450719240565781e-02
2.139498030000000199e+03	6.242363154152030802e-02
2.139528160000000298e+03	5.937275618116276410e-02
2.139558290000000397e+03	5.649688082080525642e-02
2.139588430000000244e+03	5.379100516991990044e-02
2.139618560000000343e+03	5.124012980956237084e-02
2.139648690000000443e+03	4.883425444920484748e-02
2.139678830000000289e+03	4.656837879831948745e-02
2.139708960000000388e+03	4.442750343796195156e-02
2.139739100000000235e+03	4.241162778707659176e-02
2.139769230000000334e+03	4.050575242671908271e-02
2.139799360000000434e+03	3.869987706636156266e-02
2.139829500000000280e+03	3.698900141547620257e-02
2.139859630000000379e+03	3.536312605511866825e-02
2.139889770000000226e+03	3.382225040423331164e-02
2.139919900000000325e+03	3.236637504387578079e-02
2.139950030000000424e+03	3.100049968351824281e-02
2.139980170000000271e+03	2.971962403263289643e-02
2.140010300000000370e+03	2.851874867227538468e-02
2.140040430000000470e+03	2.738787331191784580e-02
2.140070570000000316e+03	2.631699766103248739e-02
2.140100700000000415e+03	2.530112230067496637e-02
2.140130840000000262e+03	2.433524664978960195e-02
2.140160970000000361e+03	2.341437128943207879e-02
2.140191100000000461e+03	2.254849592907455513e-02
2.140221240000000307e+03	2.173762027818920695e-02
2.140251370000000406e+03	2.098174491783168227e-02
2.140281500000000506e+03	2.027586955747413822e-02
2.140311640000000352e+03	1.960999390658878239e-02
2.140341770000000452e+03	1.898411854623124895e-02
2.140371910000000298e+03	1.837824289534591149e-02
2.140402040000000397e+03	1.779736753498838142e-02
2.140432170000000497e+03	1.723149217463085248e-02
2.140462310000000343e+03	1.668561652374550563e-02
2.140492440000000443e+03	1.615474116338797006e-02
2.140522580000000289e+03	1.563886551250261159e-02
2.140552710000000388e+03	1.515299015214507938e-02
2.140582840000000488e+03	1.468711479178755330e-02
2.140612980000000334e+03	1.425123914090220545e-02
2.140643110000000434e+03	1.384536378054468386e-02
2.140673240000000533e+03	1.346448842018714565e-02
2.140703380000000379e+03	1.310361276930178953e-02
2.140733510000000479e+03	1.276273740894426356e-02
2.140763650000000325e+03	1.243186175805890969e-02
2.140793780000000424e+03	1.211098639770138985e-02
2.140823910000000524e+03	1.180011103734385225e-02
2.140854050000000370e+03	1.149923538645851451e-02
2.140884180000000470e+03	1.120836002610098303e-02
2.140914310000000569e+03	1.092748466574344768e-02
2.140944450000000415e+03	1.065660901485808443e-02
2.140974580000000515e+03	1.039073365450055020e-02
2.141004720000000361e+03	1.012985800361521083e-02
2.141034850000000461e+03	9.873982643257672720e-03
2.141064980000000560e+03	9.628107282900158492e-03
2.141095120000000406e+03	9.387231632014797489e-03
2.141125250000000506e+03	9.156356271657270507e-03
2.141155390000000352e+03	8.935480620771915627e-03
2.141185520000000452e+03	8.714605260414384769e-03
2.141215650000000551e+03	8.498729900056858910e-03
2.141245790000000397e+03	8.282854249171509031e-03
2.141275920000000497e+03	8.071978888813988173e-03
2.141306050000000141e+03	7.866103528456472316e-03
2.141336190000000443e+03	7.670227877571100805e-03
2.141366320000000542e+03	7.484352517213563316e-03
2.141396460000000388e+03	7.313476866328202930e-03
2.141426590000000488e+03	7.137601505970689320e-03
2.141456720000000132e+03	6.956726145613170709e-03
2.141486860000000434e+03	6.760850494727813076e-03
2.141516990000000533e+03	6.549975134370278340e-03
2.141547130000000379e+03	6.329099483484923461e-03
2.141577260000000479e+03	6.108224123127392602e-03
2.141607390000000578e+03	5.897348762769857866e-03
2.141637530000000424e+03	5.711473111884510234e-03
2.141667660000000524e+03	5.555597751526988870e-03
2.141697790000000168e+03	5.424722391169464752e-03
2.141727930000000470e+03	5.313846740284108860e-03
2.141758060000000569e+03	5.207971379926568112e-03
2.141788200000000415e+03	5.097095729041212220e-03
2.141818330000000515e+03	4.971220368683679225e-03
2.141848460000000159e+03	4.830345008326172862e-03
2.141878600000000461e+03	4.679469357440818600e-03
2.141908730000000560e+03	4.523593997083283358e-03
2.141938860000000204e+03	4.372718636725766994e-03
2.141969000000000506e+03	4.231842985840394977e-03
2.141999130000000150e+03	4.110967625482894738e-03
2.142029270000000452e+03	4.000091974597511091e-03
2.142059400000000551e+03	3.894216614239984220e-03
2.142089530000000195e+03	3.788341253882471227e-03
2.142119670000000497e+03	3.687465602997111458e-03
2.142149800000000141e+03	3.586590242639589587e-03
2.142179940000000443e+03	3.495714591754225942e-03
2.142210070000000542e+03	3.414839231396682440e-03
2.142240200000000186e+03	3.343963871039176694e-03
2.142270340000000488e+03	3.283088220153815295e-03
2.142300470000000132e+03	3.222212859796291795e-03
2.142330600000000231e+03	3.161337499438754417e-03
2.142360740000000533e+03	3.095461848553401896e-03
2.142390870000000177e+03	3.019586488195891150e-03
2.142421010000000479e+03	2.948710837310519750e-03
2.142451140000000578e+03	2.887835476952996250e-03
2.142481270000000222e+03	2.836960116595468873e-03
2.142511410000000524e+03	2.806084465710123599e-03
2.142541540000000168e+03	2.785209105352584591e-03
2.142571680000000470e+03	2.769333454467226563e-03
2.142601810000000569e+03	2.743458094109696432e-03
2.142631940000000213e+03	2.712582733752189057e-03
2.142662080000000515e+03	2.666707082866814904e-03
2.142692210000000159e+03	2.625831722509297528e-03
2.142722340000000258e+03	2.599956362151767397e-03
2.142752480000000560e+03	2.604080711266415493e-03
2.142782610000000204e+03	2.638205350908889857e-03
2.142812750000000506e+03	2.702329700023514691e-03
2.142842880000000150e+03	2.786454339666011304e-03
2.142873010000000249e+03	2.860578979308484038e-03
2.142903150000000551e+03	2.904703328423116626e-03
2.142933280000000195e+03	2.893827968065587619e-03
2.142963410000000295e+03	2.812952607708057995e-03
2.142993550000000141e+03	2.672076956822713734e-03
2.143023680000000240e+03	2.476201596465193999e-03
2.143053820000000542e+03	2.255325945579811364e-03
2.143083950000000186e+03	2.039450585222313261e-03
2.143114080000000286e+03	1.848575224864770772e-03
2.143144220000000132e+03	1.702699573979421510e-03
2.143174350000000231e+03	1.601824213621899640e-03
2.143204490000000533e+03	1.530948562736528240e-03
2.143234620000000177e+03	1.480073202379028618e-03
2.143264750000000276e+03	1.429197842021487364e-03
2.143294890000000578e+03	1.378322191136122088e-03
2.143325020000000222e+03	1.317446830778598588e-03
2.143355150000000322e+03	1.261571470421066210e-03
2.143385290000000168e+03	1.215695819535719813e-03
2.143415420000000267e+03	1.179820459178193559e-03
2.143445560000000569e+03	1.158944808292816653e-03
2.143475690000000213e+03	1.143069447935310401e-03
2.143505820000000313e+03	1.122194087577785271e-03
2.143535960000000159e+03	1.086318436692421119e-03
2.143566090000000258e+03	1.040443076334898742e-03
2.143596220000000358e+03	9.845677159773802423e-04
2.143626360000000204e+03	9.386920650920199671e-04
2.143656490000000304e+03	9.128167047345037144e-04
2.143686630000000150e+03	8.969410538491456863e-04
2.143716760000000249e+03	8.960656934916128025e-04
2.143746890000000349e+03	8.951903331340799186e-04
2.143777030000000195e+03	8.843146822487130132e-04
2.143807160000000295e+03	8.584393218911967605e-04
2.143837300000000141e+03	8.175636710058414858e-04
2.143867430000000240e+03	7.766883106483241095e-04
2.143897560000000340e+03	7.458129502907889785e-04
2.143927700000000186e+03	7.299372994054309505e-04
2.143957830000000286e+03	7.340619390479030670e-04
2.143987960000000385e+03	7.481865786903713067e-04
2.144018100000000231e+03	7.623109278050294035e-04
2.144048230000000331e+03	7.564355674474915192e-04
2.144078370000000177e+03	7.355599165621562463e-04
2.144108500000000276e+03	6.996845562046161149e-04
2.144138630000000376e+03	6.588091958470848608e-04
2.144168770000000222e+03	6.229335449617345866e-04
2.144198900000000322e+03	6.070581846042005791e-04
2.144229040000000168e+03	5.961825337188475515e-04
2.144259170000000267e+03	5.953071733613146677e-04
2.144289300000000367e+03	5.894318130038045389e-04
2.144319440000000213e+03	5.785561621184376335e-04
2.144349570000000313e+03	5.576808017609125034e-04
2.144379700000000412e+03	5.418054414033784960e-04
2.144409840000000258e+03	5.309297905180254684e-04
2.144439970000000358e+03	5.350544301604975850e-04
2.144470110000000204e+03	5.441787792751506814e-04
2.144500240000000304e+03	5.633034189176239215e-04
2.144530370000000403e+03	5.674280585600960380e-04
2.144560510000000249e+03	5.565524076747291327e-04
2.144590640000000349e+03	5.256770473172078795e-04
2.144620770000000448e+03	4.798016869596716250e-04
2.144650910000000295e+03	4.289260360743202272e-04
2.144681040000000394e+03	3.930506757168078513e-04
2.144711180000000240e+03	3.771750248314498233e-04
2.144741310000000340e+03	3.862996644739130625e-04
2.144771440000000439e+03	4.154243041163824257e-04
2.144801580000000286e+03	4.395486532310227679e-04
2.144831710000000385e+03	4.586732928734960080e-04
2.144861850000000231e+03	4.527976419881479808e-04
2.144891980000000331e+03	4.219222816306267276e-04
2.144922110000000430e+03	3.760469212731043509e-04
2.144952250000000276e+03	3.301712703877440758e-04
2.144982380000000376e+03	2.942959100302039444e-04
2.145012510000000475e+03	2.734205496726788143e-04
2.145042650000000322e+03	2.825448987873319107e-04
2.145072780000000421e+03	3.116695384298012739e-04
2.145102920000000267e+03	3.507938875444566174e-04
2.145133050000000367e+03	3.849185271869309810e-04
2.145163180000000466e+03	4.040431668293903433e-04
2.145193320000000313e+03	4.031675159440334388e-04
2.145223450000000412e+03	3.772921555865033083e-04
2.145253590000000258e+03	3.264165047011657883e-04
2.145283720000000358e+03	2.705411443436334107e-04
2.145313850000000457e+03	2.146657839861149109e-04
2.145343990000000304e+03	1.687901331007546357e-04
2.145374120000000403e+03	1.479147727432156278e-04
2.145404250000000502e+03	1.520394123856877444e-04
2.145434390000000349e+03	1.661637615003319635e-04
2.145464520000000448e+03	1.802884011428140809e-04
2.145494660000000295e+03	1.894127502574532995e-04
2.145524790000000394e+03	1.835373898999292930e-04
2.145554920000000493e+03	1.626620295424041629e-04
2.145585060000000340e+03	1.417863786570411344e-04
2.145615190000000439e+03	1.259110182995071270e-04
2.145645320000000538e+03	1.250356579419742431e-04
2.145675460000000385e+03	1.441600070566373404e-04
2.145705590000000484e+03	1.732846466991067036e-04
2.145735730000000331e+03	2.074089958137570466e-04
2.145765860000000430e+03	2.365336354562264098e-04
2.145795990000000529e+03	2.456582750986896491e-04
2.145826130000000376e+03	2.447826242133327446e-04
2.145856260000000475e+03	2.389072638558087380e-04
2.145886400000000322e+03	2.330316129704607109e-04
2.145916530000000421e+03	2.321562526129278270e-04
2.145946660000000520e+03	2.412808922554049440e-04
2.145976800000000367e+03	2.504052413700580404e-04
2.146006930000000466e+03	2.595298810125212796e-04
2.146037060000000565e+03	2.586545206549883957e-04
2.146067200000000412e+03	2.477788697696353681e-04
2.146097330000000511e+03	2.369035094121063612e-04
2.146127470000000358e+03	2.210278585267483331e-04
2.146157600000000457e+03	2.151524981692382044e-04
2.146187730000000556e+03	2.142771378117053205e-04
2.146217870000000403e+03	2.134014869263484160e-04
2.146248000000000502e+03	2.075261265688105317e-04
2.146278130000000147e+03	1.916507662113042798e-04
2.146308270000000448e+03	1.657751153259362509e-04
2.146338400000000547e+03	1.398997549684199981e-04
2.146368540000000394e+03	1.140241040830658470e-04
2.146398670000000493e+03	9.814874372553183957e-05
2.146428800000000138e+03	9.727338336801283347e-05
2.146458940000000439e+03	1.113977324826431747e-04
2.146489070000000538e+03	1.255223721250975366e-04
2.146519210000000385e+03	1.396467212397556334e-04
2.146549340000000484e+03	1.387713608822366274e-04
2.146579470000000128e+03	1.278960005247076204e-04
2.146609610000000430e+03	1.070203496393584697e-04
2.146639740000000529e+03	7.614498928182333870e-05
2.146669870000000174e+03	4.526962892431596330e-05
2.146700010000000475e+03	2.939397803893017969e-05
2.146730140000000574e+03	2.851861768141117359e-05
2.146760280000000421e+03	4.264296679606927043e-05
2.146790410000000520e+03	7.176760643853863364e-05
2.146820540000000165e+03	1.058922460810129973e-04
2.146850680000000466e+03	1.350165951956444621e-04
2.146880810000000565e+03	1.541412348381177022e-04
2.146910950000000412e+03	1.532655839527746755e-04
2.146941080000000511e+03	1.423902235952317907e-04
2.146971210000000156e+03	1.165148632377155380e-04
2.147001350000000457e+03	9.063921235236138685e-05
2.147031480000000556e+03	7.476385199482737942e-05
2.147061610000000201e+03	6.888849163730337288e-05
2.147091750000000502e+03	7.801284075194259149e-05
2.147121880000000147e+03	9.713748039442970938e-05
2.147152020000000448e+03	1.162618295090650511e-04
2.147182150000000547e+03	1.303864691515471685e-04
2.147212280000000192e+03	1.295111087940142847e-04
2.147242420000000493e+03	1.186354579086473793e-04
2.147272550000000138e+03	9.776009755113612698e-05
2.147302680000000237e+03	7.188473719361987424e-05
2.147332820000000538e+03	6.100908630823909107e-05
2.147362950000000183e+03	5.513372595072896232e-05
2.147393090000000484e+03	6.425807506536818092e-05
2.147423220000000128e+03	8.338271470784142103e-05
2.147453350000000228e+03	1.025073543503146611e-04
2.147483490000000529e+03	1.166317034649450024e-04
2.147513620000000174e+03	1.157563431074398741e-04
2.147543760000000475e+03	1.048806922220729687e-04
2.147573890000000574e+03	8.400533186453396084e-05
2.147604020000000219e+03	5.812997150701770810e-05
2.147634160000000520e+03	4.225432062165968006e-05
2.147664290000000165e+03	4.137896026414067396e-05
2.147694420000000264e+03	5.050359990661779097e-05
2.147724560000000565e+03	6.962794902123925489e-05
2.147754690000000210e+03	8.875258866372637279e-05
2.147784830000000511e+03	1.028769377783567140e-04
2.147814960000000156e+03	9.200157742084158485e-05
2.147845090000000255e+03	6.612621706331145433e-05
2.147875230000000556e+03	3.025056617794730229e-05
2.147905360000000201e+03	-6.247941795461953163e-07
2.147935490000000300e+03	-2.650015453709020363e-05
2.147965630000000147e+03	-3.237580542243823079e-05
2.147995760000000246e+03	-2.325116577997499157e-05
2.148025900000000547e+03	-1.412681666533577296e-05
2.148056030000000192e+03	-5.002177022844778165e-06
2.148086160000000291e+03	-1.587753738038766294e-05
2.148116300000000138e+03	-3.675318826572293585e-05
2.148146430000000237e+03	-5.762854862326194372e-05
2.148176570000000538e+03	-7.350419950863384955e-05
2.148206700000000183e+03	-6.937955986614785520e-05
2.148236830000000282e+03	-4.525492022368349243e-05
2.148266970000000128e+03	-1.130571109023148502e-06
2.148297100000000228e+03	4.299406853344733825e-05
2.148327230000000327e+03	8.211870817592670235e-05
2.148357370000000174e+03	1.012430572905620441e-04
2.148387500000000273e+03	9.536769693303803752e-05
2.148417640000000574e+03	6.949204604767000859e-05
2.148447770000000219e+03	2.861668569013875452e-05
2.148477900000000318e+03	-1.225867466737862177e-05
2.148508040000000165e+03	-3.813432555273277291e-05
2.148538170000000264e+03	-4.900968591024790211e-05
2.148568310000000565e+03	-4.488533679564143952e-05
2.148598440000000210e+03	-3.076069715314544428e-05
2.148628570000000309e+03	-1.663605751067720462e-05
2.148658710000000156e+03	-2.511708396032985569e-06
2.148688840000000255e+03	-8.387068753543114319e-06
2.148718970000000354e+03	-2.426242911107712175e-05
2.148749110000000201e+03	-5.013807999643127289e-05
2.148779240000000300e+03	-7.601344035396140342e-05
2.148809380000000147e+03	-9.188909123931943146e-05
2.148839510000000246e+03	-9.276445159685231534e-05
2.148869640000000345e+03	-7.363981195437907523e-05
2.148899780000000192e+03	-4.951546283972485529e-05
2.148929910000000291e+03	-2.039082319725549208e-05
2.148960040000000390e+03	-1.126618355477837508e-05
2.148990180000000237e+03	-1.714183444012640223e-05
2.149020310000000336e+03	-4.301719479767041054e-05
2.149050450000000183e+03	-7.889284568302068479e-05
2.149080580000000282e+03	-1.097682060405558158e-04
2.149110710000000381e+03	-1.156435663980798223e-04
2.149140850000000228e+03	-1.015192172834356032e-04
2.149170980000000327e+03	-6.739457764094736181e-05
2.149201120000000174e+03	-1.827022852630977301e-05
2.149231250000000273e+03	2.085441111615571330e-05
2.149261380000000372e+03	3.997905075862895341e-05
2.149291520000000219e+03	3.410339987326704847e-05
2.149321650000000318e+03	8.228039515750795729e-06
2.149351780000000417e+03	-3.264732084176658056e-05
2.149381920000000264e+03	-7.352297172712185525e-05
2.149412050000000363e+03	-9.939833208465198577e-05
2.149442190000000210e+03	-1.102739829700188912e-04
2.149472320000000309e+03	-9.614934332755065149e-05
2.149502450000000408e+03	-6.702470368508128828e-05
2.149532590000000255e+03	-3.290035457041706746e-05
2.149562720000000354e+03	-3.775714927947704247e-06
2.149592860000000201e+03	3.486341867003917017e-07
2.149622990000000300e+03	-1.552672617083361573e-05
2.149653120000000399e+03	-5.640208652836486980e-05
2.149683260000000246e+03	-1.022777374137251449e-04
2.149713390000000345e+03	-1.431530977712563990e-04
2.149743520000000444e+03	-1.690284581287726517e-04
2.149773660000000291e+03	-1.699041090141156785e-04
2.149803790000000390e+03	-1.457794693716513157e-04
2.149833930000000237e+03	-1.116551202570009727e-04
2.149864060000000336e+03	-7.753048061454048678e-05
2.149894190000000435e+03	-5.840584097206724667e-05
2.149924330000000282e+03	-6.428149185741527383e-05
2.149954460000000381e+03	-8.515685221495428170e-05
2.149984590000000480e+03	-1.110322125724705344e-04
2.150014730000000327e+03	-1.319078634578196851e-04
2.150044860000000426e+03	-1.327832238153525690e-04
2.150075000000000273e+03	-1.236588747007133504e-04
2.150105130000000372e+03	-9.453423505824398720e-05
2.150135260000000471e+03	-7.040959541576574665e-05
2.150165400000000318e+03	-5.128524630111652716e-05
2.150195530000000417e+03	-4.716060665864441059e-05
2.150225670000000264e+03	-4.803625754400131509e-05
2.150255800000000363e+03	-5.391161790152532163e-05
2.150285930000000462e+03	-5.978697825906320595e-05
2.150316070000000309e+03	-6.066262914442011045e-05
2.150346200000000408e+03	-6.153798950193911654e-05
2.150376330000000507e+03	-6.241334985947200042e-05
2.150406470000000354e+03	-6.328900074481502713e-05
2.150436600000000453e+03	-6.916436110235291146e-05
2.150466740000000300e+03	-7.504001198770093861e-05
2.150496870000000399e+03	-7.591537234523382249e-05
2.150527000000000498e+03	-6.679073270277058327e-05
2.150557140000000345e+03	-5.766638358811748688e-05
2.150587270000000444e+03	-4.354174394564924722e-05
2.150617400000000544e+03	-3.941710430316325287e-05
2.150647540000000390e+03	-4.529275518852515781e-05
2.150677670000000489e+03	-6.116811554605916523e-05
2.150707810000000336e+03	-8.204376643140831593e-05
2.150737940000000435e+03	-9.791912678894232336e-05
2.150768070000000534e+03	-1.087944871464713303e-04
2.150798210000000381e+03	-1.096701380318282348e-04
2.150828340000000480e+03	-1.005454983893372400e-04
2.150858480000000327e+03	-9.142114927469802144e-05
2.150888610000000426e+03	-7.729650963222978177e-05
2.150918740000000525e+03	-6.817186998976654255e-05
2.150948880000000372e+03	-6.904752087512344705e-05
2.150979010000000471e+03	-7.492288123263357580e-05
2.151009140000000571e+03	-8.079824159015758234e-05
2.151039280000000417e+03	-9.667389247551561038e-05
2.151069410000000516e+03	-1.025492528330534947e-04
2.151099550000000363e+03	-1.084249037184015219e-04
2.151129680000000462e+03	-9.930026407593828264e-05
2.151159810000000562e+03	-8.017562443346504253e-05
2.151189950000000408e+03	-6.105127531881582303e-05
2.151220080000000507e+03	-4.692663567633370558e-05
2.151250220000000354e+03	-4.780228656169061008e-05
2.151280350000000453e+03	-6.867764691922961795e-05
2.151310480000000553e+03	-1.045530072767558716e-04
2.151340620000000399e+03	-1.504286581621161467e-04
2.151370750000000498e+03	-1.913040185196474008e-04
2.151400880000000143e+03	-2.121793788771447753e-04
2.151431020000000444e+03	-1.980550297625144340e-04
2.151461150000000544e+03	-1.639303901200400704e-04
2.151491290000000390e+03	-1.148060410054024816e-04
2.151521420000000489e+03	-7.568140136293699527e-05
2.151551550000000134e+03	-5.655676172043599959e-05
2.151581690000000435e+03	-5.743241260582065966e-05
2.151611820000000534e+03	-8.330777296332303461e-05
2.151641950000000179e+03	-1.191831333208631660e-04
2.151672090000000480e+03	-1.450587842062173172e-04
2.151702220000000580e+03	-1.509341445637552015e-04
2.151732360000000426e+03	-1.468097954491071055e-04
2.151762490000000525e+03	-1.276851558066338654e-04
2.151792620000000170e+03	-1.135605161641378702e-04
2.151822760000000471e+03	-1.094361670495036520e-04
2.151852890000000571e+03	-1.153115274070276586e-04
2.151883030000000417e+03	-1.261871782923945640e-04
2.151913160000000516e+03	-1.320625386499185705e-04
2.151943290000000161e+03	-1.279378990074325761e-04
2.151973430000000462e+03	-1.188135498928072353e-04
2.152003560000000562e+03	-9.968891025034787301e-05
2.152033690000000206e+03	-8.056427060784687733e-05
2.152063830000000507e+03	-7.143992149320765872e-05
2.152093960000000152e+03	-7.231528185074054260e-05
2.152124100000000453e+03	-7.819093273610244754e-05
2.152154230000000553e+03	-8.406629309362645408e-05
2.152184360000000197e+03	-7.994165345114045973e-05
2.152214500000000498e+03	-7.081730433651511891e-05
2.152244630000000143e+03	-5.669266469401912367e-05
2.152274760000000242e+03	-4.256802505156476180e-05
2.152304900000000544e+03	-3.344367593691166540e-05
2.152335030000000188e+03	-2.931903629445342663e-05
2.152365170000000489e+03	-3.519468717980145378e-05
2.152395300000000134e+03	-4.607004753731658298e-05
2.152425430000000233e+03	-6.194540789483671261e-05
2.152455570000000534e+03	-7.282105878020361800e-05
2.152485700000000179e+03	-7.869641913772762454e-05
2.152515840000000480e+03	-7.457207002309340638e-05
2.152545970000000580e+03	-6.044743038062516671e-05
2.152576100000000224e+03	-3.632279073813304837e-05
2.152606240000000525e+03	-7.198441623515461352e-06
2.152636370000000170e+03	2.692619801898665788e-05
2.152666500000000269e+03	5.605083766145602109e-05
2.152696640000000571e+03	7.517518677609136279e-05
2.152726770000000215e+03	7.929982641856347936e-05
2.152756910000000516e+03	6.842417553319657397e-05
2.152787040000000161e+03	4.754881517569919946e-05
2.152817170000000260e+03	2.667345481816019159e-05
2.152847310000000562e+03	1.579780393277940842e-05
2.152877440000000206e+03	1.492244357527428011e-05
2.152907580000000507e+03	2.404679268991349872e-05
2.152937710000000152e+03	3.817143233238173838e-05
2.152967840000000251e+03	4.729607197488661097e-05
2.152997980000000553e+03	4.642042108950195090e-05
2.153028110000000197e+03	4.054506073199182214e-05
2.153058240000000296e+03	2.466970037445781472e-05
2.153088380000000143e+03	1.879404948909590978e-05
2.153118510000000242e+03	2.291868913156802634e-05
2.153148650000000544e+03	3.204303824620724495e-05
2.153178780000000188e+03	4.616767788870324019e-05
2.153208910000000287e+03	5.529231753116647941e-05
2.153239050000000134e+03	4.941666664581845225e-05
2.153269180000000233e+03	3.354130628828444483e-05
2.153299310000000332e+03	1.266594593074543695e-05
2.153329450000000179e+03	-8.209704954603713745e-06
2.153359580000000278e+03	-2.408506531213772117e-05
2.153389720000000580e+03	-2.996071619749962611e-05
2.153419850000000224e+03	-3.083607655500475442e-05
2.153449980000000323e+03	-3.171143691253763830e-05
2.153480120000000170e+03	-3.258708779789454280e-05
2.153510250000000269e+03	-4.346244815542354978e-05
2.153540390000000571e+03	-4.933809904078545472e-05
2.153570520000000215e+03	-5.021345939831833860e-05
2.153600650000000314e+03	-4.108881975581346602e-05
2.153630790000000161e+03	-3.196447064117424741e-05
2.153660920000000260e+03	-2.783983099870213085e-05
2.153691050000000359e+03	-2.871519135623501473e-05
2.153721190000000206e+03	-4.959084224159804322e-05
2.153751320000000305e+03	-8.546620259913817463e-05
2.153781460000000152e+03	-1.313418534844845720e-04
2.153811590000000251e+03	-1.822172138419980714e-04
2.153841720000000350e+03	-2.230925741995293254e-04
2.153871860000000197e+03	-2.489682250848834766e-04
2.153901990000000296e+03	-2.598435854424124836e-04
2.153932130000000143e+03	-2.557192363277782654e-04
2.153962260000000242e+03	-2.365945966853050253e-04
2.153992390000000341e+03	-2.174699570428456630e-04
2.154022530000000188e+03	-1.933456079281636875e-04
2.154052660000000287e+03	-1.742209682857043251e-04
2.154082790000000386e+03	-1.650963286432272081e-04
2.154112930000000233e+03	-1.709719795285891131e-04
2.154143060000000332e+03	-1.868473398861231205e-04
2.154173200000000179e+03	-2.127229907714772716e-04
2.154203330000000278e+03	-2.435983511290124026e-04
2.154233460000000377e+03	-2.644737114865236549e-04
2.154263600000000224e+03	-2.603493623718755590e-04
2.154293730000000323e+03	-2.362247227294111962e-04
2.154323860000000423e+03	-1.921000830869407094e-04
2.154354000000000269e+03	-1.429757339723031206e-04
2.154384130000000368e+03	-1.088510943298287570e-04
2.154414270000000215e+03	-9.972674521518953838e-05
2.154444400000000314e+03	-1.256021055726919133e-04
2.154474530000000414e+03	-1.814774659302242910e-04
2.154504670000000260e+03	-2.523531168155818127e-04
2.154534800000000359e+03	-3.132284771731191908e-04
2.154564940000000206e+03	-3.541041280584744655e-04
2.154595070000000305e+03	-3.649794884160034725e-04
2.154625200000000405e+03	-3.458548487735163546e-04
2.154655340000000251e+03	-3.017304996588698884e-04
2.154685470000000350e+03	-2.526058600163944012e-04
2.154715600000000450e+03	-2.084812203739377923e-04
2.154745740000000296e+03	-1.893568712592885728e-04
2.154775870000000396e+03	-1.902322316168214567e-04
2.154806010000000242e+03	-2.161078825021756078e-04
2.154836140000000341e+03	-2.519832428596879836e-04
2.154866270000000441e+03	-2.928586032172192377e-04
2.154896410000000287e+03	-3.237342541025783893e-04
2.154926540000000386e+03	-3.346096144601073963e-04
2.154956670000000486e+03	-3.204849748176391566e-04
2.154986810000000332e+03	-2.913606257029938140e-04
2.155016940000000432e+03	-2.622359860605244508e-04
2.155047080000000278e+03	-2.481116369458663540e-04
2.155077210000000377e+03	-2.539869973033903605e-04
2.155107340000000477e+03	-2.898623576609304919e-04
2.155137480000000323e+03	-3.357380085462768893e-04
2.155167610000000423e+03	-3.816133689038131438e-04
2.155197750000000269e+03	-4.074890197891672949e-04
2.155227880000000368e+03	-4.083643801467001788e-04
2.155258010000000468e+03	-3.892397405042130609e-04
2.155288150000000314e+03	-3.651153913895727188e-04
2.155318280000000414e+03	-3.459907517470994787e-04
2.155348410000000513e+03	-3.468661121046323625e-04
2.155378550000000359e+03	-3.627417629899903906e-04
2.155408680000000459e+03	-3.836171233475155207e-04
2.155438820000000305e+03	-3.944927742328824261e-04
2.155468950000000405e+03	-3.853681345903775535e-04
2.155499080000000504e+03	-3.562434949479220681e-04
2.155529220000000350e+03	-3.271191458332767255e-04
2.155559350000000450e+03	-3.029945061908123627e-04
2.155589490000000296e+03	-3.088701570761603898e-04
2.155619620000000396e+03	-3.397455174336955208e-04
2.155649750000000495e+03	-3.806208777912267749e-04
2.155679890000000341e+03	-4.214965286765542940e-04
2.155710020000000441e+03	-4.323718890340971788e-04
2.155740150000000540e+03	-4.082472493916189382e-04
2.155770290000000386e+03	-3.541229002769763490e-04
2.155800420000000486e+03	-2.899982606345136160e-04
2.155830560000000332e+03	-2.358739115198710268e-04
2.155860690000000432e+03	-2.117492718774066640e-04
2.155890820000000531e+03	-2.226246322349079154e-04
2.155920960000000377e+03	-2.585002831202720674e-04
2.155951090000000477e+03	-3.093756434777994446e-04
2.155981220000000576e+03	-3.552510038353356991e-04
2.156011360000000423e+03	-3.911266547206859734e-04
2.156041490000000522e+03	-4.070020150782199808e-04
2.156071630000000368e+03	-4.078776659635768853e-04
2.156101760000000468e+03	-4.037530263210770132e-04
2.156131890000000567e+03	-3.896283866786226513e-04
2.156162030000000414e+03	-3.705040375639734318e-04
2.156192160000000513e+03	-3.513793979215001917e-04
2.156222300000000359e+03	-3.372550488068698504e-04
2.156252430000000459e+03	-3.281304091643927334e-04
2.156282560000000558e+03	-3.290057695218978617e-04
2.156312700000000405e+03	-3.448814204072558898e-04
2.156342830000000504e+03	-3.657567807647948976e-04
2.156372960000000148e+03	-3.866321411223200277e-04
2.156403100000000450e+03	-3.925077920076819327e-04
2.156433230000000549e+03	-3.833831523652186934e-04
2.156463370000000396e+03	-3.592588032505644735e-04
2.156493500000000495e+03	-3.251341636080762321e-04
2.156523630000000139e+03	-3.060095239656029920e-04
2.156553770000000441e+03	-3.068851748509598965e-04
2.156583900000000540e+03	-3.377605352084950274e-04
2.156614030000000184e+03	-3.936358955659996495e-04
2.156644170000000486e+03	-4.445115464513926806e-04
2.156674300000000130e+03	-4.803869068088911787e-04
2.156704440000000432e+03	-4.812625576942480832e-04
2.156734570000000531e+03	-4.421379180517825969e-04
2.156764700000000175e+03	-3.880132784093159870e-04
2.156794840000000477e+03	-3.288889292946683973e-04
2.156824970000000576e+03	-2.947642896522079115e-04
2.156855110000000423e+03	-2.856399405375686928e-04
2.156885240000000522e+03	-3.115153008950988234e-04
2.156915370000000166e+03	-3.523906612526023219e-04
2.156945510000000468e+03	-3.882663121379525961e-04
2.156975640000000567e+03	-4.091416724954916040e-04
2.157005770000000211e+03	-4.150170328530294883e-04
2.157035910000000513e+03	-4.058926837383763919e-04
2.157066040000000157e+03	-4.017680440958903976e-04
2.157096180000000459e+03	-4.126436949812711807e-04
2.157126310000000558e+03	-4.335190553387685553e-04
2.157156440000000202e+03	-4.593944156963125636e-04
2.157186580000000504e+03	-4.852700665816667147e-04
2.157216710000000148e+03	-4.911454269392045990e-04
2.157246850000000450e+03	-4.770210778245603800e-04
2.157276980000000549e+03	-4.378964381820810159e-04
2.157307110000000193e+03	-3.937717985395966513e-04
2.157337250000000495e+03	-3.396474494249540621e-04
2.157367380000000139e+03	-3.005228097824885758e-04
2.157397510000000239e+03	-2.713981701400192126e-04
2.157427650000000540e+03	-2.572738210253749935e-04
2.157457780000000184e+03	-2.581491813828801218e-04
2.157487920000000486e+03	-2.690248322682609050e-04
2.157518050000000130e+03	-2.849001926257671569e-04
2.157548180000000229e+03	-3.007755529833011643e-04
2.157578320000000531e+03	-3.166512038686591923e-04
2.157608450000000175e+03	-3.225265642261970767e-04
2.157638580000000275e+03	-3.184019245836972045e-04
2.157668720000000576e+03	-3.092775754690857415e-04
2.157698850000000220e+03	-2.901529358265847458e-04
2.157728990000000522e+03	-2.760285867119682823e-04
2.157759120000000166e+03	-2.819039470694784111e-04
2.157789250000000266e+03	-3.077793074270085416e-04
2.157819390000000567e+03	-3.486549583123638163e-04
2.157849520000000211e+03	-3.995303186698634379e-04
2.157879660000000513e+03	-4.454059695552514686e-04
2.157909790000000157e+03	-4.612813299127577205e-04
2.157939920000000257e+03	-4.521566902702944812e-04
2.157970060000000558e+03	-4.180323411556441382e-04
2.158000190000000202e+03	-3.739077015131875292e-04
2.158030320000000302e+03	-3.397830618707131656e-04
2.158060460000000148e+03	-3.206587127560500683e-04
2.158090590000000248e+03	-3.265340731135740748e-04
2.158120730000000549e+03	-3.474097239989648589e-04
2.158150860000000193e+03	-3.682850843564622334e-04
2.158180990000000293e+03	-3.841604447139962408e-04
2.158211130000000139e+03	-3.850360955993531453e-04
2.158241260000000239e+03	-3.759114559568899061e-04
2.158271400000000540e+03	-3.617871068422456871e-04
2.158301530000000184e+03	-3.626624671997508154e-04
2.158331660000000284e+03	-3.785378275572848228e-04
2.158361800000000130e+03	-4.094134784426439744e-04
2.158391930000000229e+03	-4.402888388001791053e-04
2.158422060000000329e+03	-4.661641991577092359e-04
2.158452200000000175e+03	-4.770398500430622635e-04
2.158482330000000275e+03	-4.679152104005712687e-04
2.158512470000000576e+03	-4.487908612859498048e-04
2.158542600000000220e+03	-4.246662216434576864e-04
2.158572730000000320e+03	-4.055415820009983241e-04
2.158602870000000166e+03	-3.914172328863541050e-04
2.158633000000000266e+03	-3.922925932438869889e-04
2.158663130000000365e+03	-3.981679536014109955e-04
2.158693270000000211e+03	-4.040436044867451448e-04
2.158723400000000311e+03	-4.049189648442780287e-04
2.158753540000000157e+03	-3.957946157296388101e-04
2.158783670000000257e+03	-3.816699760871705704e-04
2.158813800000000356e+03	-3.575453364447062077e-04
2.158843940000000202e+03	-3.384209873300569882e-04
2.158874070000000302e+03	-3.292963476875937490e-04
2.158904210000000148e+03	-3.401719985729190210e-04
2.158934340000000248e+03	-3.610473589304580289e-04
2.158964470000000347e+03	-3.969227192879842825e-04
2.158994610000000193e+03	-4.327983701733345567e-04
2.159024740000000293e+03	-4.636737305308696877e-04
2.159054870000000392e+03	-4.695490908884075720e-04
2.159085010000000239e+03	-4.604247417737683534e-04
2.159115140000000338e+03	-4.313001021312712346e-04
2.159145280000000184e+03	-3.921757530166297689e-04
2.159175410000000284e+03	-3.630511133741604057e-04
2.159205540000000383e+03	-3.489264737316921661e-04
2.159235680000000229e+03	-3.598021246170451937e-04
2.159265810000000329e+03	-3.806774849745842015e-04
2.159295940000000428e+03	-4.115528453320915769e-04
2.159326080000000275e+03	-4.374284962174457281e-04
2.159356210000000374e+03	-4.533038565749797355e-04
2.159386350000000220e+03	-4.541795074603366400e-04
2.159416480000000320e+03	-4.400548678178684003e-04
2.159446610000000419e+03	-4.259302281754001607e-04
2.159476750000000266e+03	-4.118058790607559416e-04
2.159506880000000365e+03	-3.976812394182599464e-04
2.159537020000000211e+03	-3.935568903036118504e-04
2.159567150000000311e+03	-3.944322506611447343e-04
2.159597280000000410e+03	-3.903076110186864955e-04
2.159627420000000257e+03	-3.861832619040383996e-04
2.159657550000000356e+03	-3.870586222615712835e-04
2.159687680000000455e+03	-3.829339826191130447e-04
2.159717820000000302e+03	-3.838096335044421936e-04
2.159747950000000401e+03	-3.896849938619662002e-04
2.159778090000000248e+03	-4.005606447473192278e-04
2.159808220000000347e+03	-4.164360051048532352e-04
2.159838350000000446e+03	-4.423113654623972435e-04
2.159868490000000293e+03	-4.631870163477463942e-04
2.159898620000000392e+03	-4.840623767052854021e-04
2.159928760000000239e+03	-4.949380275906106741e-04
2.159958890000000338e+03	-4.958133879481435580e-04
2.159989020000000437e+03	-4.816887483056753183e-04
2.160019160000000284e+03	-4.475643991910388531e-04
2.160049290000000383e+03	-4.034397595485683663e-04
2.160079420000000482e+03	-3.543151199060928791e-04
2.160109560000000329e+03	-3.151907707914514134e-04
2.160139690000000428e+03	-2.960661311489642955e-04
2.160169830000000275e+03	-2.969417820343212000e-04
2.160199960000000374e+03	-3.178171423918463301e-04
2.160230090000000473e+03	-3.536925027493864615e-04
2.160260230000000320e+03	-3.945681536347417362e-04
2.160290360000000419e+03	-4.254435139922768672e-04
2.160320490000000518e+03	-4.413188743498108746e-04
2.160350630000000365e+03	-4.471945252351311462e-04
2.160380760000000464e+03	-4.380698855926679069e-04
2.160410900000000311e+03	-4.239455364780236879e-04
2.160441030000000410e+03	-4.198208968355515713e-04
2.160471160000000509e+03	-4.206962571930844552e-04
2.160501300000000356e+03	-4.315719080784513606e-04
2.160531430000000455e+03	-4.524472684359764907e-04
2.160561570000000302e+03	-4.683229193213067632e-04
2.160591700000000401e+03	-4.791982796788357701e-04
2.160621830000000500e+03	-4.800736400363686540e-04
2.160651970000000347e+03	-4.659492909217383128e-04
2.160682100000000446e+03	-4.418246512792600722e-04
2.160712230000000545e+03	-4.127000116368045868e-04
2.160742370000000392e+03	-3.885756625221503668e-04
2.160772500000000491e+03	-3.644510228796582485e-04
2.160802640000000338e+03	-3.553266737650190299e-04
2.160832770000000437e+03	-3.562020341225519138e-04
2.160862900000000536e+03	-3.670773944800809208e-04
2.160893040000000383e+03	-3.779530453654339484e-04
2.160923170000000482e+03	-3.788284057229668322e-04
2.160953310000000329e+03	-3.797040566083237367e-04
2.160983440000000428e+03	-3.705794169658327419e-04
2.161013570000000527e+03	-3.564547773233645023e-04
2.161043710000000374e+03	-3.473304282087252837e-04
2.161073840000000473e+03	-3.482057885662581675e-04
2.161103970000000572e+03	-3.640811489237921750e-04
2.161134110000000419e+03	-3.849567998091413257e-04
2.161164240000000518e+03	-4.058321601666525780e-04
2.161194380000000365e+03	-4.267078110520156065e-04
2.161224510000000464e+03	-4.375831714095446134e-04
2.161254640000000563e+03	-4.334585317670724969e-04
2.161284780000000410e+03	-4.243341826524332783e-04
2.161314910000000509e+03	-4.202095430099611617e-04
2.161345040000000154e+03	-4.160849033674751674e-04
2.161375180000000455e+03	-4.219605542528231945e-04
2.161405310000000554e+03	-4.378359146103572019e-04
2.161435450000000401e+03	-4.587115654957202304e-04
2.161465580000000500e+03	-4.745869258532542379e-04
2.161495710000000145e+03	-4.754622862107593662e-04
2.161525850000000446e+03	-4.663379370961340253e-04
2.161555980000000545e+03	-4.422132974536696626e-04
2.161586120000000392e+03	-4.130889483389965644e-04
2.161616250000000491e+03	-3.789643086965360785e-04
2.161646380000000136e+03	-3.548396690540717158e-04
2.161676520000000437e+03	-3.407153199394274967e-04
2.161706650000000536e+03	-3.415906802969603806e-04
2.161736780000000181e+03	-3.574660406544666325e-04
2.161766920000000482e+03	-3.833416915398485392e-04
2.161797050000000581e+03	-4.092170518973509141e-04
2.161827190000000428e+03	-4.300927027827139426e-04
2.161857320000000527e+03	-4.409680631402429496e-04
2.161887450000000172e+03	-4.368434234977708330e-04
2.161917590000000473e+03	-4.277190743831316144e-04
2.161947720000000572e+03	-4.085944347406583743e-04
2.161977850000000217e+03	-3.994697950981673795e-04
2.162007990000000518e+03	-4.003454459835242840e-04
2.162038120000000163e+03	-4.212208063410632919e-04
2.162068260000000464e+03	-4.470964572264174430e-04
2.162098390000000563e+03	-4.679718175839425731e-04
2.162128520000000208e+03	-4.838471779414488250e-04
2.162158660000000509e+03	-4.797228288268423624e-04
2.162188790000000154e+03	-4.605981891843413667e-04
2.162218930000000455e+03	-4.264738400697049014e-04
2.162249060000000554e+03	-3.973492004272355382e-04
2.162279190000000199e+03	-3.832245607847672986e-04
2.162309330000000500e+03	-3.841002116701242031e-04
2.162339460000000145e+03	-3.949755720276254545e-04
2.162369590000000244e+03	-4.058509323851544615e-04
2.162399730000000545e+03	-4.117265832705441220e-04
2.162429860000000190e+03	-4.076019436280442498e-04
2.162460000000000491e+03	-3.934775945134139086e-04
2.162490130000000136e+03	-3.893529548709417920e-04
2.162520260000000235e+03	-4.002283152284430434e-04
2.162550400000000536e+03	-4.311039661138299506e-04
2.162580530000000181e+03	-4.769793264713384495e-04
2.162610670000000482e+03	-5.178549773567214798e-04
2.162640800000000581e+03	-5.387303377142188543e-04
2.162670930000000226e+03	-5.396056980717517382e-04
2.162701070000000527e+03	-5.154813489571113960e-04
2.162731200000000172e+03	-4.813567093146231546e-04
2.162761330000000271e+03	-4.522320696721537914e-04
2.162791470000000572e+03	-4.431077205575423283e-04
2.162821600000000217e+03	-4.489830809150385793e-04
2.162851740000000518e+03	-4.648587318003966073e-04
2.162881870000000163e+03	-4.757340921579394921e-04
2.162912000000000262e+03	-4.616094525154712525e-04
2.162942140000000563e+03	-4.324851034008259099e-04
2.162972270000000208e+03	-3.933604637583326680e-04
2.163002400000000307e+03	-3.592358241158583043e-04
2.163032540000000154e+03	-3.451114750012140853e-04
2.163062670000000253e+03	-3.559868353587569700e-04
2.163092810000000554e+03	-3.868624862441022438e-04
2.163122940000000199e+03	-4.177378466016373748e-04
2.163153070000000298e+03	-4.386132069591486271e-04
2.163183210000000145e+03	-4.494888578445016547e-04
2.163213340000000244e+03	-4.403642182020384155e-04
2.163243480000000545e+03	-4.362398690873903195e-04
2.163273610000000190e+03	-4.321152294449182030e-04
2.163303740000000289e+03	-4.429905898024610877e-04
2.163333880000000136e+03	-4.588662406878191158e-04
2.163364010000000235e+03	-4.697416010453203672e-04
2.163394140000000334e+03	-4.656169614028482506e-04
2.163424280000000181e+03	-4.464926122882129089e-04
2.163454410000000280e+03	-4.173679726457435457e-04
2.163484550000000581e+03	-3.932436235311032036e-04
2.163514680000000226e+03	-3.841189838886260866e-04
2.163544810000000325e+03	-3.949943442461689713e-04
2.163574950000000172e+03	-4.208699951314953669e-04
2.163605080000000271e+03	-4.517453554890304979e-04
2.163635210000000370e+03	-4.676207158465645053e-04
2.163665350000000217e+03	-4.634963667319164093e-04
2.163695480000000316e+03	-4.493717270894481697e-04
2.163725620000000163e+03	-4.252473779748078275e-04
2.163755750000000262e+03	-4.111227383323395879e-04
2.163785880000000361e+03	-4.069980986898397157e-04
2.163816020000000208e+03	-4.128737495752016207e-04
2.163846150000000307e+03	-4.237491099327306276e-04
2.163876290000000154e+03	-4.296247608180925326e-04
2.163906420000000253e+03	-4.355001211756304169e-04
2.163936550000000352e+03	-4.313754815331583004e-04
2.163966690000000199e+03	-4.272511324185102044e-04
2.163996820000000298e+03	-4.381264927760253336e-04
2.164026950000000397e+03	-4.540018531335454632e-04
2.164057090000000244e+03	-4.748775040189084917e-04
2.164087220000000343e+03	-4.907528643764424992e-04
2.164117360000000190e+03	-4.916285152617994036e-04
2.164147490000000289e+03	-4.675038756193350409e-04
2.164177620000000388e+03	-4.283792359768417990e-04
2.164207760000000235e+03	-3.892548868622003333e-04
2.164237890000000334e+03	-3.601302472197309701e-04
2.164268030000000181e+03	-3.510058981050778737e-04
2.164298160000000280e+03	-3.668812584626118811e-04
2.164328290000000379e+03	-3.877566188201508890e-04
2.164358430000000226e+03	-4.136322697055050401e-04
2.164388560000000325e+03	-4.245076300630062915e-04
2.164418690000000424e+03	-4.203829904205480528e-04
2.164448830000000271e+03	-4.062586413059038337e-04
2.164478960000000370e+03	-3.921340016634355941e-04
2.164509100000000217e+03	-3.930096525487924985e-04
2.164539230000000316e+03	-4.138850129063176286e-04
2.164569360000000415e+03	-4.497603732638577601e-04
2.164599500000000262e+03	-4.956360241491902796e-04
2.164629630000000361e+03	-5.265113845067254106e-04
2.164659760000000460e+03	-5.373867448642544176e-04
2.164689900000000307e+03	-5.232623957496101985e-04
2.164720030000000406e+03	-4.891377561071358349e-04
2.164750170000000253e+03	-4.450134069925032465e-04
2.164780300000000352e+03	-4.058887673500377602e-04
2.164810430000000451e+03	-3.867641277075367645e-04
2.164840570000000298e+03	-3.926397785928986695e-04
2.164870700000000397e+03	-4.135151389504237995e-04
2.164900840000000244e+03	-4.443907898357829511e-04
2.164930970000000343e+03	-4.702661501933130817e-04
2.164961100000000442e+03	-4.811415105508420886e-04
2.164991240000000289e+03	-4.720171614362028700e-04
2.165021370000000388e+03	-4.578925217937068748e-04
2.165051500000000487e+03	-4.437678821512386351e-04
2.165081640000000334e+03	-4.446435330365955396e-04
2.165111770000000433e+03	-4.605188933941295470e-04
2.165141910000000280e+03	-4.913945442794886986e-04
2.165172040000000379e+03	-5.172699046370188292e-04
2.165202170000000478e+03	-5.281452649945617139e-04
2.165232310000000325e+03	-5.140209158798897393e-04
2.165262440000000424e+03	-4.698962762374192526e-04
2.165292580000000271e+03	-4.207719271227816638e-04
2.165322710000000370e+03	-3.716472874803061766e-04
2.165352840000000469e+03	-3.525226478378468142e-04
2.165382980000000316e+03	-3.633982987231998418e-04
2.165413110000000415e+03	-4.092736590807360963e-04
2.165443240000000515e+03	-4.701490194382318411e-04
2.165473380000000361e+03	-5.210246703235971166e-04
2.165503510000000460e+03	-5.469000306811272472e-04
2.165533650000000307e+03	-5.377756815664880286e-04
2.165563780000000406e+03	-4.986510419240086645e-04
2.165593910000000506e+03	-4.495264022815470550e-04
2.165624050000000352e+03	-4.004020531669094662e-04
2.165654180000000451e+03	-3.712774135244123475e-04
2.165684310000000551e+03	-3.721527738819452313e-04
2.165714450000000397e+03	-3.930284247672943820e-04
2.165744580000000497e+03	-4.289037851248345135e-04
2.165774720000000343e+03	-4.597794360101936650e-04
2.165804850000000442e+03	-4.756547963677276725e-04
2.165834980000000542e+03	-4.815301567252239234e-04
2.165865120000000388e+03	-4.724058076105847048e-04
2.165895250000000487e+03	-4.582811679681164652e-04
2.165925390000000334e+03	-4.441568188534722461e-04
2.165955520000000433e+03	-4.350321792110090069e-04
2.165985650000000533e+03	-4.309075395685368903e-04
2.166015790000000379e+03	-4.317831904538937948e-04
2.166045920000000478e+03	-4.276585508114078005e-04
2.166076050000000578e+03	-4.235339111689356839e-04
2.166106190000000424e+03	-4.244095620542925884e-04
2.166136320000000524e+03	-4.302849224118304727e-04
2.166166460000000370e+03	-4.461605732971885008e-04
2.166196590000000469e+03	-4.670359336547136309e-04
2.166226720000000569e+03	-4.929112940122437614e-04
2.166256860000000415e+03	-5.187869448975701570e-04
2.166286990000000515e+03	-5.396623052551091648e-04
2.166317120000000159e+03	-5.505376656126381718e-04
2.166347260000000460e+03	-5.514133164979950763e-04
2.166377390000000560e+03	-5.422886768555318371e-04
2.166407530000000406e+03	-5.181643277408914949e-04
2.166437660000000506e+03	-4.890396880984221317e-04
2.166467790000000150e+03	-4.549150484559338903e-04
2.166497930000000451e+03	-4.207906993412835472e-04
2.166528060000000551e+03	-3.966660596988191845e-04
2.166558200000000397e+03	-3.775417105841699650e-04
2.166588330000000497e+03	-3.784170709417028489e-04
2.166618460000000141e+03	-3.892924312992179781e-04
2.166648600000000442e+03	-4.051680821845898839e-04
2.166678730000000542e+03	-4.310434425421061366e-04
2.166708860000000186e+03	-4.469188028996401441e-04
2.166739000000000487e+03	-4.527944537849881712e-04
2.166769130000000132e+03	-4.536698141425210551e-04
2.166799270000000433e+03	-4.495454650278868369e-04
2.166829400000000533e+03	-4.504208253854197208e-04
2.166859530000000177e+03	-4.562961857429159718e-04
2.166889670000000478e+03	-4.671718366282828772e-04
2.166919800000000578e+03	-4.830471969858030068e-04
2.166949940000000424e+03	-4.939228478711699122e-04
2.166980070000000524e+03	-4.947982082287027961e-04
2.167010200000000168e+03	-4.906735685862029239e-04
2.167040340000000469e+03	-4.815492194715914609e-04
2.167070470000000569e+03	-4.724245798291282217e-04
2.167100600000000213e+03	-4.732999401866333500e-04
2.167130740000000515e+03	-4.841755910719863776e-04
2.167160870000000159e+03	-5.100509514295165081e-04
2.167191010000000460e+03	-5.309266023148795366e-04
2.167221140000000560e+03	-5.468019626723996662e-04
2.167251270000000204e+03	-5.476773230299047945e-04
2.167281410000000506e+03	-5.335529739153022089e-04
2.167311540000000150e+03	-5.044283342728050901e-04
2.167341670000000249e+03	-4.703036946303307264e-04
2.167371810000000551e+03	-4.411793455156853838e-04
2.167401940000000195e+03	-4.170547058731932655e-04
2.167432080000000497e+03	-4.129303567585868029e-04
2.167462210000000141e+03	-4.238057171160880543e-04
2.167492340000000240e+03	-4.446810774736131844e-04
2.167522480000000542e+03	-4.655567283589762129e-04
2.167552610000000186e+03	-4.864320887165152207e-04
2.167582750000000487e+03	-4.973077396018682483e-04
2.167612880000000132e+03	-4.931830999593683762e-04
2.167643010000000231e+03	-4.790584603169001365e-04
2.167673150000000533e+03	-4.649341112022836731e-04
2.167703280000000177e+03	-4.558094715597926783e-04
2.167733410000000276e+03	-4.516848319173205617e-04
2.167763550000000578e+03	-4.525604828026774662e-04
2.167793680000000222e+03	-4.634358431602203510e-04
2.167823820000000524e+03	-4.693114940455683781e-04
2.167853950000000168e+03	-4.651868544030823838e-04
2.167884080000000267e+03	-4.460622147606091437e-04
2.167914220000000569e+03	-4.169378656459638011e-04
2.167944350000000213e+03	-3.828132260035033152e-04
2.167974480000000312e+03	-3.586885863610389524e-04
2.168004620000000159e+03	-3.495642372463858560e-04
2.168034750000000258e+03	-3.604395976039009852e-04
2.168064890000000560e+03	-3.813152484892778915e-04
2.168095020000000204e+03	-4.121906088467852669e-04
2.168125150000000303e+03	-4.280659692043192743e-04
2.168155290000000150e+03	-4.289416200896761788e-04
2.168185420000000249e+03	-4.098169804472029387e-04
2.168215560000000551e+03	-3.856926313325625966e-04
2.168245690000000195e+03	-3.615679916900704782e-04
2.168275820000000294e+03	-3.574433520475983617e-04
2.168305960000000141e+03	-3.683190029329652670e-04
2.168336090000000240e+03	-3.941943632904953976e-04
2.168366220000000339e+03	-4.250697236480305286e-04
2.168396360000000186e+03	-4.509453745333846797e-04
2.168426490000000285e+03	-4.668207348909186871e-04
2.168456630000000132e+03	-4.626963857762428356e-04
2.168486760000000231e+03	-4.535717461337795964e-04
2.168516890000000330e+03	-4.444471064913163572e-04
2.168547030000000177e+03	-4.503227573766643843e-04
2.168577160000000276e+03	-4.711981177342033922e-04
2.168607300000000578e+03	-5.020737686195625438e-04
2.168637430000000222e+03	-5.379491289770887974e-04
2.168667560000000321e+03	-5.688244893345961728e-04
2.168697700000000168e+03	-5.747001402199580777e-04
2.168727830000000267e+03	-5.655755005774809607e-04
2.168757960000000367e+03	-5.314508609350204749e-04
2.168788100000000213e+03	-4.923265118203790092e-04
2.168818230000000312e+03	-4.532018721779135229e-04
2.168848370000000159e+03	-4.290775230632593029e-04
2.168878500000000258e+03	-4.149528834207633077e-04
2.168908630000000358e+03	-4.208282437783011920e-04
2.168938770000000204e+03	-4.267038946636630969e-04
2.168968900000000303e+03	-4.325792550211871035e-04
2.168999030000000403e+03	-4.234546153787238643e-04
2.169029170000000249e+03	-4.093302662640796452e-04
2.169059300000000349e+03	-3.952056266215836500e-04
2.169089440000000195e+03	-3.860812775069444314e-04
2.169119570000000294e+03	-3.869566378644773152e-04
2.169149700000000394e+03	-4.028319982220113227e-04
2.169179840000000240e+03	-4.287076491073654738e-04
2.169209970000000339e+03	-4.495830094649044817e-04
2.169240110000000186e+03	-4.604586603502575093e-04
2.169270240000000285e+03	-4.613340207077626376e-04
2.169300370000000385e+03	-4.472093810652943979e-04
2.169330510000000231e+03	-4.330850319506501789e-04
2.169360640000000330e+03	-4.189603923081819392e-04
2.169390770000000430e+03	-4.148357526657237004e-04
2.169420910000000276e+03	-4.207114035510717276e-04
2.169451040000000376e+03	-4.365867639086057350e-04
2.169481180000000222e+03	-4.524624147939360075e-04
2.169511310000000321e+03	-4.633377751514650145e-04
2.169541440000000421e+03	-4.642131355089978983e-04
2.169571580000000267e+03	-4.550887863943586797e-04
2.169601710000000367e+03	-4.409641467518904401e-04
2.169631850000000213e+03	-4.268397976372462210e-04
2.169661980000000312e+03	-4.177151579947829818e-04
2.169692110000000412e+03	-4.185905183522881101e-04
2.169722250000000258e+03	-4.244661692376500151e-04
2.169752380000000358e+03	-4.303415295951740216e-04
2.169782510000000457e+03	-4.412168899527030286e-04
2.169812650000000303e+03	-4.520925408380699340e-04
2.169842780000000403e+03	-4.629679011955989409e-04
2.169872920000000249e+03	-4.688435520809608459e-04
2.169903050000000349e+03	-4.697189124384659742e-04
2.169933180000000448e+03	-4.605942727959888572e-04
2.169963320000000294e+03	-4.514699236813496386e-04
2.169993450000000394e+03	-4.423452840388863994e-04
2.170023580000000493e+03	-4.382206443964142828e-04
2.170053720000000339e+03	-4.390962952817711873e-04
2.170083850000000439e+03	-4.499716556393001943e-04
2.170113990000000285e+03	-4.558473065246343436e-04
2.170144120000000385e+03	-4.667226668821633506e-04
2.170174250000000484e+03	-4.625980272397051118e-04
2.170204390000000330e+03	-4.584736781250570159e-04
2.170234520000000430e+03	-4.493490384825937767e-04
2.170264660000000276e+03	-4.452246893679456807e-04
2.170294790000000376e+03	-4.461000497254785646e-04
2.170324920000000475e+03	-4.519754100829886934e-04
2.170355060000000321e+03	-4.578510609683367205e-04
2.170385190000000421e+03	-4.587264213258696044e-04
2.170415320000000520e+03	-4.496017816834063652e-04
2.170445460000000367e+03	-4.254774325687660230e-04
2.170475590000000466e+03	-3.913527929262916594e-04
2.170505730000000312e+03	-3.622284438116601946e-04
2.170535860000000412e+03	-3.431038041691591989e-04
2.170565990000000511e+03	-3.439791645266920828e-04
2.170596130000000358e+03	-3.648548154120551112e-04
2.170626260000000457e+03	-3.957301757695763644e-04
2.170656390000000556e+03	-4.266055361271114954e-04
2.170686530000000403e+03	-4.424811870124695234e-04
2.170716660000000502e+03	-4.433565473699746518e-04
2.170746800000000349e+03	-4.242321982553393100e-04
2.170776930000000448e+03	-3.951075586128699468e-04
2.170807060000000547e+03	-3.659829189704005836e-04
2.170837200000000394e+03	-3.468585698557513641e-04
2.170867330000000493e+03	-3.477339302132842480e-04
2.170897470000000339e+03	-3.686095810986472765e-04
2.170927600000000439e+03	-3.944849414561496515e-04
2.170957730000000538e+03	-4.203603018136797820e-04
2.170987870000000385e+03	-4.362359526990378100e-04
2.171018000000000484e+03	-4.421113130565756943e-04
2.171048130000000583e+03	-4.329866734141124551e-04
2.171078270000000430e+03	-4.188623242994682361e-04
2.171108400000000529e+03	-4.147376846569961195e-04
2.171138540000000376e+03	-4.206133355423302689e-04
2.171168670000000475e+03	-4.364886958998642763e-04
2.171198800000000574e+03	-4.673640562573994073e-04
2.171228940000000421e+03	-4.932397071427535584e-04
2.171259070000000520e+03	-5.091150675002875658e-04
2.171289210000000367e+03	-5.099907183856444703e-04
2.171319340000000466e+03	-4.958660787431762307e-04
2.171349470000000565e+03	-4.717414391006841123e-04
2.171379610000000412e+03	-4.426170899860387697e-04
2.171409740000000511e+03	-4.184924503435605292e-04
2.171439870000000155e+03	-4.043678107011061673e-04
2.171470010000000457e+03	-4.002434615864580714e-04
2.171500140000000556e+03	-4.011188219439909552e-04
2.171530280000000403e+03	-4.069944728293528602e-04
2.171560410000000502e+03	-4.128698331868491112e-04
2.171590540000000146e+03	-4.187451935443869955e-04
2.171620680000000448e+03	-4.246208444297350226e-04
2.171650810000000547e+03	-4.354962047872779074e-04
2.171680940000000192e+03	-4.463715651447791588e-04
2.171711080000000493e+03	-4.522472160301688193e-04
2.171741210000000137e+03	-4.531225763876739476e-04
2.171771350000000439e+03	-4.439982272730208512e-04
2.171801480000000538e+03	-4.248735876305614889e-04
2.171831610000000182e+03	-4.007489479880971261e-04
2.171861750000000484e+03	-3.866245988734529071e-04
2.171891880000000583e+03	-3.774999592309757901e-04
2.171922020000000430e+03	-3.833756101163376950e-04
2.171952150000000529e+03	-3.992509704738717025e-04
2.171982280000000173e+03	-4.201263308313829548e-04
2.172012420000000475e+03	-4.360019817167271050e-04
2.172042550000000574e+03	-4.468773420742699898e-04
2.172072680000000219e+03	-4.427527024317701176e-04
2.172102820000000520e+03	-4.336283533171586546e-04
2.172132950000000164e+03	-4.245037136746676598e-04
2.172163090000000466e+03	-4.203793645600473194e-04
2.172193220000000565e+03	-4.212547249175524477e-04
2.172223350000000210e+03	-4.271300852750903321e-04
2.172253490000000511e+03	-4.330057361604383592e-04
2.172283620000000155e+03	-4.288810965179523649e-04
2.172313750000000255e+03	-4.147564568754841252e-04
2.172343890000000556e+03	-3.956321077608626613e-04
2.172374020000000201e+03	-3.765074681183755434e-04
2.172404160000000502e+03	-3.623831190037313243e-04
2.172434290000000146e+03	-3.682584793612553309e-04
2.172464420000000246e+03	-3.841338397187893383e-04
2.172494560000000547e+03	-4.150094906041484899e-04
2.172524690000000192e+03	-4.458848509616558653e-04
2.172554830000000493e+03	-4.667605018470327716e-04
2.172584960000000137e+03	-4.676358622045378999e-04
2.172615090000000237e+03	-4.535112225620696602e-04
2.172645230000000538e+03	-4.193868734474331950e-04
2.172675360000000182e+03	-3.852622338049727091e-04
2.172705490000000282e+03	-3.561375941624755903e-04
2.172735630000000583e+03	-3.370132450478541264e-04
2.172765760000000228e+03	-3.328886054053542543e-04
2.172795900000000529e+03	-3.387642562907161592e-04
2.172826030000000173e+03	-3.496396166482451662e-04
2.172856160000000273e+03	-3.605149770057880509e-04
2.172886300000000574e+03	-3.713906278911410785e-04
2.172916430000000219e+03	-3.722659882486462068e-04
2.172946570000000520e+03	-3.781416391340358674e-04
2.172976700000000164e+03	-3.890169994915371188e-04
2.173006830000000264e+03	-3.998923598490661258e-04
2.173036970000000565e+03	-4.157680107344241538e-04
2.173067100000000210e+03	-4.316433710919581612e-04
2.173097230000000309e+03	-4.375187314494960455e-04
2.173127370000000155e+03	-4.433943823348163171e-04
2.173157500000000255e+03	-4.342697426923530779e-04
2.173187640000000556e+03	-4.201453935777366144e-04
2.173217770000000201e+03	-4.010207539352494965e-04
2.173247900000000300e+03	-3.868961142927812569e-04
2.173278040000000146e+03	-3.777717651781281605e-04
2.173308170000000246e+03	-3.736471255356699217e-04
2.173338300000000345e+03	-3.795224858931661727e-04
2.173368440000000192e+03	-3.903981367785330781e-04
2.173398570000000291e+03	-4.062734971360670855e-04
2.173428710000000137e+03	-4.221491480214112357e-04
2.173458840000000237e+03	-4.280245083789491201e-04
2.173488970000000336e+03	-4.238998687364770035e-04
2.173519110000000182e+03	-4.147755196218377849e-04
2.173549240000000282e+03	-4.056508799793467901e-04
2.173579380000000583e+03	-3.915265308647303266e-04
2.173609510000000228e+03	-3.824018912222393318e-04
2.173639640000000327e+03	-3.782772515797672153e-04
2.173669780000000173e+03	-3.841529024651291202e-04
2.173699910000000273e+03	-3.900282628226531267e-04
2.173730040000000372e+03	-4.009036231801682559e-04
2.173760180000000219e+03	-4.067792740655162831e-04
2.173790310000000318e+03	-4.076546344230491670e-04
2.173820450000000164e+03	-4.035302853084149488e-04
2.173850580000000264e+03	-3.994056456659428322e-04
2.173880710000000363e+03	-4.002810060234757161e-04
2.173910850000000210e+03	-4.011566569088326206e-04
2.173940980000000309e+03	-4.070320172663427494e-04
2.173971120000000155e+03	-4.129076681516907765e-04
2.174001250000000255e+03	-4.137830285092236604e-04
2.174031380000000354e+03	-4.096583888667654216e-04
2.174061520000000201e+03	-3.955340397521212026e-04
2.174091650000000300e+03	-3.814094001096529629e-04
2.174121780000000399e+03	-3.622847604671797228e-04
2.174151920000000246e+03	-3.531604113525127486e-04
2.174182050000000345e+03	-3.540357717100456325e-04
2.174212190000000192e+03	-3.649114225953986601e-04
2.174242320000000291e+03	-3.807867829529326675e-04
2.174272450000000390e+03	-4.066621433104627981e-04
2.174302590000000237e+03	-4.325377941958308270e-04
2.174332720000000336e+03	-4.584131545533609575e-04
2.174362850000000435e+03	-4.792885149108583320e-04
2.174392990000000282e+03	-4.851641657962202370e-04
2.174423120000000381e+03	-4.760395261537569978e-04
2.174453260000000228e+03	-4.519151770391027778e-04
2.174483390000000327e+03	-4.177905373966422919e-04
2.174513520000000426e+03	-3.836658977541679283e-04
2.174543660000000273e+03	-3.495415486395314630e-04
2.174573790000000372e+03	-3.254169089970393447e-04
2.174603930000000219e+03	-3.162925598824001261e-04
2.174634060000000318e+03	-3.271679202399291331e-04
2.174664190000000417e+03	-3.480432805974542632e-04
2.174694330000000264e+03	-3.739189314828222921e-04
2.174724460000000363e+03	-3.947942918403474222e-04
2.174754590000000462e+03	-4.106696521978814296e-04
2.174784730000000309e+03	-4.165453030832155790e-04
2.174814860000000408e+03	-4.174206634407484628e-04
2.174845000000000255e+03	-4.182963143261053673e-04
2.174875130000000354e+03	-4.191716746836382512e-04
2.174905260000000453e+03	-4.250470350411622578e-04
2.174935400000000300e+03	-4.359226859265291631e-04
2.174965530000000399e+03	-4.467980462840581701e-04
2.174995660000000498e+03	-4.476734066415632984e-04
2.175025800000000345e+03	-4.435490575269152025e-04
2.175055930000000444e+03	-4.344244178844519633e-04
2.175086070000000291e+03	-4.203000687698077442e-04
2.175116200000000390e+03	-4.061754291273395046e-04
2.175146330000000489e+03	-4.020507894848673880e-04
2.175176470000000336e+03	-4.029264403702242925e-04
2.175206600000000435e+03	-4.088018007277344212e-04
2.175236740000000282e+03	-4.096774516130913257e-04
2.175266870000000381e+03	-4.055528119706192092e-04
2.175297000000000480e+03	-3.914281723281648473e-04
2.175327140000000327e+03	-3.723038232135156278e-04
2.175357270000000426e+03	-3.531791835710423877e-04
2.175387400000000525e+03	-3.390545439285602702e-04
2.175417540000000372e+03	-3.249301948139160512e-04
2.175447670000000471e+03	-3.208055551714439346e-04
2.175477810000000318e+03	-3.166812060567958387e-04
2.175507940000000417e+03	-3.125565664143375999e-04
2.175538070000000516e+03	-3.134319267718704838e-04
2.175568210000000363e+03	-3.243075776572235114e-04
2.175598340000000462e+03	-3.401829380147297632e-04
2.175628480000000309e+03	-3.710585889000889148e-04
2.175658610000000408e+03	-4.069339492576151684e-04
2.175688740000000507e+03	-4.378093096151502994e-04
2.175718880000000354e+03	-4.586849605005133279e-04
2.175749010000000453e+03	-4.595603208580462118e-04
2.175779140000000552e+03	-4.404356812155729717e-04
2.175809280000000399e+03	-4.013113321009037504e-04
2.175839410000000498e+03	-3.571866924584332637e-04
2.175869550000000345e+03	-3.230623433437967984e-04
2.175899680000000444e+03	-3.089377037013285587e-04
2.175929810000000543e+03	-3.098130640588614426e-04
2.175959950000000390e+03	-3.256887149442194707e-04
2.175990080000000489e+03	-3.365640753017484776e-04
2.176020210000000134e+03	-3.474394356592497290e-04
2.176050350000000435e+03	-3.483150865446066335e-04
2.176080480000000534e+03	-3.391904469021433943e-04
2.176110620000000381e+03	-3.400660977875002988e-04
2.176140750000000480e+03	-3.459414581450381831e-04
2.176170880000000579e+03	-3.668168185025633132e-04
2.176201020000000426e+03	-3.926924693879174644e-04
2.176231150000000525e+03	-4.185678297454337171e-04
2.176261290000000372e+03	-4.294434806307867447e-04
2.176291420000000471e+03	-4.203188409883235055e-04
2.176321550000000570e+03	-3.961942013458452649e-04
2.176351690000000417e+03	-3.670698522312138001e-04
2.176381820000000516e+03	-3.429452125887355596e-04
2.176411950000000161e+03	-3.288205729462395643e-04
2.176442090000000462e+03	-3.296962238315964688e-04
2.176472220000000561e+03	-3.405715841891393536e-04
2.176502360000000408e+03	-3.564472350744973816e-04
2.176532490000000507e+03	-3.723225954320313891e-04
2.176562620000000152e+03	-3.781979557895276400e-04
2.176592760000000453e+03	-3.790736066749123001e-04
2.176622890000000552e+03	-3.749489670324540613e-04
2.176653030000000399e+03	-3.708246179177782098e-04
2.176683160000000498e+03	-3.666999782753060932e-04
2.176713290000000143e+03	-3.675753386328389771e-04
2.176743430000000444e+03	-3.684509895181958816e-04
2.176773560000000543e+03	-3.693263498757287655e-04
2.176803690000000188e+03	-3.602017102332377707e-04
2.176833830000000489e+03	-3.560773611186174303e-04
2.176863960000000134e+03	-3.469527214761264355e-04
2.176894100000000435e+03	-3.478283723614833400e-04
2.176924230000000534e+03	-3.537037327190212244e-04
2.176954360000000179e+03	-3.695790930765274762e-04
2.176984500000000480e+03	-3.904547439619043825e-04
2.177014630000000579e+03	-4.013301043194333895e-04
2.177044760000000224e+03	-4.022054646769385178e-04
2.177074900000000525e+03	-3.880811155623081765e-04
2.177105030000000170e+03	-3.539564759198338129e-04
2.177135170000000471e+03	-3.148321268051923472e-04
2.177165300000000570e+03	-2.807074871627179835e-04
2.177195430000000215e+03	-2.615828475202308656e-04
2.177225570000000516e+03	-2.674584984056205261e-04
2.177255700000000161e+03	-2.933338587631229011e-04
2.177285840000000462e+03	-3.292095096484731753e-04
2.177315970000000561e+03	-3.650848700060133067e-04
2.177346100000000206e+03	-3.909602303635434373e-04
2.177376240000000507e+03	-3.918358812489003418e-04
2.177406370000000152e+03	-3.777112416064043465e-04
2.177436500000000251e+03	-3.535866019639399838e-04
2.177466640000000552e+03	-3.394622528492957647e-04
2.177496770000000197e+03	-3.353376132068236481e-04
2.177526910000000498e+03	-3.512132640921816762e-04
2.177557040000000143e+03	-3.770886244497118067e-04
2.177587170000000242e+03	-4.029639848072280595e-04
2.177617310000000543e+03	-4.188396356925999653e-04
2.177647440000000188e+03	-4.147149960501139709e-04
2.177677570000000287e+03	-3.955903564076407308e-04
2.177707710000000134e+03	-3.714660072930003887e-04
2.177737840000000233e+03	-3.473413676505360259e-04
2.177767980000000534e+03	-3.332170185358918069e-04
2.177798110000000179e+03	-3.290923788933919347e-04
2.177828240000000278e+03	-3.349677392509298191e-04
2.177858380000000579e+03	-3.508433901363156027e-04
2.177888510000000224e+03	-3.667187504938218545e-04
2.177918650000000525e+03	-3.875944013791710052e-04
2.177948780000000170e+03	-4.084697617367100131e-04
2.177978910000000269e+03	-4.293451220942351432e-04
2.178009050000000570e+03	-4.452207729795931712e-04
2.178039180000000215e+03	-4.560961333371083004e-04
2.178069310000000314e+03	-4.469714936946311834e-04
2.178099450000000161e+03	-4.178471445799997186e-04
2.178129580000000260e+03	-3.787225049375203545e-04
2.178159720000000561e+03	-3.345981558228877661e-04
2.178189850000000206e+03	-3.004735161804134025e-04
2.178219980000000305e+03	-2.863488765379174072e-04
2.178250120000000152e+03	-3.072245274232804357e-04
2.178280250000000251e+03	-3.480998877808116898e-04
2.178310390000000552e+03	-3.939755386661719649e-04
2.178340520000000197e+03	-4.398508990236943417e-04
2.178370650000000296e+03	-4.557262593812283491e-04
2.178400790000000143e+03	-4.466019102665891305e-04
2.178430920000000242e+03	-4.174772706240920117e-04
2.178461050000000341e+03	-3.783526309816265254e-04
2.178491190000000188e+03	-3.442282818669900601e-04
2.178521320000000287e+03	-3.301036422245218205e-04
2.178551460000000134e+03	-3.459792931098798485e-04
2.178581590000000233e+03	-3.718546534674099791e-04
2.178611720000000332e+03	-4.027300138249173544e-04
2.178641860000000179e+03	-4.236056647102665051e-04
2.178671990000000278e+03	-4.244810250677993890e-04
2.178702120000000377e+03	-4.003563854253350263e-04
2.178732260000000224e+03	-3.612320363106935606e-04
2.178762390000000323e+03	-3.221073966682280743e-04
2.178792530000000170e+03	-2.879830475535777312e-04
2.178822660000000269e+03	-2.738584079110817360e-04
2.178852790000000368e+03	-2.847337682686246207e-04
2.178882930000000215e+03	-3.156094191539837723e-04
2.178913060000000314e+03	-3.514847795115100260e-04
2.178943200000000161e+03	-3.873604303968603002e-04
2.178973330000000260e+03	-4.082357907543993081e-04
2.179003460000000359e+03	-4.041111511119271915e-04
2.179033600000000206e+03	-3.849868019972640942e-04
2.179063730000000305e+03	-3.558621623547947310e-04
2.179093860000000404e+03	-3.267375227123253678e-04
2.179124000000000251e+03	-3.076131735976900261e-04
2.179154130000000350e+03	-3.084885339552229100e-04
2.179184270000000197e+03	-3.243641848405809380e-04
2.179214400000000296e+03	-3.552395451981021912e-04
2.179244530000000395e+03	-3.911149055556145671e-04
2.179274670000000242e+03	-4.169905564409687182e-04
2.179304800000000341e+03	-4.328659167985027256e-04
2.179334930000000440e+03	-4.337412771560356095e-04
2.179365070000000287e+03	-4.196169280413913905e-04
2.179395200000000386e+03	-4.004922883989181503e-04
2.179425340000000233e+03	-3.713679392842866855e-04
2.179455470000000332e+03	-3.422432996417895668e-04
2.179485600000000431e+03	-3.181186599993252040e-04
2.179515740000000278e+03	-2.989943108846759845e-04
2.179545870000000377e+03	-2.798696712422166222e-04
2.179576010000000224e+03	-2.757453221275685262e-04
2.179606140000000323e+03	-2.766206824851014101e-04
2.179636270000000422e+03	-2.824960428426392944e-04
2.179666410000000269e+03	-2.983716937279556891e-04
2.179696540000000368e+03	-3.092470540854985739e-04
2.179726670000000468e+03	-3.101224144430314578e-04
2.179756810000000314e+03	-3.109980653283883623e-04
2.179786940000000413e+03	-3.018734256859112453e-04
2.179817080000000260e+03	-2.977490765712770271e-04
2.179847210000000359e+03	-2.986244369288099110e-04
2.179877340000000459e+03	-3.094997972863111624e-04
2.179907480000000305e+03	-3.303754481716741909e-04
2.179937610000000404e+03	-3.562508085292043214e-04
2.179967750000000251e+03	-3.771264594145534721e-04
2.179997880000000350e+03	-3.880018197720963569e-04
2.180028010000000450e+03	-3.888771801296292407e-04
2.180058150000000296e+03	-3.797528310149761444e-04
2.180088280000000395e+03	-3.656281913724801491e-04
2.180118410000000495e+03	-3.515035517300257872e-04
2.180148550000000341e+03	-3.473792026153776913e-04
2.180178680000000440e+03	-3.482545629729105752e-04
2.180208820000000287e+03	-3.491302138582674797e-04
2.180238950000000386e+03	-3.450055742157953631e-04
2.180269080000000486e+03	-3.408809345733093688e-04
2.180299220000000332e+03	-3.317565854586562724e-04
2.180329350000000431e+03	-3.276319458161980336e-04
2.180359480000000531e+03	-3.285073061737309175e-04
2.180389620000000377e+03	-3.343829570590789446e-04
2.180419750000000477e+03	-3.402583174166168289e-04
2.180449890000000323e+03	-3.311339683019776103e-04
2.180480020000000422e+03	-3.120093286594766147e-04
2.180510150000000522e+03	-2.828846890170072514e-04
2.180540290000000368e+03	-2.537603399023619088e-04
2.180570420000000468e+03	-2.346357002599025465e-04
2.180600560000000314e+03	-2.355113511452594510e-04
2.180630690000000413e+03	-2.613867115027895816e-04
2.180660820000000513e+03	-3.072620718603258361e-04
2.180690960000000359e+03	-3.531377227456583556e-04
2.180721090000000459e+03	-3.840130831031796088e-04
2.180751220000000558e+03	-3.898884434607174931e-04
2.180781360000000404e+03	-3.707640943460821514e-04
2.180811490000000504e+03	-3.366394547036077878e-04
2.180841630000000350e+03	-3.075151055889624452e-04
2.180871760000000450e+03	-2.983904659464992060e-04
2.180901890000000549e+03	-3.092658263040004574e-04
2.180932030000000395e+03	-3.351414771893546085e-04
2.180962160000000495e+03	-3.610168375468986168e-04
2.180992300000000341e+03	-3.668924884322466440e-04
2.181022430000000440e+03	-3.527678487897784043e-04
2.181052560000000540e+03	-3.186432091473179185e-04
2.181082700000000386e+03	-2.795188600326764528e-04
2.181112830000000486e+03	-2.553942203901843344e-04
2.181142960000000130e+03	-2.562695807477172183e-04
2.181173100000000431e+03	-2.871452316330624921e-04
2.181203230000000531e+03	-3.280205919906076240e-04
2.181233370000000377e+03	-3.638962428759578982e-04
2.181263500000000477e+03	-3.797716032334919056e-04
2.181293630000000576e+03	-3.656469635910236660e-04
2.181323770000000422e+03	-3.265226144763544447e-04
2.181353900000000522e+03	-2.773979748338789575e-04
2.181384030000000166e+03	-2.382733351914134712e-04
2.181414170000000468e+03	-2.241489860767692521e-04
2.181444300000000567e+03	-2.400243464343032596e-04
2.181474440000000413e+03	-2.658999973196712885e-04
2.181504570000000513e+03	-2.967753576771925417e-04
2.181534700000000157e+03	-3.076507180347076709e-04
2.181564840000000459e+03	-2.985263689200545745e-04
2.181594970000000558e+03	-2.694017292775990891e-04
2.181625110000000404e+03	-2.352773801629487460e-04
2.181655240000000504e+03	-2.011527405204882601e-04
2.181685370000000148e+03	-1.970281008779883880e-04
2.181715510000000450e+03	-2.179037517633791721e-04
2.181745640000000549e+03	-2.637791121208737932e-04
2.181775770000000193e+03	-3.246544724784111713e-04
2.181805910000000495e+03	-3.755301233637625691e-04
2.181836040000000139e+03	-4.064054837212699445e-04
2.181866180000000440e+03	-4.172811346066507276e-04
2.181896310000000540e+03	-3.981564949641913653e-04
2.181926440000000184e+03	-3.640318553216892461e-04
2.181956580000000486e+03	-3.299075062070527808e-04
2.181986710000000130e+03	-3.057828665645884181e-04
2.182016840000000229e+03	-3.016582269221163015e-04
2.182046980000000531e+03	-3.125338778074693291e-04
2.182077110000000175e+03	-3.334092381649805814e-04
2.182107250000000477e+03	-3.492848890503663650e-04
2.182137380000000576e+03	-3.501602494078714933e-04
2.182167510000000220e+03	-3.360356097654032537e-04
2.182197650000000522e+03	-3.119112606507629115e-04
2.182227780000000166e+03	-2.877866210082985488e-04
2.182257920000000468e+03	-2.686622718936493293e-04
2.182288050000000567e+03	-2.695376322511822131e-04
2.182318180000000211e+03	-2.804129926086834645e-04
2.182348320000000513e+03	-2.962886434940414926e-04
2.182378450000000157e+03	-3.121640038515755000e-04
2.182408580000000256e+03	-3.180393642091133843e-04
2.182438720000000558e+03	-3.139150150944652884e-04
2.182468850000000202e+03	-2.947903754519781705e-04
2.182498990000000504e+03	-2.806660263373617070e-04
2.182529120000000148e+03	-2.665413866948657118e-04
2.182559250000000247e+03	-2.674167470523985957e-04
2.182589390000000549e+03	-2.832923979377566237e-04
2.182619520000000193e+03	-2.991677582952906311e-04
2.182649660000000495e+03	-3.200434091806397818e-04
2.182679790000000139e+03	-3.309187695381410332e-04
2.182709920000000238e+03	-3.317941298956739171e-04
2.182740060000000540e+03	-3.326697807810585772e-04
2.182770190000000184e+03	-3.235451411385675824e-04
2.182800320000000283e+03	-3.194205014960954658e-04
2.182830460000000130e+03	-3.152961523814612477e-04
2.182860590000000229e+03	-3.111715127389891311e-04
2.182890730000000531e+03	-3.070471636243549129e-04
2.182920860000000175e+03	-2.929225239818589177e-04
2.182950990000000274e+03	-2.737978843393856776e-04
2.182981130000000576e+03	-2.546735352247503359e-04
2.183011260000000220e+03	-2.405488955822820962e-04
2.183041390000000320e+03	-2.364242559398099797e-04
2.183071530000000166e+03	-2.372999068251668842e-04
2.183101660000000265e+03	-2.481752671826681356e-04
2.183131800000000567e+03	-2.690509180680589196e-04
2.183161930000000211e+03	-2.849262784255651715e-04
2.183192060000000311e+03	-3.058016387830903016e-04
2.183222200000000157e+03	-3.166772896684572070e-04
2.183252330000000256e+03	-3.275526500259862139e-04
2.183282470000000558e+03	-3.284283009113431184e-04
2.183312600000000202e+03	-3.193036612688521236e-04
2.183342730000000302e+03	-3.101790216263750066e-04
2.183372870000000148e+03	-2.910546725117396649e-04
2.183403000000000247e+03	-2.769300328692714253e-04
2.183433130000000347e+03	-2.678053932268081860e-04
2.183463270000000193e+03	-2.686810441121650905e-04
2.183493400000000292e+03	-2.745564044696613415e-04
2.183523540000000139e+03	-2.904320553550193695e-04
2.183553670000000238e+03	-3.063074157125533770e-04
2.183583800000000338e+03	-3.121827760700912613e-04
2.183613940000000184e+03	-3.080584269554431653e-04
2.183644070000000283e+03	-2.889337873129699252e-04
2.183674200000000383e+03	-2.648091476705055625e-04
2.183704340000000229e+03	-2.506847985558335878e-04
2.183734470000000329e+03	-2.415601589133703486e-04
2.183764610000000175e+03	-2.574358097987283767e-04
2.183794740000000274e+03	-2.833111701562585072e-04
2.183824870000000374e+03	-3.091865305137886377e-04
2.183855010000000220e+03	-3.350621813991566667e-04
2.183885140000000320e+03	-3.459375417566856736e-04
2.183915280000000166e+03	-3.418131926420098221e-04
2.183945410000000265e+03	-3.226885529995504598e-04
2.183975540000000365e+03	-2.985639133570722192e-04
2.184005680000000211e+03	-2.694395642424407544e-04
2.184035810000000311e+03	-2.503149245999675143e-04
2.184065940000000410e+03	-2.411902849575042751e-04
2.184096080000000256e+03	-2.320659358428511787e-04
2.184126210000000356e+03	-2.279412962003651844e-04
2.184156350000000202e+03	-2.238169470857170884e-04
2.184186480000000302e+03	-2.196923074432588496e-04
2.184216610000000401e+03	-2.155676678007867331e-04
2.184246750000000247e+03	-2.164433186861436376e-04
2.184276880000000347e+03	-2.273186790436726445e-04
2.184307020000000193e+03	-2.431943299290306726e-04
2.184337150000000292e+03	-2.590696902865369244e-04
2.184367280000000392e+03	-2.649450506440748088e-04
2.184397420000000238e+03	-2.608207015294267128e-04
2.184427550000000338e+03	-2.466960618869584732e-04
2.184457680000000437e+03	-2.325714222444902335e-04
2.184487820000000283e+03	-2.184470731298460144e-04
2.184517950000000383e+03	-2.193224334873788983e-04
2.184548090000000229e+03	-2.401980843727141712e-04
2.184578220000000329e+03	-2.710734447302493022e-04
2.184608350000000428e+03	-3.119488050877805563e-04
2.184638490000000274e+03	-3.478244559731308305e-04
2.184668620000000374e+03	-3.686998163306698384e-04
2.184698750000000473e+03	-3.695751766882027223e-04
2.184728890000000320e+03	-3.454508275735623801e-04
2.184759020000000419e+03	-3.063261879310691382e-04
2.184789160000000265e+03	-2.622018388164226721e-04
2.184819290000000365e+03	-2.280771991739483084e-04
2.184849420000000464e+03	-2.139525595314800688e-04
2.184879560000000311e+03	-2.198282104168419737e-04
2.184909690000000410e+03	-2.507035707743771047e-04
2.184939830000000256e+03	-2.865792216597273789e-04
2.184969960000000356e+03	-3.174545820172347543e-04
2.185000090000000455e+03	-3.333299423747687618e-04
2.185030230000000302e+03	-3.242055932601295432e-04
2.185060360000000401e+03	-2.950809536176601799e-04
2.185090490000000500e+03	-2.559563139751946936e-04
2.185120630000000347e+03	-2.168319648605532279e-04
2.185150760000000446e+03	-1.977073252180522323e-04
2.185180900000000292e+03	-1.985829761034091367e-04
2.185211030000000392e+03	-2.294583364609442677e-04
2.185241160000000491e+03	-2.653336968184705214e-04
2.185271300000000338e+03	-3.012093477038346734e-04
2.185301430000000437e+03	-3.220847080613736813e-04
2.185331570000000283e+03	-3.229603589467305857e-04
2.185361700000000383e+03	-3.038357193042295901e-04
2.185391830000000482e+03	-2.747110796617602269e-04
2.185421970000000329e+03	-2.555867305471248851e-04
2.185452100000000428e+03	-2.514620909046527686e-04
2.185482230000000527e+03	-2.623374512621817756e-04
2.185512370000000374e+03	-2.882131021475359267e-04
2.185542500000000473e+03	-3.090884625050749346e-04
2.185572640000000320e+03	-3.149641133904090839e-04
2.185602770000000419e+03	-3.058394737479319669e-04
2.185632900000000518e+03	-2.767148341054626037e-04
2.185663040000000365e+03	-2.425904849908261385e-04
2.185693170000000464e+03	-2.184658453483617757e-04
2.185723300000000563e+03	-2.143412057058896591e-04
2.185753440000000410e+03	-2.402168565912438103e-04
2.185783570000000509e+03	-2.810922169487473088e-04
2.185813710000000356e+03	-3.319678678341125844e-04
2.185843840000000455e+03	-3.628432281916477153e-04
2.185873970000000554e+03	-3.687185885491717219e-04
2.185904110000000401e+03	-3.445942394345313797e-04
2.185934240000000500e+03	-2.954695997920697703e-04
2.185964380000000347e+03	-2.463452506774183037e-04
2.185994510000000446e+03	-2.122206110349300623e-04
2.186024640000000545e+03	-1.980959713924618226e-04
2.186054780000000392e+03	-2.139716222778198507e-04
2.186084910000000491e+03	-2.448469826353549816e-04
2.186115040000000135e+03	-2.757223429928623570e-04
2.186145180000000437e+03	-2.965979938782392633e-04
2.186175310000000536e+03	-2.974733542357721472e-04
2.186205450000000383e+03	-2.783490051211090499e-04
2.186235580000000482e+03	-2.492243654786396867e-04
2.186265710000000581e+03	-2.200997258361703235e-04
2.186295850000000428e+03	-2.159753767215222275e-04
2.186325980000000527e+03	-2.268507370790651123e-04
2.186356110000000172e+03	-2.577260974365586099e-04
2.186386250000000473e+03	-2.886017483219455171e-04
2.186416380000000572e+03	-3.144771086794478920e-04
2.186446520000000419e+03	-3.153527595648047965e-04
2.186476650000000518e+03	-2.962281199223454342e-04
2.186506780000000163e+03	-2.571034802798521923e-04
2.186536920000000464e+03	-2.179791311652384822e-04
2.186567050000000563e+03	-1.838544915227641185e-04
2.186597190000000410e+03	-1.747301424081248999e-04
2.186627320000000509e+03	-1.856055027656261514e-04
2.186657450000000154e+03	-2.164808631231612823e-04
2.186687590000000455e+03	-2.573565140085165570e-04
2.186717720000000554e+03	-2.982318743660478111e-04
2.186747850000000199e+03	-3.291072347235551865e-04
2.186777990000000500e+03	-3.499828856089459705e-04
2.186808120000000145e+03	-3.508582459664510989e-04
2.186838260000000446e+03	-3.417338968517980025e-04
2.186868390000000545e+03	-3.226092572093386401e-04
2.186898520000000190e+03	-2.934846175668692769e-04
2.186928660000000491e+03	-2.643602684522239343e-04
2.186958790000000135e+03	-2.352356288097268155e-04
2.186988930000000437e+03	-2.111112796951142290e-04
2.187019060000000536e+03	-2.019866400526232342e-04
2.187049190000000181e+03	-2.128620004101522412e-04
2.187079330000000482e+03	-2.337376512955152696e-04
2.187109460000000581e+03	-2.646130116530365228e-04
2.187139590000000226e+03	-2.904883720105527756e-04
2.187169730000000527e+03	-3.013640228959335587e-04
2.187199860000000172e+03	-2.972393832534336866e-04
2.187230000000000473e+03	-2.731150341387933445e-04
2.187260130000000572e+03	-2.439903944963239812e-04
2.187290260000000217e+03	-2.198657548538596185e-04
2.187320400000000518e+03	-2.107414057392203999e-04
2.187350530000000163e+03	-2.216167660967216513e-04
2.187380660000000262e+03	-2.424921264542606592e-04
2.187410800000000563e+03	-2.733677773396336885e-04
2.187440930000000208e+03	-2.992431376971499413e-04
2.187471070000000509e+03	-3.051187885824979684e-04
2.187501200000000154e+03	-2.909941489400297288e-04
2.187531330000000253e+03	-2.668695092975653660e-04
2.187561470000000554e+03	-2.327451601829289007e-04
2.187591600000000199e+03	-2.086205205404229046e-04
2.187621740000000500e+03	-1.944961714258203189e-04
2.187651870000000145e+03	-2.053715317833215703e-04
2.187682000000000244e+03	-2.262468921408467004e-04
2.187712140000000545e+03	-2.571225430262058520e-04
2.187742270000000190e+03	-2.879979033837409830e-04
2.187772400000000289e+03	-3.138732637412433579e-04
2.187802540000000135e+03	-3.247489146266102633e-04
2.187832670000000235e+03	-3.206242749841381467e-04
2.187862810000000536e+03	-3.014999258694889273e-04
2.187892940000000181e+03	-2.773752862270245645e-04
2.187923070000000280e+03	-2.482506465845552013e-04
2.187953210000000581e+03	-2.291262974699198596e-04
2.187983340000000226e+03	-2.100016578274188639e-04
2.188013470000000325e+03	-2.008770181849556247e-04
2.188043610000000172e+03	-2.017526690703125292e-04
2.188073740000000271e+03	-2.026280294278454130e-04
2.188103880000000572e+03	-2.035036803132023175e-04
2.188134010000000217e+03	-1.993790406707302010e-04
2.188164140000000316e+03	-2.002544010282353293e-04
2.188194280000000163e+03	-2.011300519135922338e-04
2.188224410000000262e+03	-2.070054122711301181e-04
2.188254550000000563e+03	-2.228810631565159017e-04
2.188284680000000208e+03	-2.437564235140132762e-04
2.188314810000000307e+03	-2.646317838715522841e-04
2.188344950000000154e+03	-2.755074347569053117e-04
2.188375080000000253e+03	-2.763827951144104400e-04
2.188405210000000352e+03	-2.672581554719472008e-04
2.188435350000000199e+03	-2.531338063573029817e-04
2.188465480000000298e+03	-2.390091667148347421e-04
2.188495620000000145e+03	-2.298848176001955235e-04
2.188525750000000244e+03	-2.407601779577245305e-04
2.188555880000000343e+03	-2.566355383152585379e-04
2.188586020000000190e+03	-2.725111892005888103e-04
2.188616150000000289e+03	-2.833865495581178173e-04
2.188646290000000135e+03	-2.792622004434835992e-04
2.188676420000000235e+03	-2.601375608010103591e-04
2.188706550000000334e+03	-2.310129211585409958e-04
2.188736690000000181e+03	-2.018885720438956533e-04
2.188766820000000280e+03	-1.827639324014362909e-04
2.188796950000000379e+03	-1.736392927589452961e-04
2.188827090000000226e+03	-1.845149436442983237e-04
2.188857220000000325e+03	-2.003903040018323312e-04
2.188887360000000172e+03	-2.212659548871814819e-04
2.188917490000000271e+03	-2.371413152447154893e-04
2.188947620000000370e+03	-2.430166756022533736e-04
2.188977760000000217e+03	-2.338923264876141550e-04
2.189007890000000316e+03	-2.297676868451142829e-04
2.189038020000000415e+03	-2.256430472026421663e-04
2.189068160000000262e+03	-2.415186980880001943e-04
2.189098290000000361e+03	-2.673940584455303249e-04
2.189128430000000208e+03	-3.032697093308944769e-04
2.189158560000000307e+03	-3.341450696884296079e-04
2.189188690000000406e+03	-3.450204300459586149e-04
2.189218830000000253e+03	-3.308960809312866402e-04
2.189248960000000352e+03	-2.917714412888211539e-04
2.189279100000000199e+03	-2.276470921741824416e-04
2.189309230000000298e+03	-1.635224525317058308e-04
2.189339360000000397e+03	-1.143978128892442214e-04
2.189369500000000244e+03	-9.027346377460387927e-05
2.189399630000000343e+03	-1.061488241321378867e-04
2.189429760000000442e+03	-1.570241844896375083e-04
2.189459900000000289e+03	-2.178998353749989070e-04
2.189490030000000388e+03	-2.787751957325224073e-04
2.189520170000000235e+03	-3.196508466178915597e-04
2.189550300000000334e+03	-3.305262069754205667e-04
2.189580430000000433e+03	-3.164015673329523270e-04
2.189610570000000280e+03	-2.772772182183108614e-04
2.189640700000000379e+03	-2.331525785758126190e-04
2.189670840000000226e+03	-1.990282294611761538e-04
2.189700970000000325e+03	-1.799035898187029137e-04
2.189731100000000424e+03	-1.757789501762307971e-04
2.189761240000000271e+03	-1.866546010615977025e-04
2.189791370000000370e+03	-2.025299614191317099e-04
2.189821500000000469e+03	-2.234053217766290844e-04
2.189851640000000316e+03	-2.392809726619871125e-04
2.189881770000000415e+03	-2.551563330195211199e-04
2.189911910000000262e+03	-2.660319839048741475e-04
2.189942040000000361e+03	-2.769073442624031545e-04
2.189972170000000460e+03	-2.877827046199460392e-04
2.190002310000000307e+03	-2.886583555053029437e-04
2.190032440000000406e+03	-2.795337158627980712e-04
2.190062570000000505e+03	-2.704090762203348319e-04
2.190092710000000352e+03	-2.512847271056994902e-04
2.190122840000000451e+03	-2.371600874632312506e-04
2.190152980000000298e+03	-2.180357383485820311e-04
2.190183110000000397e+03	-2.039110987061137914e-04
2.190213240000000496e+03	-1.997864590636555526e-04
2.190243380000000343e+03	-1.906621099489747007e-04
2.190273510000000442e+03	-1.865374703065164619e-04
2.190303650000000289e+03	-1.874131211918733664e-04
2.190333780000000388e+03	-1.882884815494062503e-04
2.190363910000000487e+03	-1.891638419069391341e-04
2.190394050000000334e+03	-1.950394927922871613e-04
2.190424180000000433e+03	-2.059148531498300461e-04
2.190454310000000532e+03	-2.067902135073351744e-04
2.190484450000000379e+03	-2.076658643926920789e-04
2.190514580000000478e+03	-2.035412247502199623e-04
2.190544720000000325e+03	-1.944168756355807437e-04
2.190574850000000424e+03	-1.952922359931136276e-04
2.190604980000000523e+03	-1.961675963506465115e-04
2.190635120000000370e+03	-2.070432472359995391e-04
2.190665250000000469e+03	-2.179186075935007905e-04
2.190695380000000569e+03	-2.237939679510386748e-04
2.190725520000000415e+03	-2.196696188363905788e-04
2.190755650000000514e+03	-2.105449791939273396e-04
2.190785790000000361e+03	-1.914206300792781201e-04
2.190815920000000460e+03	-1.822959904368148809e-04
2.190846050000000560e+03	-1.831713507943477648e-04
2.190876190000000406e+03	-1.940470016796730368e-04
2.190906320000000505e+03	-2.249223620372081678e-04
2.190936460000000352e+03	-2.557980129225673194e-04
2.190966590000000451e+03	-2.766733732801063272e-04
2.190996720000000550e+03	-2.875487336376353342e-04
2.191026860000000397e+03	-2.834243845229872383e-04
2.191056990000000496e+03	-2.742997448805239991e-04
2.191087120000000141e+03	-2.651751052380330043e-04
2.191117260000000442e+03	-2.660507561233899088e-04
2.191147390000000541e+03	-2.769261164809189157e-04
2.191177530000000388e+03	-2.878017673662719433e-04
2.191207660000000487e+03	-2.936771277238098277e-04
2.191237790000000132e+03	-2.845524880813188329e-04
2.191267930000000433e+03	-2.554281389667012458e-04
2.191298060000000532e+03	-2.213034993241991266e-04
2.191328200000000379e+03	-1.871791502095626614e-04
2.191358330000000478e+03	-1.630545105670982986e-04
2.191388460000000578e+03	-1.539298709246211816e-04
2.191418600000000424e+03	-1.598055218099830865e-04
2.191448730000000523e+03	-1.706808821675120935e-04
2.191478860000000168e+03	-1.815562425250272227e-04
2.191509000000000469e+03	-1.874318934103752499e-04
2.191539130000000569e+03	-1.883072537679081337e-04
2.191569270000000415e+03	-1.991829046532611613e-04
2.191599400000000514e+03	-2.150582650107951688e-04
2.191629530000000159e+03	-2.509336253683075446e-04
2.191659670000000460e+03	-2.918092762536905749e-04
2.191689800000000560e+03	-3.276846366111890729e-04
2.191719930000000204e+03	-3.435599969687230804e-04
2.191750070000000505e+03	-3.294356478540788613e-04
2.191780200000000150e+03	-2.853110082116222523e-04
2.191810340000000451e+03	-2.311866590969796631e-04
2.191840470000000550e+03	-1.720620194545080528e-04
2.191870600000000195e+03	-1.429373798120109340e-04
2.191900740000000496e+03	-1.388130306973767158e-04
2.191930870000000141e+03	-1.696883910548979690e-04
2.191961010000000442e+03	-2.205640419402632446e-04
2.191991140000000541e+03	-2.714394022977906218e-04
2.192021270000000186e+03	-3.023147626552979972e-04
2.192051410000000487e+03	-3.081904135406876577e-04
2.192081540000000132e+03	-2.890657738981866620e-04
2.192111670000000231e+03	-2.599411342557172988e-04
2.192141810000000532e+03	-2.258167851410808336e-04
2.192171940000000177e+03	-2.016921454986164708e-04
2.192202080000000478e+03	-1.975677963839683748e-04
2.192232210000000578e+03	-2.134431567415023823e-04
2.192262340000000222e+03	-2.393185170990047572e-04
2.192292480000000523e+03	-2.651941679843866639e-04
2.192322610000000168e+03	-2.810695283418929158e-04
2.192352750000000469e+03	-2.869451792272548207e-04
2.192382880000000569e+03	-2.728205395847865811e-04
2.192413010000000213e+03	-2.436958999423172179e-04
2.192443150000000514e+03	-2.095715508276807526e-04
2.192473280000000159e+03	-1.704469111851736329e-04
2.192503410000000258e+03	-1.363222715427131471e-04
2.192533550000000560e+03	-1.171979224280639276e-04
2.192563680000000204e+03	-1.080732827856006883e-04
2.192593820000000505e+03	-1.189489336709537159e-04
2.192623950000000150e+03	-1.348242940284877234e-04
2.192654080000000249e+03	-1.606996543860039761e-04
2.192684220000000550e+03	-1.815753052713808824e-04
2.192714350000000195e+03	-1.974506656288871342e-04
2.192744480000000294e+03	-2.083260259864161412e-04
2.192774620000000141e+03	-2.142016768717780462e-04
2.192804750000000240e+03	-2.200770372293159305e-04
2.192834890000000541e+03	-2.259526881146639576e-04
2.192865020000000186e+03	-2.318280484721740864e-04
2.192895150000000285e+03	-2.327034088297069703e-04
2.192925290000000132e+03	-2.235790597150677517e-04
2.192955420000000231e+03	-1.994544200725895111e-04
2.192985560000000532e+03	-1.703300709579580463e-04
2.193015690000000177e+03	-1.412054313154886831e-04
2.193045820000000276e+03	-1.220807916729876874e-04
2.193075960000000578e+03	-1.179564425583812248e-04
2.193106090000000222e+03	-1.288318029158824762e-04
2.193136220000000321e+03	-1.447071632734164837e-04
2.193166360000000168e+03	-1.655828141587656344e-04
2.193196490000000267e+03	-1.764581745163085191e-04
2.193226630000000569e+03	-1.723338254016604232e-04
2.193256760000000213e+03	-1.682091857591605510e-04
2.193286890000000312e+03	-1.640845461167023123e-04
2.193317030000000159e+03	-1.749601970020553399e-04
2.193347160000000258e+03	-2.008355573595854704e-04
2.193377290000000357e+03	-2.367109177171256018e-04
2.193407430000000204e+03	-2.675865686024708756e-04
2.193437560000000303e+03	-2.784619289600137604e-04
2.193467700000000150e+03	-2.593375798453367853e-04
2.193497830000000249e+03	-2.202129402028712990e-04
2.193527960000000348e+03	-1.660883005604046891e-04
2.193558100000000195e+03	-1.319639514457682239e-04
2.193588230000000294e+03	-1.228393118032911069e-04
2.193618370000000141e+03	-1.487149626886452580e-04
2.193648500000000240e+03	-1.995903230461865130e-04
2.193678630000000339e+03	-2.554656834036911350e-04
2.193708770000000186e+03	-2.963413342890464097e-04
2.193738900000000285e+03	-3.022166946465842940e-04
2.193769030000000384e+03	-2.780920550041060535e-04
2.193799170000000231e+03	-2.239677058894634643e-04
2.193829300000000330e+03	-1.698430662469968544e-04
2.193859440000000177e+03	-1.307187171323553887e-04
2.193889570000000276e+03	-1.215940774898643939e-04
2.193919700000000375e+03	-1.374694378473984013e-04
2.193949840000000222e+03	-1.783450887327536760e-04
2.193979970000000321e+03	-2.192204490902849301e-04
2.194010110000000168e+03	-2.500960999756440817e-04
2.194040240000000267e+03	-2.609714603331730887e-04
2.194070370000000366e+03	-2.518468206907098494e-04
2.194100510000000213e+03	-2.327224715760328744e-04
2.194130640000000312e+03	-2.085978319335685116e-04
2.194160770000000412e+03	-1.894731922911091493e-04
2.194190910000000258e+03	-1.753488431764649302e-04
2.194221040000000357e+03	-1.712242035339928137e-04
2.194251180000000204e+03	-1.720998544193497182e-04
2.194281310000000303e+03	-1.679752147768776016e-04
2.194311440000000403e+03	-1.588505751343866068e-04
2.194341580000000249e+03	-1.447262260197423878e-04
2.194371710000000348e+03	-1.256015863772830254e-04
2.194401840000000448e+03	-1.114769467348147858e-04
2.194431980000000294e+03	-1.023525976201616894e-04
2.194462110000000393e+03	-9.822795797770345061e-05
2.194492250000000240e+03	-9.910360886306035511e-05
2.194522380000000339e+03	-9.497896922056048297e-05
2.194552510000000439e+03	-8.585432957809724375e-05
2.194582650000000285e+03	-7.672998046345802514e-05
2.194612780000000384e+03	-6.260534082098978548e-05
2.194642920000000231e+03	-5.348099170633668908e-05
2.194673050000000330e+03	-5.935635206387457341e-05
2.194703180000000430e+03	-7.523171242138082526e-05
2.194733320000000276e+03	-9.610736330674385375e-05
2.194763450000000375e+03	-1.169827236642689838e-04
2.194793580000000475e+03	-1.228580840218068682e-04
2.194823720000000321e+03	-1.237337349071637727e-04
2.194853850000000421e+03	-1.096090952646955330e-04
2.194883990000000267e+03	-1.004847461500563144e-04
2.194914120000000366e+03	-1.063601065075525653e-04
2.194944250000000466e+03	-1.222354668650865728e-04
2.194974390000000312e+03	-1.531111177504457244e-04
2.195004520000000412e+03	-1.839864781079808553e-04
2.195034650000000511e+03	-2.048618384655059854e-04
2.195064790000000357e+03	-1.907374893508617664e-04
2.195094920000000457e+03	-1.516128497083962801e-04
2.195125060000000303e+03	-9.748850059372593524e-05
2.195155190000000403e+03	-3.836386095126820273e-05
2.195185320000000502e+03	-4.239221308793839071e-06
2.195215460000000348e+03	4.885127805845379534e-06
2.195245590000000448e+03	-1.599023255167975055e-05
2.195275730000000294e+03	-6.186588343704002568e-05
2.195305860000000393e+03	-1.127412437945812806e-04
2.195335990000000493e+03	-1.536166041520847791e-04
2.195366130000000339e+03	-1.844922550374439307e-04
2.195396260000000439e+03	-1.953676153949729377e-04
2.195426390000000538e+03	-1.912429757525008212e-04
2.195456530000000384e+03	-1.821186266378616025e-04
2.195486660000000484e+03	-1.729939869953983633e-04
2.195516800000000330e+03	-1.588696378807541443e-04
2.195546930000000430e+03	-1.447449982382581490e-04
2.195577060000000529e+03	-1.306203585957899094e-04
2.195607200000000375e+03	-1.064960094811495672e-04
2.195637330000000475e+03	-8.737136983867632711e-05
2.195667470000000321e+03	-6.824702072404098541e-05
2.195697600000000421e+03	-5.412238108157274574e-05
2.195727730000000520e+03	-5.499774143910562962e-05
2.195757870000000366e+03	-6.587339232443090165e-05
2.195788000000000466e+03	-8.674875268195603173e-05
2.195818130000000565e+03	-1.126241130395000400e-04
2.195848270000000412e+03	-1.434997639248453138e-04
2.195878400000000511e+03	-1.643751242823843217e-04
2.195908540000000357e+03	-1.702507751677462267e-04
2.195938670000000457e+03	-1.611261355252691096e-04
2.195968800000000556e+03	-1.270014958827808682e-04
2.195998940000000403e+03	-8.787714676813940251e-05
2.196029070000000502e+03	-4.375250712566891576e-05
2.196059200000000146e+03	-1.962786748317679741e-05
2.196089340000000448e+03	-1.050351836856533438e-05
2.196119470000000547e+03	-2.637887872608546402e-05
2.196149610000000393e+03	-5.725452961144461561e-05
2.196179740000000493e+03	-8.312988996896086835e-05
2.196209870000000137e+03	-1.040052503264859984e-04
2.196240010000000439e+03	-1.048809012118429029e-04
2.196270140000000538e+03	-9.575626156937966371e-05
2.196300280000000384e+03	-8.163191245473544466e-05
2.196330410000000484e+03	-7.750727281226332810e-05
2.196360540000000583e+03	-9.338263316979733553e-05
2.196390680000000430e+03	-1.192582840551237311e-04
2.196420810000000529e+03	-1.501336444126588621e-04
2.196450940000000173e+03	-1.710090047701978699e-04
2.196481080000000475e+03	-1.618846556555447735e-04
2.196511210000000574e+03	-1.327600160130892881e-04
2.196541350000000421e+03	-8.863566689844282198e-05
2.196571480000000520e+03	-3.951102725593957921e-05
2.196601610000000164e+03	-1.038638761348409378e-05
2.196631750000000466e+03	-6.262038498835997835e-06
2.196661880000000565e+03	-2.213739885637000526e-05
2.196692020000000412e+03	-5.301304974172915685e-05
2.196722150000000511e+03	-8.388841009926428782e-05
2.196752280000000155e+03	-1.097637704567666628e-04
2.196782420000000457e+03	-1.256394213421246908e-04
2.196812550000000556e+03	-1.265147816996575747e-04
2.196842680000000200e+03	-1.173901420571804577e-04
2.196872820000000502e+03	-1.082657929425412391e-04
2.196902950000000146e+03	-9.414115330004524385e-05
2.196933090000000448e+03	-8.001680418542878037e-05
2.196963220000000547e+03	-6.089216454296941805e-05
2.196993350000000191e+03	-3.676752490047729971e-05
2.197023490000000493e+03	-1.264317578582307977e-05
2.197053620000000137e+03	6.481463856636282550e-06
2.197083750000000236e+03	1.060610349910839911e-05
2.197113890000000538e+03	-2.695473862446284841e-07
2.197144020000000182e+03	-3.114490774375200388e-05
2.197174160000000484e+03	-6.702055862914391149e-05
2.197204290000000583e+03	-1.028959189866424095e-04
2.197234420000000227e+03	-1.287712793441725401e-04
2.197264560000000529e+03	-1.396469302295394455e-04
2.197294690000000173e+03	-1.355222905870673289e-04
2.197324830000000475e+03	-1.213979414724231098e-04
2.197354960000000574e+03	-1.022733018299637475e-04
2.197385090000000218e+03	-8.314866218746275184e-05
2.197415230000000520e+03	-7.402431307282353323e-05
2.197445360000000164e+03	-6.989967343035141667e-05
2.197475490000000264e+03	-6.577503378787930011e-05
2.197505630000000565e+03	-7.165068467324120505e-05
2.197535760000000209e+03	-7.752604503075133380e-05
2.197565900000000511e+03	-7.840169591613599387e-05
2.197596030000000155e+03	-7.927705627364112217e-05
2.197626160000000255e+03	-7.015241663116400517e-05
2.197656300000000556e+03	-6.102806751652478656e-05
2.197686430000000200e+03	-4.690342787405654690e-05
2.197716560000000300e+03	-3.277878823156055166e-05
2.197746700000000146e+03	-2.865443911692633350e-05
2.197776830000000245e+03	-3.452979947445034004e-05
2.197806970000000547e+03	-5.540545035984112410e-05
2.197837100000000191e+03	-9.128081071733962215e-05
2.197867230000000291e+03	-1.271561710748797536e-04
2.197897370000000137e+03	-1.580318219602389052e-04
2.197927500000000236e+03	-1.689071823177401566e-04
2.197957640000000538e+03	-1.647828332031198162e-04
2.197987770000000182e+03	-1.406581935606276978e-04
2.198017900000000282e+03	-1.065335539181672120e-04
2.198048040000000583e+03	-7.240920480351686894e-05
2.198078170000000227e+03	-4.828456516105250618e-05
2.198108300000000327e+03	-3.915992551858926696e-05
2.198138440000000173e+03	-4.003557640391841588e-05
2.198168570000000273e+03	-5.591093676145242330e-05
2.198198710000000574e+03	-7.678658764682932958e-05
2.198228840000000218e+03	-8.766194800433058099e-05
2.198258970000000318e+03	-8.853730836186346487e-05
2.198289110000000164e+03	-7.941295924722424626e-05
2.198319240000000264e+03	-6.028831960476488394e-05
2.198349380000000565e+03	-3.616397049011066400e-05
2.198379510000000209e+03	-1.703933084762354611e-05
2.198409640000000309e+03	-2.914691205155306442e-06
2.198439780000000155e+03	-3.790342090512210937e-06
2.198469910000000255e+03	-1.466570244804121792e-05
2.198500040000000354e+03	-4.054106280557134845e-05
2.198530180000000200e+03	-7.141671369093050004e-05
2.198560310000000300e+03	-1.022920740484378754e-04
2.198590450000000146e+03	-1.231677249338009039e-04
2.198620580000000245e+03	-1.290430852913249105e-04
2.198650710000000345e+03	-1.199184456488616712e-04
2.198680850000000191e+03	-9.579409653422132909e-05
2.198710980000000291e+03	-7.166945689175696632e-05
2.198741110000000390e+03	-5.754481724928872666e-05
2.198771250000000236e+03	-5.342046813461287513e-05
2.198801380000000336e+03	-6.929582849214688256e-05
2.198831520000000182e+03	-8.517147937750491060e-05
2.198861650000000282e+03	-1.060468397350300407e-04
2.198891780000000381e+03	-1.169222000925729255e-04
2.198921920000000227e+03	-1.127978509779248295e-04
2.198952050000000327e+03	-9.867321133545658984e-05
2.198982190000000173e+03	-8.454886222078461522e-05
2.199012320000000273e+03	-7.042422257831637555e-05
2.199042450000000372e+03	-6.129958293585313633e-05
2.199072590000000218e+03	-6.217523382121004083e-05
2.199102720000000318e+03	-6.805059417874792516e-05
2.199132850000000417e+03	-6.392595453627580859e-05
2.199162990000000264e+03	-5.980160542162771264e-05
2.199193120000000363e+03	-5.067696577913671785e-05
2.199223260000000209e+03	-4.155261666449749924e-05
2.199253390000000309e+03	-3.742797702202538268e-05
2.199283520000000408e+03	-3.830333737955826656e-05
2.199313660000000255e+03	-3.917898826491517106e-05
2.199343790000000354e+03	-4.005434862244805494e-05
2.199373920000000453e+03	-3.592970897996206059e-05
2.199404060000000300e+03	-2.180535986531784154e-05
2.199434190000000399e+03	-1.268072022284072453e-05
2.199464330000000245e+03	-1.355637110819762903e-05
2.199494460000000345e+03	-2.443173146574051380e-05
2.199524590000000444e+03	-5.530709182327564477e-05
2.199554730000000291e+03	-9.618274270863091946e-05
2.199584860000000390e+03	-1.370581030661344180e-04
2.199615000000000236e+03	-1.629337539514885691e-04
2.199645130000000336e+03	-1.638091143090214530e-04
2.199675260000000435e+03	-1.396844746665570902e-04
2.199705400000000282e+03	-9.556012555191062408e-05
2.199735530000000381e+03	-5.143548590944013732e-05
2.199765660000000480e+03	-2.231084626697077411e-05
2.199795800000000327e+03	-1.318649715230379993e-05
2.199825930000000426e+03	-2.906185750983780736e-05
2.199856070000000273e+03	-6.493750839520195939e-05
2.199886200000000372e+03	-1.008128687527282130e-04
2.199916330000000471e+03	-1.366882291102544666e-04
2.199946470000000318e+03	-1.525638799956124947e-04
2.199976600000000417e+03	-1.584392403531503790e-04
2.200006740000000264e+03	-1.543148912384745275e-04
2.200036870000000363e+03	-1.451902515960112883e-04
2.200067000000000462e+03	-1.360656119535480491e-04
2.200097140000000309e+03	-1.319412628388999531e-04
2.200127270000000408e+03	-1.278166231964417143e-04
2.200157400000000507e+03	-1.186919835539645973e-04
2.200187540000000354e+03	-1.045676344393203783e-04
2.200217670000000453e+03	-8.544299479683326037e-05
2.200247810000000300e+03	-7.131864568218904132e-05
2.200277940000000399e+03	-6.219400603972580210e-05
2.200308070000000498e+03	-6.806936639724980864e-05
2.200338210000000345e+03	-8.394501728260783668e-05
2.200368340000000444e+03	-1.098203776401379672e-04
2.200398470000000543e+03	-1.356957379976819755e-04
2.200428610000000390e+03	-1.565713888830033707e-04
2.200458740000000489e+03	-1.674467492405323776e-04
2.200488880000000336e+03	-1.633224001258981595e-04
2.200519010000000435e+03	-1.541977604834210425e-04
2.200549140000000534e+03	-1.400731208409666806e-04
2.200579280000000381e+03	-1.309487717263135842e-04
2.200609410000000480e+03	-1.318241320838464681e-04
2.200639550000000327e+03	-1.376997829691806174e-04
2.200669680000000426e+03	-1.485751433267096244e-04
2.200699810000000525e+03	-1.544505036842475088e-04
2.200729950000000372e+03	-1.553261545696044132e-04
2.200760080000000471e+03	-1.562015149271372971e-04
2.200790210000000570e+03	-1.470768752846740579e-04
2.200820350000000417e+03	-1.379525261700209615e-04
2.200850480000000516e+03	-1.388278865275260898e-04
2.200880620000000363e+03	-1.497035374128929952e-04
2.200910750000000462e+03	-1.655788977704131248e-04
2.200940880000000561e+03	-1.814542581279471323e-04
2.200971020000000408e+03	-1.923299090133140377e-04
2.201001150000000507e+03	-1.982052693708380442e-04
2.201031290000000354e+03	-1.890809202561988256e-04
2.201061420000000453e+03	-1.699562806136978299e-04
2.201091550000000552e+03	-1.508316409712384676e-04
2.201121690000000399e+03	-1.417072918565992490e-04
2.201151820000000498e+03	-1.425826522141321329e-04
2.201181950000000143e+03	-1.584580125716383847e-04
2.201212090000000444e+03	-1.843336634570202914e-04
2.201242220000000543e+03	-2.052090238145454215e-04
2.201272360000000390e+03	-2.160846746998845713e-04
2.201302490000000489e+03	-2.119600350574124548e-04
2.201332620000000134e+03	-1.878353954149480920e-04
2.201362760000000435e+03	-1.537110463002977490e-04
2.201392890000000534e+03	-1.145864066578322626e-04
2.201423020000000179e+03	-9.046176701534014430e-05
2.201453160000000480e+03	-9.133741790069704880e-05
2.201483290000000579e+03	-1.122127782582360567e-04
2.201513430000000426e+03	-1.430884291435813305e-04
2.201543560000000525e+03	-1.789637895011214619e-04
2.201573690000000170e+03	-1.998391498586188364e-04
2.201603830000000471e+03	-1.957148007440123738e-04
2.201633960000000570e+03	-1.715901611015480110e-04
2.201664100000000417e+03	-1.324658119868649120e-04
2.201694230000000516e+03	-8.834117234440830302e-05
2.201724360000000161e+03	-5.921653270193893981e-05
2.201754500000000462e+03	-5.009218358729972120e-05
2.201784630000000561e+03	-6.596754394481985084e-05
2.201814760000000206e+03	-9.184290430233610358e-05
2.201844900000000507e+03	-1.277185551877141334e-04
2.201875030000000152e+03	-1.485939155452253857e-04
2.201905170000000453e+03	-1.594695664305784133e-04
2.201935300000000552e+03	-1.553449267881062967e-04
2.201965430000000197e+03	-1.462202871456430575e-04
2.201995570000000498e+03	-1.370959380310038389e-04
2.202025700000000143e+03	-1.429712983885000899e-04
2.202055830000000242e+03	-1.488466587460379742e-04
2.202085970000000543e+03	-1.647223096313960022e-04
2.202116100000000188e+03	-1.755976699889250092e-04
2.202146240000000489e+03	-1.764733208742819137e-04
2.202176370000000134e+03	-1.623486812318136741e-04
2.202206500000000233e+03	-1.432240415893265562e-04
2.202236640000000534e+03	-1.190996924747139696e-04
2.202266770000000179e+03	-1.049750528322179743e-04
2.202296910000000480e+03	-1.058507037175748788e-04
2.202327040000000579e+03	-1.117260640750988854e-04
2.202357170000000224e+03	-1.226014244326417701e-04
2.202387310000000525e+03	-1.234770753179986746e-04
2.202417440000000170e+03	-1.193524356754988025e-04
2.202447570000000269e+03	-1.052277960330305628e-04
2.202477710000000570e+03	-9.110344691841409936e-05
2.202507840000000215e+03	-8.697880727591422723e-05
2.202537980000000516e+03	-1.028544581612722553e-04
2.202568110000000161e+03	-1.287298185188162636e-04
2.202598240000000260e+03	-1.596051788763097612e-04
2.202628380000000561e+03	-1.854808297617055457e-04
2.202658510000000206e+03	-1.913561901192017967e-04
2.202688650000000507e+03	-1.822318410045903336e-04
2.202718780000000152e+03	-1.531072013620932148e-04
2.202748910000000251e+03	-1.289825617196288521e-04
2.202779050000000552e+03	-1.098582126049796326e-04
2.202809180000000197e+03	-1.157335729624897613e-04
2.202839310000000296e+03	-1.366089333200287692e-04
2.202869450000000143e+03	-1.724845842053790435e-04
2.202899580000000242e+03	-2.133599445629102975e-04
2.202929720000000543e+03	-2.442355954482694491e-04
2.202959850000000188e+03	-2.551109558057984561e-04
2.202989980000000287e+03	-2.559863161633313400e-04
2.203020120000000134e+03	-2.468619670486643658e-04
2.203050250000000233e+03	-2.377373274062011266e-04
2.203080380000000332e+03	-2.236126877637328869e-04
2.203110520000000179e+03	-2.194883386490847910e-04
2.203140650000000278e+03	-2.153636990066265522e-04
2.203170790000000579e+03	-2.162393498919834567e-04
2.203200920000000224e+03	-2.171147102495163406e-04
2.203231050000000323e+03	-2.179900706070214689e-04
2.203261190000000170e+03	-2.138657214923733729e-04
2.203291320000000269e+03	-1.997410818499051333e-04
2.203321460000000570e+03	-1.806167327352559138e-04
2.203351590000000215e+03	-1.564920930927915510e-04
2.203381720000000314e+03	-1.323674534503271882e-04
2.203411860000000161e+03	-1.132431043356779687e-04
2.203441990000000260e+03	-1.091184646931919744e-04
2.203472120000000359e+03	-1.199938250507209814e-04
2.203502260000000206e+03	-1.458694759360751325e-04
2.203532390000000305e+03	-1.717448362936191408e-04
2.203562530000000152e+03	-1.976204871789732920e-04
2.203592660000000251e+03	-2.034958475364972985e-04
2.203622790000000350e+03	-1.893712078940290588e-04
2.203652930000000197e+03	-1.602468587793698385e-04
2.203683060000000296e+03	-1.211222191368904744e-04
2.203713190000000395e+03	-9.199757949443498894e-05
2.203743330000000242e+03	-7.787323037979076990e-05
2.203773460000000341e+03	-8.874859073731977688e-05
2.203803600000000188e+03	-1.146242416226739280e-04
2.203833730000000287e+03	-1.454996019802090590e-04
2.203863860000000386e+03	-1.763749623377164344e-04
2.203894000000000233e+03	-1.972506132230655851e-04
2.203924130000000332e+03	-2.081259735806084699e-04
2.203954270000000179e+03	-2.090016244659653744e-04
2.203984400000000278e+03	-2.098769848234982582e-04
2.204014530000000377e+03	-2.157523451810222648e-04
2.204044670000000224e+03	-2.216279960663841697e-04
2.204074800000000323e+03	-2.225033564238892980e-04
2.204104930000000422e+03	-2.183787167814171815e-04
2.204135070000000269e+03	-2.042543676667729624e-04
2.204165200000000368e+03	-1.901297280243186005e-04
2.204195340000000215e+03	-1.710053789096693810e-04
2.204225470000000314e+03	-1.618807392672061418e-04
2.204255600000000413e+03	-1.577560996247062697e-04
2.204285740000000260e+03	-1.586317505100631742e-04
2.204315870000000359e+03	-1.595071108675960581e-04
2.204346010000000206e+03	-1.603827617529529626e-04
2.204376140000000305e+03	-1.562581221104808460e-04
2.204406270000000404e+03	-1.471334824680176068e-04
2.204436410000000251e+03	-1.380091333533783882e-04
2.204466540000000350e+03	-1.288844937108873934e-04
2.204496670000000449e+03	-1.297598540684202773e-04
2.204526810000000296e+03	-1.356355049537683044e-04
2.204556940000000395e+03	-1.365108653113011883e-04
2.204587080000000242e+03	-1.373865161966580928e-04
2.204617210000000341e+03	-1.332618765541998540e-04
2.204647340000000440e+03	-1.141372369117266139e-04
2.204677480000000287e+03	-1.000128877970546393e-04
2.204707610000000386e+03	-8.088824815459527695e-05
2.204737740000000485e+03	-7.676360851212316039e-05
2.204767880000000332e+03	-8.263925939748506533e-05
2.204798010000000431e+03	-9.851461975500519497e-05
2.204828150000000278e+03	-1.243902706403732239e-04
2.204858280000000377e+03	-1.502656309979033544e-04
2.204888410000000476e+03	-1.661409913554096063e-04
2.204918550000000323e+03	-1.720166422407576334e-04
2.204948680000000422e+03	-1.678920025982993947e-04
2.204978820000000269e+03	-1.537676534836551756e-04
2.205008950000000368e+03	-1.296430138411908128e-04
2.205039080000000467e+03	-1.055183741987125723e-04
2.205069220000000314e+03	-9.139402508408223103e-05
2.205099350000000413e+03	-8.726938544158235889e-05
2.205129480000000513e+03	-1.031447457991163663e-04
2.205159620000000359e+03	-1.340203966844755179e-04
2.205189750000000458e+03	-1.748957570420067720e-04
2.205219890000000305e+03	-2.107714079273570462e-04
2.205250020000000404e+03	-2.316467682848960541e-04
2.205280150000000503e+03	-2.375221286424200606e-04
2.205310290000000350e+03	-2.233977795277619638e-04
2.205340420000000449e+03	-1.892731398852876001e-04
2.205370560000000296e+03	-1.551487907706511349e-04
2.205400690000000395e+03	-1.310241511281728943e-04
2.205430820000000494e+03	-1.218995114857096551e-04
2.205460960000000341e+03	-1.277751623710715601e-04
2.205491090000000440e+03	-1.486505227285966901e-04
2.205521220000000540e+03	-1.745258830860990651e-04
2.205551360000000386e+03	-1.904015339714570931e-04
2.205581490000000485e+03	-1.912768943289899770e-04
2.205611630000000332e+03	-1.721525452143546353e-04
2.205641760000000431e+03	-1.480279055718902725e-04
2.205671890000000531e+03	-1.139032659294159089e-04
2.205702030000000377e+03	-8.977891681477556673e-05
2.205732160000000476e+03	-8.065427717228457194e-05
2.205762290000000576e+03	-8.152963752981745582e-05
2.205792430000000422e+03	-9.740528841517548386e-05
2.205822560000000522e+03	-1.132806487727094913e-04
2.205852700000000368e+03	-1.291562996580536415e-04
2.205882830000000467e+03	-1.400316600155965263e-04
2.205912960000000567e+03	-1.409070203731294102e-04
2.205943100000000413e+03	-1.267826712584574356e-04
2.205973230000000513e+03	-1.076580316159841955e-04
2.206003370000000359e+03	-8.353368250134385331e-05
2.206033500000000458e+03	-6.940904285887561365e-05
2.206063630000000558e+03	-6.528440321640349708e-05
2.206093770000000404e+03	-7.616005410177040247e-05
2.206123900000000503e+03	-1.020354144592727774e-04
2.206154030000000148e+03	-1.329107748168079084e-04
2.206184170000000449e+03	-1.737864257021631831e-04
2.206214300000000549e+03	-1.996617860596933136e-04
2.206244440000000395e+03	-2.155374369450513417e-04
2.206274570000000494e+03	-2.164127973025842255e-04
2.206304700000000139e+03	-1.972881576600832298e-04
2.206334840000000440e+03	-1.731638085454428877e-04
2.206364970000000540e+03	-1.390391689029824018e-04
2.206395100000000184e+03	-1.049145292605080382e-04
2.206425240000000485e+03	-7.579018014586269558e-05
2.206455370000000130e+03	-5.166554050337057724e-05
2.206485510000000431e+03	-4.254119138875911421e-05
2.206515640000000531e+03	-4.841655174629699854e-05
2.206545770000000175e+03	-6.429191210380325039e-05
2.206575910000000476e+03	-9.016756298915740153e-05
2.206606040000000576e+03	-1.110429233466825316e-04
2.206636180000000422e+03	-1.319185742320455601e-04
2.206666310000000522e+03	-1.377939345895834444e-04
2.206696440000000166e+03	-1.336692949470835723e-04
2.206726580000000467e+03	-1.245449458324721093e-04
2.206756710000000567e+03	-1.154203061899672367e-04
2.206786840000000211e+03	-1.162956665475001206e-04
2.206816980000000513e+03	-1.321713174328581486e-04
2.206847110000000157e+03	-1.580466777903882791e-04
2.206877250000000458e+03	-1.889223286757474307e-04
2.206907380000000558e+03	-2.097976890332864386e-04
2.206937510000000202e+03	-2.156730493907826895e-04
2.206967650000000503e+03	-2.015487002761523483e-04
2.206997780000000148e+03	-1.724240606336829851e-04
2.207027920000000449e+03	-1.482997115190426429e-04
2.207058050000000549e+03	-1.291750718765694028e-04
2.207088180000000193e+03	-1.250504322340695307e-04
2.207118320000000494e+03	-1.309260831194591912e-04
2.207148450000000139e+03	-1.368014434769693199e-04
2.207178580000000238e+03	-1.476768038344983269e-04
2.207208720000000540e+03	-1.535524547198602319e-04
2.207238850000000184e+03	-1.594278150773842384e-04
2.207268990000000485e+03	-1.653034659627461433e-04
2.207299120000000130e+03	-1.811788263202523952e-04
2.207329250000000229e+03	-1.970541866777864026e-04
2.207359390000000531e+03	-2.129298375631721862e-04
2.207389520000000175e+03	-2.138051979206773145e-04
2.207419650000000274e+03	-1.996805582782090749e-04
2.207449790000000576e+03	-1.705562091635637323e-04
2.207479920000000220e+03	-1.364315695210616131e-04
2.207510060000000522e+03	-1.073072204064440260e-04
2.207540190000000166e+03	-9.318258076396190859e-05
2.207570320000000265e+03	-1.040579411214909156e-04
2.207600460000000567e+03	-1.299335920068450667e-04
2.207630590000000211e+03	-1.658089523643851981e-04
2.207660730000000513e+03	-1.916846032497393493e-04
2.207690860000000157e+03	-2.025599636072406007e-04
2.207720990000000256e+03	-1.984353239647684841e-04
2.207751130000000558e+03	-1.793109748501608980e-04
2.207781260000000202e+03	-1.551863352076687796e-04
2.207811390000000301e+03	-1.310616955651905391e-04
2.207841530000000148e+03	-1.119373464505551974e-04
2.207871660000000247e+03	-9.281270680808195728e-05
2.207901800000000549e+03	-8.368835769344273867e-05
2.207931930000000193e+03	-6.956371805094674343e-05
2.207962060000000292e+03	-5.543907840847850377e-05
2.207992200000000139e+03	-5.131472929384428561e-05
2.208022330000000238e+03	-4.719008965137216904e-05
2.208052470000000540e+03	-5.306574053673407398e-05
2.208082600000000184e+03	-6.894110089425420362e-05
2.208112730000000283e+03	-8.481646125176045548e-05
2.208142870000000130e+03	-1.006921121371184835e-04
2.208173000000000229e+03	-1.115674724946613683e-04
2.208203130000000328e+03	-1.174428328521853748e-04
2.208233270000000175e+03	-1.233184837375472798e-04
2.208263400000000274e+03	-1.291938440950712863e-04
2.208293540000000576e+03	-1.450694949804293143e-04
2.208323670000000220e+03	-1.609448553379355662e-04
2.208353800000000319e+03	-1.868202156954795745e-04
2.208383940000000166e+03	-2.026958665808237248e-04
2.208414070000000265e+03	-2.085712269383616091e-04
2.208444200000000365e+03	-2.044465872958894925e-04
2.208474340000000211e+03	-1.853222381812541508e-04
2.208504470000000310e+03	-1.611975985387897881e-04
2.208534610000000157e+03	-1.370732494241078125e-04
2.208564740000000256e+03	-1.229486097816534507e-04
2.208594870000000356e+03	-1.188239701391813341e-04
2.208625010000000202e+03	-1.296996210245343617e-04
2.208655140000000301e+03	-1.405749813820633687e-04
2.208685280000000148e+03	-1.564506322674213967e-04
2.208715410000000247e+03	-1.673259926249642815e-04
2.208745540000000346e+03	-1.732013529824605325e-04
2.208775680000000193e+03	-1.740770038678174370e-04
2.208805810000000292e+03	-1.849523642253603217e-04
2.208835940000000392e+03	-1.958277245828893287e-04
2.208866080000000238e+03	-2.117033754682473567e-04
2.208896210000000337e+03	-2.225787358257763637e-04
2.208926350000000184e+03	-2.184543867111282678e-04
2.208956480000000283e+03	-1.993297470686411499e-04
2.208986610000000383e+03	-1.652051074261667862e-04
2.209016750000000229e+03	-1.210807583115341979e-04
2.209046880000000328e+03	-8.695611866905983423e-05
2.209077010000000428e+03	-7.283147902659159456e-05
2.209107150000000274e+03	-7.870712991195349950e-05
2.209137280000000374e+03	-1.045824902694558745e-04
2.209167420000000220e+03	-1.454581411548111491e-04
2.209197550000000319e+03	-1.813335015123512806e-04
2.209227680000000419e+03	-2.072088618698814111e-04
2.209257820000000265e+03	-2.180845127552344387e-04
2.209287950000000365e+03	-2.139598731127761999e-04
2.209318090000000211e+03	-1.948355239981269804e-04
2.209348220000000310e+03	-1.757108843556259847e-04
2.209378350000000410e+03	-1.515862447131616220e-04
2.209408490000000256e+03	-1.324618955985262803e-04
2.209438620000000356e+03	-1.083372559560480397e-04
2.209468750000000455e+03	-8.921261631358867739e-05
2.209498890000000301e+03	-7.508826719894445834e-05
2.209529020000000401e+03	-7.096362755647234177e-05
2.209559160000000247e+03	-8.683927844180261424e-05
2.209589290000000346e+03	-1.227146387993427457e-04
2.209619420000000446e+03	-1.735899991568701228e-04
2.209649560000000292e+03	-2.244656500422353984e-04
2.209679690000000392e+03	-2.603410103997616520e-04
2.209709830000000238e+03	-2.762166612851196801e-04
2.209739960000000337e+03	-2.570920216426464400e-04
2.209770090000000437e+03	-2.179673820001531981e-04
2.209800230000000283e+03	-1.688430328855156093e-04
2.209830360000000383e+03	-1.297183932430501230e-04
2.209860490000000482e+03	-1.155937536005818833e-04
2.209890630000000328e+03	-1.264694044859349109e-04
2.209920760000000428e+03	-1.623447648434750423e-04
2.209950900000000274e+03	-2.082204157288214397e-04
2.209981030000000374e+03	-2.440957760863338155e-04
2.210011160000000473e+03	-2.599711364438678229e-04
2.210041300000000319e+03	-2.508467873292147265e-04
2.210071430000000419e+03	-2.217221476867592411e-04
2.210101560000000518e+03	-1.775975080442887544e-04
2.210131700000000365e+03	-1.434731589296384113e-04
2.210161830000000464e+03	-1.193485192871740486e-04
2.210191970000000310e+03	-1.152241701725120748e-04
2.210222100000000410e+03	-1.260995305300410818e-04
2.210252230000000509e+03	-1.519748908875712123e-04
2.210282370000000356e+03	-1.828505417729303639e-04
2.210312500000000455e+03	-2.037259021304554940e-04
2.210342640000000301e+03	-2.046015530158123985e-04
2.210372770000000401e+03	-2.004769133733541597e-04
2.210402900000000500e+03	-1.813522737308531640e-04
2.210433040000000346e+03	-1.622279246162178223e-04
2.210463170000000446e+03	-1.481032849737495827e-04
2.210493300000000545e+03	-1.489786453312824666e-04
2.210523440000000392e+03	-1.598542962166354942e-04
2.210553570000000491e+03	-1.807296565741745020e-04
2.210583710000000337e+03	-2.016053074595236527e-04
2.210613840000000437e+03	-2.174806678170299046e-04
2.210643970000000536e+03	-2.183560281745627885e-04
2.210674110000000383e+03	-2.092316790599235699e-04
2.210704240000000482e+03	-1.851070394174592071e-04
2.210734370000000581e+03	-1.609823997749809665e-04
2.210764510000000428e+03	-1.418580506603456248e-04
2.210794640000000527e+03	-1.327334110178823856e-04
2.210824780000000374e+03	-1.386090619032026572e-04
2.210854910000000473e+03	-1.594844222607416651e-04
2.210885040000000572e+03	-1.853597826182717956e-04
2.210915180000000419e+03	-2.062354335036209463e-04
2.210945310000000518e+03	-2.171107938611638311e-04
2.210975450000000365e+03	-2.179864447465207355e-04
2.211005580000000464e+03	-1.938618051040286172e-04
2.211035710000000563e+03	-1.697371654615503767e-04
2.211065850000000410e+03	-1.406128163469189118e-04
2.211095980000000509e+03	-1.214881767044456717e-04
2.211126110000000153e+03	-1.223635370619508000e-04
2.211156250000000455e+03	-1.382391879473365837e-04
2.211186380000000554e+03	-1.691145483048717146e-04
2.211216520000000401e+03	-2.049901991901942333e-04
2.211246650000000500e+03	-2.308655595477243638e-04
2.211276780000000144e+03	-2.467409199052583713e-04
2.211306920000000446e+03	-2.376165707906191527e-04
2.211337050000000545e+03	-2.134919311481547899e-04
2.211367190000000392e+03	-1.793675820335044468e-04
2.211397320000000491e+03	-1.502429423910489614e-04
2.211427450000000135e+03	-1.261183027485429653e-04
2.211457590000000437e+03	-1.119939536338987462e-04
2.211487720000000536e+03	-1.128693139914316301e-04
2.211517850000000180e+03	-1.237446743489745149e-04
2.211547990000000482e+03	-1.446203252343236656e-04
2.211578120000000581e+03	-1.604956855918576730e-04
2.211608260000000428e+03	-1.763713364772157011e-04
2.211638390000000527e+03	-1.872466968347169525e-04
2.211668520000000171e+03	-1.981220571922598372e-04
2.211698660000000473e+03	-2.039977080776078644e-04
2.211728790000000572e+03	-2.098730684351457487e-04
2.211758920000000217e+03	-2.157484287926558775e-04
2.211789060000000518e+03	-2.266240796780366606e-04
2.211819190000000162e+03	-2.424994400355429125e-04
2.211849330000000464e+03	-2.583750909209009405e-04
2.211879460000000563e+03	-2.742504512784349480e-04
2.211909590000000208e+03	-2.901258116359689554e-04
2.211939730000000509e+03	-2.960014625213169825e-04
2.211969860000000153e+03	-2.918768228788309882e-04
2.212000000000000455e+03	-2.877524737642106478e-04
2.212030130000000554e+03	-2.786278341217474086e-04
2.212060260000000198e+03	-2.745031944792475365e-04
2.212090400000000500e+03	-2.703788453645994405e-04
2.212120530000000144e+03	-2.712542057221323244e-04
2.212150660000000244e+03	-2.721295660796374527e-04
2.212180800000000545e+03	-2.730052169650221128e-04
2.212210930000000189e+03	-2.688805773225361184e-04
2.212241070000000491e+03	-2.597562282079107776e-04
2.212271200000000135e+03	-2.556315885654247833e-04
2.212301330000000235e+03	-2.515069489229526667e-04
2.212331470000000536e+03	-2.573825998083145716e-04
2.212361600000000180e+03	-2.632579601658108226e-04
2.212391740000000482e+03	-2.691336110512004831e-04
2.212421870000000581e+03	-2.750089714087383674e-04
2.212452000000000226e+03	-2.658843317662334949e-04
2.212482140000000527e+03	-2.517599826515892758e-04
2.212512270000000171e+03	-2.326353430091299135e-04
2.212542400000000271e+03	-2.185107033666616738e-04
2.212572540000000572e+03	-2.043863542520174548e-04
2.212602670000000217e+03	-2.002617146095175826e-04
2.212632810000000518e+03	-2.061373654949072431e-04
2.212662940000000162e+03	-2.120127258524173719e-04
2.212693070000000262e+03	-2.078880862099452553e-04
2.212723210000000563e+03	-2.037637370952971594e-04
2.212753340000000208e+03	-1.896390974528427975e-04
2.212783470000000307e+03	-1.805144578103379249e-04
2.212813610000000153e+03	-1.763901086957037068e-04
2.212843740000000253e+03	-1.822654690532277133e-04
2.212873880000000554e+03	-2.031411199385907418e-04
2.212904010000000198e+03	-2.340164802961258728e-04
2.212934140000000298e+03	-2.648918406536471259e-04
2.212964280000000144e+03	-2.907674915390151549e-04
2.212994410000000244e+03	-3.066428518965214067e-04
2.213024550000000545e+03	-3.125185027818971895e-04
2.213054680000000189e+03	-3.083938631394111951e-04
2.213084810000000289e+03	-2.942692234969429554e-04
2.213114950000000135e+03	-2.751448743822937359e-04
2.213145080000000235e+03	-2.610202347398254963e-04
2.213175210000000334e+03	-2.468955950973572566e-04
2.213205350000000180e+03	-2.327712459826852820e-04
2.213235480000000280e+03	-2.236466063402220428e-04
2.213265620000000581e+03	-2.195222572256017024e-04
2.213295750000000226e+03	-2.103976175831107076e-04
2.213325880000000325e+03	-2.112729779406435915e-04
2.213356020000000171e+03	-2.171486288260054964e-04
2.213386150000000271e+03	-2.280239891835345034e-04
2.213416280000000370e+03	-2.438993495410407553e-04
2.213446420000000217e+03	-2.697750004263949064e-04
2.213476550000000316e+03	-2.956503607839250369e-04
2.213506690000000162e+03	-3.115260116692830650e-04
2.213536820000000262e+03	-3.224013720268259497e-04
2.213566950000000361e+03	-3.182767323843538332e-04
2.213597090000000208e+03	-2.991523832697046137e-04
2.213627220000000307e+03	-2.700277436272213727e-04
2.213657360000000153e+03	-2.459033945125671528e-04
2.213687490000000253e+03	-2.267787548701077904e-04
2.213717620000000352e+03	-2.226541152276356739e-04
2.213747760000000198e+03	-2.335297661129887015e-04
2.213777890000000298e+03	-2.594051264705327098e-04
2.213808020000000397e+03	-2.852804868280628403e-04
2.213838160000000244e+03	-3.061561377133842354e-04
2.213868290000000343e+03	-3.170314980709271202e-04
2.213898430000000189e+03	-3.129071489562790243e-04
2.213928560000000289e+03	-3.037825093138157850e-04
2.213958690000000388e+03	-2.946578696713386680e-04
2.213988830000000235e+03	-2.955335205566955725e-04
2.214018960000000334e+03	-3.114088809142018244e-04
2.214049100000000180e+03	-3.322845317995648529e-04
2.214079230000000280e+03	-3.531598921571038607e-04
2.214109360000000379e+03	-3.590352525146278673e-04
2.214139500000000226e+03	-3.549109033999936491e-04
2.214169630000000325e+03	-3.357862637575204090e-04
2.214199760000000424e+03	-3.066616241150510458e-04
2.214229900000000271e+03	-2.825372750003829481e-04
2.214260030000000370e+03	-2.684126353579147084e-04
2.214290170000000217e+03	-2.742882862432766133e-04
2.214320300000000316e+03	-2.951636466008017434e-04
2.214350430000000415e+03	-3.160390069583407513e-04
2.214380570000000262e+03	-3.369146578436899020e-04
2.214410700000000361e+03	-3.527900182012239094e-04
2.214440830000000460e+03	-3.536653785587290377e-04
2.214470970000000307e+03	-3.545410294440859422e-04
2.214501100000000406e+03	-3.604163898016238265e-04
2.214531240000000253e+03	-3.712920406869768541e-04
2.214561370000000352e+03	-3.821674010445058611e-04
2.214591500000000451e+03	-3.930427614020487459e-04
2.214621640000000298e+03	-3.889184122874006500e-04
2.214651770000000397e+03	-3.647937726449085316e-04
2.214681910000000244e+03	-3.306694235302581886e-04
2.214712040000000343e+03	-2.815447838877965792e-04
2.214742170000000442e+03	-2.424201442453310928e-04
2.214772310000000289e+03	-2.232957951306818734e-04
2.214802440000000388e+03	-2.341711554882247581e-04
2.214832570000000487e+03	-2.600465158457548887e-04
2.214862710000000334e+03	-3.059221667310874082e-04
2.214892840000000433e+03	-3.517975270886097849e-04
2.214922980000000280e+03	-3.776731779739778139e-04
2.214953110000000379e+03	-3.935485383314979435e-04
2.214983240000000478e+03	-3.844238986890347043e-04
2.215013380000000325e+03	-3.702995495743904852e-04
2.215043510000000424e+03	-3.511749099319311229e-04
2.215073640000000523e+03	-3.320502702894301272e-04
2.215103780000000370e+03	-3.229259211747909086e-04
2.215133910000000469e+03	-3.238012815323237925e-04
2.215164050000000316e+03	-3.246769324176806970e-04
2.215194180000000415e+03	-3.305522927752047035e-04
2.215224310000000514e+03	-3.414276531327475883e-04
2.215254450000000361e+03	-3.573033040181056164e-04
2.215284580000000460e+03	-3.731786643756118682e-04
2.215314720000000307e+03	-3.890543152609698963e-04
2.215344850000000406e+03	-3.999296756184989032e-04
2.215374980000000505e+03	-4.058050359760229098e-04
2.215405120000000352e+03	-4.066806868613798143e-04
2.215435250000000451e+03	-3.975560472189165750e-04
2.215465380000000550e+03	-3.884314075764533358e-04
2.215495520000000397e+03	-3.843070584617774843e-04
2.215525650000000496e+03	-3.901824188193153686e-04
2.215555790000000343e+03	-3.960580697046772736e-04
2.215585920000000442e+03	-4.069334300622062806e-04
2.215616050000000541e+03	-4.178087904197352875e-04
2.215646190000000388e+03	-4.136844413050871916e-04
2.215676320000000487e+03	-3.995598016626328297e-04
2.215706460000000334e+03	-3.754354525479508542e-04
2.215736590000000433e+03	-3.563108129054914919e-04
2.215766720000000532e+03	-3.371861732630182518e-04
2.215796860000000379e+03	-3.330618241483840336e-04
2.215826990000000478e+03	-3.389371845059080401e-04
2.215857120000000577e+03	-3.548125448634420476e-04
2.215887260000000424e+03	-3.806881957487684431e-04
2.215917390000000523e+03	-4.015635561063074510e-04
2.215947530000000370e+03	-4.224392069916566017e-04
2.215977660000000469e+03	-4.383145673491906091e-04
2.216007790000000568e+03	-4.441899277067284935e-04
2.216037930000000415e+03	-4.500655785920903984e-04
2.216068060000000514e+03	-4.559409389496144049e-04
2.216098190000000159e+03	-4.618162993071245337e-04
2.216128330000000460e+03	-4.726919501924775613e-04
2.216158460000000559e+03	-4.835673105500065683e-04
2.216188600000000406e+03	-4.894429614353684732e-04
2.216218730000000505e+03	-4.903183217929013571e-04
2.216248860000000150e+03	-4.711936821504142392e-04
2.216279000000000451e+03	-4.420693330357966522e-04
2.216309130000000550e+03	-4.079446933932945329e-04
2.216339270000000397e+03	-3.788203442786491904e-04
2.216369400000000496e+03	-3.646957046361809507e-04
2.216399530000000141e+03	-3.755710649937238355e-04
2.216429670000000442e+03	-4.164467158790791101e-04
2.216459800000000541e+03	-4.723220762366114878e-04
2.216489930000000186e+03	-5.281974365941161098e-04
2.216520070000000487e+03	-5.690730874794713845e-04
2.216550200000000132e+03	-5.799484478370003915e-04
2.216580340000000433e+03	-5.508240987223689267e-04
2.216610470000000532e+03	-4.966994590798884390e-04
2.216640600000000177e+03	-4.225748194374018274e-04
2.216670740000000478e+03	-3.534504703227858702e-04
2.216700870000000577e+03	-3.093258306803153834e-04
2.216731010000000424e+03	-2.952014815656434088e-04
2.216761140000000523e+03	-3.160768419231824167e-04
2.216791270000000168e+03	-3.519522022807086703e-04
2.216821410000000469e+03	-3.928278531660639450e-04
2.216851540000000568e+03	-4.237032135235990760e-04
2.216881670000000213e+03	-4.295785738811092047e-04
2.216911810000000514e+03	-4.204542247664977417e-04
2.216941940000000159e+03	-4.013295851239967460e-04
2.216972080000000460e+03	-3.872052360093525269e-04
2.217002210000000559e+03	-3.830805963668804104e-04
2.217032340000000204e+03	-4.039559567243916627e-04
2.217062480000000505e+03	-4.348316076097785698e-04
2.217092610000000150e+03	-4.707069679672770679e-04
2.217122740000000249e+03	-5.015823283248121989e-04
2.217152880000000550e+03	-5.124579792101652265e-04
2.217183010000000195e+03	-4.983333395677108646e-04
2.217213150000000496e+03	-4.742089904530566447e-04
2.217243280000000141e+03	-4.450843508105734037e-04
2.217273410000000240e+03	-4.259597111681001635e-04
2.217303550000000541e+03	-4.218353620534798232e-04
2.217333680000000186e+03	-4.327107224109949524e-04
2.217363820000000487e+03	-4.485863732963529804e-04
2.217393950000000132e+03	-4.694617336538781105e-04
2.217424080000000231e+03	-4.753370940114159948e-04
2.217454220000000532e+03	-4.712127448967678989e-04
2.217484350000000177e+03	-4.470881052542757805e-04
2.217514480000000276e+03	-4.179634656118064173e-04
2.217544620000000577e+03	-3.888391164971888303e-04
2.217574750000000222e+03	-3.747144768546928351e-04
2.217604890000000523e+03	-3.755901277400497396e-04
2.217635020000000168e+03	-3.914654880975837470e-04
2.217665150000000267e+03	-4.173408484550861219e-04
2.217695290000000568e+03	-4.432164993404819064e-04
2.217725420000000213e+03	-4.640918596979792810e-04
2.217755550000000312e+03	-4.849672200555182888e-04
2.217785690000000159e+03	-4.958428709408713164e-04
2.217815820000000258e+03	-5.017182312984092007e-04
2.217845960000000559e+03	-5.075938821837572279e-04
2.217876090000000204e+03	-5.084692425412623562e-04
2.217906220000000303e+03	-5.093446028987952401e-04
2.217936360000000150e+03	-5.152202537841571450e-04
2.217966490000000249e+03	-5.210956141416950294e-04
2.217996630000000550e+03	-5.269712650270430565e-04
2.218026760000000195e+03	-5.278466253845759404e-04
2.218056890000000294e+03	-5.287219857421088243e-04
2.218087030000000141e+03	-5.245976366274468505e-04
2.218117160000000240e+03	-5.104729969849786109e-04
2.218147290000000339e+03	-4.963483573425103712e-04
2.218177430000000186e+03	-4.772240082278611517e-04
2.218207560000000285e+03	-4.630993685853929120e-04
2.218237700000000132e+03	-4.539750194707536934e-04
2.218267830000000231e+03	-4.498503798282815769e-04
2.218297960000000330e+03	-4.507257401857867052e-04
2.218328100000000177e+03	-4.566013910711486101e-04
2.218358230000000276e+03	-4.574767514286814940e-04
2.218388370000000577e+03	-4.633524023140433989e-04
2.218418500000000222e+03	-4.692277626715674055e-04
2.218448630000000321e+03	-4.801031230291102903e-04
2.218478770000000168e+03	-4.909787739144633179e-04
2.218508900000000267e+03	-5.068541342719695697e-04
2.218539030000000366e+03	-5.227294946295035771e-04
2.218569170000000213e+03	-5.336051455148566047e-04
2.218599300000000312e+03	-5.344805058723894886e-04
2.218629440000000159e+03	-5.303561567577413927e-04
2.218659570000000258e+03	-5.262315171152831539e-04
2.218689700000000357e+03	-5.221068774727832817e-04
2.218719840000000204e+03	-5.279825283581451867e-04
2.218749970000000303e+03	-5.438578887156791941e-04
2.218780100000000402e+03	-5.597332490731993238e-04
2.218810240000000249e+03	-5.756088999585573518e-04
2.218840370000000348e+03	-5.814842603160952361e-04
2.218870510000000195e+03	-5.673599112014510171e-04
2.218900640000000294e+03	-5.382352715589538983e-04
2.218930770000000393e+03	-5.041106319164934124e-04
2.218960910000000240e+03	-4.699862828018430694e-04
2.218991040000000339e+03	-4.458616431593787066e-04
2.219021180000000186e+03	-4.417372940447306107e-04
2.219051310000000285e+03	-4.576126544022646181e-04
2.219081440000000384e+03	-4.834880147598086264e-04
2.219111580000000231e+03	-5.193636656451311451e-04
2.219141710000000330e+03	-5.452390260026612756e-04
2.219171840000000429e+03	-5.561143863602041604e-04
2.219201980000000276e+03	-5.519900372455560644e-04
2.219232110000000375e+03	-5.378653976030878248e-04
2.219262250000000222e+03	-5.187410484884386053e-04
2.219292380000000321e+03	-5.046164088459842434e-04
2.219322510000000420e+03	-5.004917692034843713e-04
2.219352650000000267e+03	-5.063674200888462762e-04
2.219382780000000366e+03	-5.172427804463752832e-04
2.219412910000000466e+03	-5.231181408038992897e-04
2.219443050000000312e+03	-5.239937916892561942e-04
2.219473180000000411e+03	-5.098691520468018323e-04
2.219503320000000258e+03	-4.907448029321526128e-04
2.219533450000000357e+03	-4.766201632896566176e-04
2.219563580000000456e+03	-4.674955236471933784e-04
2.219593720000000303e+03	-4.733711745325414055e-04
2.219623850000000402e+03	-4.942465348900804134e-04
2.219653990000000249e+03	-5.201221857754345645e-04
2.219684120000000348e+03	-5.359975461329685720e-04
2.219714250000000447e+03	-5.468729064904975790e-04
2.219744390000000294e+03	-5.427485573758356052e-04
2.219774520000000393e+03	-5.286239177333673656e-04
2.219804650000000493e+03	-5.144992780908991259e-04
2.219834790000000339e+03	-5.103749289762510299e-04
2.219864920000000438e+03	-5.112502893337839138e-04
2.219895060000000285e+03	-5.271259402191419419e-04
2.219925190000000384e+03	-5.480013005766809497e-04
2.219955320000000484e+03	-5.688766609341783242e-04
2.219985460000000330e+03	-5.797523118195452296e-04
2.220015590000000429e+03	-5.856276721770692362e-04
2.220045730000000276e+03	-5.865033230624261407e-04
2.220075860000000375e+03	-5.823786834199679019e-04
2.220105990000000475e+03	-5.782540437774957853e-04
2.220136130000000321e+03	-5.691296946628565667e-04
2.220166260000000420e+03	-5.550050550203605715e-04
2.220196390000000520e+03	-5.358804153778873314e-04
2.220226530000000366e+03	-5.117560662632469892e-04
2.220256660000000466e+03	-4.876314266207826265e-04
2.220286800000000312e+03	-4.785070775061295301e-04
2.220316930000000411e+03	-4.843824378636674144e-04
2.220347060000000511e+03	-5.102577982211975449e-04
2.220377200000000357e+03	-5.561334491065300645e-04
2.220407330000000456e+03	-6.020088094640663190e-04
2.220437460000000556e+03	-6.428841698215975731e-04
2.220467600000000402e+03	-6.637598207069606016e-04
2.220497730000000502e+03	-6.646351810644934854e-04
2.220527870000000348e+03	-6.505108319498492664e-04
2.220558000000000447e+03	-6.263861923073432703e-04
2.220588130000000547e+03	-6.022615526648789075e-04
2.220618270000000393e+03	-5.931372035502396889e-04
2.220648400000000493e+03	-6.040125639077686959e-04
2.220678540000000339e+03	-6.248882147931317244e-04
2.220708670000000438e+03	-6.457635751506568544e-04
2.220738800000000538e+03	-6.616389355081908619e-04
2.220768940000000384e+03	-6.575145863935288881e-04
2.220799070000000484e+03	-6.283899467510595249e-04
2.220829200000000583e+03	-5.892653071085940386e-04
2.220859340000000429e+03	-5.451409579939475725e-04
2.220889470000000529e+03	-5.060163183514820862e-04
2.220919610000000375e+03	-4.918919692368378671e-04
2.220949740000000475e+03	-4.977673295943618736e-04
2.220979870000000574e+03	-5.186426899518731259e-04
2.221010010000000420e+03	-5.495183408372322775e-04
2.221040140000000520e+03	-5.803937011947674085e-04
2.221070280000000366e+03	-6.012693520801165592e-04
2.221100410000000466e+03	-6.121447124376594440e-04
2.221130540000000565e+03	-6.180200727951834505e-04
2.221160680000000411e+03	-6.188957236805403550e-04
2.221190810000000511e+03	-6.197710840380454833e-04
2.221220940000000155e+03	-6.256464443955833676e-04
2.221251080000000456e+03	-6.265220952809402721e-04
2.221281210000000556e+03	-6.273974556384731560e-04
2.221311350000000402e+03	-6.182731065238339374e-04
2.221341480000000502e+03	-6.091484668813568204e-04
2.221371610000000146e+03	-5.950238272388608252e-04
2.221401750000000447e+03	-5.808994781242166061e-04
2.221431880000000547e+03	-5.717748384817533669e-04
2.221462010000000191e+03	-5.626501988392901277e-04
2.221492150000000493e+03	-5.585258497246420317e-04
2.221522280000000137e+03	-5.544012100821560374e-04
2.221552420000000438e+03	-5.502768609675356970e-04
2.221582550000000538e+03	-5.511522213250685809e-04
2.221612680000000182e+03	-5.570275816825787096e-04
2.221642820000000484e+03	-5.729032325679367377e-04
2.221672950000000583e+03	-5.937785929254618678e-04
2.221703090000000429e+03	-6.146542438108248962e-04
2.221733220000000529e+03	-6.305296041683589037e-04
2.221763350000000173e+03	-6.314049645258640320e-04
2.221793490000000475e+03	-6.172806154112475685e-04
2.221823620000000574e+03	-5.881559757687504497e-04
2.221853750000000218e+03	-5.590313361262810865e-04
2.221883890000000520e+03	-5.399069870116318670e-04
2.221914020000000164e+03	-5.307823473691408722e-04
2.221944160000000466e+03	-5.366579982545305327e-04
2.221974290000000565e+03	-5.575333586120556628e-04
2.222004420000000209e+03	-5.884087189695630382e-04
2.222034560000000511e+03	-6.242843698549271902e-04
2.222064690000000155e+03	-6.551597302124484434e-04
2.222094820000000254e+03	-6.860350905699835744e-04
2.222124960000000556e+03	-7.069107414553466029e-04
2.222155090000000200e+03	-7.177861018128478543e-04
2.222185230000000502e+03	-7.086617526982363913e-04
2.222215360000000146e+03	-6.895371130557353956e-04
2.222245490000000245e+03	-6.554124734132749097e-04
2.222275630000000547e+03	-6.162881242986334440e-04
2.222305760000000191e+03	-5.821634846561590804e-04
2.222335900000000493e+03	-5.580391355415187382e-04
2.222366030000000137e+03	-5.489144958990277434e-04
2.222396160000000236e+03	-5.647898562565617508e-04
2.222426300000000538e+03	-6.006655071419120251e-04
2.222456430000000182e+03	-6.465408674994482796e-04
2.222486560000000281e+03	-6.974162278569756568e-04
2.222516700000000583e+03	-7.382918787423309315e-04
2.222546830000000227e+03	-7.641672390998471842e-04
2.222576970000000529e+03	-7.650428899852318443e-04
2.222607100000000173e+03	-7.459182503427308486e-04
2.222637230000000272e+03	-7.167936107002614854e-04
2.222667370000000574e+03	-6.826692615856250201e-04
2.222697500000000218e+03	-6.535446219431556569e-04
2.222727640000000520e+03	-6.444202728285164383e-04
2.222757770000000164e+03	-6.452956331860215666e-04
2.222787900000000263e+03	-6.611709935435555741e-04
2.222818040000000565e+03	-6.770466444289274799e-04
2.222848170000000209e+03	-6.829220047864376086e-04
2.222878300000000309e+03	-6.737973651439743694e-04
2.222908440000000155e+03	-6.496730160293340273e-04
2.222938570000000254e+03	-6.255483763868557867e-04
2.222968710000000556e+03	-6.064240272722204450e-04
2.222998840000000200e+03	-5.972993876297294502e-04
2.223028970000000299e+03	-5.981747479872623341e-04
2.223059110000000146e+03	-6.090503988726153617e-04
2.223089240000000245e+03	-6.199257592301443687e-04
2.223119370000000345e+03	-6.258011195876822530e-04
2.223149510000000191e+03	-6.216767704730341570e-04
2.223179640000000290e+03	-6.175521308305481627e-04
2.223209780000000137e+03	-6.134277817159000668e-04
2.223239910000000236e+03	-6.243031420734290737e-04
2.223270040000000336e+03	-6.451785024309680816e-04
2.223300180000000182e+03	-6.660541533163172323e-04
2.223330310000000281e+03	-6.869295136738562402e-04
2.223360450000000583e+03	-6.978051645592092678e-04
2.223390580000000227e+03	-6.936805249167093956e-04
2.223420710000000327e+03	-6.895558852742511569e-04
2.223450850000000173e+03	-6.854315361596030609e-04
2.223480980000000272e+03	-6.913068965171409452e-04
2.223511110000000372e+03	-7.021822568746699522e-04
2.223541250000000218e+03	-7.080579077600318572e-04
2.223571380000000318e+03	-7.089332681175369855e-04
2.223601520000000164e+03	-6.898089190028877660e-04
2.223631650000000263e+03	-6.556842793604272801e-04
2.223661780000000363e+03	-6.165596397179617938e-04
2.223691920000000209e+03	-5.924352906033075739e-04
2.223722050000000309e+03	-5.883106509608493351e-04
2.223752190000000155e+03	-6.141863018462034862e-04
2.223782320000000254e+03	-6.550616622037069847e-04
2.223812450000000354e+03	-6.909370225612471161e-04
2.223842590000000200e+03	-7.118126734465962668e-04
2.223872720000000299e+03	-7.126880338041291507e-04
2.223902850000000399e+03	-6.885633941616647880e-04
2.223932990000000245e+03	-6.644390450470244458e-04
2.223963120000000345e+03	-6.453144054045512057e-04
2.223993260000000191e+03	-6.411900562898892320e-04
2.224023390000000290e+03	-6.520654166474182389e-04
2.224053520000000390e+03	-6.679407770049522464e-04
2.224083660000000236e+03	-6.738164278903002735e-04
2.224113790000000336e+03	-6.646917882478370343e-04
2.224143920000000435e+03	-6.355671486053676711e-04
2.224174060000000281e+03	-6.064427994907223285e-04
2.224204190000000381e+03	-5.823181598482302102e-04
2.224234330000000227e+03	-5.831938107335871146e-04
2.224264460000000327e+03	-6.040691710911261225e-04
2.224294590000000426e+03	-6.449445314486573766e-04
2.224324730000000272e+03	-6.808201823340076508e-04
2.224354860000000372e+03	-7.116955426915427818e-04
2.224385000000000218e+03	-7.275711935769008099e-04
2.224415130000000318e+03	-7.234465539344009377e-04
2.224445260000000417e+03	-7.143219142919376985e-04
2.224475400000000263e+03	-7.051975651772984799e-04
2.224505530000000363e+03	-7.010729255348263633e-04
2.224535660000000462e+03	-7.069482858923642477e-04
2.224565800000000309e+03	-7.128239367777261526e-04
2.224595930000000408e+03	-7.186992971352501591e-04
2.224626070000000254e+03	-7.145749480205881854e-04
2.224656200000000354e+03	-7.054503083781110684e-04
2.224686330000000453e+03	-6.963256687356478292e-04
2.224716470000000299e+03	-6.922013196209997332e-04
2.224746600000000399e+03	-6.980766799785376175e-04
2.224776730000000498e+03	-7.039520403360755019e-04
2.224806870000000345e+03	-7.198276912214335299e-04
2.224837000000000444e+03	-7.307030515789347813e-04
2.224867140000000290e+03	-7.415787024642878089e-04
2.224897270000000390e+03	-7.524540628218168159e-04
2.224927400000000489e+03	-7.633294231793597007e-04
2.224957540000000336e+03	-7.792050740647177287e-04
2.224987670000000435e+03	-8.050804344222478592e-04
2.225017810000000281e+03	-8.309560853076020104e-04
2.225047940000000381e+03	-8.618314456651093858e-04
2.225078070000000480e+03	-8.777068060226433932e-04
2.225108210000000327e+03	-8.785824569080002977e-04
2.225138340000000426e+03	-8.644578172655320580e-04
2.225168470000000525e+03	-8.253331776230665717e-04
2.225198610000000372e+03	-7.812088285084201056e-04
2.225228740000000471e+03	-7.370841888659496188e-04
2.225258880000000318e+03	-7.029598397512853980e-04
2.225289010000000417e+03	-6.888352001088171583e-04
2.225319140000000516e+03	-6.947105604663411649e-04
2.225349280000000363e+03	-7.155862113517041934e-04
2.225379410000000462e+03	-7.414615717092343239e-04
2.225409550000000309e+03	-7.723372225945934755e-04
2.225439680000000408e+03	-7.882125829520997273e-04
2.225469810000000507e+03	-7.940879433096376117e-04
2.225499950000000354e+03	-7.949635941949945162e-04
2.225530080000000453e+03	-7.858389545525173991e-04
2.225560210000000552e+03	-7.767143149100541599e-04
2.225590350000000399e+03	-7.725899657954060640e-04
2.225620480000000498e+03	-7.684653261529478252e-04
2.225650620000000345e+03	-7.643409770382719737e-04
2.225680750000000444e+03	-7.602163373957998571e-04
2.225710880000000543e+03	-7.560916977533416183e-04
2.225741020000000390e+03	-7.469673486387023997e-04
2.225771150000000489e+03	-7.378427089962252827e-04
2.225801280000000133e+03	-7.387180693537304110e-04
2.225831420000000435e+03	-7.495937202391250720e-04
2.225861550000000534e+03	-7.704690805966224465e-04
2.225891690000000381e+03	-7.963447314819765976e-04
2.225921820000000480e+03	-8.172200918395156055e-04
2.225951950000000579e+03	-8.380954521970407356e-04
2.225982090000000426e+03	-8.489711030824076410e-04
2.226012220000000525e+03	-8.548464634399316475e-04
2.226042360000000372e+03	-8.657221143252985529e-04
2.226072490000000471e+03	-8.715974746827948039e-04
2.226102620000000570e+03	-8.824728350403376886e-04
2.226132760000000417e+03	-8.883484859256857158e-04
2.226162890000000516e+03	-8.842238462832274770e-04
2.226193020000000161e+03	-8.700992066407314818e-04
2.226223160000000462e+03	-8.409748575261138948e-04
2.226253290000000561e+03	-8.068502178836395311e-04
2.226283430000000408e+03	-7.877258687689764338e-04
2.226313560000000507e+03	-7.886012291265093177e-04
2.226343690000000151e+03	-8.144765894840394482e-04
2.226373830000000453e+03	-8.553522403693947229e-04
2.226403960000000552e+03	-9.062276007269221001e-04
2.226434090000000197e+03	-9.471029610844394764e-04
2.226464230000000498e+03	-9.629786119698252600e-04
2.226494360000000142e+03	-9.488539723273292648e-04
2.226524500000000444e+03	-9.097296232126739213e-04
2.226554630000000543e+03	-8.606049835702123119e-04
2.226584760000000188e+03	-8.114803439277229469e-04
2.226614900000000489e+03	-7.773559948131003594e-04
2.226645030000000133e+03	-7.632313551706043642e-04
2.226675170000000435e+03	-7.691070060559940247e-04
2.226705300000000534e+03	-7.849823664135002765e-04
2.226735430000000179e+03	-8.058577267710254066e-04
2.226765570000000480e+03	-8.267333776563884351e-04
2.226795700000000579e+03	-8.376087380139174421e-04
2.226825830000000224e+03	-8.484840983714325713e-04
2.226855970000000525e+03	-8.493597492568172314e-04
2.226886100000000170e+03	-8.452351096143173592e-04
2.226916240000000471e+03	-8.411107604996692633e-04
2.226946370000000570e+03	-8.319861208572060240e-04
2.226976500000000215e+03	-8.328614812147389079e-04
2.227006640000000516e+03	-8.437371321000919355e-04
2.227036770000000161e+03	-8.696124924575943105e-04
2.227066910000000462e+03	-9.104881433429912185e-04
2.227097040000000561e+03	-9.563635037005135953e-04
2.227127170000000206e+03	-9.972388640580170938e-04
2.227157310000000507e+03	-1.018114514943380122e-03
2.227187440000000151e+03	-1.013989875300908006e-03
2.227217570000000251e+03	-9.848652356584247647e-04
2.227247710000000552e+03	-9.507408865438021772e-04
2.227277840000000197e+03	-9.266162469013100589e-04
2.227307980000000498e+03	-9.224918977866619629e-04
2.227338110000000142e+03	-9.433672581442009708e-04
2.227368240000000242e+03	-9.842426185017322249e-04
2.227398380000000543e+03	-1.025118269387087500e-03
2.227428510000000188e+03	-1.050993629744589875e-03
2.227458640000000287e+03	-1.051868990102122758e-03
2.227488780000000133e+03	-1.027744640987482416e-03
2.227518910000000233e+03	-9.886200013450169299e-04
2.227549050000000534e+03	-9.544956522303665869e-04
2.227579180000000179e+03	-9.403710125878983472e-04
2.227609310000000278e+03	-9.412463729454312311e-04
2.227639450000000579e+03	-9.621220238307942596e-04
2.227669580000000224e+03	-9.829973841883055119e-04
2.227699720000000525e+03	-9.938730350736862951e-04
2.227729850000000170e+03	-9.797483954311902998e-04
2.227759980000000269e+03	-9.456237557887159362e-04
2.227790120000000570e+03	-9.064994066740744705e-04
2.227820250000000215e+03	-8.723747670316139846e-04
2.227850380000000314e+03	-8.582501273891179894e-04
2.227880520000000161e+03	-8.691257782744710170e-04
2.227910650000000260e+03	-9.050011386320111484e-04
2.227940790000000561e+03	-9.508767895173575457e-04
2.227970920000000206e+03	-9.967521498748938003e-04
2.228001050000000305e+03	-1.027627510232428931e-03
2.228031190000000151e+03	-1.043503161117786959e-03
2.228061320000000251e+03	-1.039378521475287087e-03
2.228091460000000552e+03	-1.025254172360670624e-03
2.228121590000000197e+03	-1.011129532718188506e-03
2.228151720000000296e+03	-9.920048930757152661e-04
2.228181860000000142e+03	-9.778805439610710470e-04
2.228211990000000242e+03	-9.637559043186028074e-04
2.228242120000000341e+03	-9.546312646761395682e-04
2.228272260000000188e+03	-9.505069155614637166e-04
2.228302390000000287e+03	-9.513822759189966005e-04
2.228332530000000133e+03	-9.672579268043546286e-04
2.228362660000000233e+03	-9.881332871618936364e-04
2.228392790000000332e+03	-1.019008647519428767e-03
2.228422930000000179e+03	-1.044884298404782919e-03
2.228453060000000278e+03	-1.060759658762289170e-03
2.228483190000000377e+03	-1.061635019119822054e-03
2.228513330000000224e+03	-1.047510670005177835e-03
2.228543460000000323e+03	-1.023386030362713472e-03
2.228573600000000170e+03	-9.992616812480592525e-04
2.228603730000000269e+03	-9.751370416055948898e-04
2.228633860000000368e+03	-9.660124019631316505e-04
2.228664000000000215e+03	-9.718880528484519221e-04
2.228694130000000314e+03	-9.827634132059948069e-04
2.228724270000000161e+03	-9.936390640913478345e-04
2.228754400000000260e+03	-1.004514424448876841e-03
2.228784530000000359e+03	-1.000389784806418603e-03
2.228814670000000206e+03	-9.912654356917655063e-04
2.228844800000000305e+03	-9.821407960493022671e-04
2.228874930000000404e+03	-9.730161564068112723e-04
2.228905070000000251e+03	-9.788918072921592994e-04
2.228935200000000350e+03	-9.947671676496933069e-04
2.228965340000000197e+03	-1.015642818535056335e-03
2.228995470000000296e+03	-1.046518178892591466e-03
2.229025600000000395e+03	-1.067393539250116596e-03
2.229055740000000242e+03	-1.078269190135483502e-03
2.229085870000000341e+03	-1.079144550492988630e-03
2.229116000000000440e+03	-1.065019910850520390e-03
2.229146140000000287e+03	-1.040895561735880048e-03
2.229176270000000386e+03	-1.021770922093406808e-03
2.229206410000000233e+03	-1.012646572978767590e-03
2.229236540000000332e+03	-1.018521933336291596e-03
2.229266670000000431e+03	-1.034397293693825604e-03
2.229296810000000278e+03	-1.060272944579151999e-03
2.229326940000000377e+03	-1.091148304936687130e-03
2.229357080000000224e+03	-1.112023955822050159e-03
2.229387210000000323e+03	-1.122899316179579166e-03
2.229417340000000422e+03	-1.123774676537112049e-03
2.229447480000000269e+03	-1.124650327422468954e-03
2.229477610000000368e+03	-1.120525687779996837e-03
2.229507740000000467e+03	-1.121401048137501966e-03
2.229537880000000314e+03	-1.132276699022868871e-03
2.229568010000000413e+03	-1.143152059380397878e-03
2.229598150000000260e+03	-1.144027710265754783e-03
2.229628280000000359e+03	-1.139903070623282666e-03
2.229658410000000458e+03	-1.120778430980823304e-03
2.229688550000000305e+03	-1.096654081866182961e-03
2.229718680000000404e+03	-1.067529442223685843e-03
2.229748820000000251e+03	-1.043405093109045501e-03
2.229778950000000350e+03	-1.039280453466573384e-03
2.229809080000000449e+03	-1.050155813824102391e-03
2.229839220000000296e+03	-1.071031464709465419e-03
2.229869350000000395e+03	-1.096906825066995550e-03
2.229899480000000494e+03	-1.122782185424525681e-03
2.229929620000000341e+03	-1.133657836309850953e-03
2.229959750000000440e+03	-1.129533196667392714e-03
2.229989890000000287e+03	-1.115408847552748495e-03
2.230020020000000386e+03	-1.096284207910275255e-03
2.230050150000000485e+03	-1.077159568267815892e-03
2.230080290000000332e+03	-1.068035219153176674e-03
2.230110420000000431e+03	-1.068910579510709558e-03
2.230140550000000530e+03	-1.079785939868210809e-03
2.230170690000000377e+03	-1.100661590753559960e-03
2.230200820000000476e+03	-1.121536951111098968e-03
2.230230960000000323e+03	-1.142412601996448118e-03
2.230261090000000422e+03	-1.158287962353982126e-03
2.230291220000000521e+03	-1.164163322711520010e-03
2.230321360000000368e+03	-1.165038973596849159e-03
2.230351490000000467e+03	-1.150914333954380919e-03
2.230381630000000314e+03	-1.131789984839745578e-03
2.230411760000000413e+03	-1.107665345197267337e-03
2.230441890000000512e+03	-1.088540705554807975e-03
2.230472030000000359e+03	-1.079416356440168756e-03
2.230502160000000458e+03	-1.085291716797692763e-03
2.230532290000000557e+03	-1.106167077155204015e-03
2.230562430000000404e+03	-1.137042728040563166e-03
2.230592560000000503e+03	-1.172918088398089420e-03
2.230622700000000350e+03	-1.198793739283443571e-03
2.230652830000000449e+03	-1.209669099640986456e-03
2.230682960000000548e+03	-1.200544459998509339e-03
2.230713100000000395e+03	-1.181420110883873997e-03
2.230743230000000494e+03	-1.147295471241371878e-03
2.230773360000000139e+03	-1.118170831598902515e-03
2.230803500000000440e+03	-1.099046482484267173e-03
2.230833630000000539e+03	-1.094921842841795057e-03
2.230863770000000386e+03	-1.105797493727148084e-03
2.230893900000000485e+03	-1.126672854084687092e-03
2.230924030000000130e+03	-1.152548214442189467e-03
2.230954170000000431e+03	-1.168423865327547495e-03
2.230984300000000530e+03	-1.179299225685076502e-03
2.231014440000000377e+03	-1.180174876570433407e-03
2.231044570000000476e+03	-1.181050236927966290e-03
2.231074700000000576e+03	-1.176925597285508052e-03
2.231104840000000422e+03	-1.167801248170854955e-03
2.231134970000000521e+03	-1.168676608528387839e-03
2.231165100000000166e+03	-1.164551968885901845e-03
2.231195240000000467e+03	-1.160427619771253749e-03
2.231225370000000567e+03	-1.161302980128786633e-03
2.231255510000000413e+03	-1.167178631014148538e-03
2.231285640000000512e+03	-1.183053991371682545e-03
2.231315770000000157e+03	-1.193929351729183796e-03
2.231345910000000458e+03	-1.204805002614564580e-03
2.231376040000000557e+03	-1.210680362972074708e-03
2.231406180000000404e+03	-1.201556013857435490e-03
2.231436310000000503e+03	-1.182431374214962250e-03
2.231466440000000148e+03	-1.163306734572475132e-03
2.231496580000000449e+03	-1.149182385457858668e-03
2.231526710000000548e+03	-1.150057745815391552e-03
2.231556840000000193e+03	-1.170933106172888927e-03
2.231586980000000494e+03	-1.201808757058248078e-03
2.231617110000000139e+03	-1.232684117415783209e-03
2.231647250000000440e+03	-1.263559768301142361e-03
2.231677380000000539e+03	-1.274435128658671368e-03
2.231707510000000184e+03	-1.275310489016176496e-03
2.231737650000000485e+03	-1.266186139901565033e-03
2.231767780000000130e+03	-1.262061500259065161e-03
2.231797910000000229e+03	-1.262936860616598045e-03
2.231828050000000530e+03	-1.273812511501951072e-03
2.231858180000000175e+03	-1.289687871859485080e-03
2.231888320000000476e+03	-1.295563522744846985e-03
2.231918450000000576e+03	-1.286438883102383746e-03
2.231948580000000220e+03	-1.262314243459877749e-03
2.231978720000000521e+03	-1.233189894345274040e-03
2.232008850000000166e+03	-1.219065254702778045e-03
2.232038990000000467e+03	-1.224940905588126072e-03
2.232069120000000567e+03	-1.250816265945670080e-03
2.232099250000000211e+03	-1.286691626303168579e-03
2.232129390000000512e+03	-1.317567277188555486e-03
2.232159520000000157e+03	-1.328442637546056737e-03
2.232189650000000256e+03	-1.309317997903597375e-03
2.232219790000000557e+03	-1.275193648788947032e-03
2.232249920000000202e+03	-1.236069009146481545e-03
2.232280060000000503e+03	-1.211944660031841203e-03
2.232310190000000148e+03	-1.217820020389337454e-03
2.232340320000000247e+03	-1.243695380746881463e-03
2.232370460000000548e+03	-1.279571031632259492e-03
2.232400590000000193e+03	-1.300446391989770745e-03
2.232430730000000494e+03	-1.301322042875127649e-03
2.232460860000000139e+03	-1.272197403232658286e-03
2.232490990000000238e+03	-1.228072763590187799e-03
2.232521130000000539e+03	-1.183948414475541333e-03
2.232551260000000184e+03	-1.164823774833054215e-03
2.232581390000000283e+03	-1.170699135190578222e-03
2.232611530000000130e+03	-1.206574786075942374e-03
2.232641660000000229e+03	-1.247450146433473628e-03
2.232671800000000530e+03	-1.273325797318827779e-03
2.232701930000000175e+03	-1.274201157676360663e-03
2.232732060000000274e+03	-1.245076518033863544e-03
2.232762200000000576e+03	-1.200952168919258711e-03
2.232792330000000220e+03	-1.166827529276756592e-03
2.232822460000000319e+03	-1.147702889634297230e-03
2.232852600000000166e+03	-1.158578540519650257e-03
2.232882730000000265e+03	-1.189453900877185388e-03
2.232912870000000567e+03	-1.230329551762540663e-03
2.232943000000000211e+03	-1.266204912120039161e-03
2.232973130000000310e+03	-1.297080272477574292e-03
2.233003270000000157e+03	-1.312955923362932320e-03
2.233033400000000256e+03	-1.323831283720461327e-03
2.233063540000000557e+03	-1.334706934605828232e-03
2.233093670000000202e+03	-1.345582294963357239e-03
2.233123800000000301e+03	-1.356457655320858491e-03
2.233153940000000148e+03	-1.352333306206210395e-03
2.233184070000000247e+03	-1.328208666563746032e-03
2.233214200000000346e+03	-1.294084026921285546e-03
2.233244340000000193e+03	-1.254959677806644081e-03
2.233274470000000292e+03	-1.220835038164169717e-03
2.233304610000000139e+03	-1.206710689049525498e-03
2.233334740000000238e+03	-1.222586049407031750e-03
2.233364870000000337e+03	-1.258461409764571881e-03
2.233395010000000184e+03	-1.309337060649923279e-03
2.233425140000000283e+03	-1.355212421007459533e-03
2.233455270000000382e+03	-1.381087781364989664e-03
2.233485410000000229e+03	-1.381963432250346568e-03
2.233515540000000328e+03	-1.362838792607873328e-03
2.233545680000000175e+03	-1.338714443493205231e-03
2.233575810000000274e+03	-1.314589803850740868e-03
2.233605940000000373e+03	-1.300465164208272628e-03
2.233636080000000220e+03	-1.306340815093634533e-03
2.233666210000000319e+03	-1.317216175451163540e-03
2.233696350000000166e+03	-1.333091826336521568e-03
2.233726480000000265e+03	-1.338967186694059452e-03
2.233756610000000364e+03	-1.339842547051564581e-03
2.233786750000000211e+03	-1.335718197936916485e-03
2.233816880000000310e+03	-1.331593558294444368e-03
2.233847010000000409e+03	-1.337468918651982253e-03
2.233877150000000256e+03	-1.353344569537340281e-03
2.233907280000000355e+03	-1.369219929894874288e-03
2.233937420000000202e+03	-1.385095580780232316e-03
2.233967550000000301e+03	-1.390970941137728567e-03
2.233997680000000400e+03	-1.381846301495265328e-03
2.234027820000000247e+03	-1.357721952380624986e-03
2.234057950000000346e+03	-1.333597312738160623e-03
2.234088090000000193e+03	-1.309472963623520281e-03
2.234118220000000292e+03	-1.305348323981048164e-03
2.234148350000000391e+03	-1.316223684338577171e-03
2.234178490000000238e+03	-1.342099335223903567e-03
2.234208620000000337e+03	-1.372974695581438698e-03
2.234238750000000437e+03	-1.398850055938968828e-03
2.234268890000000283e+03	-1.409725706824335734e-03
2.234299020000000382e+03	-1.405601067181863617e-03
2.234329160000000229e+03	-1.376476718067218274e-03
2.234359290000000328e+03	-1.342352078424757789e-03
2.234389420000000428e+03	-1.308227438782255669e-03
2.234419560000000274e+03	-1.284103089667615327e-03
2.234449690000000373e+03	-1.269978450025147088e-03
2.234479820000000473e+03	-1.275853810382684972e-03
2.234509960000000319e+03	-1.291729461268043000e-03
2.234540090000000419e+03	-1.312604821625568130e-03
2.234570230000000265e+03	-1.328480472510926158e-03
2.234600360000000364e+03	-1.339355832868427409e-03
2.234630490000000464e+03	-1.340231193225960293e-03
2.234660630000000310e+03	-1.331106844111321075e-03
2.234690760000000409e+03	-1.321982204468857836e-03
2.234720900000000256e+03	-1.317857855354209740e-03
2.234751030000000355e+03	-1.313733215711751501e-03
2.234781160000000455e+03	-1.319608576069275507e-03
2.234811300000000301e+03	-1.330484226954614657e-03
2.234841430000000400e+03	-1.336359587312138664e-03
2.234871560000000500e+03	-1.347234947669667671e-03
2.234901700000000346e+03	-1.348110598555024575e-03
2.234931830000000446e+03	-1.343985958912566336e-03
2.234961970000000292e+03	-1.334861609797927118e-03
2.234992100000000391e+03	-1.330736970155455001e-03
2.235022230000000491e+03	-1.321612330512964006e-03
2.235052370000000337e+03	-1.317487981398315910e-03
2.235082500000000437e+03	-1.318363341755848794e-03
2.235112630000000536e+03	-1.314238702113376678e-03
2.235142770000000382e+03	-1.315114352998733582e-03
2.235172900000000482e+03	-1.315989713356266466e-03
2.235203040000000328e+03	-1.321865364241600616e-03
2.235233170000000428e+03	-1.327740724599138500e-03
2.235263300000000527e+03	-1.338616084956667507e-03
2.235293440000000373e+03	-1.349491735842020534e-03
2.235323570000000473e+03	-1.350367096199553418e-03
2.235353710000000319e+03	-1.346242747084919200e-03
2.235383840000000419e+03	-1.337118107442442083e-03
2.235413970000000518e+03	-1.317993467799954965e-03
2.235444110000000364e+03	-1.303869118685310746e-03
2.235474240000000464e+03	-1.304744479042843630e-03
2.235504370000000563e+03	-1.315619839400372637e-03
2.235534510000000409e+03	-1.341495490285726788e-03
2.235564640000000509e+03	-1.367370850643256919e-03
2.235594780000000355e+03	-1.388246501528619947e-03
2.235624910000000455e+03	-1.394121861886130076e-03
2.235655040000000554e+03	-1.384997222243652959e-03
2.235685180000000400e+03	-1.360872873129012617e-03
2.235715310000000500e+03	-1.336748233486548254e-03
2.235745450000000346e+03	-1.327623884371909035e-03
2.235775580000000446e+03	-1.333499244729433042e-03
2.235805710000000545e+03	-1.359374605086977050e-03
2.235835850000000391e+03	-1.395250255972299569e-03
2.235865980000000491e+03	-1.426125616329834700e-03
2.235896110000000135e+03	-1.442000976687368707e-03
2.235926250000000437e+03	-1.442876627572725612e-03
2.235956380000000536e+03	-1.423751987930252372e-03
2.235986520000000382e+03	-1.399627638815612030e-03
2.236016650000000482e+03	-1.380502999173138790e-03
2.236046780000000581e+03	-1.371378359530647795e-03
2.236076920000000428e+03	-1.377254010416009700e-03
2.236107050000000527e+03	-1.393129370773543707e-03
2.236137180000000171e+03	-1.414004731131041082e-03
2.236167320000000473e+03	-1.434880382016431866e-03
2.236197450000000572e+03	-1.440755742373955872e-03
2.236227590000000419e+03	-1.446631393259317777e-03
2.236257720000000518e+03	-1.447506753616822905e-03
2.236287850000000162e+03	-1.453382113974360790e-03
2.236317990000000464e+03	-1.459257764859708817e-03
2.236348120000000563e+03	-1.465133125217246701e-03
2.236378260000000409e+03	-1.471008776102608606e-03
2.236408390000000509e+03	-1.466884136460136490e-03
2.236438520000000153e+03	-1.457759496817645495e-03
2.236468660000000455e+03	-1.438635147702996275e-03
2.236498790000000554e+03	-1.424510508060528036e-03
2.236528920000000198e+03	-1.410385868418059796e-03
2.236559060000000500e+03	-1.411261519303416700e-03
2.236589190000000144e+03	-1.422136879660931830e-03
2.236619330000000446e+03	-1.438012530546317613e-03
2.236649460000000545e+03	-1.453887890903837743e-03
2.236679590000000189e+03	-1.459763251261347872e-03
2.236709730000000491e+03	-1.455638902146699776e-03
2.236739860000000135e+03	-1.446514262504236537e-03
2.236770000000000437e+03	-1.432389913389592317e-03
2.236800130000000536e+03	-1.418265273747124078e-03
2.236830260000000180e+03	-1.414140634104638083e-03
2.236860400000000482e+03	-1.425016284990018867e-03
2.236890530000000581e+03	-1.435891645347520118e-03
2.236920660000000225e+03	-1.451767005705054125e-03
2.236950800000000527e+03	-1.457642656590416030e-03
2.236980930000000171e+03	-1.453518016947916158e-03
2.237011070000000473e+03	-1.444393667833304695e-03
2.237041200000000572e+03	-1.435269028190841456e-03
2.237071330000000216e+03	-1.426144388548336583e-03
2.237101470000000518e+03	-1.427020039433693488e-03
2.237131600000000162e+03	-1.437895399791236373e-03
2.237161730000000261e+03	-1.443770760148760379e-03
2.237191870000000563e+03	-1.449646411034122284e-03
2.237222000000000207e+03	-1.440521771391631289e-03
2.237252140000000509e+03	-1.421397422277009825e-03
2.237282270000000153e+03	-1.397272782634517707e-03
2.237312400000000252e+03	-1.373148142992053344e-03
2.237342540000000554e+03	-1.359023793877409125e-03
2.237372670000000198e+03	-1.359899154234942009e-03
2.237402810000000500e+03	-1.370774805120295037e-03
2.237432940000000144e+03	-1.386650165477801289e-03
2.237463070000000243e+03	-1.397525525835330296e-03
2.237493210000000545e+03	-1.408401176720697201e-03
2.237523340000000189e+03	-1.409276537078230085e-03
2.237553470000000289e+03	-1.410151897435762969e-03
2.237583610000000135e+03	-1.416027548321110996e-03
2.237613740000000234e+03	-1.431902908678617248e-03
2.237643880000000536e+03	-1.452778559564008032e-03
2.237674010000000180e+03	-1.473653919921505406e-03
2.237704140000000280e+03	-1.494529280279044414e-03
2.237734280000000581e+03	-1.505404931164397442e-03
2.237764410000000225e+03	-1.506280291521930326e-03
2.237794540000000325e+03	-1.497155651879467086e-03
2.237824680000000171e+03	-1.483031302764795112e-03
2.237854810000000271e+03	-1.463906663122321872e-03
2.237884950000000572e+03	-1.444782314007714286e-03
2.237915080000000216e+03	-1.420657674365222167e-03
2.237945210000000316e+03	-1.401533034722748927e-03
2.237975350000000162e+03	-1.387408685608104708e-03
2.238005480000000261e+03	-1.383284045965604836e-03
2.238035620000000563e+03	-1.394159696850999497e-03
2.238065750000000207e+03	-1.415035057208496871e-03
2.238095880000000307e+03	-1.450910417566037003e-03
2.238126020000000153e+03	-1.491786068451392278e-03
2.238156150000000252e+03	-1.522661428808927409e-03
2.238186280000000352e+03	-1.543536789166452539e-03
2.238216420000000198e+03	-1.549412440051786688e-03
2.238246550000000298e+03	-1.530287800409313448e-03
2.238276690000000144e+03	-1.496163451294676983e-03
2.238306820000000243e+03	-1.462038811652202619e-03
2.238336950000000343e+03	-1.432914172009747134e-03
2.238367090000000189e+03	-1.413789822895097914e-03
2.238397220000000289e+03	-1.409665183252625797e-03
2.238427360000000135e+03	-1.410540834137954946e-03
2.238457490000000234e+03	-1.426416194495488954e-03
2.238487620000000334e+03	-1.437291554853031839e-03
2.238517760000000180e+03	-1.443167205738379866e-03
2.238547890000000280e+03	-1.444042566095912750e-03
2.238578020000000379e+03	-1.434917926453449510e-03
2.238608160000000225e+03	-1.415793577338800291e-03
2.238638290000000325e+03	-1.401668937696304296e-03
2.238668430000000171e+03	-1.387544588581660077e-03
2.238698560000000271e+03	-1.388419948939192961e-03
2.238728690000000370e+03	-1.399295309296735845e-03
2.238758830000000216e+03	-1.425170960182089996e-03
2.238788960000000316e+03	-1.456046320539625127e-03
2.238819090000000415e+03	-1.491921680897151381e-03
2.238849230000000261e+03	-1.517797331782477777e-03
2.238879360000000361e+03	-1.528672692140020661e-03
2.238909500000000207e+03	-1.524548343025372565e-03
2.238939630000000307e+03	-1.510423703382904326e-03
2.238969760000000406e+03	-1.486299063740439963e-03
2.238999900000000252e+03	-1.467174714625790743e-03
2.239030030000000352e+03	-1.448050074983331381e-03
2.239060170000000198e+03	-1.438925725868664407e-03
2.239090300000000298e+03	-1.439801086226197291e-03
2.239120430000000397e+03	-1.435676446583725174e-03
2.239150570000000243e+03	-1.431552097469077078e-03
2.239180700000000343e+03	-1.422427457826613839e-03
2.239210830000000442e+03	-1.418302818184141723e-03
2.239240970000000289e+03	-1.419178469069498627e-03
2.239271100000000388e+03	-1.435053829427004879e-03
2.239301240000000234e+03	-1.455929480312367907e-03
2.239331370000000334e+03	-1.481804840669898038e-03
2.239361500000000433e+03	-1.507680201027428168e-03
2.239391640000000280e+03	-1.518555851912795074e-03
2.239421770000000379e+03	-1.519431212270327958e-03
2.239451910000000225e+03	-1.505306863155683739e-03
2.239482040000000325e+03	-1.486182223513182743e-03
2.239512170000000424e+03	-1.472057583870714503e-03
2.239542310000000271e+03	-1.467933234756080285e-03
2.239572440000000370e+03	-1.473808595113604292e-03
2.239602570000000469e+03	-1.489683955471138299e-03
2.239632710000000316e+03	-1.510559606356501328e-03
2.239662840000000415e+03	-1.526434966714035335e-03
2.239692980000000261e+03	-1.532310617599355607e-03
2.239723110000000361e+03	-1.533185977956888491e-03
2.239753240000000460e+03	-1.534061338314421374e-03
2.239783380000000307e+03	-1.529936989199787156e-03
2.239813510000000406e+03	-1.530812349557320040e-03
2.239843640000000505e+03	-1.531687709914852924e-03
2.239873780000000352e+03	-1.532563360800182073e-03
2.239903910000000451e+03	-1.523438721157704956e-03
2.239934050000000298e+03	-1.509314372043060737e-03
2.239964180000000397e+03	-1.490189732400601375e-03
2.239994310000000496e+03	-1.476065092758133135e-03
2.240024450000000343e+03	-1.471940743643485039e-03
2.240054580000000442e+03	-1.487816104001019046e-03
2.240084720000000289e+03	-1.513691754886345442e-03
2.240114850000000388e+03	-1.549567115243885573e-03
2.240144980000000487e+03	-1.575442475601415704e-03
2.240175120000000334e+03	-1.591318126486773732e-03
2.240205250000000433e+03	-1.582193486844310493e-03
2.240235380000000532e+03	-1.558068847201832252e-03
2.240265520000000379e+03	-1.523944498087195787e-03
2.240295650000000478e+03	-1.489819858444707545e-03
2.240325790000000325e+03	-1.470695509330058326e-03
2.240355920000000424e+03	-1.456570869687590086e-03
2.240386050000000523e+03	-1.457446230045122970e-03
2.240416190000000370e+03	-1.463321880930484875e-03
2.240446320000000469e+03	-1.474197241288013882e-03
2.240476450000000568e+03	-1.490072601645547890e-03
2.240506590000000415e+03	-1.520948252530879286e-03
2.240536720000000514e+03	-1.556823612888405539e-03
2.240566860000000361e+03	-1.597699263773760814e-03
2.240596990000000460e+03	-1.633574624131300945e-03
2.240627120000000559e+03	-1.649449984488834953e-03
2.240657260000000406e+03	-1.640325635374181856e-03
2.240687390000000505e+03	-1.606200995731721370e-03
2.240717530000000352e+03	-1.562076646617047149e-03
2.240747660000000451e+03	-1.517952006974576662e-03
2.240777790000000550e+03	-1.498827367332117300e-03
2.240807930000000397e+03	-1.504703018217479205e-03
2.240838060000000496e+03	-1.545578378575010459e-03
2.240868190000000141e+03	-1.596453738932510080e-03
2.240898330000000442e+03	-1.637329389817893111e-03
2.240928460000000541e+03	-1.648204750175394362e-03
2.240958600000000388e+03	-1.629080401060759020e-03
2.240988730000000487e+03	-1.584955761418288533e-03
2.241018860000000132e+03	-1.525831121775789168e-03
2.241049000000000433e+03	-1.471706772661174334e-03
2.241079130000000532e+03	-1.437582133018713848e-03
2.241109270000000379e+03	-1.428457783904074629e-03
2.241139400000000478e+03	-1.439333144261575881e-03
2.241169530000000577e+03	-1.465208504619106011e-03
2.241199670000000424e+03	-1.491084155504460163e-03
2.241229800000000523e+03	-1.516959515862004171e-03
2.241259930000000168e+03	-1.537834876219501545e-03
2.241290070000000469e+03	-1.553710527104887329e-03
2.241320200000000568e+03	-1.564585887462416336e-03
2.241350340000000415e+03	-1.570461538347750485e-03
2.241380470000000514e+03	-1.566336898705278369e-03
2.241410600000000159e+03	-1.547212259062819006e-03
2.241440740000000460e+03	-1.513087909948168663e-03
2.241470870000000559e+03	-1.478963270305708178e-03
2.241501000000000204e+03	-1.449838630663211059e-03
2.241531140000000505e+03	-1.445714281548590718e-03
2.241561270000000150e+03	-1.471589641906093093e-03
2.241591410000000451e+03	-1.517465292791453368e-03
2.241621540000000550e+03	-1.573340653148985746e-03
2.241651670000000195e+03	-1.619216013506494245e-03
2.241681810000000496e+03	-1.645091664391876152e-03
2.241711940000000141e+03	-1.635967024749385157e-03
2.241742080000000442e+03	-1.596842675634743691e-03
2.241772210000000541e+03	-1.547718035992268204e-03
2.241802340000000186e+03	-1.498593396349806595e-03
2.241832480000000487e+03	-1.469469047235161252e-03
2.241862610000000132e+03	-1.465344407592675258e-03
2.241892740000000231e+03	-1.476219767950204265e-03
2.241922880000000532e+03	-1.497095418835581171e-03
2.241953010000000177e+03	-1.512970779193087423e-03
2.241983150000000478e+03	-1.523846430078454328e-03
2.242013280000000577e+03	-1.524721790435987212e-03
2.242043410000000222e+03	-1.530597150793511219e-03
2.242073550000000523e+03	-1.546472801678869247e-03
2.242103680000000168e+03	-1.577348162036376622e-03
2.242133810000000267e+03	-1.618223522393907876e-03
2.242163950000000568e+03	-1.659099173279263151e-03
2.242194080000000213e+03	-1.684974533636793281e-03
2.242224220000000514e+03	-1.685850184522150186e-03
2.242254350000000159e+03	-1.651725544879689700e-03
2.242284480000000258e+03	-1.602600905237200335e-03
2.242314620000000559e+03	-1.543476556122580501e-03
2.242344750000000204e+03	-1.494351916480077258e-03
2.242374890000000505e+03	-1.465227567365445793e-03
2.242405020000000150e+03	-1.461102927722973677e-03
2.242435150000000249e+03	-1.481978288080512685e-03
2.242465290000000550e+03	-1.512853938965857958e-03
2.242495420000000195e+03	-1.543729299323365334e-03
2.242525550000000294e+03	-1.564604659680904342e-03
2.242555690000000141e+03	-1.570480310566252369e-03
2.242585820000000240e+03	-1.566355670923794130e-03
2.242615960000000541e+03	-1.552231321809149911e-03
2.242646090000000186e+03	-1.533106682166676671e-03
2.242676220000000285e+03	-1.518982042524208431e-03
2.242706360000000132e+03	-1.504857693409536457e-03
2.242736490000000231e+03	-1.500733053767078218e-03
2.242766630000000532e+03	-1.506608704652454001e-03
2.242796760000000177e+03	-1.527484065009965253e-03
2.242826890000000276e+03	-1.558359425367500384e-03
2.242857030000000577e+03	-1.594235076252850658e-03
2.242887160000000222e+03	-1.630110436610363034e-03
2.242917290000000321e+03	-1.645985796967897041e-03
2.242947430000000168e+03	-1.646861447853253946e-03
2.242977560000000267e+03	-1.622736808210789583e-03
2.243007700000000568e+03	-1.588612459096139240e-03
2.243037830000000213e+03	-1.554487819453678754e-03
2.243067960000000312e+03	-1.525363179811209391e-03
2.243098100000000159e+03	-1.516238830696528539e-03
2.243128230000000258e+03	-1.527114191054071424e-03
2.243158360000000357e+03	-1.547989551411596554e-03
2.243188500000000204e+03	-1.573865202296964583e-03
2.243218630000000303e+03	-1.594740562654489713e-03
2.243248770000000150e+03	-1.600616213539851618e-03
2.243278900000000249e+03	-1.606491573897375624e-03
2.243309030000000348e+03	-1.607366934254880753e-03
2.243339170000000195e+03	-1.618242585140247658e-03
2.243369300000000294e+03	-1.639117945497772788e-03
2.243399440000000141e+03	-1.664993596383126939e-03
2.243429570000000240e+03	-1.690868956740670948e-03
2.243459700000000339e+03	-1.706744317098191077e-03
2.243489840000000186e+03	-1.697619967983551859e-03
2.243519970000000285e+03	-1.668495328341054740e-03
2.243550100000000384e+03	-1.629370688698589253e-03
2.243580240000000231e+03	-1.580246339583951665e-03
2.243610370000000330e+03	-1.541121699941486178e-03
2.243640510000000177e+03	-1.521997350826836959e-03
2.243670640000000276e+03	-1.522872711184369843e-03
2.243700770000000375e+03	-1.538748071541903850e-03
2.243730910000000222e+03	-1.564623722427230246e-03
2.243761040000000321e+03	-1.580499082784764253e-03
2.243791180000000168e+03	-1.591374733670131159e-03
2.243821310000000267e+03	-1.587250094027659042e-03
2.243851440000000366e+03	-1.578125454385195803e-03
2.243881580000000213e+03	-1.569001105270542706e-03
2.243911710000000312e+03	-1.564876465628084468e-03
2.243941840000000411e+03	-1.570751825985580719e-03
2.243971980000000258e+03	-1.581627476870947624e-03
2.244002110000000357e+03	-1.592502837228476631e-03
2.244032250000000204e+03	-1.593378488113833535e-03
2.244062380000000303e+03	-1.589253848471361419e-03
2.244092510000000402e+03	-1.570129208828902057e-03
2.244122650000000249e+03	-1.546004859714247837e-03
2.244152780000000348e+03	-1.526880220071760719e-03
2.244182910000000447e+03	-1.512755580429292479e-03
2.244213050000000294e+03	-1.518631231314654384e-03
2.244243180000000393e+03	-1.534506591672188391e-03
2.244273320000000240e+03	-1.565382242557533665e-03
2.244303450000000339e+03	-1.601257602915073797e-03
2.244333580000000438e+03	-1.632132963272608928e-03
2.244363720000000285e+03	-1.648008614157939200e-03
2.244393850000000384e+03	-1.643883974515467083e-03
2.244423990000000231e+03	-1.624759625400817864e-03
2.244454120000000330e+03	-1.595634985758362379e-03
2.244484250000000429e+03	-1.571510346115884138e-03
2.244514390000000276e+03	-1.557385997001239919e-03
2.244544520000000375e+03	-1.563261357358777803e-03
2.244574650000000474e+03	-1.584136717716289056e-03
2.244604790000000321e+03	-1.610012368601643207e-03
2.244634920000000420e+03	-1.635887728959173337e-03
2.244665060000000267e+03	-1.641763379844535242e-03
2.244695190000000366e+03	-1.627638740202067003e-03
2.244725320000000465e+03	-1.603514100559602640e-03
2.244755460000000312e+03	-1.574389751444929542e-03
2.244785590000000411e+03	-1.550265111802465179e-03
2.244815720000000510e+03	-1.541140472159988062e-03
2.244845860000000357e+03	-1.552016123045354967e-03
2.244875990000000456e+03	-1.562891483402883974e-03
2.244906130000000303e+03	-1.568767134288232001e-03
2.244936260000000402e+03	-1.559642494645768762e-03
2.244966390000000501e+03	-1.535517855003276644e-03
2.244996530000000348e+03	-1.501393505888640179e-03
2.245026660000000447e+03	-1.482268866246166938e-03
2.245056800000000294e+03	-1.483144517131523843e-03
2.245086930000000393e+03	-1.519019877489050097e-03
2.245117060000000492e+03	-1.579895237846587475e-03
2.245147200000000339e+03	-1.655770888731949997e-03
2.245177330000000438e+03	-1.721646249089450742e-03
2.245207460000000538e+03	-1.762521609446981996e-03
2.245237600000000384e+03	-1.768397260332343901e-03
2.245267730000000483e+03	-1.749272620689870661e-03
2.245297870000000330e+03	-1.720148271575225318e-03
2.245328000000000429e+03	-1.696023631932760956e-03
2.245358130000000529e+03	-1.681898992290292716e-03
2.245388270000000375e+03	-1.682774643175621865e-03
2.245418400000000474e+03	-1.693650003533164750e-03
2.245448540000000321e+03	-1.694525654418521654e-03
2.245478670000000420e+03	-1.675401014776048414e-03
2.245508800000000520e+03	-1.646276375133579051e-03
2.245538940000000366e+03	-1.612152026018942585e-03
2.245569070000000465e+03	-1.578027386376468222e-03
2.245599200000000565e+03	-1.563902746733972227e-03
2.245629340000000411e+03	-1.574778397619339132e-03
2.245659470000000510e+03	-1.610653757976865386e-03
2.245689610000000357e+03	-1.656529408862225661e-03
2.245719740000000456e+03	-1.702404769219761915e-03
2.245749870000000556e+03	-1.733280129577283168e-03
2.245780010000000402e+03	-1.744155780462650074e-03
2.245810140000000501e+03	-1.735031140820145201e-03
2.245840270000000146e+03	-1.700906501177684715e-03
2.245870410000000447e+03	-1.656782152063038249e-03
2.245900540000000547e+03	-1.607657512420576640e-03
2.245930680000000393e+03	-1.558533163305925173e-03
2.245960810000000492e+03	-1.524408523663464687e-03
2.245990940000000137e+03	-1.510283884020968692e-03
2.246021080000000438e+03	-1.516159534906330597e-03
2.246051210000000538e+03	-1.547034895263851850e-03
2.246081350000000384e+03	-1.587910546149221003e-03
2.246111480000000483e+03	-1.628785906506752257e-03
2.246141610000000583e+03	-1.664661266864278510e-03
2.246171750000000429e+03	-1.680536917749636538e-03
2.246201880000000529e+03	-1.681412278107169422e-03
2.246232010000000173e+03	-1.662287638464682304e-03
2.246262150000000474e+03	-1.638163289350028085e-03
2.246292280000000574e+03	-1.619038649707568722e-03
2.246322420000000420e+03	-1.609914300592915626e-03
2.246352550000000520e+03	-1.610789660950448510e-03
2.246382680000000164e+03	-1.626665021307954762e-03
2.246412820000000465e+03	-1.642540672193340545e-03
2.246442950000000565e+03	-1.658416032550846797e-03
2.246473080000000209e+03	-1.664291392908384681e-03
2.246503220000000510e+03	-1.665167043793741586e-03
2.246533350000000155e+03	-1.671042404151251715e-03
2.246563490000000456e+03	-1.671918055036636375e-03
2.246593620000000556e+03	-1.677793415394160381e-03
2.246623750000000200e+03	-1.683668775751670510e-03
2.246653890000000501e+03	-1.689544426637018537e-03
2.246684020000000146e+03	-1.680419786994555298e-03
2.246714160000000447e+03	-1.671295437879916079e-03
2.246744290000000547e+03	-1.657170798237447840e-03
2.246774420000000191e+03	-1.643046158594951844e-03
2.246804560000000492e+03	-1.638921809480331504e-03
2.246834690000000137e+03	-1.649797169837846633e-03
2.246864820000000236e+03	-1.675672530195376764e-03
2.246894960000000538e+03	-1.706548181080735915e-03
2.246925090000000182e+03	-1.737423541438271046e-03
2.246955230000000483e+03	-1.753299192323615197e-03
2.246985360000000583e+03	-1.754174552681148080e-03
2.247015490000000227e+03	-1.735049913038660963e-03
2.247045630000000529e+03	-1.705925563924015620e-03
2.247075760000000173e+03	-1.671800924281555134e-03
2.247105900000000474e+03	-1.647676575166900914e-03
2.247136030000000574e+03	-1.628551935524441552e-03
2.247166160000000218e+03	-1.629427295881946680e-03
2.247196300000000520e+03	-1.635302946767322463e-03
2.247226430000000164e+03	-1.651178307124828715e-03
2.247256560000000263e+03	-1.672053667482367723e-03
2.247286700000000565e+03	-1.687929318367725751e-03
2.247316830000000209e+03	-1.698804678725254758e-03
2.247346970000000510e+03	-1.699680329610611662e-03
2.247377100000000155e+03	-1.690555689968120667e-03
2.247407230000000254e+03	-1.676431050325652428e-03
2.247437370000000556e+03	-1.657306701211030964e-03
2.247467500000000200e+03	-1.648182061568539969e-03
2.247497630000000299e+03	-1.639057421926076730e-03
2.247527770000000146e+03	-1.644933072811424757e-03
2.247557900000000245e+03	-1.650808433168962641e-03
2.247588040000000547e+03	-1.666684084054320669e-03
2.247618170000000191e+03	-1.677559444411821921e-03
2.247648300000000290e+03	-1.688434804769364805e-03
2.247678440000000137e+03	-1.689310455654721710e-03
2.247708570000000236e+03	-1.685185816012249593e-03
2.247738710000000538e+03	-1.681061466897601497e-03
2.247768840000000182e+03	-1.681936827255106626e-03
2.247798970000000281e+03	-1.682812187612639510e-03
2.247829110000000583e+03	-1.688687838498029170e-03
2.247859240000000227e+03	-1.694563198855539299e-03
2.247889370000000326e+03	-1.695438559213072183e-03
2.247919510000000173e+03	-1.686314210098419086e-03
2.247949640000000272e+03	-1.677189570455955847e-03
2.247979780000000574e+03	-1.658065221341306628e-03
2.248009910000000218e+03	-1.643940581698824510e-03
2.248040040000000317e+03	-1.639815942056352394e-03
2.248070180000000164e+03	-1.645691592941714299e-03
2.248100310000000263e+03	-1.661566953299234428e-03
2.248130450000000565e+03	-1.677442604184592456e-03
2.248160580000000209e+03	-1.688317964542135341e-03
2.248190710000000308e+03	-1.684193324899635469e-03
2.248220850000000155e+03	-1.665068975784986249e-03
2.248250980000000254e+03	-1.635944336142530764e-03
2.248281110000000353e+03	-1.611819696500052523e-03
2.248311250000000200e+03	-1.592695347385417182e-03
2.248341380000000299e+03	-1.588570707742945065e-03
2.248371520000000146e+03	-1.609446358628308094e-03
2.248401650000000245e+03	-1.645321718985806592e-03
2.248431780000000344e+03	-1.686197079343337846e-03
2.248461920000000191e+03	-1.722072730228701998e-03
2.248492050000000290e+03	-1.742948090586227128e-03
2.248522180000000390e+03	-1.743823450943760012e-03
2.248552320000000236e+03	-1.734699101829120793e-03
2.248582450000000335e+03	-1.725574462186657554e-03
2.248612590000000182e+03	-1.716450113071990580e-03
2.248642720000000281e+03	-1.712325473429518463e-03
2.248672850000000381e+03	-1.713200833787051347e-03
2.248702990000000227e+03	-1.709076484672403251e-03
2.248733120000000326e+03	-1.699951845029940012e-03
2.248763260000000173e+03	-1.680827495915290792e-03
2.248793390000000272e+03	-1.661702856272831430e-03
2.248823520000000372e+03	-1.647578216630335435e-03
2.248853660000000218e+03	-1.643453867515687339e-03
2.248883790000000317e+03	-1.654329227873230224e-03
2.248913920000000417e+03	-1.675204588230755354e-03
2.248944060000000263e+03	-1.691080239116113382e-03
2.248974190000000362e+03	-1.691955599473646266e-03
2.249004330000000209e+03	-1.677831250359002047e-03
2.249034460000000308e+03	-1.648706610716504928e-03
2.249064590000000408e+03	-1.609581971074039441e-03
2.249094730000000254e+03	-1.575457621959402976e-03
2.249124860000000353e+03	-1.566332982316925859e-03
2.249154990000000453e+03	-1.572208342674463744e-03
2.249185130000000299e+03	-1.603083993559822895e-03
2.249215260000000399e+03	-1.633959353917358026e-03
2.249245400000000245e+03	-1.664835004802689422e-03
2.249275530000000344e+03	-1.690710365160219553e-03
2.249305660000000444e+03	-1.701585725517748560e-03
2.249335800000000290e+03	-1.707461376403110465e-03
2.249365930000000390e+03	-1.713336736760634471e-03
2.249396070000000236e+03	-1.729212387645992499e-03
2.249426200000000335e+03	-1.745087748003526507e-03
2.249456330000000435e+03	-1.760963108361032758e-03
2.249486470000000281e+03	-1.771838759246385786e-03
2.249516600000000381e+03	-1.767714119603927547e-03
2.249546730000000480e+03	-1.753589479961459308e-03
2.249576870000000326e+03	-1.729465130846818965e-03
2.249607000000000426e+03	-1.705340491204340725e-03
2.249637140000000272e+03	-1.696216142089673751e-03
2.249667270000000372e+03	-1.702091502447211635e-03
2.249697400000000471e+03	-1.722966862804736765e-03
2.249727540000000317e+03	-1.748842513690104794e-03
2.249757670000000417e+03	-1.769717874047629924e-03
2.249787810000000263e+03	-1.780593524932982952e-03
2.249817940000000362e+03	-1.776468885290524713e-03
2.249848070000000462e+03	-1.752344245648032595e-03
2.249878210000000308e+03	-1.718219896533382252e-03
2.249908340000000408e+03	-1.684095256890921766e-03
2.249938470000000507e+03	-1.649970617248447402e-03
2.249968610000000353e+03	-1.635846268133803183e-03
2.249998740000000453e+03	-1.636721628491336067e-03
2.250028880000000299e+03	-1.652597279376694095e-03
2.250059010000000399e+03	-1.678472639734196470e-03
2.250089140000000498e+03	-1.719348000091727724e-03
2.250119280000000344e+03	-1.760223650977096876e-03
2.250149410000000444e+03	-1.796099011334623130e-03
2.250179540000000543e+03	-1.821974371692153261e-03
2.250209680000000390e+03	-1.827850022577515166e-03
2.250239810000000489e+03	-1.813725382935046926e-03
2.250269950000000335e+03	-1.779601033820382705e-03
2.250300080000000435e+03	-1.735476394177912218e-03
2.250330210000000534e+03	-1.691351754535441732e-03
2.250360350000000381e+03	-1.667227405420801389e-03
2.250390480000000480e+03	-1.663102765778329273e-03
2.250420620000000326e+03	-1.693978416663688424e-03
2.250450750000000426e+03	-1.734853777021219678e-03
2.250480880000000525e+03	-1.775729137378723177e-03
2.250511020000000372e+03	-1.801604788264077328e-03
2.250541150000000471e+03	-1.802480148621610212e-03
2.250571280000000570e+03	-1.773355508979154727e-03
2.250601420000000417e+03	-1.729231159864508260e-03
2.250631550000000516e+03	-1.690106520222042774e-03
2.250661690000000362e+03	-1.675982171107398555e-03
2.250691820000000462e+03	-1.691857531464904807e-03
2.250721950000000561e+03	-1.727732891822431061e-03
2.250752090000000408e+03	-1.768608542707786335e-03
2.250782220000000507e+03	-1.804483903065326467e-03
2.250812350000000151e+03	-1.815359263422827718e-03
2.250842490000000453e+03	-1.806234914308216255e-03
2.250872620000000552e+03	-1.787110274665743015e-03
2.250902760000000399e+03	-1.772985925551071040e-03
2.250932890000000498e+03	-1.773861285908603924e-03
2.250963020000000142e+03	-1.784736646266146809e-03
2.250993160000000444e+03	-1.800612297151504837e-03
2.251023290000000543e+03	-1.811487657509033844e-03
2.251053430000000390e+03	-1.802363308394394625e-03
2.251083560000000489e+03	-1.778238668751916385e-03
2.251113690000000133e+03	-1.749114029109419266e-03
2.251143830000000435e+03	-1.719989679994787801e-03
2.251173960000000534e+03	-1.705865040352319562e-03
2.251204090000000178e+03	-1.711740400709815813e-03
2.251234230000000480e+03	-1.722616051595210473e-03
2.251264360000000579e+03	-1.738491411952744481e-03
2.251294500000000426e+03	-1.744367062838092508e-03
2.251324630000000525e+03	-1.740242423195606514e-03
2.251354760000000169e+03	-1.731117783553129397e-03
2.251384900000000471e+03	-1.726993434438495179e-03
2.251415030000000570e+03	-1.727868794796028062e-03
2.251445170000000417e+03	-1.738744445681381090e-03
2.251475300000000516e+03	-1.754619806038915097e-03
2.251505430000000160e+03	-1.760495166396411348e-03
2.251535570000000462e+03	-1.761370817281768253e-03
2.251565700000000561e+03	-1.752246177639305014e-03
2.251595830000000205e+03	-1.748121537996846775e-03
2.251625970000000507e+03	-1.748997188882203679e-03
2.251656100000000151e+03	-1.764872549239696053e-03
2.251686240000000453e+03	-1.800748200125087961e-03
2.251716370000000552e+03	-1.841623560482591460e-03
2.251746500000000196e+03	-1.872498920840126591e-03
2.251776640000000498e+03	-1.893374571725475741e-03
2.251806770000000142e+03	-1.889249932083017502e-03
2.251836900000000242e+03	-1.875125292440521507e-03
2.251867040000000543e+03	-1.851000943325908921e-03
2.251897170000000187e+03	-1.836876303683412925e-03
2.251927310000000489e+03	-1.832751954568764829e-03
2.251957440000000133e+03	-1.833627314926297713e-03
2.251987570000000233e+03	-1.834502675283830597e-03
2.252017710000000534e+03	-1.820378326169186378e-03
2.252047840000000178e+03	-1.796253686526694260e-03
2.252077980000000480e+03	-1.762129337412085550e-03
2.252108110000000579e+03	-1.718004697769615063e-03
2.252138240000000224e+03	-1.678880058127121822e-03
2.252168380000000525e+03	-1.659755709012472602e-03
2.252198510000000169e+03	-1.655631069370000485e-03
2.252228640000000269e+03	-1.676506429727539493e-03
2.252258780000000570e+03	-1.702382080612893644e-03
2.252288910000000214e+03	-1.733257440970401020e-03
2.252319050000000516e+03	-1.754133091855791804e-03
2.252349180000000160e+03	-1.765008452213293055e-03
2.252379310000000260e+03	-1.765883812570825939e-03
2.252409450000000561e+03	-1.756759463456186721e-03
2.252439580000000205e+03	-1.742634823813690725e-03
2.252469720000000507e+03	-1.733510474699065385e-03
2.252499850000000151e+03	-1.729385835056579390e-03
2.252529980000000251e+03	-1.725261195414107274e-03
2.252560120000000552e+03	-1.721136846299473055e-03
2.252590250000000196e+03	-1.722012206657005939e-03
2.252620380000000296e+03	-1.722887567014538823e-03
2.252650520000000142e+03	-1.728763217899859095e-03
2.252680650000000242e+03	-1.739638578257388102e-03
2.252710790000000543e+03	-1.760514229142778886e-03
2.252740920000000187e+03	-1.786389589500281261e-03
2.252771050000000287e+03	-1.812264949857811391e-03
2.252801190000000133e+03	-1.833140600743174420e-03
2.252831320000000233e+03	-1.834015961100707304e-03
2.252861450000000332e+03	-1.824891321458216309e-03
2.252891590000000178e+03	-1.795766972343570966e-03
2.252921720000000278e+03	-1.761642332701096603e-03
2.252951860000000579e+03	-1.732517983586492893e-03
2.252981990000000224e+03	-1.713393343943991898e-03
2.253012120000000323e+03	-1.709268704301519781e-03
2.253042260000000169e+03	-1.725144355186877809e-03
2.253072390000000269e+03	-1.746019715544389062e-03
2.253102530000000570e+03	-1.776895366429775969e-03
2.253132660000000214e+03	-1.797770726787273343e-03
2.253162790000000314e+03	-1.808646087144802350e-03
2.253192930000000160e+03	-1.809521738030159255e-03
2.253223060000000260e+03	-1.790397098387699892e-03
2.253253190000000359e+03	-1.766272458745235530e-03
2.253283330000000205e+03	-1.737148109630562431e-03
2.253313460000000305e+03	-1.718023469988089191e-03
2.253343600000000151e+03	-1.703899120873444972e-03
2.253373730000000251e+03	-1.704774481230977856e-03
2.253403860000000350e+03	-1.720649841588511864e-03
2.253434000000000196e+03	-1.751525492473871015e-03
2.253464130000000296e+03	-1.792400852831402269e-03
2.253494260000000395e+03	-1.828276213188914645e-03
2.253524400000000242e+03	-1.859151864074273797e-03
2.253554530000000341e+03	-1.880027224431798927e-03
2.253584670000000187e+03	-1.880902875317155831e-03
2.253614800000000287e+03	-1.871778235674692592e-03
2.253644930000000386e+03	-1.852653596032219352e-03
2.253675070000000233e+03	-1.833529246917584010e-03
2.253705200000000332e+03	-1.809404607275091892e-03
2.253735340000000178e+03	-1.795280258160447673e-03
2.253765470000000278e+03	-1.781155618517979433e-03
2.253795600000000377e+03	-1.772030978875502316e-03
2.253825740000000224e+03	-1.767906629760868098e-03
2.253855870000000323e+03	-1.773781990118392105e-03
2.253886000000000422e+03	-1.789657350475926112e-03
2.253916140000000269e+03	-1.805533001361256384e-03
2.253946270000000368e+03	-1.826408361718795392e-03
2.253976410000000214e+03	-1.842284012604153420e-03
2.254006540000000314e+03	-1.853159372961682427e-03
2.254036670000000413e+03	-1.849034733319210311e-03
2.254066810000000260e+03	-1.834910384204566092e-03
2.254096940000000359e+03	-1.810785744562101729e-03
2.254127080000000205e+03	-1.786661395447433631e-03
2.254157210000000305e+03	-1.762536755804969268e-03
2.254187340000000404e+03	-1.748412116162501029e-03
2.254217480000000251e+03	-1.744287767047852933e-03
2.254247610000000350e+03	-1.745163127405385817e-03
2.254277740000000449e+03	-1.756038487762928701e-03
2.254307880000000296e+03	-1.766914138648253974e-03
2.254338010000000395e+03	-1.777789499005782980e-03
2.254368150000000242e+03	-1.783665149891144885e-03
2.254398280000000341e+03	-1.794540510248673892e-03
2.254428410000000440e+03	-1.805415870606202899e-03
2.254458550000000287e+03	-1.821291521491560927e-03
2.254488680000000386e+03	-1.842166881849099935e-03
2.254518810000000485e+03	-1.858042242206606187e-03
2.254548950000000332e+03	-1.868917893091959215e-03
2.254579080000000431e+03	-1.864793253449487098e-03
2.254609220000000278e+03	-1.835668904334855633e-03
2.254639350000000377e+03	-1.796544264692376269e-03
2.254669480000000476e+03	-1.747419625049914660e-03
2.254699620000000323e+03	-1.708295275935273194e-03
2.254729750000000422e+03	-1.684170636292781076e-03
2.254759890000000269e+03	-1.695046287178134103e-03
2.254790020000000368e+03	-1.725921647535669234e-03
2.254820150000000467e+03	-1.776797007893196612e-03
2.254850290000000314e+03	-1.827672658778561887e-03
2.254880420000000413e+03	-1.868548019136093141e-03
2.254910550000000512e+03	-1.884423379493627149e-03
2.254940690000000359e+03	-1.875299030378946297e-03
2.254970820000000458e+03	-1.851174390736481934e-03
2.255000960000000305e+03	-1.822050041621836591e-03
2.255031090000000404e+03	-1.792925401979381106e-03
2.255061220000000503e+03	-1.778800762336912866e-03
2.255091360000000350e+03	-1.764676413222268647e-03
2.255121490000000449e+03	-1.760551773579796531e-03
2.255151630000000296e+03	-1.756427424465120679e-03
2.255181760000000395e+03	-1.752302784822662440e-03
2.255211890000000494e+03	-1.753178145180195324e-03
2.255242030000000341e+03	-1.764053796065548352e-03
2.255272160000000440e+03	-1.774929156423077359e-03
2.255302290000000539e+03	-1.790804516780611366e-03
2.255332430000000386e+03	-1.806680167665969394e-03
2.255362560000000485e+03	-1.807555528023474523e-03
2.255392700000000332e+03	-1.793431178908830304e-03
2.255422830000000431e+03	-1.769306539266365941e-03
2.255452960000000530e+03	-1.745181899623901578e-03
2.255483100000000377e+03	-1.731057550509257359e-03
2.255513230000000476e+03	-1.731932910866790243e-03
2.255543360000000575e+03	-1.757808271224320373e-03
2.255573500000000422e+03	-1.793683922109656770e-03
2.255603630000000521e+03	-1.839559282467179147e-03
2.255633770000000368e+03	-1.875434933352543299e-03
2.255663900000000467e+03	-1.901310293710073429e-03
2.255694030000000566e+03	-1.907185654067611313e-03
2.255724170000000413e+03	-1.893061304952967094e-03
2.255754300000000512e+03	-1.878936665310498855e-03
2.255784440000000359e+03	-1.859812316195821880e-03
2.255814570000000458e+03	-1.845687676553353640e-03
2.255844700000000557e+03	-1.841563036910895401e-03
2.255874840000000404e+03	-1.832438687796242305e-03
2.255904970000000503e+03	-1.828314048153784066e-03
2.255935100000000148e+03	-1.824189408511284194e-03
2.255965240000000449e+03	-1.820065059396677731e-03
2.255995370000000548e+03	-1.810940419754172859e-03
2.256025510000000395e+03	-1.806816070639538641e-03
2.256055640000000494e+03	-1.807691430997071524e-03
2.256085770000000139e+03	-1.808566791354576653e-03
2.256115910000000440e+03	-1.814442442239952435e-03
2.256146040000000539e+03	-1.815317802597485319e-03
2.256176170000000184e+03	-1.821193162954995448e-03
2.256206310000000485e+03	-1.822068813840352353e-03
2.256236440000000130e+03	-1.827944174197890237e-03
2.256266580000000431e+03	-1.838819825083243265e-03
2.256296710000000530e+03	-1.854695185440777272e-03
2.256326840000000175e+03	-1.870570545798283524e-03
2.256356980000000476e+03	-1.886446196683669307e-03
2.256387110000000575e+03	-1.892321557041165558e-03
2.256417250000000422e+03	-1.888197207926531340e-03
2.256447380000000521e+03	-1.874072568284063101e-03
2.256477510000000166e+03	-1.844947928641593737e-03
2.256507650000000467e+03	-1.815823579526948395e-03
2.256537780000000566e+03	-1.786698939884479032e-03
2.256567910000000211e+03	-1.777574300241988037e-03
2.256598050000000512e+03	-1.788449951127341064e-03
2.256628180000000157e+03	-1.814325311484871195e-03
2.256658320000000458e+03	-1.845200962370230346e-03
2.256688450000000557e+03	-1.881076322727770478e-03
2.256718580000000202e+03	-1.896951683085276730e-03
2.256748720000000503e+03	-1.892827333970656389e-03
2.256778850000000148e+03	-1.868702694328164271e-03
2.256808990000000449e+03	-1.829578345213522805e-03
2.256839120000000548e+03	-1.790453705571043441e-03
2.256869250000000193e+03	-1.761329065928587956e-03
2.256899390000000494e+03	-1.762204716813944860e-03
2.256929520000000139e+03	-1.783080077171442235e-03
2.256959650000000238e+03	-1.828955437528978489e-03
2.256989790000000539e+03	-1.879831088414357643e-03
2.257019920000000184e+03	-1.920706448771861141e-03
2.257050060000000485e+03	-1.941582099657224170e-03
2.257080190000000130e+03	-1.932457460014760930e-03
2.257110320000000229e+03	-1.893332820372295444e-03
2.257140460000000530e+03	-1.839208471257652855e-03
2.257170590000000175e+03	-1.780083831615153489e-03
2.257200720000000274e+03	-1.735959191972683002e-03
2.257230860000000575e+03	-1.716834842858047661e-03
2.257260990000000220e+03	-1.722710203215571667e-03
2.257291130000000521e+03	-1.758585854100935819e-03
2.257321260000000166e+03	-1.809461214458435441e-03
2.257351390000000265e+03	-1.865336574815967818e-03
2.257381530000000566e+03	-1.906212225701350849e-03
2.257411660000000211e+03	-1.927087586058862101e-03
2.257441800000000512e+03	-1.917963236944222882e-03
2.257471930000000157e+03	-1.888838597301753519e-03
2.257502060000000256e+03	-1.854713957659279155e-03
2.257532200000000557e+03	-1.820589608544642690e-03
2.257562330000000202e+03	-1.801464968902141695e-03
2.257592460000000301e+03	-1.802340329259674578e-03
2.257622600000000148e+03	-1.823215980145037607e-03
2.257652730000000247e+03	-1.859091340502563861e-03
2.257682870000000548e+03	-1.894966991387928013e-03
2.257713000000000193e+03	-1.920842351745458143e-03
2.257743130000000292e+03	-1.931717712102959394e-03
2.257773270000000139e+03	-1.927593362988325176e-03
2.257803400000000238e+03	-1.918468723345848059e-03
2.257833530000000337e+03	-1.904344083703379820e-03
2.257863670000000184e+03	-1.890219734588735601e-03
2.257893800000000283e+03	-1.881095094946272361e-03
2.257923940000000130e+03	-1.871970745831633143e-03
2.257954070000000229e+03	-1.852846106189132147e-03
2.257984200000000328e+03	-1.833721466546672785e-03
2.258014340000000175e+03	-1.809597117432032443e-03
2.258044470000000274e+03	-1.785472477789554202e-03
2.258074610000000575e+03	-1.776348128674914983e-03
2.258104740000000220e+03	-1.782223489032452868e-03
2.258134870000000319e+03	-1.808098849389982998e-03
2.258165010000000166e+03	-1.838974500275314394e-03
2.258195140000000265e+03	-1.869849860632849525e-03
2.258225270000000364e+03	-1.890725220990374655e-03
2.258255410000000211e+03	-1.891600871875731560e-03
2.258285540000000310e+03	-1.877476232233263320e-03
2.258315680000000157e+03	-1.858351883118627978e-03
2.258345810000000256e+03	-1.844227243476159739e-03
2.258375940000000355e+03	-1.840102603833659867e-03
2.258406080000000202e+03	-1.850978254719012894e-03
2.258436210000000301e+03	-1.876853615076556903e-03
2.258466350000000148e+03	-1.907729265961902176e-03
2.258496480000000247e+03	-1.928604626319441184e-03
2.258526610000000346e+03	-1.939479986676970191e-03
2.258556750000000193e+03	-1.925355637562325972e-03
2.258586880000000292e+03	-1.906230997919838854e-03
2.258617010000000391e+03	-1.882106358277374492e-03
2.258647150000000238e+03	-1.862982009162725272e-03
2.258677280000000337e+03	-1.858857369520253155e-03
2.258707420000000184e+03	-1.869733020405620061e-03
2.258737550000000283e+03	-1.885608380763154068e-03
2.258767680000000382e+03	-1.896483741120683075e-03
2.258797820000000229e+03	-1.902359392006017225e-03
2.258827950000000328e+03	-1.893234752363540108e-03
2.258858080000000427e+03	-1.879110112721071868e-03
2.258888220000000274e+03	-1.869985763606432649e-03
2.258918350000000373e+03	-1.875861123963970534e-03
2.258948490000000220e+03	-1.901736774849324685e-03
2.258978620000000319e+03	-1.937612135206850938e-03
2.259008750000000418e+03	-1.978487495564354437e-03
2.259038890000000265e+03	-2.004363146449722466e-03
2.259069020000000364e+03	-1.995238506807245349e-03
2.259099160000000211e+03	-1.961114157692608884e-03
2.259129290000000310e+03	-1.896989518050146151e-03
2.259159420000000409e+03	-1.832864878407669540e-03
2.259189560000000256e+03	-1.783740529293004196e-03
2.259219690000000355e+03	-1.764615889650530955e-03
2.259249820000000454e+03	-1.775491250008073840e-03
2.259279960000000301e+03	-1.811366900893424114e-03
2.259310090000000400e+03	-1.852242261250955369e-03
2.259340230000000247e+03	-1.888117912136319521e-03
2.259370360000000346e+03	-1.908993272493844651e-03
2.259400490000000445e+03	-1.909868632851349779e-03
2.259430630000000292e+03	-1.910744283736706683e-03
2.259460760000000391e+03	-1.906619644094248445e-03
2.259490900000000238e+03	-1.912495294979596472e-03
2.259521030000000337e+03	-1.923370655337139357e-03
2.259551160000000436e+03	-1.934246015694668364e-03
2.259581300000000283e+03	-1.935121666580025268e-03
2.259611430000000382e+03	-1.925997026937534273e-03
2.259641560000000482e+03	-1.906872387295061033e-03
2.259671700000000328e+03	-1.887748038180411814e-03
2.259701830000000427e+03	-1.873623398537943574e-03
2.259731970000000274e+03	-1.874499049423300479e-03
2.259762100000000373e+03	-1.885374409780843363e-03
2.259792230000000473e+03	-1.901249770138377371e-03
2.259822370000000319e+03	-1.917125421023707643e-03
2.259852500000000418e+03	-1.928000781381236650e-03
2.259882630000000518e+03	-1.928876141738769534e-03
2.259912770000000364e+03	-1.929751792624126439e-03
2.259942900000000463e+03	-1.930627152981659322e-03
2.259973040000000310e+03	-1.936502803867021227e-03
2.260003170000000409e+03	-1.947378164224550234e-03
2.260033300000000509e+03	-1.963253524582056486e-03
2.260063440000000355e+03	-1.969129175467404513e-03
2.260093570000000454e+03	-1.970004535824937397e-03
2.260123710000000301e+03	-1.950880186710302056e-03
2.260153840000000400e+03	-1.926755547067837693e-03
2.260183970000000500e+03	-1.902630907425359452e-03
2.260214110000000346e+03	-1.888506558310715233e-03
2.260244240000000445e+03	-1.884381918668229239e-03
2.260274370000000545e+03	-1.900257279025763246e-03
2.260304510000000391e+03	-1.926132929911117397e-03
2.260334640000000491e+03	-1.962008290268643651e-03
2.260364780000000337e+03	-1.992883941154002803e-03
2.260394910000000436e+03	-2.008759301511536810e-03
2.260425040000000536e+03	-2.014634661869074694e-03
2.260455180000000382e+03	-1.995510312754397719e-03
2.260485310000000482e+03	-1.966385673111928356e-03
2.260515440000000581e+03	-1.927261033469462870e-03
2.260545580000000427e+03	-1.893136684354826405e-03
2.260575710000000527e+03	-1.869012044712362042e-03
2.260605850000000373e+03	-1.854887695597717823e-03
2.260635980000000473e+03	-1.865763055955246830e-03
2.260666110000000572e+03	-1.881638416312753082e-03
2.260696250000000418e+03	-1.907514067198107233e-03
2.260726380000000518e+03	-1.928389427555646241e-03
2.260756520000000364e+03	-1.944265078441004269e-03
2.260786650000000463e+03	-1.950140438798528275e-03
2.260816780000000563e+03	-1.951015799156061159e-03
2.260846920000000409e+03	-1.951891450041418063e-03
2.260877050000000509e+03	-1.947766810398932069e-03
2.260907180000000153e+03	-1.938642170756454952e-03
2.260937320000000454e+03	-1.929517821641815734e-03
2.260967450000000554e+03	-1.915393181999347494e-03
2.260997590000000400e+03	-1.896268832884712152e-03
2.261027720000000500e+03	-1.877144193242238912e-03
2.261057850000000144e+03	-1.868019553599747917e-03
2.261087990000000445e+03	-1.863895204485099821e-03
2.261118120000000545e+03	-1.879770564842633829e-03
2.261148260000000391e+03	-1.910646215727992980e-03
2.261178390000000491e+03	-1.941521576085528111e-03
2.261208520000000135e+03	-1.972396936443035487e-03
2.261238660000000436e+03	-1.983272587328416270e-03
2.261268790000000536e+03	-1.979147947685916398e-03
2.261298920000000180e+03	-1.955023308043452035e-03
2.261329060000000482e+03	-1.920898958928801692e-03
2.261359190000000581e+03	-1.891774319286346207e-03
2.261389330000000427e+03	-1.872649970171696987e-03
2.261419460000000527e+03	-1.863525330529233748e-03
2.261449590000000171e+03	-1.869400690886729999e-03
2.261479730000000473e+03	-1.880276341772096904e-03
2.261509860000000572e+03	-1.896151702129630912e-03
2.261539990000000216e+03	-1.912027062487164919e-03
2.261570130000000518e+03	-1.927902713372509069e-03
2.261600260000000162e+03	-1.938778073730024198e-03
2.261630400000000463e+03	-1.949653724615404982e-03
2.261660530000000563e+03	-1.960529084972933989e-03
2.261690660000000207e+03	-1.971404445330449118e-03
2.261720800000000509e+03	-1.977280096215797145e-03
2.261750930000000153e+03	-1.978155456573330029e-03
2.261781070000000454e+03	-1.969031107458690810e-03
2.261811200000000554e+03	-1.949906467816217570e-03
2.261841330000000198e+03	-1.930781828173730452e-03
2.261871470000000500e+03	-1.906657479059117866e-03
2.261901600000000144e+03	-1.887532839416616870e-03
2.261931730000000243e+03	-1.873408199774148630e-03
2.261961870000000545e+03	-1.869283850659514412e-03
2.261992000000000189e+03	-1.875159211017038419e-03
2.262022140000000491e+03	-1.896034861902401447e-03
2.262052270000000135e+03	-1.921910222259903822e-03
2.262082400000000234e+03	-1.947785582617433953e-03
2.262112540000000536e+03	-1.973661233502788104e-03
2.262142670000000180e+03	-1.989536593860322111e-03
2.262172800000000279e+03	-1.990411954217854995e-03
2.262202940000000581e+03	-1.986287605103220777e-03
2.262233070000000225e+03	-1.967162965460719781e-03
2.262263210000000527e+03	-1.948038616346098317e-03
2.262293340000000171e+03	-1.933913976703616200e-03
2.262323470000000270e+03	-1.929789337061144083e-03
2.262353610000000572e+03	-1.935664987946505988e-03
2.262383740000000216e+03	-1.946540348304034995e-03
2.262413880000000518e+03	-1.967415999189384146e-03
2.262444010000000162e+03	-1.988291359546895398e-03
2.262474140000000261e+03	-1.999166719904424405e-03
2.262504280000000563e+03	-2.005042370789814066e-03
2.262534410000000207e+03	-2.000917731147314194e-03
2.262564540000000306e+03	-1.986793091504845954e-03
2.262594680000000153e+03	-1.972668742390201735e-03
2.262624810000000252e+03	-1.958544102747705740e-03
2.262654950000000554e+03	-1.944419753633103154e-03
2.262685080000000198e+03	-1.940295113990603282e-03
2.262715210000000297e+03	-1.936170474348131165e-03
2.262745350000000144e+03	-1.937046125233488070e-03
2.262775480000000243e+03	-1.937921485591020954e-03
2.262805620000000545e+03	-1.938797136476377858e-03
2.262835750000000189e+03	-1.934672496833891864e-03
2.262865880000000288e+03	-1.935547857191424748e-03
2.262896020000000135e+03	-1.931423508076776652e-03
2.262926150000000234e+03	-1.937298868434314536e-03
2.262956280000000334e+03	-1.943174228791838543e-03
2.262986420000000180e+03	-1.954049879677205448e-03
2.263016550000000279e+03	-1.964925240034734455e-03
2.263046690000000581e+03	-1.975800890920087483e-03
2.263076820000000225e+03	-1.981676251277597611e-03
2.263106950000000325e+03	-1.982551611635130495e-03
2.263137090000000171e+03	-1.968427262520486276e-03
2.263167220000000270e+03	-1.949302622878013036e-03
2.263197350000000370e+03	-1.925177983235548673e-03
2.263227490000000216e+03	-1.911053634120904454e-03
2.263257620000000315e+03	-1.901928994478413459e-03
2.263287760000000162e+03	-1.912804645363766487e-03
2.263317890000000261e+03	-1.938680005721296618e-03
2.263348020000000361e+03	-1.969555366078831748e-03
2.263378160000000207e+03	-1.995431016964185900e-03
2.263408290000000306e+03	-2.006306377321728784e-03
2.263438430000000153e+03	-1.997182028207075688e-03
2.263468560000000252e+03	-1.963057388564587447e-03
2.263498690000000352e+03	-1.918932748922116960e-03
2.263528830000000198e+03	-1.879808399807475494e-03
2.263558960000000297e+03	-1.860683760165002254e-03
2.263589090000000397e+03	-1.866559120522540138e-03
2.263619230000000243e+03	-1.897434771407899290e-03
2.263649360000000343e+03	-1.943310131765435544e-03
2.263679500000000189e+03	-1.989185782650754186e-03
2.263709630000000288e+03	-2.010061143008293194e-03
2.263739760000000388e+03	-2.005936503365821078e-03
2.263769900000000234e+03	-1.976812154251189613e-03
2.263800030000000334e+03	-1.937687514608710249e-03
2.263830170000000180e+03	-1.898563165494068783e-03
2.263860300000000279e+03	-1.879438525851609421e-03
2.263890430000000379e+03	-1.880313886209114549e-03
2.263920570000000225e+03	-1.896189537094472577e-03
2.263950700000000325e+03	-1.922064897452002707e-03
2.263980830000000424e+03	-1.942940257809527838e-03
2.264010970000000270e+03	-1.958815908694885866e-03
2.264041100000000370e+03	-1.969691269052428750e-03
2.264071240000000216e+03	-1.980566919937754022e-03
2.264101370000000315e+03	-1.986442280295291907e-03
2.264131500000000415e+03	-1.997317640652820914e-03
2.264161640000000261e+03	-2.003193291538168941e-03
2.264191770000000361e+03	-2.004068651895701825e-03
2.264221900000000460e+03	-1.999944012253243586e-03
2.264252040000000306e+03	-1.995819663138595490e-03
2.264282170000000406e+03	-1.996695023496100618e-03
2.264312310000000252e+03	-1.997570674381457523e-03
2.264342440000000352e+03	-2.013446034738991530e-03
2.264372570000000451e+03	-2.024321395096520537e-03
2.264402710000000297e+03	-2.030197045981882442e-03
2.264432840000000397e+03	-2.026072406339410326e-03
2.264462980000000243e+03	-2.006948057224774984e-03
2.264493110000000343e+03	-1.977823417582277865e-03
2.264523240000000442e+03	-1.948698777939808502e-03
2.264553380000000288e+03	-1.934574428825164283e-03
2.264583510000000388e+03	-1.935449789182697167e-03
2.264613640000000487e+03	-1.951325149540231174e-03
2.264643780000000334e+03	-1.977200800425585325e-03
2.264673910000000433e+03	-1.998076160783124333e-03
2.264704050000000279e+03	-2.018951811668445728e-03
2.264734180000000379e+03	-2.019827172025978612e-03
2.264764310000000478e+03	-2.015702532383520373e-03
2.264794450000000325e+03	-2.006578183268881155e-03
2.264824580000000424e+03	-1.997453543626404038e-03
2.264854710000000523e+03	-1.988328903983940799e-03
2.264884850000000370e+03	-1.984204554869292703e-03
2.264914980000000469e+03	-1.985079915226797831e-03
2.264945120000000315e+03	-1.980955566112163613e-03
2.264975250000000415e+03	-1.976830926469691496e-03
2.265005380000000514e+03	-1.972706286827219380e-03
2.265035520000000361e+03	-1.968581937712585161e-03
2.265065650000000460e+03	-1.969457298070118045e-03
2.265095790000000306e+03	-1.980332948955471073e-03
2.265125920000000406e+03	-1.991208309312972324e-03
2.265156050000000505e+03	-2.012083669670511332e-03
2.265186190000000352e+03	-2.032959320555860483e-03
2.265216320000000451e+03	-2.053834680913399491e-03
2.265246450000000550e+03	-2.069710041270933498e-03
2.265276590000000397e+03	-2.075585692156295403e-03
2.265306720000000496e+03	-2.071461052513823287e-03
2.265336860000000343e+03	-2.052336703399146312e-03
2.265366990000000442e+03	-2.028212063756681949e-03
2.265397120000000541e+03	-1.999087424114212586e-03
2.265427260000000388e+03	-1.969963074999581121e-03
2.265457390000000487e+03	-1.955838435357112881e-03
2.265487530000000334e+03	-1.956714086242469786e-03
2.265517660000000433e+03	-1.972589446600003793e-03
2.265547790000000532e+03	-1.998464806957506168e-03
2.265577930000000379e+03	-2.024340457842860319e-03
2.265608060000000478e+03	-2.045215818200385449e-03
2.265638190000000577e+03	-2.046091178557918333e-03
2.265668330000000424e+03	-2.031966829443287992e-03
2.265698460000000523e+03	-2.002842189800818629e-03
2.265728600000000370e+03	-1.963717840686177163e-03
2.265758730000000469e+03	-1.929593201043675044e-03
2.265788860000000568e+03	-1.900468561401205680e-03
2.265819000000000415e+03	-1.886344212286561461e-03
2.265849130000000514e+03	-1.882219572644103223e-03
2.265879260000000158e+03	-1.893094933001604474e-03
2.265909400000000460e+03	-1.913970583886995258e-03
2.265939530000000559e+03	-1.939845944244497633e-03
2.265969670000000406e+03	-1.960721595129846784e-03
2.265999800000000505e+03	-1.981596955487385792e-03
2.266029930000000149e+03	-1.992472315844914799e-03
2.266060070000000451e+03	-1.993347966730271703e-03
2.266090200000000550e+03	-1.989223327087813464e-03
2.266120340000000397e+03	-1.975098977973169245e-03
2.266150470000000496e+03	-1.955974338330668250e-03
2.266180600000000140e+03	-1.941849698688200010e-03
2.266210740000000442e+03	-1.942725349573556914e-03
2.266240870000000541e+03	-1.948600709931094799e-03
2.266271000000000186e+03	-1.974476070288597174e-03
2.266301140000000487e+03	-2.005351721173984081e-03
2.266331270000000131e+03	-2.031227081531486456e-03
2.266361410000000433e+03	-2.052102732416849484e-03
2.266391540000000532e+03	-2.052978092774382368e-03
2.266421670000000177e+03	-2.038853453131914129e-03
2.266451810000000478e+03	-2.009729104017268786e-03
2.266481940000000577e+03	-1.975604464374794422e-03
2.266512070000000222e+03	-1.946479824732297303e-03
2.266542210000000523e+03	-1.932355475617694718e-03
2.266572340000000167e+03	-1.943230835975195969e-03
2.266602480000000469e+03	-1.969106486860550120e-03
2.266632610000000568e+03	-2.009981847218081374e-03
2.266662740000000213e+03	-2.050857207575612629e-03
2.266692880000000514e+03	-2.081732858460971780e-03
2.266723010000000158e+03	-2.092608218818473031e-03
2.266753150000000460e+03	-2.093483869703857692e-03
2.266783280000000559e+03	-2.079359230061361696e-03
2.266813410000000204e+03	-2.055234590418897334e-03
2.266843550000000505e+03	-2.031110241304256991e-03
2.266873680000000149e+03	-2.016985601661760996e-03
2.266903810000000249e+03	-2.002860962019292757e-03
2.266933950000000550e+03	-1.988736612904676293e-03
2.266964080000000195e+03	-1.979611973262185298e-03
2.266994220000000496e+03	-1.975487624147537202e-03
2.267024350000000140e+03	-1.966362984505073963e-03
2.267054480000000240e+03	-1.962238344862601847e-03
2.267084620000000541e+03	-1.963113995747958751e-03
2.267114750000000186e+03	-1.973989356105473880e-03
2.267144890000000487e+03	-1.989865006990859664e-03
2.267175020000000131e+03	-2.010740367348357038e-03
2.267205150000000231e+03	-2.036615727705887169e-03
2.267235290000000532e+03	-2.062491378591255198e-03
2.267265420000000177e+03	-2.083366738948780328e-03
2.267295550000000276e+03	-2.089242099306290457e-03
2.267325690000000577e+03	-2.085117750191670116e-03
2.267355820000000222e+03	-2.065993110549182998e-03
2.267385960000000523e+03	-2.046868761434561534e-03
2.267416090000000167e+03	-2.027744121792074417e-03
2.267446220000000267e+03	-2.023619482149602300e-03
2.267476360000000568e+03	-2.024495133034959204e-03
2.267506490000000213e+03	-2.035370493392460456e-03
2.267536620000000312e+03	-2.051245853749994463e-03
2.267566760000000158e+03	-2.052121504635351368e-03
2.267596890000000258e+03	-2.047996864992879251e-03
2.267627030000000559e+03	-2.033872515878248910e-03
2.267657160000000204e+03	-2.019747876235780670e-03
2.267687290000000303e+03	-2.020623236593313554e-03
2.267717430000000149e+03	-2.031498887478638826e-03
2.267747560000000249e+03	-2.057374247836168957e-03
2.267777700000000550e+03	-2.093249898721560864e-03
2.267807830000000195e+03	-2.119125259079063239e-03
2.267837960000000294e+03	-2.125000619436587246e-03
2.267868100000000140e+03	-2.110876270321943027e-03
2.267898230000000240e+03	-2.076751630679482541e-03
2.267928360000000339e+03	-2.037626991036989299e-03
2.267958500000000186e+03	-1.998502641922347833e-03
2.267988630000000285e+03	-1.979378002279874593e-03
2.268018770000000131e+03	-1.970253653165235375e-03
2.268048900000000231e+03	-1.986129013522769382e-03
2.268079030000000330e+03	-2.007004373880294512e-03
2.268109170000000177e+03	-2.032880024765662541e-03
2.268139300000000276e+03	-2.053755385123159916e-03
2.268169440000000577e+03	-2.069631036008545699e-03
2.268199570000000222e+03	-2.070506396366050827e-03
2.268229700000000321e+03	-2.071381756723583711e-03
2.268259840000000167e+03	-2.057257407608939492e-03
2.268289970000000267e+03	-2.038132767966480130e-03
2.268320100000000366e+03	-2.014008128324001889e-03
2.268350240000000213e+03	-1.999883779209329915e-03
2.268380370000000312e+03	-1.985759139566875553e-03
2.268410510000000158e+03	-1.986634790452232457e-03
2.268440640000000258e+03	-1.987510150809765341e-03
2.268470770000000357e+03	-1.998385511167294348e-03
2.268500910000000204e+03	-2.004261162052642375e-03
2.268531040000000303e+03	-2.010136522410180260e-03
2.268561170000000402e+03	-2.011011882767685388e-03
2.268591310000000249e+03	-2.011887533653042293e-03
2.268621440000000348e+03	-2.017762894010580177e-03
2.268651580000000195e+03	-2.033638544895938205e-03
2.268681710000000294e+03	-2.049513905253472212e-03
2.268711840000000393e+03	-2.055389265610996219e-03
2.268741980000000240e+03	-2.046264916496329245e-03
2.268772110000000339e+03	-2.017140276853859882e-03
2.268802250000000186e+03	-1.983015927739223416e-03
2.268832380000000285e+03	-1.948891288096749053e-03
2.268862510000000384e+03	-1.934766648454280813e-03
2.268892650000000231e+03	-1.950642299339638841e-03
2.268922780000000330e+03	-1.986517659697178972e-03
2.268952910000000429e+03	-2.037393020054678594e-03
2.268983050000000276e+03	-2.078268670940033869e-03
2.269013180000000375e+03	-2.104144031297563999e-03
2.269043320000000222e+03	-2.095019682182924781e-03
2.269073450000000321e+03	-2.060895042540464295e-03
2.269103580000000420e+03	-2.016770402897993808e-03
2.269133720000000267e+03	-1.977646053783352342e-03
2.269163850000000366e+03	-1.948521414140855224e-03
2.269193980000000465e+03	-1.944396774498383107e-03
2.269224120000000312e+03	-1.950272425383745012e-03
2.269254250000000411e+03	-1.966147785741279019e-03
2.269284390000000258e+03	-1.982023436626637047e-03
2.269314520000000357e+03	-1.987898796984161054e-03
2.269344650000000456e+03	-1.993774157341698938e-03
2.269374790000000303e+03	-2.004649808227024210e-03
2.269404920000000402e+03	-2.025525168584563218e-03
2.269435060000000249e+03	-2.061400819469913492e-03
2.269465190000000348e+03	-2.097276179827453624e-03
2.269495320000000447e+03	-2.138151540184984878e-03
2.269525460000000294e+03	-2.169027191070344029e-03
2.269555590000000393e+03	-2.184902551427878037e-03
2.269585720000000492e+03	-2.185777911785383165e-03
2.269615860000000339e+03	-2.166653562670733946e-03
2.269645990000000438e+03	-2.137528923028264582e-03
2.269676130000000285e+03	-2.108404573913619240e-03
2.269706260000000384e+03	-2.079279934271163754e-03
2.269736390000000483e+03	-2.055155294628685514e-03
2.269766530000000330e+03	-2.051030945514051296e-03
2.269796660000000429e+03	-2.056906305871547547e-03
2.269826800000000276e+03	-2.072781956756905575e-03
2.269856930000000375e+03	-2.098657317114449583e-03
2.269887060000000474e+03	-2.124532677471979714e-03
2.269917200000000321e+03	-2.140408328357337742e-03
2.269947330000000420e+03	-2.151283688714866749e-03
2.269977460000000519e+03	-2.142159049072403509e-03
2.270007600000000366e+03	-2.123034699957726534e-03
2.270037730000000465e+03	-2.093910060315257171e-03
2.270067870000000312e+03	-2.069785711200616829e-03
2.270098000000000411e+03	-2.045661071558152466e-03
2.270128130000000510e+03	-2.036536431915689227e-03
2.270158270000000357e+03	-2.042412082801037254e-03
2.270188400000000456e+03	-2.058287443158571262e-03
2.270218530000000555e+03	-2.084162803516073637e-03
2.270248670000000402e+03	-2.110038454401441665e-03
2.270278800000000501e+03	-2.125913814758961795e-03
2.270308940000000348e+03	-2.131789465644323700e-03
2.270339070000000447e+03	-2.117664826001855460e-03
2.270369200000000546e+03	-2.093540186359391098e-03
2.270399340000000393e+03	-2.064415837244745755e-03
2.270429470000000492e+03	-2.040291197602253637e-03
2.270459610000000339e+03	-2.026166848487609418e-03
2.270489740000000438e+03	-2.022042208845137301e-03
2.270519870000000537e+03	-2.027917569202675185e-03
2.270550010000000384e+03	-2.038793220088028213e-03
2.270580140000000483e+03	-2.044668580445566097e-03
2.270610270000000583e+03	-2.045543940803071226e-03
2.270640410000000429e+03	-2.036419591688432007e-03
2.270670540000000528e+03	-2.032294952045959890e-03
2.270700680000000375e+03	-2.043170602931312918e-03
2.270730810000000474e+03	-2.064045963288851926e-03
2.270760940000000573e+03	-2.094921323646387057e-03
2.270791080000000420e+03	-2.125796974531746208e-03
2.270821210000000519e+03	-2.151672334889248583e-03
2.270851350000000366e+03	-2.152547985774605488e-03
2.270881480000000465e+03	-2.128423346132141125e-03
2.270911610000000564e+03	-2.084298706489670638e-03
2.270941750000000411e+03	-2.040174357375024172e-03
2.270971880000000510e+03	-2.006049717732563686e-03
2.271002010000000155e+03	-1.996925078090058814e-03
2.271032150000000456e+03	-2.017800728975421842e-03
2.271062280000000555e+03	-2.058676089332953096e-03
2.271092420000000402e+03	-2.099551740218308371e-03
2.271122550000000501e+03	-2.135427100575848502e-03
2.271152680000000146e+03	-2.141302460933344753e-03
2.271182820000000447e+03	-2.127178111818728290e-03
2.271212950000000546e+03	-2.088053472176262804e-03
2.271243080000000191e+03	-2.048928832533769562e-03
2.271273220000000492e+03	-2.019804483419124219e-03
2.271303350000000137e+03	-2.005679843776655980e-03
2.271333490000000438e+03	-2.011555494662017884e-03
2.271363620000000537e+03	-2.037430855019548015e-03
2.271393750000000182e+03	-2.063306215377050390e-03
2.271423890000000483e+03	-2.084181866262441174e-03
2.271454020000000583e+03	-2.095057226619942425e-03
2.271484160000000429e+03	-2.095932877505299330e-03
2.271514290000000528e+03	-2.091808237862827213e-03
2.271544420000000173e+03	-2.087683598220368975e-03
2.271574560000000474e+03	-2.093559249105717002e-03
2.271604690000000573e+03	-2.099434609463254886e-03
2.271634820000000218e+03	-2.110309969820756137e-03
2.271664960000000519e+03	-2.111185620706113042e-03
2.271695090000000164e+03	-2.107060981063654803e-03
2.271725230000000465e+03	-2.097936631949001707e-03
2.271755360000000564e+03	-2.078811992306542344e-03
2.271785490000000209e+03	-2.069687352664051350e-03
2.271815630000000510e+03	-2.065563003549431009e-03
2.271845760000000155e+03	-2.071438363906941138e-03
2.271875890000000254e+03	-2.092313724264466268e-03
2.271906030000000555e+03	-2.113189375149829297e-03
2.271936160000000200e+03	-2.129064735507363304e-03
2.271966300000000501e+03	-2.134940386392711331e-03
2.271996430000000146e+03	-2.125815746750220336e-03
2.272026560000000245e+03	-2.116691107107757097e-03
2.272056700000000546e+03	-2.107566757993131756e-03
2.272086830000000191e+03	-2.103442118350645762e-03
2.272116970000000492e+03	-2.119317769236003790e-03
2.272147100000000137e+03	-2.135193129593537797e-03
2.272177230000000236e+03	-2.156068489951035172e-03
2.272207370000000537e+03	-2.171944140836420956e-03
2.272237500000000182e+03	-2.172819501193926084e-03
2.272267630000000281e+03	-2.168694861551467845e-03
2.272297770000000583e+03	-2.159570512436814749e-03
2.272327900000000227e+03	-2.160445872794347633e-03
2.272358040000000528e+03	-2.166321523679709538e-03
2.272388170000000173e+03	-2.182196884037215789e-03
2.272418300000000272e+03	-2.198072244394749797e-03
2.272448440000000573e+03	-2.203947895280125580e-03
2.272478570000000218e+03	-2.189823255637629584e-03
2.272508710000000519e+03	-2.165698906522989242e-03
2.272538840000000164e+03	-2.131574266880528756e-03
2.272568970000000263e+03	-2.102449627238059393e-03
2.272599110000000564e+03	-2.088325278123415174e-03
2.272629240000000209e+03	-2.089200638480920302e-03
2.272659370000000308e+03	-2.110075998838459310e-03
2.272689510000000155e+03	-2.130951649723808461e-03
2.272719640000000254e+03	-2.141827010081337468e-03
2.272749780000000555e+03	-2.142702660966694372e-03
2.272779910000000200e+03	-2.123578021324235010e-03
2.272810040000000299e+03	-2.094453381681737891e-03
2.272840180000000146e+03	-2.070329032567097549e-03
2.272870310000000245e+03	-2.051204392924624309e-03
2.272900440000000344e+03	-2.042079753282161070e-03
2.272930580000000191e+03	-2.042955404167517974e-03
2.272960710000000290e+03	-2.048830764525055859e-03
2.272990850000000137e+03	-2.049706415410412763e-03
2.273020980000000236e+03	-2.040581775767907891e-03
2.273051110000000335e+03	-2.021457136125448528e-03
2.273081250000000182e+03	-2.002332787010799309e-03
2.273111380000000281e+03	-1.993208147368336070e-03
2.273141520000000583e+03	-1.989083798253687974e-03
2.273171650000000227e+03	-2.004959158611221981e-03
2.273201780000000326e+03	-2.030834518968752112e-03
2.273231920000000173e+03	-2.056710169854092385e-03
2.273262050000000272e+03	-2.082585530211622515e-03
2.273292180000000371e+03	-2.093460890569151522e-03
2.273322320000000218e+03	-2.094336541454508427e-03
2.273352450000000317e+03	-2.085211901812045188e-03
2.273382590000000164e+03	-2.076087552697405969e-03
2.273412720000000263e+03	-2.061962913054937729e-03
2.273442850000000362e+03	-2.057838273412437857e-03
2.273472990000000209e+03	-2.063713924297799762e-03
2.273503120000000308e+03	-2.079589284655333770e-03
2.273533250000000407e+03	-2.105464645012863900e-03
2.273563390000000254e+03	-2.131340295898218051e-03
2.273593520000000353e+03	-2.152215656255743181e-03
2.273623660000000200e+03	-2.163091307141082331e-03
2.273653790000000299e+03	-2.168966667498606338e-03
2.273683920000000398e+03	-2.164842027856148099e-03
2.273714060000000245e+03	-2.155717678741495003e-03
2.273744190000000344e+03	-2.151593039099036764e-03
2.273774330000000191e+03	-2.157468689984384791e-03
2.273804460000000290e+03	-2.168344050341927676e-03
2.273834590000000389e+03	-2.179219410699428927e-03
2.273864730000000236e+03	-2.185095061584790832e-03
2.273894860000000335e+03	-2.170970421942322592e-03
2.273924990000000435e+03	-2.146845782299858230e-03
2.273955130000000281e+03	-2.112721433185207887e-03
2.273985260000000380e+03	-2.078596793542747401e-03
2.274015400000000227e+03	-2.059472444428098181e-03
2.274045530000000326e+03	-2.070347804785599433e-03
2.274075660000000425e+03	-2.106223165143139564e-03
2.274105800000000272e+03	-2.162098816028495962e-03
2.274135930000000371e+03	-2.217974176386028340e-03
2.274166070000000218e+03	-2.268849827271379738e-03
2.274196200000000317e+03	-2.289725187628918746e-03
2.274226330000000416e+03	-2.280600547986455506e-03
2.274256470000000263e+03	-2.251476198871782408e-03
2.274286600000000362e+03	-2.212351559229316922e-03
2.274316730000000462e+03	-2.178226919586842558e-03
2.274346870000000308e+03	-2.164102570472198339e-03
2.274377000000000407e+03	-2.164977930829731223e-03
2.274407140000000254e+03	-2.175853581715084251e-03
2.274437270000000353e+03	-2.186728942072627135e-03
2.274467400000000453e+03	-2.192604302430123386e-03
2.274497540000000299e+03	-2.183479953315484168e-03
2.274527670000000398e+03	-2.164355313673024805e-03
2.274557800000000498e+03	-2.140230674030546565e-03
2.274587940000000344e+03	-2.126106324915902346e-03
2.274618070000000444e+03	-2.126981685273435230e-03
2.274648210000000290e+03	-2.137857336158802135e-03
2.274678340000000389e+03	-2.158732696516299510e-03
2.274708470000000489e+03	-2.179608056873838517e-03
2.274738610000000335e+03	-2.190483707759191545e-03
2.274768740000000435e+03	-2.191359068116724429e-03
2.274798880000000281e+03	-2.177234719002080210e-03
2.274829010000000380e+03	-2.163110079359611970e-03
2.274859140000000480e+03	-2.148985439717143731e-03
2.274889280000000326e+03	-2.144861090602481757e-03
2.274919410000000425e+03	-2.155736450960010764e-03
2.274949540000000525e+03	-2.181611811317540894e-03
2.274979680000000371e+03	-2.207487462202895045e-03
2.275009810000000471e+03	-2.223362822560429053e-03
2.275039950000000317e+03	-2.229238473445790958e-03
2.275070080000000416e+03	-2.210113833803317718e-03
2.275100210000000516e+03	-2.175989194160829476e-03
2.275130350000000362e+03	-2.126864845046191888e-03
2.275160480000000462e+03	-2.087740205403712523e-03
2.275190620000000308e+03	-2.063615856289072181e-03
2.275220750000000407e+03	-2.059491216646613942e-03
2.275250880000000507e+03	-2.080366577004139073e-03
2.275281020000000353e+03	-2.121242227889494347e-03
2.275311150000000453e+03	-2.157117588247006723e-03
2.275341280000000552e+03	-2.187992948604541854e-03
2.275371420000000398e+03	-2.203868599489886004e-03
2.275401550000000498e+03	-2.204743959847418888e-03
2.275431690000000344e+03	-2.195619610732779670e-03
2.275461820000000444e+03	-2.186494971090316430e-03
2.275491950000000543e+03	-2.177370331447825436e-03
2.275522090000000389e+03	-2.173245982333177340e-03
2.275552220000000489e+03	-2.179121342690715224e-03
2.275582350000000133e+03	-2.184996703048239231e-03
2.275612490000000435e+03	-2.190872353933601135e-03
2.275642620000000534e+03	-2.196747714291139020e-03
2.275672760000000380e+03	-2.197623365176495924e-03
2.275702890000000480e+03	-2.198498725534001053e-03
2.275733020000000579e+03	-2.199374085891533936e-03
2.275763160000000425e+03	-2.190249736776880840e-03
2.275793290000000525e+03	-2.176125097134412600e-03
2.275823430000000371e+03	-2.157000748019777259e-03
2.275853560000000471e+03	-2.137876108377304019e-03
2.275883690000000570e+03	-2.118751468734844656e-03
2.275913830000000416e+03	-2.119627119620173805e-03
2.275943960000000516e+03	-2.135502479977707813e-03
2.275974090000000160e+03	-2.161377840335237943e-03
2.276004230000000462e+03	-2.197253491220588217e-03
2.276034360000000561e+03	-2.223128851578118348e-03
2.276064500000000407e+03	-2.234004502463485253e-03
2.276094630000000507e+03	-2.234879862821018137e-03
2.276124760000000151e+03	-2.220755223178522142e-03
2.276154900000000453e+03	-2.211630874063882923e-03
2.276185030000000552e+03	-2.207506234421410807e-03
2.276215160000000196e+03	-2.218381594778939814e-03
2.276245300000000498e+03	-2.239257245664302842e-03
2.276275430000000142e+03	-2.255132606021809094e-03
2.276305570000000444e+03	-2.266008256907189877e-03
2.276335700000000543e+03	-2.256883617264698882e-03
2.276365830000000187e+03	-2.237758977622225642e-03
2.276395970000000489e+03	-2.208634628507580300e-03
2.276426100000000133e+03	-2.184509988865115937e-03
2.276456240000000435e+03	-2.175385639750476718e-03
2.276486370000000534e+03	-2.181261000108000725e-03
2.276516500000000178e+03	-2.197136360465506977e-03
2.276546640000000480e+03	-2.218012011350870005e-03
2.276576770000000579e+03	-2.238887371708395135e-03
2.276606900000000223e+03	-2.254762732065929143e-03
2.276637040000000525e+03	-2.255638382951286047e-03
2.276667170000000169e+03	-2.246513743308795052e-03
2.276697310000000471e+03	-2.232389394194178589e-03
2.276727440000000570e+03	-2.213264754551719227e-03
2.276757570000000214e+03	-2.194140114909218231e-03
2.276787710000000516e+03	-2.180015765794574012e-03
2.276817840000000160e+03	-2.170891126152110773e-03
2.276847980000000462e+03	-2.171766777037467677e-03
2.276878110000000561e+03	-2.182642137394996684e-03
2.276908240000000205e+03	-2.193517497752497936e-03
2.276938380000000507e+03	-2.204393148637892597e-03
2.276968510000000151e+03	-2.210268508995388848e-03
2.276998640000000250e+03	-2.206143869352930609e-03
2.277028780000000552e+03	-2.197019520238277512e-03
2.277058910000000196e+03	-2.182894880595795395e-03
2.277089050000000498e+03	-2.178770531481175055e-03
2.277119180000000142e+03	-2.184645891838685183e-03
2.277149310000000241e+03	-2.195521252196214190e-03
2.277179450000000543e+03	-2.206396903081567218e-03
2.277209580000000187e+03	-2.207272263439100102e-03
2.277239710000000287e+03	-2.193147623796631862e-03
2.277269850000000133e+03	-2.159023274681967641e-03
2.277299980000000232e+03	-2.114898635039497155e-03
2.277330120000000534e+03	-2.080774285924874567e-03
2.277360250000000178e+03	-2.056649646282382449e-03
2.277390380000000278e+03	-2.057525006639915333e-03
2.277420520000000579e+03	-2.083400657525269484e-03
2.277450650000000223e+03	-2.124276017882814616e-03
2.277480790000000525e+03	-2.170151668768161013e-03
2.277510920000000169e+03	-2.201027029125668388e-03
2.277541050000000268e+03	-2.211902389483197395e-03
2.277571190000000570e+03	-2.207778040368563177e-03
2.277601320000000214e+03	-2.193653400726094937e-03
2.277631450000000314e+03	-2.174528761083621697e-03
2.277661590000000160e+03	-2.160404411968977478e-03
2.277691720000000259e+03	-2.161279772326482607e-03
2.277721860000000561e+03	-2.172155423211877268e-03
2.277751990000000205e+03	-2.193030783569374642e-03
2.277782120000000305e+03	-2.213906143926913650e-03
2.277812260000000151e+03	-2.229781794812271678e-03
2.277842390000000250e+03	-2.235657155169795685e-03
2.277872520000000350e+03	-2.221532515527327445e-03
2.277902660000000196e+03	-2.202408166412664348e-03
2.277932790000000296e+03	-2.183283526770191108e-03
2.277962930000000142e+03	-2.164159177655555766e-03
2.277993060000000241e+03	-2.160034538013083649e-03
2.278023190000000341e+03	-2.170909898370612656e-03
2.278053330000000187e+03	-2.191785549255975685e-03
2.278083460000000287e+03	-2.212660909613514693e-03
2.278113600000000133e+03	-2.233536560498836088e-03
2.278143730000000232e+03	-2.249411920856370095e-03
2.278173860000000332e+03	-2.255287281213907979e-03
2.278204000000000178e+03	-2.251162932099259884e-03
2.278234130000000278e+03	-2.252038292456792767e-03
2.278264260000000377e+03	-2.252913652814325651e-03
2.278294400000000223e+03	-2.248789303699677555e-03
2.278324530000000323e+03	-2.239664664057186561e-03
2.278354670000000169e+03	-2.220540314942551219e-03
2.278384800000000268e+03	-2.196415675300072978e-03
2.278414930000000368e+03	-2.177291035657613616e-03
2.278445070000000214e+03	-2.168166686542960520e-03
2.278475200000000314e+03	-2.184042046900494527e-03
2.278505340000000160e+03	-2.219917697785830923e-03
2.278535470000000259e+03	-2.260793058143362178e-03
2.278565600000000359e+03	-2.291668418500897308e-03
2.278595740000000205e+03	-2.302544069386250336e-03
2.278625870000000305e+03	-2.288419429743782096e-03
2.278656000000000404e+03	-2.249294790101316610e-03
2.278686140000000250e+03	-2.210170440986675144e-03
2.278716270000000350e+03	-2.191045801344174149e-03
2.278746410000000196e+03	-2.196921452229536054e-03
2.278776540000000296e+03	-2.232796812587076185e-03
2.278806670000000395e+03	-2.283672172944603562e-03
2.278836810000000241e+03	-2.324547823829958837e-03
2.278866940000000341e+03	-2.345423184187497845e-03
2.278897070000000440e+03	-2.341298544545025728e-03
2.278927210000000287e+03	-2.312174195430352630e-03
2.278957340000000386e+03	-2.273049555787887144e-03
2.278987480000000232e+03	-2.243925206673241801e-03
2.279017610000000332e+03	-2.224800567030782439e-03
2.279047740000000431e+03	-2.220675927388310322e-03
2.279077880000000278e+03	-2.221551578273667227e-03
2.279108010000000377e+03	-2.222426938631200111e-03
2.279138150000000223e+03	-2.218302589516524259e-03
2.279168280000000323e+03	-2.214177949874066020e-03
2.279198410000000422e+03	-2.215053310231598904e-03
2.279228550000000268e+03	-2.220928961116946931e-03
2.279258680000000368e+03	-2.236804321474480939e-03
2.279288810000000467e+03	-2.257679681832019947e-03
2.279318950000000314e+03	-2.263555332717367974e-03
2.279349080000000413e+03	-2.259430693074881979e-03
2.279379220000000259e+03	-2.235306343960241637e-03
2.279409350000000359e+03	-2.211181704317763397e-03
2.279439480000000458e+03	-2.187057064675299034e-03
2.279469620000000305e+03	-2.172932715560654815e-03
2.279499750000000404e+03	-2.178808075918192699e-03
2.279529890000000250e+03	-2.199683726803541850e-03
2.279560020000000350e+03	-2.220559087161053102e-03
2.279590150000000449e+03	-2.236434447518587110e-03
2.279620290000000296e+03	-2.237310098403944014e-03
2.279650420000000395e+03	-2.228185458761480775e-03
2.279680550000000494e+03	-2.209060819119007535e-03
2.279710690000000341e+03	-2.194936470004363316e-03
2.279740820000000440e+03	-2.185811830361900077e-03
2.279770960000000287e+03	-2.181687481247224225e-03
2.279801090000000386e+03	-2.192562841604767110e-03
2.279831220000000485e+03	-2.208438201962287240e-03
2.279861360000000332e+03	-2.229313852847650268e-03
2.279891490000000431e+03	-2.245189213205184275e-03
2.279921620000000530e+03	-2.256064573562713282e-03
2.279951760000000377e+03	-2.261940224448075187e-03
2.279981890000000476e+03	-2.257815584805575315e-03
2.280012030000000323e+03	-2.248691235690936097e-03
2.280042160000000422e+03	-2.239566596048472857e-03
2.280072290000000521e+03	-2.230441956405995740e-03
2.280102430000000368e+03	-2.226317607291361522e-03
2.280132560000000467e+03	-2.227192967648894406e-03
2.280162700000000314e+03	-2.238068618534247434e-03
2.280192830000000413e+03	-2.243943978891757562e-03
2.280222960000000512e+03	-2.244819339249290446e-03
2.280253100000000359e+03	-2.235694990134637350e-03
2.280283230000000458e+03	-2.216570350492177988e-03
2.280313360000000557e+03	-2.192445710849713625e-03
2.280343500000000404e+03	-2.168321361735059405e-03
2.280373630000000503e+03	-2.159196722092568410e-03
2.280403770000000350e+03	-2.170072372977921438e-03
2.280433900000000449e+03	-2.200947733335456569e-03
2.280464030000000548e+03	-2.236823093692996700e-03
2.280494170000000395e+03	-2.277698744578351975e-03
2.280524300000000494e+03	-2.298574104935877105e-03
2.280554430000000139e+03	-2.304449465293387234e-03
2.280584570000000440e+03	-2.285325116178751892e-03
2.280614700000000539e+03	-2.256200476536282529e-03
2.280644840000000386e+03	-2.227076127421637186e-03
2.280674970000000485e+03	-2.202951487779172823e-03
2.280705100000000130e+03	-2.198826848136672951e-03
2.280735240000000431e+03	-2.219702499022063735e-03
2.280765370000000530e+03	-2.250577859379584988e-03
2.280795510000000377e+03	-2.291453510264926385e-03
2.280825640000000476e+03	-2.322328870622447639e-03
2.280855770000000575e+03	-2.333204230979990523e-03
2.280885910000000422e+03	-2.324079881865337427e-03
2.280916040000000521e+03	-2.299955242222873064e-03
2.280946170000000166e+03	-2.270830602580375945e-03
2.280976310000000467e+03	-2.246706253465763359e-03
2.281006440000000566e+03	-2.242581613823263487e-03
2.281036580000000413e+03	-2.263457264708626515e-03
2.281066710000000512e+03	-2.289332625066156646e-03
2.281096840000000157e+03	-2.320207985423691777e-03
2.281126980000000458e+03	-2.331083636309044804e-03
2.281157110000000557e+03	-2.326958996666586565e-03
2.281187250000000404e+03	-2.302834647551946223e-03
2.281217380000000503e+03	-2.268710007909444104e-03
2.281247510000000148e+03	-2.244585368266979741e-03
2.281277650000000449e+03	-2.235461019152340523e-03
2.281307780000000548e+03	-2.241336379509864529e-03
2.281337910000000193e+03	-2.262211739867375782e-03
2.281368050000000494e+03	-2.273087390752756565e-03
2.281398180000000139e+03	-2.268962751110256693e-03
2.281428320000000440e+03	-2.244838401995616350e-03
2.281458450000000539e+03	-2.215713762353146987e-03
2.281488580000000184e+03	-2.186589122710691502e-03
2.281518720000000485e+03	-2.182464773596043406e-03
2.281548850000000130e+03	-2.193340133953544657e-03
2.281578980000000229e+03	-2.229215494311084789e-03
2.281609120000000530e+03	-2.270091145196467819e-03
2.281639250000000175e+03	-2.300966505553975194e-03
2.281669390000000476e+03	-2.311842156439328222e-03
2.281699520000000575e+03	-2.302717516796864983e-03
2.281729650000000220e+03	-2.283592877154363987e-03
2.281759790000000521e+03	-2.264468528039742523e-03
2.281789920000000166e+03	-2.255343888397251528e-03
2.281820060000000467e+03	-2.271219539282637312e-03
2.281850190000000566e+03	-2.292094899640148564e-03
2.281880320000000211e+03	-2.322970259997683695e-03
2.281910460000000512e+03	-2.343845910883032846e-03
2.281940590000000157e+03	-2.349721271240542975e-03
2.281970720000000256e+03	-2.335596631598074735e-03
2.282000860000000557e+03	-2.306472282483457148e-03
2.282030990000000202e+03	-2.272347642840955029e-03
2.282061130000000503e+03	-2.238223293726318563e-03
2.282091260000000148e+03	-2.214098654083854201e-03
2.282121390000000247e+03	-2.204974014441390961e-03
2.282151530000000548e+03	-2.210849665326738989e-03
2.282181660000000193e+03	-2.226725025684245240e-03
2.282211790000000292e+03	-2.252600386041775371e-03
2.282241930000000139e+03	-2.278476036927129522e-03
2.282272060000000238e+03	-2.299351397284668530e-03
2.282302200000000539e+03	-2.310227048170021558e-03
2.282332330000000184e+03	-2.311102408527554442e-03
2.282362460000000283e+03	-2.296977768885058446e-03
2.282392600000000130e+03	-2.272853419770418104e-03
2.282422730000000229e+03	-2.248728780127953741e-03
2.282452870000000530e+03	-2.234604431013309522e-03
2.282483000000000175e+03	-2.230479791370837406e-03
2.282513130000000274e+03	-2.246355151728371413e-03
2.282543270000000575e+03	-2.267230802613734442e-03
2.282573400000000220e+03	-2.298106162971241817e-03
2.282603530000000319e+03	-2.318981523328766947e-03
2.282633670000000166e+03	-2.334857174214124975e-03
2.282663800000000265e+03	-2.340732534571662860e-03
2.282693940000000566e+03	-2.341608185457019764e-03
2.282724070000000211e+03	-2.337483545814547647e-03
2.282754200000000310e+03	-2.333358906172089409e-03
2.282784340000000157e+03	-2.334234557057418558e-03
2.282814470000000256e+03	-2.335109917414951441e-03
2.282844610000000557e+03	-2.335985568300336102e-03
2.282874740000000202e+03	-2.326860928657831229e-03
2.282904870000000301e+03	-2.307736289015371867e-03
2.282935010000000148e+03	-2.278611939900726524e-03
2.282965140000000247e+03	-2.249487300258257161e-03
2.282995270000000346e+03	-2.230362660615770043e-03
2.283025410000000193e+03	-2.221238311501116947e-03
2.283055540000000292e+03	-2.227113671858654831e-03
2.283085680000000139e+03	-2.247989322744003982e-03
2.283115810000000238e+03	-2.278864683101539113e-03
2.283145940000000337e+03	-2.309740043459074244e-03
2.283176080000000184e+03	-2.330615694344437272e-03
2.283206210000000283e+03	-2.341491054701938523e-03
2.283236340000000382e+03	-2.342366415059471407e-03
2.283266480000000229e+03	-2.328242065944827188e-03
2.283296610000000328e+03	-2.314117426302358949e-03
2.283326750000000175e+03	-2.294993077187723607e-03
2.283356880000000274e+03	-2.275868437545250367e-03
2.283387010000000373e+03	-2.261743797902754372e-03
2.283417150000000220e+03	-2.257619448788106276e-03
2.283447280000000319e+03	-2.258494809145639159e-03
2.283477420000000166e+03	-2.264370460031001064e-03
2.283507550000000265e+03	-2.275245820388530071e-03
2.283537680000000364e+03	-2.296121180746069079e-03
2.283567820000000211e+03	-2.311996831631427107e-03
2.283597950000000310e+03	-2.327872191988933359e-03
2.283628080000000409e+03	-2.333747552346457366e-03
2.283658220000000256e+03	-2.334623203231814270e-03
2.283688350000000355e+03	-2.320498563589346031e-03
2.283718490000000202e+03	-2.301374214474710689e-03
2.283748620000000301e+03	-2.277249574832246326e-03
2.283778750000000400e+03	-2.263124935189778086e-03
2.283808890000000247e+03	-2.259000586075102235e-03
2.283839020000000346e+03	-2.269875946432631242e-03
2.283869160000000193e+03	-2.290751597317994270e-03
2.283899290000000292e+03	-2.321626957675529401e-03
2.283929420000000391e+03	-2.352502318033064532e-03
2.283959560000000238e+03	-2.373377968918413683e-03
2.283989690000000337e+03	-2.389253329275947690e-03
2.284019820000000436e+03	-2.385128689633461696e-03
2.284049960000000283e+03	-2.366004340518812477e-03
2.284080090000000382e+03	-2.336879700876343113e-03
2.284110230000000229e+03	-2.302755351761706648e-03
2.284140360000000328e+03	-2.268630712119232284e-03
2.284170490000000427e+03	-2.244506072476767922e-03
2.284200630000000274e+03	-2.230381723362123703e-03
2.284230760000000373e+03	-2.236257083719633831e-03
2.284260890000000472e+03	-2.257132444077158961e-03
2.284291030000000319e+03	-2.288008094962518113e-03
2.284321160000000418e+03	-2.323883455320058244e-03
2.284351300000000265e+03	-2.349759106205412396e-03
2.284381430000000364e+03	-2.360634466562941403e-03
2.284411560000000463e+03	-2.356509826920469286e-03
2.284441700000000310e+03	-2.332385477805801188e-03
2.284471830000000409e+03	-2.298260838163340702e-03
2.284501970000000256e+03	-2.269136489048695360e-03
2.284532100000000355e+03	-2.255011849406227120e-03
2.284562230000000454e+03	-2.260887209763765004e-03
2.284592370000000301e+03	-2.286762860649119156e-03
2.284622500000000400e+03	-2.322638221006645409e-03
2.284652630000000499e+03	-2.353513581364152785e-03
2.284682770000000346e+03	-2.369389232249510813e-03
2.284712900000000445e+03	-2.365264592607038696e-03
2.284743040000000292e+03	-2.351140243492394477e-03
2.284773170000000391e+03	-2.327015603849930114e-03
2.284803300000000490e+03	-2.302890964207465752e-03
2.284833440000000337e+03	-2.293766615092826533e-03
2.284863570000000436e+03	-2.294641975450331661e-03
2.284893700000000536e+03	-2.295517335807864545e-03
2.284923840000000382e+03	-2.301392986693212572e-03
2.284953970000000481e+03	-2.297268347050754334e-03
2.284984110000000328e+03	-2.278143997936105114e-03
2.285014240000000427e+03	-2.259019358293645752e-03
2.285044370000000526e+03	-2.234894718651139756e-03
2.285074510000000373e+03	-2.225770369536500537e-03
2.285104640000000472e+03	-2.226645729894033421e-03
2.285134780000000319e+03	-2.242521380779391449e-03
2.285164910000000418e+03	-2.268396741136921579e-03
2.285195040000000517e+03	-2.304272101494461711e-03
2.285225180000000364e+03	-2.335147752379820862e-03
2.285255310000000463e+03	-2.366023112737314360e-03
2.285285440000000563e+03	-2.391898473094858368e-03
2.285315580000000409e+03	-2.402774123980211396e-03
2.285345710000000508e+03	-2.398649484337739279e-03
2.285375850000000355e+03	-2.384525135223095060e-03
2.285405980000000454e+03	-2.355400495580639575e-03
2.285436110000000554e+03	-2.326275855938170212e-03
2.285466250000000400e+03	-2.302151506823502114e-03
2.285496380000000499e+03	-2.298026867181029997e-03
2.285526520000000346e+03	-2.313902518066388025e-03
2.285556650000000445e+03	-2.339777878423918156e-03
2.285586780000000545e+03	-2.370653238781453287e-03
2.285616920000000391e+03	-2.391528889666802438e-03
2.285647050000000490e+03	-2.377404250024334198e-03
2.285677180000000135e+03	-2.343279610381845957e-03
2.285707320000000436e+03	-2.289155261267203367e-03
2.285737450000000536e+03	-2.235030621624736757e-03
2.285767590000000382e+03	-2.205906272510091415e-03
2.285797720000000481e+03	-2.206781632867624299e-03
2.285827850000000581e+03	-2.242656993225164430e-03
2.285857990000000427e+03	-2.298532644110520828e-03
2.285888120000000526e+03	-2.359408004468016573e-03
2.285918250000000171e+03	-2.405283364825552828e-03
2.285948390000000472e+03	-2.426159015710915856e-03
2.285978520000000572e+03	-2.427034376068448740e-03
2.286008660000000418e+03	-2.412910026953804521e-03
2.286038790000000517e+03	-2.398785387311336281e-03
2.286068920000000162e+03	-2.384660747668840286e-03
2.286099060000000463e+03	-2.375536398554201067e-03
2.286129190000000563e+03	-2.366411758911723950e-03
2.286159330000000409e+03	-2.352287409797079731e-03
2.286189460000000508e+03	-2.333162770154620369e-03
2.286219590000000153e+03	-2.314038130512119373e-03
2.286249730000000454e+03	-2.294913781397511787e-03
2.286279860000000554e+03	-2.285789141755034670e-03
2.286309990000000198e+03	-2.291664502112544799e-03
2.286340130000000499e+03	-2.307540152997902827e-03
2.286370260000000144e+03	-2.323415513355436834e-03
2.286400400000000445e+03	-2.344291164240785985e-03
2.286430530000000545e+03	-2.350166524598323869e-03
2.286460660000000189e+03	-2.351041884955828998e-03
2.286490800000000490e+03	-2.341917535841217535e-03
2.286520930000000135e+03	-2.322792896198716539e-03
2.286551070000000436e+03	-2.308668547084072320e-03
2.286581200000000536e+03	-2.299543907441609081e-03
2.286611330000000180e+03	-2.300419267799114209e-03
2.286641470000000481e+03	-2.311294918684494992e-03
2.286671600000000581e+03	-2.332170279042034000e-03
2.286701730000000225e+03	-2.363045639399541376e-03
2.286731870000000526e+03	-2.398921290284891650e-03
2.286762000000000171e+03	-2.434796650642431781e-03
2.286792140000000472e+03	-2.465672301527790933e-03
2.286822270000000572e+03	-2.476547661885319940e-03
2.286852400000000216e+03	-2.467423022242828945e-03
2.286882540000000517e+03	-2.443298673128202481e-03
2.286912670000000162e+03	-2.404174033485709239e-03
2.286942800000000261e+03	-2.370049393843248753e-03
2.286972940000000563e+03	-2.340925044728603410e-03
2.287003070000000207e+03	-2.326800405086135171e-03
2.287033210000000508e+03	-2.327676055971492075e-03
2.287063340000000153e+03	-2.338551416328993326e-03
2.287093470000000252e+03	-2.354426776686527334e-03
2.287123610000000554e+03	-2.370302427571885362e-03
2.287153740000000198e+03	-2.376177787929423246e-03
2.287183880000000499e+03	-2.377053438814780151e-03
2.287214010000000144e+03	-2.377928799172313035e-03
2.287244140000000243e+03	-2.383804159529809286e-03
2.287274280000000545e+03	-2.394679810415203947e-03
2.287304410000000189e+03	-2.415555170772701321e-03
2.287334540000000288e+03	-2.441430531130231452e-03
2.287364680000000135e+03	-2.462306182015594480e-03
2.287394810000000234e+03	-2.468181542373132364e-03
2.287424950000000536e+03	-2.459057193258479268e-03
2.287455080000000180e+03	-2.429932553615982149e-03
2.287485210000000279e+03	-2.395807913973521663e-03
2.287515350000000581e+03	-2.366683564858904076e-03
2.287545480000000225e+03	-2.352558925216408081e-03
2.287575610000000324e+03	-2.358434285573945965e-03
2.287605750000000171e+03	-2.384309936459300117e-03
2.287635880000000270e+03	-2.425185296816831371e-03
2.287666020000000572e+03	-2.456060947702190522e-03
2.287696150000000216e+03	-2.461936308059700651e-03
2.287726280000000315e+03	-2.442811668417227411e-03
2.287756420000000162e+03	-2.398687319302580945e-03
2.287786550000000261e+03	-2.339562679660123212e-03
2.287816690000000563e+03	-2.285438330545480623e-03
2.287846820000000207e+03	-2.256313690903011260e-03
2.287876950000000306e+03	-2.262189051260507511e-03
2.287907090000000153e+03	-2.303064702145876663e-03
2.287937220000000252e+03	-2.358940062503409041e-03
2.287967350000000351e+03	-2.409815422860936418e-03
2.287997490000000198e+03	-2.450691073746291693e-03
2.288027620000000297e+03	-2.456566434103829577e-03
2.288057760000000144e+03	-2.442442084989157602e-03
2.288087890000000243e+03	-2.408317445346683239e-03
2.288118020000000342e+03	-2.379192805704227753e-03
2.288148160000000189e+03	-2.365068456589583534e-03
2.288178290000000288e+03	-2.360943816947111418e-03
2.288208430000000135e+03	-2.371819467832464445e-03
2.288238560000000234e+03	-2.382694828190007330e-03
2.288268690000000333e+03	-2.388570188547503581e-03
2.288298830000000180e+03	-2.384445839432869363e-03
2.288328960000000279e+03	-2.375321199790392246e-03
2.288359090000000378e+03	-2.366196560147929007e-03
2.288389230000000225e+03	-2.362072211033280911e-03
2.288419360000000324e+03	-2.367947571390818795e-03
2.288449500000000171e+03	-2.378823222276171823e-03
2.288479630000000270e+03	-2.394698582633678074e-03
2.288509760000000369e+03	-2.410573942991212082e-03
2.288539900000000216e+03	-2.411449593876568986e-03
2.288570030000000315e+03	-2.407324954234096870e-03
2.288600160000000415e+03	-2.393200314591642508e-03
2.288630300000000261e+03	-2.379075965476998289e-03
2.288660430000000360e+03	-2.369951325834521172e-03
2.288690570000000207e+03	-2.365826976719859198e-03
2.288720700000000306e+03	-2.361702337077387082e-03
2.288750830000000406e+03	-2.352577697434923842e-03
2.288780970000000252e+03	-2.338453348320279623e-03
2.288811100000000351e+03	-2.319328708677806383e-03
2.288841240000000198e+03	-2.295204359563166041e-03
2.288871370000000297e+03	-2.271079719920701678e-03
2.288901500000000397e+03	-2.266955080278201806e-03
2.288931640000000243e+03	-2.277830731163568712e-03
2.288961770000000342e+03	-2.303706091521098842e-03
2.288991900000000442e+03	-2.344581451878630096e-03
2.289022040000000288e+03	-2.390457102763990371e-03
2.289052170000000388e+03	-2.426332463121516625e-03
2.289082310000000234e+03	-2.452208114006870776e-03
2.289112440000000333e+03	-2.463083474364385905e-03
2.289142570000000433e+03	-2.458958834721913789e-03
2.289172710000000279e+03	-2.449834485607274570e-03
2.289202840000000378e+03	-2.430709845964801330e-03
2.289232970000000478e+03	-2.421585206322338091e-03
2.289263110000000324e+03	-2.407460857207693872e-03
2.289293240000000424e+03	-2.403336217565221755e-03
2.289323380000000270e+03	-2.404211868450550904e-03
2.289353510000000369e+03	-2.405087228808083788e-03
2.289383640000000469e+03	-2.410962589165621672e-03
2.289413780000000315e+03	-2.416838240050983577e-03
2.289443910000000415e+03	-2.422713600408507584e-03
2.289474050000000261e+03	-2.433589251293860611e-03
2.289504180000000360e+03	-2.439464611651398496e-03
2.289534310000000460e+03	-2.440339972008903624e-03
2.289564450000000306e+03	-2.436215622894255528e-03
2.289594580000000406e+03	-2.432090983251797289e-03
2.289624710000000505e+03	-2.422966343609334050e-03
2.289654850000000351e+03	-2.413841994494680954e-03
2.289684980000000451e+03	-2.404717354852217714e-03
2.289715120000000297e+03	-2.400593005737569618e-03
2.289745250000000397e+03	-2.401468366095074747e-03
2.289775380000000496e+03	-2.402343726452607631e-03
2.289805520000000342e+03	-2.413219377337974536e-03
2.289835650000000442e+03	-2.424094737695503543e-03
2.289865790000000288e+03	-2.439970388580861571e-03
2.289895920000000388e+03	-2.450845748938390578e-03
2.289926050000000487e+03	-2.456721109295900707e-03
2.289956190000000333e+03	-2.452596760181252611e-03
2.289986320000000433e+03	-2.438472120538784371e-03
2.290016450000000532e+03	-2.419347480896325009e-03
2.290046590000000378e+03	-2.400223131781675789e-03
2.290076720000000478e+03	-2.386098492139207550e-03
2.290106860000000324e+03	-2.386974143024564454e-03
2.290136990000000424e+03	-2.397849503382065706e-03
2.290167120000000523e+03	-2.418724863739604714e-03
2.290197260000000369e+03	-2.444600514624958865e-03
2.290227390000000469e+03	-2.460475874982492872e-03
2.290257520000000568e+03	-2.466351235340030756e-03
2.290287660000000415e+03	-2.457226886225377660e-03
2.290317790000000514e+03	-2.438102246582918298e-03
2.290347930000000360e+03	-2.413977897468250200e-03
2.290378060000000460e+03	-2.394853257825776960e-03
2.290408190000000559e+03	-2.380728618183308720e-03
2.290438330000000406e+03	-2.376604269068674502e-03
2.290468460000000505e+03	-2.377479629426207386e-03
2.290498600000000351e+03	-2.383355280311555413e-03
2.290528730000000451e+03	-2.389230640669093297e-03
2.290558860000000550e+03	-2.395106001026589548e-03
2.290589000000000397e+03	-2.395981651911946453e-03
2.290619130000000496e+03	-2.396857012269479337e-03
2.290649260000000140e+03	-2.402732372627017221e-03
2.290679400000000442e+03	-2.403608023512374126e-03
2.290709530000000541e+03	-2.414483383869903133e-03
2.290739670000000388e+03	-2.420359034755265037e-03
2.290769800000000487e+03	-2.421234395112770166e-03
2.290799930000000131e+03	-2.417109755470298049e-03
2.290830070000000433e+03	-2.402985406355653830e-03
2.290860200000000532e+03	-2.383860766713194468e-03
2.290890340000000378e+03	-2.359736417598554126e-03
2.290920470000000478e+03	-2.345611777956085886e-03
2.290950600000000577e+03	-2.336487138313622647e-03
2.290980740000000424e+03	-2.337362789198951796e-03
2.291010870000000523e+03	-2.353238149556471925e-03
2.291041000000000167e+03	-2.374113509914010933e-03
2.291071140000000469e+03	-2.389989160799368961e-03
2.291101270000000568e+03	-2.400864521156897968e-03
2.291131410000000415e+03	-2.396740172042263750e-03
2.291161540000000514e+03	-2.392615532399791634e-03
2.291191670000000158e+03	-2.388490892757291761e-03
2.291221810000000460e+03	-2.389366543642648666e-03
2.291251940000000559e+03	-2.400241904000191551e-03
2.291282070000000203e+03	-2.416117264357683925e-03
2.291312210000000505e+03	-2.436992915243074709e-03
2.291342340000000149e+03	-2.447868275600575960e-03
2.291372480000000451e+03	-2.438743926485964497e-03
2.291402610000000550e+03	-2.419619286843463501e-03
2.291432740000000194e+03	-2.390494647201008016e-03
2.291462880000000496e+03	-2.371370298086358797e-03
2.291493010000000140e+03	-2.357245658443862801e-03
2.291523150000000442e+03	-2.368121309329243585e-03
2.291553280000000541e+03	-2.383996669686777592e-03
2.291583410000000185e+03	-2.409872030044293845e-03
2.291613550000000487e+03	-2.420747680929646872e-03
2.291643680000000131e+03	-2.421623041287179756e-03
2.291673810000000231e+03	-2.402498401644706516e-03
2.291703950000000532e+03	-2.378374052530066174e-03
2.291734080000000176e+03	-2.359249412887579056e-03
2.291764220000000478e+03	-2.350125063772953715e-03
2.291794350000000577e+03	-2.366000424130459967e-03
2.291824480000000221e+03	-2.396875784487995098e-03
2.291854620000000523e+03	-2.432751435373345372e-03
2.291884750000000167e+03	-2.468626795730885504e-03
2.291914880000000267e+03	-2.494502156088387879e-03
2.291945020000000568e+03	-2.510377806973773662e-03
2.291975150000000212e+03	-2.506253167331273790e-03
2.292005290000000514e+03	-2.502128818216639572e-03
2.292035420000000158e+03	-2.488004178574171332e-03
2.292065550000000258e+03	-2.468879538931698092e-03
2.292095690000000559e+03	-2.449755189817062750e-03
2.292125820000000203e+03	-2.420630550174565632e-03
2.292155960000000505e+03	-2.391506201059948045e-03
2.292186090000000149e+03	-2.362381561417450926e-03
2.292216220000000249e+03	-2.353256921774987687e-03
2.292246360000000550e+03	-2.359132572660349592e-03
2.292276490000000194e+03	-2.385007933017879722e-03
2.292306620000000294e+03	-2.430883293375415977e-03
2.292336760000000140e+03	-2.476758944260734618e-03
2.292366890000000240e+03	-2.517634304618265872e-03
2.292397030000000541e+03	-2.528509955503660533e-03
2.292427160000000185e+03	-2.519385315861155661e-03
2.292457290000000285e+03	-2.485260676218695175e-03
2.292487430000000131e+03	-2.451136327104044832e-03
2.292517560000000231e+03	-2.417011687461584346e-03
2.292547700000000532e+03	-2.402887338346940127e-03
2.292577830000000176e+03	-2.408762698704450256e-03
2.292607960000000276e+03	-2.424638059061984263e-03
2.292638100000000577e+03	-2.440513709947342291e-03
2.292668230000000221e+03	-2.451389070304871298e-03
2.292698360000000321e+03	-2.452264430662404182e-03
2.292728500000000167e+03	-2.448140081547756086e-03
2.292758630000000267e+03	-2.444015441905270092e-03
2.292788770000000568e+03	-2.454891092790650875e-03
2.292818900000000212e+03	-2.480766453148153250e-03
2.292849030000000312e+03	-2.511641813505688381e-03
2.292879170000000158e+03	-2.547517464391038655e-03
2.292909300000000258e+03	-2.568392824748577663e-03
2.292939430000000357e+03	-2.564268185106077791e-03
2.292969570000000203e+03	-2.535143835991432448e-03
2.292999700000000303e+03	-2.491019196348975839e-03
2.293029840000000149e+03	-2.436894847234333250e-03
2.293059970000000249e+03	-2.387770207591857763e-03
2.293090100000000348e+03	-2.358645567949388400e-03
2.293120240000000194e+03	-2.354521218834754182e-03
2.293150370000000294e+03	-2.365396579192255433e-03
2.293180510000000140e+03	-2.386272230077618461e-03
2.293210640000000240e+03	-2.407147590435143591e-03
2.293240770000000339e+03	-2.423022950792677599e-03
2.293270910000000185e+03	-2.428898601678039504e-03
2.293301040000000285e+03	-2.424773962035567387e-03
2.293331170000000384e+03	-2.420649322393095271e-03
2.293361310000000231e+03	-2.411524973278428297e-03
2.293391440000000330e+03	-2.397400333635960057e-03
2.293421580000000176e+03	-2.393275984521325839e-03
2.293451710000000276e+03	-2.389151344878853722e-03
2.293481840000000375e+03	-2.390026705236386606e-03
2.293511980000000221e+03	-2.395902356121748511e-03
2.293542110000000321e+03	-2.406777716479277518e-03
2.293572240000000420e+03	-2.422653076836783770e-03
2.293602380000000267e+03	-2.438528727722141798e-03
2.293632510000000366e+03	-2.444404088079665804e-03
2.293662650000000212e+03	-2.445279738965022709e-03
2.293692780000000312e+03	-2.441155099322564470e-03
2.293722910000000411e+03	-2.437030459680092354e-03
2.293753050000000258e+03	-2.437906110565449258e-03
2.293783180000000357e+03	-2.443781470922959387e-03
2.293813320000000203e+03	-2.459657121808317415e-03
2.293843450000000303e+03	-2.475532482165851422e-03
2.293873580000000402e+03	-2.491407842523371552e-03
2.293903720000000249e+03	-2.507283493408729580e-03
2.293933850000000348e+03	-2.508158853766262464e-03
2.293963980000000447e+03	-2.499034214123799225e-03
2.293994120000000294e+03	-2.489909865009132250e-03
2.294024250000000393e+03	-2.480785225366669011e-03
2.294054390000000240e+03	-2.476660876252020915e-03
2.294084520000000339e+03	-2.477536236609553799e-03
2.294114650000000438e+03	-2.488411596967082806e-03
2.294144790000000285e+03	-2.499287247852435834e-03
2.294174920000000384e+03	-2.515162608209969841e-03
2.294205060000000231e+03	-2.526038259095308991e-03
2.294235190000000330e+03	-2.531913619452832998e-03
2.294265320000000429e+03	-2.537788979810370882e-03
2.294295460000000276e+03	-2.548664630695723909e-03
2.294325590000000375e+03	-2.554539991053261794e-03
2.294355720000000474e+03	-2.555415351410794678e-03
2.294385860000000321e+03	-2.551291002296146582e-03
2.294415990000000420e+03	-2.537166362653650586e-03
2.294446130000000267e+03	-2.513042013539010244e-03
2.294476260000000366e+03	-2.483917373896540881e-03
2.294506390000000465e+03	-2.459792734254076518e-03
2.294536530000000312e+03	-2.445668385139432299e-03
2.294566660000000411e+03	-2.451543745496970184e-03
2.294596790000000510e+03	-2.467419105854476435e-03
2.294626930000000357e+03	-2.498294756739835587e-03
2.294657060000000456e+03	-2.519170117097360717e-03
2.294687200000000303e+03	-2.530045767982713745e-03
2.294717330000000402e+03	-2.520921128340250505e-03
2.294747460000000501e+03	-2.501796488697791143e-03
2.294777600000000348e+03	-2.477672139583136923e-03
2.294807730000000447e+03	-2.468547499940645928e-03
2.294837870000000294e+03	-2.474423150826007833e-03
2.294868000000000393e+03	-2.490298511183541841e-03
2.294898130000000492e+03	-2.516173871541071971e-03
2.294928270000000339e+03	-2.527049522426424999e-03
2.294958400000000438e+03	-2.522924882783952882e-03
2.294988530000000537e+03	-2.498800243141488520e-03
2.295018670000000384e+03	-2.464675894026824299e-03
2.295048800000000483e+03	-2.430551254384349935e-03
2.295078940000000330e+03	-2.406426905269709593e-03
2.295109070000000429e+03	-2.402302265627251354e-03
2.295139200000000528e+03	-2.413177625984780361e-03
2.295169340000000375e+03	-2.429053276870138389e-03
2.295199470000000474e+03	-2.434928637227662396e-03
2.295229610000000321e+03	-2.435804288112991545e-03
2.295259740000000420e+03	-2.426679648470528305e-03
2.295289870000000519e+03	-2.422555008828056189e-03
2.295320010000000366e+03	-2.428430659713418094e-03
2.295350140000000465e+03	-2.449306020070957102e-03
2.295380270000000564e+03	-2.485181380428483355e-03
2.295410410000000411e+03	-2.521057031313847507e-03
2.295440540000000510e+03	-2.541932391671344882e-03
2.295470680000000357e+03	-2.542808042556701786e-03
2.295500810000000456e+03	-2.518683402914237424e-03
2.295530940000000555e+03	-2.474558763271766937e-03
2.295561080000000402e+03	-2.435434414157125471e-03
2.295591210000000501e+03	-2.406309774514656108e-03
2.295621340000000146e+03	-2.412185134872166237e-03
2.295651480000000447e+03	-2.443060785757525388e-03
2.295681610000000546e+03	-2.488936146115047765e-03
2.295711750000000393e+03	-2.534811797000408040e-03
2.295741880000000492e+03	-2.565687157357943171e-03
2.295772010000000137e+03	-2.566562517715448299e-03
2.295802150000000438e+03	-2.542438168600835713e-03
2.295832280000000537e+03	-2.508313528958361349e-03
2.295862420000000384e+03	-2.469189179843692128e-03
2.295892550000000483e+03	-2.450064540201232766e-03
2.295922680000000582e+03	-2.450939900558765649e-03
2.295952820000000429e+03	-2.471815551444114800e-03
2.295982950000000528e+03	-2.507690911801654932e-03
2.296013080000000173e+03	-2.543566272159153430e-03
2.296043220000000474e+03	-2.564441923044544214e-03
2.296073350000000573e+03	-2.565317283402049342e-03
2.296103490000000420e+03	-2.546192934287400123e-03
2.296133620000000519e+03	-2.522068294644935760e-03
2.296163750000000164e+03	-2.502943655002434764e-03
2.296193890000000465e+03	-2.493819305887823301e-03
2.296224020000000564e+03	-2.499694666245361185e-03
2.296254150000000209e+03	-2.520570026602858560e-03
2.296284290000000510e+03	-2.536445677488216588e-03
2.296314420000000155e+03	-2.547321037845759473e-03
2.296344560000000456e+03	-2.538196688731106376e-03
2.296374690000000555e+03	-2.519072049088647014e-03
2.296404820000000200e+03	-2.489947409446149895e-03
2.296434960000000501e+03	-2.470823060331528431e-03
2.296465090000000146e+03	-2.456698420689032436e-03
2.296495230000000447e+03	-2.462574071574394341e-03
2.296525360000000546e+03	-2.478449431931928348e-03
2.296555490000000191e+03	-2.499324792289467356e-03
2.296585630000000492e+03	-2.515200443174811507e-03
2.296615760000000137e+03	-2.521075803532321635e-03
2.296645890000000236e+03	-2.516951163889849519e-03
2.296676030000000537e+03	-2.507826814775210300e-03
2.296706160000000182e+03	-2.498702175132747061e-03
2.296736300000000483e+03	-2.494577826018098965e-03
2.296766430000000582e+03	-2.495453186375631849e-03
2.296796560000000227e+03	-2.506328546733146978e-03
2.296826700000000528e+03	-2.512204197618522761e-03
2.296856830000000173e+03	-2.518079557976032889e-03
2.296886970000000474e+03	-2.518955208861389794e-03
2.296917100000000573e+03	-2.524830569218913801e-03
2.296947230000000218e+03	-2.525705929576446684e-03
2.296977370000000519e+03	-2.536581580461813590e-03
2.297007500000000164e+03	-2.547456940819314841e-03
2.297037630000000263e+03	-2.553332301176852726e-03
2.297067770000000564e+03	-2.559207952062228508e-03
2.297097900000000209e+03	-2.555083312419742514e-03
2.297128040000000510e+03	-2.550958963305094418e-03
2.297158170000000155e+03	-2.546834323662622301e-03
2.297188300000000254e+03	-2.542709684020164063e-03
2.297218440000000555e+03	-2.543585334905520967e-03
2.297248570000000200e+03	-2.539460695263021095e-03
2.297278700000000299e+03	-2.530336055620557856e-03
2.297308840000000146e+03	-2.516211706505913637e-03
2.297338970000000245e+03	-2.492087066863449274e-03
2.297369110000000546e+03	-2.462962717748803931e-03
2.297399240000000191e+03	-2.443838078106330691e-03
2.297429370000000290e+03	-2.434713438463839696e-03
2.297459510000000137e+03	-2.450589089349197724e-03
2.297489640000000236e+03	-2.486464449706723978e-03
2.297519780000000537e+03	-2.532340100592084253e-03
2.297549910000000182e+03	-2.573215460949615507e-03
2.297580040000000281e+03	-2.599090821307145638e-03
2.297610180000000582e+03	-2.594966472192511420e-03
2.297640310000000227e+03	-2.570841832550019301e-03
2.297670440000000326e+03	-2.526717192907548815e-03
2.297700580000000173e+03	-2.482592843792902348e-03
2.297730710000000272e+03	-2.448468204150441863e-03
2.297760850000000573e+03	-2.434343855035797644e-03
2.297790980000000218e+03	-2.440219215393321650e-03
2.297821110000000317e+03	-2.466094575750837903e-03
2.297851250000000164e+03	-2.496970226636183177e-03
2.297881380000000263e+03	-2.527845586993718308e-03
2.297911510000000362e+03	-2.543720947351252315e-03
2.297941650000000209e+03	-2.554596598236605343e-03
2.297971780000000308e+03	-2.560471958594143227e-03
2.298001920000000155e+03	-2.561347609479500131e-03
2.298032050000000254e+03	-2.557222969837000259e-03
2.298062180000000353e+03	-2.553098330194542021e-03
2.298092320000000200e+03	-2.543973981079902802e-03
2.298122450000000299e+03	-2.519849341437424561e-03
2.298152590000000146e+03	-2.485724992322788096e-03
2.298182720000000245e+03	-2.446600352680322610e-03
2.298212850000000344e+03	-2.407475713037857123e-03
2.298242990000000191e+03	-2.393351363923185149e-03
2.298273120000000290e+03	-2.394226724280718033e-03
2.298303250000000389e+03	-2.430102084638244286e-03
2.298333390000000236e+03	-2.475977735523604562e-03
2.298363520000000335e+03	-2.536853095881141940e-03
2.298393660000000182e+03	-2.587728746766493337e-03
2.298423790000000281e+03	-2.618604107124028468e-03
2.298453920000000380e+03	-2.624479467481524719e-03
2.298484060000000227e+03	-2.620355118366890501e-03
2.298514190000000326e+03	-2.596230478724426138e-03
2.298544330000000173e+03	-2.577106129609776919e-03
2.298574460000000272e+03	-2.562981489967308679e-03
2.298604590000000371e+03	-2.548856850324840440e-03
2.298634730000000218e+03	-2.539732501210201221e-03
2.298664860000000317e+03	-2.530607861567710226e-03
2.298694990000000416e+03	-2.516483221925241986e-03
2.298725130000000263e+03	-2.502358872810597767e-03
2.298755260000000362e+03	-2.493234233168134528e-03
2.298785400000000209e+03	-2.494109884053491433e-03
2.298815530000000308e+03	-2.514985244411016563e-03
2.298845660000000407e+03	-2.545860604768551694e-03
2.298875800000000254e+03	-2.581736255653874212e-03
2.298905930000000353e+03	-2.617611616011414344e-03
2.298936060000000452e+03	-2.638486976368939474e-03
2.298966200000000299e+03	-2.639362627254296378e-03
2.298996330000000398e+03	-2.620237987611837016e-03
2.299026470000000245e+03	-2.591113638497191674e-03
2.299056600000000344e+03	-2.561988998854722310e-03
2.299086730000000443e+03	-2.547864359212226315e-03
2.299116870000000290e+03	-2.543740010097592097e-03
2.299147000000000389e+03	-2.554615370455121104e-03
2.299177140000000236e+03	-2.570491021340479132e-03
2.299207270000000335e+03	-2.576366381698017016e-03
2.299237400000000434e+03	-2.567241742055539899e-03
2.299267540000000281e+03	-2.548117392940904558e-03
2.299297670000000380e+03	-2.518992753298407439e-03
2.299327800000000479e+03	-2.504868113655939199e-03
2.299357940000000326e+03	-2.500743764541291103e-03
2.299388070000000425e+03	-2.516619124898825111e-03
2.299418210000000272e+03	-2.537494775784188139e-03
2.299448340000000371e+03	-2.563370136141718270e-03
2.299478470000000470e+03	-2.574245496499219521e-03
2.299508610000000317e+03	-2.560121147384575302e-03
2.299538740000000416e+03	-2.530996507742119817e-03
2.299568880000000263e+03	-2.491872158627464473e-03
2.299599010000000362e+03	-2.452747518984998987e-03
2.299629140000000461e+03	-2.438622879342530747e-03
2.299659280000000308e+03	-2.449498530227897652e-03
2.299689410000000407e+03	-2.485373890585396150e-03
2.299719540000000507e+03	-2.531249250942932405e-03
2.299749680000000353e+03	-2.572124901828287680e-03
2.299779810000000452e+03	-2.593000262185826688e-03
2.299809950000000299e+03	-2.593875913071183592e-03
2.299840080000000398e+03	-2.574751273428710352e-03
2.299870210000000498e+03	-2.540626633786249866e-03
2.299900350000000344e+03	-2.516502284671567891e-03
2.299930480000000443e+03	-2.502377645029099651e-03
2.299960610000000543e+03	-2.508253005386637535e-03
2.299990750000000389e+03	-2.534128656271991686e-03
2.300020880000000489e+03	-2.565004016629526817e-03
2.300051020000000335e+03	-2.600879667514890969e-03
2.300081150000000434e+03	-2.621755027872416099e-03
2.300111280000000534e+03	-2.627630388229926228e-03
2.300141420000000380e+03	-2.618506039115273132e-03
2.300171550000000479e+03	-2.594381399472808769e-03
2.300201690000000326e+03	-2.565257050358163426e-03
2.300231820000000425e+03	-2.546132410715704064e-03
2.300261950000000525e+03	-2.537007771073240825e-03
2.300292090000000371e+03	-2.537883421958597729e-03
2.300322220000000470e+03	-2.553758782316103981e-03
2.300352350000000570e+03	-2.569634142673624111e-03
2.300382490000000416e+03	-2.580509793558991016e-03
2.300412620000000516e+03	-2.581385153916523900e-03
2.300442760000000362e+03	-2.572260804801870804e-03
2.300472890000000461e+03	-2.553136165159411441e-03
2.300503020000000561e+03	-2.534011525516938201e-03
2.300533160000000407e+03	-2.524887176402271227e-03
2.300563290000000507e+03	-2.520762536759799111e-03
2.300593420000000151e+03	-2.521637897117331995e-03
2.300623560000000452e+03	-2.532513548002698900e-03
2.300653690000000552e+03	-2.543388908360227907e-03
2.300683830000000398e+03	-2.549264559245589812e-03
2.300713960000000498e+03	-2.560139919603118819e-03
2.300744090000000142e+03	-2.571015279960620070e-03
2.300774230000000443e+03	-2.586890930845978098e-03
2.300804360000000543e+03	-2.597766291203507105e-03
2.300834500000000389e+03	-2.613641942088865133e-03
2.300864630000000489e+03	-2.624517302446408018e-03
2.300894760000000133e+03	-2.625392662803913146e-03
2.300924900000000434e+03	-2.621268313689292806e-03
2.300955030000000534e+03	-2.617143674046792934e-03
2.300985160000000178e+03	-2.618019034404325818e-03
2.301015300000000479e+03	-2.623894685289687723e-03
2.301045430000000579e+03	-2.639770045647221730e-03
2.301075570000000425e+03	-2.655645696532579758e-03
2.301105700000000525e+03	-2.661521056890103765e-03
2.301135830000000169e+03	-2.647396417247607769e-03
2.301165970000000470e+03	-2.623272068132967427e-03
2.301196100000000570e+03	-2.589147428490506941e-03
2.301226240000000416e+03	-2.565023079375866599e-03
2.301256370000000516e+03	-2.550898439733398360e-03
2.301286500000000160e+03	-2.556773800090894611e-03
2.301316640000000461e+03	-2.587649450976281518e-03
2.301346770000000561e+03	-2.623524811333793894e-03
2.301376900000000205e+03	-2.659400171691320147e-03
2.301407040000000507e+03	-2.685275822576674298e-03
2.301437170000000151e+03	-2.686151182934207182e-03
2.301467310000000452e+03	-2.677026833819567964e-03
2.301497440000000552e+03	-2.652902194177103601e-03
2.301527570000000196e+03	-2.628777554534611482e-03
2.301557710000000498e+03	-2.604653205419957263e-03
2.301587840000000142e+03	-2.580528565777492900e-03
2.301617970000000241e+03	-2.551403926135023537e-03
2.301648110000000543e+03	-2.522279577020392072e-03
2.301678240000000187e+03	-2.493154937377894953e-03
2.301708380000000489e+03	-2.474030588263273489e-03
2.301738510000000133e+03	-2.464905948620782494e-03
2.301768640000000232e+03	-2.480781308978316502e-03
2.301798780000000534e+03	-2.516656959863666776e-03
2.301828910000000178e+03	-2.562532320221203030e-03
2.301859050000000479e+03	-2.608407971106563306e-03
2.301889180000000579e+03	-2.639283331464098437e-03
2.301919310000000223e+03	-2.650158691821599688e-03
2.301949450000000525e+03	-2.641034342706988225e-03
2.301979580000000169e+03	-2.621909703064487229e-03
2.302009710000000268e+03	-2.597785063422022866e-03
2.302039850000000570e+03	-2.583660714307378647e-03
2.302069980000000214e+03	-2.579536074664906531e-03
2.302100120000000516e+03	-2.590411725550273436e-03
2.302130250000000160e+03	-2.606287085907779688e-03
2.302160380000000259e+03	-2.622162446265299818e-03
2.302190520000000561e+03	-2.628038097150661723e-03
2.302220650000000205e+03	-2.623913457508189606e-03
2.302250790000000507e+03	-2.609789108393559265e-03
2.302280920000000151e+03	-2.595664468751091025e-03
2.302311050000000250e+03	-2.586539829108586153e-03
2.302341190000000552e+03	-2.577415479993974690e-03
2.302371320000000196e+03	-2.583290840351484818e-03
2.302401450000000295e+03	-2.594166200709013825e-03
2.302431590000000142e+03	-2.605041851594366853e-03
2.302461720000000241e+03	-2.615917211951909738e-03
2.302491860000000543e+03	-2.621792862837257765e-03
2.302521990000000187e+03	-2.622668223194762893e-03
2.302552120000000286e+03	-2.613543583552299654e-03
2.302582260000000133e+03	-2.604419234437660435e-03
2.302612390000000232e+03	-2.595294594795183318e-03
2.302642520000000331e+03	-2.591169955152725080e-03
2.302672660000000178e+03	-2.597045606038073107e-03
2.302702790000000277e+03	-2.602920966395583235e-03
2.302732930000000579e+03	-2.613796617280964019e-03
2.302763060000000223e+03	-2.619671977638474147e-03
2.302793190000000322e+03	-2.625547337996012032e-03
2.302823330000000169e+03	-2.631422988881360059e-03
2.302853460000000268e+03	-2.637298349238897943e-03
2.302883600000000570e+03	-2.643174000124245970e-03
2.302913730000000214e+03	-2.649049360481756099e-03
2.302943860000000313e+03	-2.659924720839285106e-03
2.302974000000000160e+03	-2.670800371724652011e-03
2.303004130000000259e+03	-2.666675732082179895e-03
2.303034260000000359e+03	-2.657551092439716656e-03
2.303064400000000205e+03	-2.633426743325076314e-03
2.303094530000000304e+03	-2.609302103682598073e-03
2.303124670000000151e+03	-2.590177754567934976e-03
2.303154800000000250e+03	-2.586053114925462859e-03
2.303184930000000350e+03	-2.596928475282991866e-03
2.303215070000000196e+03	-2.622804126168359895e-03
2.303245200000000295e+03	-2.658679486525886149e-03
2.303275330000000395e+03	-2.689554846883421280e-03
2.303305470000000241e+03	-2.710430497768770430e-03
2.303335600000000341e+03	-2.706305858126284436e-03
2.303365740000000187e+03	-2.682181509011644094e-03
2.303395870000000286e+03	-2.643056869369178608e-03
2.303426000000000386e+03	-2.603932229726699243e-03
2.303456140000000232e+03	-2.569807880612062778e-03
2.303486270000000331e+03	-2.560683240969599539e-03
2.303516410000000178e+03	-2.566558891854947566e-03
2.303546540000000277e+03	-2.597434252212454941e-03
2.303576670000000377e+03	-2.628309612569990072e-03
2.303606810000000223e+03	-2.659185263455349224e-03
2.303636940000000322e+03	-2.665060623812873231e-03
2.303667070000000422e+03	-2.650935984170418869e-03
2.303697210000000268e+03	-2.611811635055763525e-03
2.303727340000000368e+03	-2.567686995413306916e-03
2.303757480000000214e+03	-2.538562646298633818e-03
2.303787610000000313e+03	-2.534438006656161702e-03
2.303817740000000413e+03	-2.575313367013692956e-03
2.303847880000000259e+03	-2.641189017899059355e-03
2.303878010000000359e+03	-2.722064378256588979e-03
2.303908150000000205e+03	-2.792940029141946501e-03
2.303938280000000304e+03	-2.823815389499481632e-03
2.303968410000000404e+03	-2.809690749856985637e-03
2.303998550000000250e+03	-2.750566400742338047e-03
2.304028680000000350e+03	-2.671441761099874190e-03
2.304058810000000449e+03	-2.597317121457401456e-03
2.304088950000000295e+03	-2.548192772342763868e-03
2.304119080000000395e+03	-2.534068132700295628e-03
2.304149220000000241e+03	-2.554943783585644779e-03
2.304179350000000341e+03	-2.595819143943162155e-03
2.304209480000000440e+03	-2.631694504300688409e-03
2.304239620000000286e+03	-2.657570155186042560e-03
2.304269750000000386e+03	-2.663445515543580444e-03
2.304299880000000485e+03	-2.659320875901108328e-03
2.304330020000000331e+03	-2.655196526786474109e-03
2.304360150000000431e+03	-2.661071887143970360e-03
2.304390290000000277e+03	-2.681947538029333389e-03
2.304420420000000377e+03	-2.702822898386858519e-03
2.304450550000000476e+03	-2.713698258744401404e-03
2.304480690000000322e+03	-2.709573909629753308e-03
2.304510820000000422e+03	-2.680449269987283945e-03
2.304540960000000268e+03	-2.641324920872642479e-03
2.304571090000000368e+03	-2.607200281230154237e-03
2.304601220000000467e+03	-2.583075641587675997e-03
2.304631360000000313e+03	-2.583951292473032901e-03
2.304661490000000413e+03	-2.604826652830571909e-03
2.304691620000000512e+03	-2.635702013188107040e-03
2.304721760000000359e+03	-2.661577664073461191e-03
2.304751890000000458e+03	-2.667453024430999076e-03
2.304782030000000304e+03	-2.648328675316322101e-03
2.304812160000000404e+03	-2.619204035673852737e-03
2.304842290000000503e+03	-2.585079396031392251e-03
2.304872430000000350e+03	-2.570955046916748032e-03
2.304902560000000449e+03	-2.581830407274277039e-03
2.304932690000000548e+03	-2.612705767631812170e-03
2.304962830000000395e+03	-2.653581418517167445e-03
2.304992960000000494e+03	-2.684456778874674820e-03
2.305023100000000341e+03	-2.700332429760032849e-03
2.305053230000000440e+03	-2.686207790117564609e-03
2.305083360000000539e+03	-2.657083150475095246e-03
2.305113500000000386e+03	-2.617958801360453780e-03
2.305143630000000485e+03	-2.598834161717980540e-03
2.305173770000000331e+03	-2.604709812603342445e-03
2.305203900000000431e+03	-2.635585172960849820e-03
2.305234030000000530e+03	-2.681460533318386075e-03
2.305264170000000377e+03	-2.727336184203732472e-03
2.305294300000000476e+03	-2.758211544561267603e-03
2.305324430000000575e+03	-2.764086904918805487e-03
2.305354570000000422e+03	-2.739962555804165145e-03
2.305384700000000521e+03	-2.695837916161694658e-03
2.305414840000000368e+03	-2.646713567047015436e-03
2.305444970000000467e+03	-2.612588927404554950e-03
2.305475100000000566e+03	-2.598464287762086711e-03
2.305505240000000413e+03	-2.609339938647439738e-03
2.305535370000000512e+03	-2.640215299004974869e-03
2.305565510000000359e+03	-2.676090949890339021e-03
2.305595640000000458e+03	-2.706966310247874152e-03
2.305625770000000557e+03	-2.727841670605371527e-03
2.305655910000000404e+03	-2.728717321490728431e-03
2.305686040000000503e+03	-2.724592681848256315e-03
2.305716170000000147e+03	-2.715468042205765320e-03
2.305746310000000449e+03	-2.706343693091153857e-03
2.305776440000000548e+03	-2.702219053448681740e-03
2.305806580000000395e+03	-2.698094704334047522e-03
2.305836710000000494e+03	-2.688970064691542650e-03
2.305866840000000138e+03	-2.679845425049079410e-03
2.305896980000000440e+03	-2.660721075934430191e-03
2.305927110000000539e+03	-2.636596436291965828e-03
2.305957240000000183e+03	-2.617471796649478710e-03
2.305987380000000485e+03	-2.613347447534858370e-03
2.306017510000000129e+03	-2.619222807892368499e-03
2.306047650000000431e+03	-2.640098458777717649e-03
2.306077780000000530e+03	-2.660973819135256657e-03
2.306107910000000174e+03	-2.671849179492785664e-03
2.306138050000000476e+03	-2.662724830378146446e-03
2.306168180000000575e+03	-2.633600190735677082e-03
2.306198320000000422e+03	-2.604475841621031740e-03
2.306228450000000521e+03	-2.575351201978534621e-03
2.306258580000000165e+03	-2.576226562336067505e-03
2.306288720000000467e+03	-2.612102213221431657e-03
2.306318850000000566e+03	-2.672977573578955157e-03
2.306348980000000211e+03	-2.748852933936465903e-03
2.306379120000000512e+03	-2.809728584821855057e-03
2.306409250000000156e+03	-2.840603945179362433e-03
2.306439390000000458e+03	-2.831479596064709336e-03
2.306469520000000557e+03	-2.787354956422252727e-03
2.306499650000000202e+03	-2.723230316779776117e-03
2.306529790000000503e+03	-2.669105967665133528e-03
2.306559920000000147e+03	-2.629981328022640286e-03
2.306590060000000449e+03	-2.625856978908019945e-03
2.306620190000000548e+03	-2.636732339265562830e-03
2.306650320000000193e+03	-2.652607699623069082e-03
2.306680460000000494e+03	-2.663483350508422109e-03
2.306710590000000138e+03	-2.654358710865958870e-03
2.306740720000000238e+03	-2.635234071223485630e-03
2.306770860000000539e+03	-2.611109722108845288e-03
2.306800990000000183e+03	-2.596985082466349293e-03
2.306831130000000485e+03	-2.597860733351733953e-03
2.306861260000000129e+03	-2.618736093709245205e-03
2.306891390000000229e+03	-2.644611454066775336e-03
2.306921530000000530e+03	-2.670487104952129487e-03
2.306951660000000174e+03	-2.681362465309658494e-03
2.306981790000000274e+03	-2.672237825667167499e-03
2.307011930000000575e+03	-2.658113476552551036e-03
2.307042060000000220e+03	-2.633988836910058917e-03
2.307072200000000521e+03	-2.619864487795414698e-03
2.307102330000000165e+03	-2.615739848152942582e-03
2.307132460000000265e+03	-2.621615208510480466e-03
2.307162600000000566e+03	-2.642490859395829617e-03
2.307192730000000211e+03	-2.663366219753340869e-03
2.307222870000000512e+03	-2.689241870638722776e-03
2.307253000000000156e+03	-2.705117230996229027e-03
2.307283130000000256e+03	-2.715992591353758034e-03
2.307313270000000557e+03	-2.726868242239124940e-03
2.307343400000000202e+03	-2.732743602596648946e-03
2.307373530000000301e+03	-2.743618962954164076e-03
2.307403670000000147e+03	-2.754494613839517103e-03
2.307433800000000247e+03	-2.760369974197054987e-03
2.307463940000000548e+03	-2.771245625082435771e-03
2.307494070000000193e+03	-2.772120985439940899e-03
2.307524200000000292e+03	-2.772996345797473783e-03
2.307554340000000138e+03	-2.763871996682834564e-03
2.307584470000000238e+03	-2.749747357040338569e-03
2.307614600000000337e+03	-2.730622717397865329e-03
2.307644740000000183e+03	-2.721498368283226110e-03
2.307674870000000283e+03	-2.712373728640748993e-03
2.307705010000000129e+03	-2.708249379526114775e-03
2.307735140000000229e+03	-2.709124739883647659e-03
2.307765270000000328e+03	-2.720000100241176666e-03
2.307795410000000174e+03	-2.730875751126501938e-03
2.307825540000000274e+03	-2.741751111484044823e-03
2.307855680000000575e+03	-2.757626762369430606e-03
2.307885810000000220e+03	-2.773502122726936858e-03
2.307915940000000319e+03	-2.779377483084460865e-03
2.307946080000000165e+03	-2.785253133969822770e-03
2.307976210000000265e+03	-2.776128494327359530e-03
2.308006340000000364e+03	-2.762003854684863535e-03
2.308036480000000211e+03	-2.742879505570214316e-03
2.308066610000000310e+03	-2.723754865927741076e-03
2.308096750000000156e+03	-2.714630516813101857e-03
2.308126880000000256e+03	-2.705505877170638618e-03
2.308157010000000355e+03	-2.696381237528175379e-03
2.308187150000000202e+03	-2.687256888413522282e-03
2.308217280000000301e+03	-2.678132248771031287e-03
2.308247420000000147e+03	-2.654007899656390945e-03
2.308277550000000247e+03	-2.634883260013917705e-03
2.308307680000000346e+03	-2.615758620371458343e-03
2.308337820000000193e+03	-2.611634271256810247e-03
2.308367950000000292e+03	-2.627509631614344254e-03
2.308398080000000391e+03	-2.663384991971884386e-03
2.308428220000000238e+03	-2.699260642857206904e-03
2.308458350000000337e+03	-2.735136003214733158e-03
2.308488490000000183e+03	-2.756011654100096187e-03
2.308518620000000283e+03	-2.751887014457624070e-03
2.308548750000000382e+03	-2.737762374815155830e-03
2.308578890000000229e+03	-2.718638025700520489e-03
2.308609020000000328e+03	-2.704513386058052249e-03
2.308639150000000427e+03	-2.695388746415561254e-03
2.308669290000000274e+03	-2.696264397300918159e-03
2.308699420000000373e+03	-2.702139757658442165e-03
2.308729560000000220e+03	-2.708015408543804070e-03
2.308759690000000319e+03	-2.703890768901331954e-03
2.308789820000000418e+03	-2.694766129258868714e-03
2.308819960000000265e+03	-2.685641780144229496e-03
2.308850090000000364e+03	-2.681517140501729624e-03
2.308880230000000211e+03	-2.677392791387095405e-03
2.308910360000000310e+03	-2.673268151744623289e-03
2.308940490000000409e+03	-2.674143512102156173e-03
2.308970630000000256e+03	-2.675019162987513077e-03
2.309000760000000355e+03	-2.670894523345040961e-03
2.309030890000000454e+03	-2.666769883702554966e-03
2.309061030000000301e+03	-2.667645534587911871e-03
2.309091160000000400e+03	-2.673520894945435877e-03
2.309121300000000247e+03	-2.689396545830793905e-03
2.309151430000000346e+03	-2.700271906188322912e-03
2.309181560000000445e+03	-2.706147266545860797e-03
2.309211700000000292e+03	-2.707022917431217701e-03
2.309241830000000391e+03	-2.697898277788726706e-03
2.309271960000000490e+03	-2.693773638146254590e-03
2.309302100000000337e+03	-2.704649289031607617e-03
2.309332230000000436e+03	-2.720524649389141625e-03
2.309362370000000283e+03	-2.751400300274500776e-03
2.309392500000000382e+03	-2.787275660632040908e-03
2.309422630000000481e+03	-2.808151020989566038e-03
2.309452770000000328e+03	-2.814026671874900187e-03
2.309482900000000427e+03	-2.799902032232431948e-03
2.309513040000000274e+03	-2.770777683117786605e-03
2.309543170000000373e+03	-2.731653043475321119e-03
2.309573300000000472e+03	-2.697528403832860633e-03
2.309603440000000319e+03	-2.673404054718206413e-03
2.309633570000000418e+03	-2.669279415075748174e-03
2.309663700000000517e+03	-2.680154775433249426e-03
2.309693840000000364e+03	-2.706030426318603577e-03
2.309723970000000463e+03	-2.736905786676138708e-03
2.309754110000000310e+03	-2.762781437561492859e-03
2.309784240000000409e+03	-2.783656797919031867e-03
2.309814370000000508e+03	-2.794532158276560874e-03
2.309844510000000355e+03	-2.790407809161912778e-03
2.309874640000000454e+03	-2.766283169519420659e-03
2.309904780000000301e+03	-2.742158820404780317e-03
2.309934910000000400e+03	-2.723034180762307077e-03
2.309965040000000499e+03	-2.718909541119848838e-03
2.309995180000000346e+03	-2.734785192005206866e-03
2.310025310000000445e+03	-2.775660552362738120e-03
2.310055440000000544e+03	-2.826535912720265498e-03
2.310085580000000391e+03	-2.862411563605601894e-03
2.310115710000000490e+03	-2.873286923963130901e-03
2.310145850000000337e+03	-2.849162574848490559e-03
2.310175980000000436e+03	-2.800037935206015072e-03
2.310206110000000535e+03	-2.735913295563552339e-03
2.310236250000000382e+03	-2.686788946448914750e-03
2.310266380000000481e+03	-2.667664306806441510e-03
2.310296510000000580e+03	-2.678539667163942761e-03
2.310326650000000427e+03	-2.719415318049311914e-03
2.310356780000000526e+03	-2.765290678406834290e-03
2.310386920000000373e+03	-2.791166329292188442e-03
2.310417050000000472e+03	-2.797041689649726326e-03
2.310447180000000571e+03	-2.772917050007261963e-03
2.310477320000000418e+03	-2.743792700892616621e-03
2.310507450000000517e+03	-2.724668061250129503e-03
2.310537590000000364e+03	-2.725543712135486407e-03
2.310567720000000463e+03	-2.741419072493006537e-03
2.310597850000000562e+03	-2.762294432850545545e-03
2.310627990000000409e+03	-2.778170083735903573e-03
2.310658120000000508e+03	-2.769045444093440334e-03
2.310688250000000153e+03	-2.744920804450934337e-03
2.310718390000000454e+03	-2.710796455336297872e-03
2.310748520000000553e+03	-2.681671815693828509e-03
2.310778660000000400e+03	-2.672547466579189290e-03
2.310808790000000499e+03	-2.693422826936714420e-03
2.310838920000000144e+03	-2.724298187294221796e-03
2.310869060000000445e+03	-2.765173838179604826e-03
2.310899190000000544e+03	-2.791049198537121079e-03
2.310929330000000391e+03	-2.796924849422469106e-03
2.310959460000000490e+03	-2.792800209780010867e-03
2.310989590000000135e+03	-2.778675570137542628e-03
2.311019730000000436e+03	-2.764551221022898408e-03
2.311049860000000535e+03	-2.755426581380421291e-03
2.311079990000000180e+03	-2.756301941737926420e-03
2.311110130000000481e+03	-2.757177592623283324e-03
2.311140260000000580e+03	-2.753052952980825085e-03
2.311170400000000427e+03	-2.743928603866185867e-03
2.311200530000000526e+03	-2.729803964223717627e-03
2.311230660000000171e+03	-2.720679324581212755e-03
2.311260800000000472e+03	-2.716554975466606292e-03
2.311290930000000571e+03	-2.722430335824130299e-03
2.311321060000000216e+03	-2.733305696181645428e-03
2.311351200000000517e+03	-2.734181347067002332e-03
2.311381330000000162e+03	-2.730056707424530216e-03
2.311411470000000463e+03	-2.715932358309885997e-03
2.311441600000000562e+03	-2.701807718667417757e-03
2.311471730000000207e+03	-2.697683079024917885e-03
2.311501870000000508e+03	-2.703558729910307545e-03
2.311532000000000153e+03	-2.729434090267809920e-03
2.311562140000000454e+03	-2.765309741153174072e-03
2.311592270000000553e+03	-2.796185101510709203e-03
2.311622400000000198e+03	-2.817060461868234333e-03
2.311652540000000499e+03	-2.817936112753591238e-03
2.311682670000000144e+03	-2.803811473111095243e-03
2.311712800000000243e+03	-2.789686833468627003e-03
2.311742940000000544e+03	-2.775562484353982784e-03
2.311773070000000189e+03	-2.781437844711520668e-03
2.311803210000000490e+03	-2.792313495596873696e-03
2.311833340000000135e+03	-2.813188855954412704e-03
2.311863470000000234e+03	-2.824064216311913955e-03
2.311893610000000535e+03	-2.819939867197307493e-03
2.311923740000000180e+03	-2.800815227554806497e-03
2.311953870000000279e+03	-2.766690587912346011e-03
2.311984010000000580e+03	-2.732566238797695668e-03
2.312014140000000225e+03	-2.713441599155222428e-03
2.312044280000000526e+03	-2.719317250040584333e-03
2.312074410000000171e+03	-2.750192610398091708e-03
2.312104540000000270e+03	-2.801067970755619085e-03
2.312134680000000571e+03	-2.856943621641003239e-03
2.312164810000000216e+03	-2.902818981998511738e-03
2.312194950000000517e+03	-2.913694632883864766e-03
2.312225080000000162e+03	-2.899569993241410404e-03
2.312255210000000261e+03	-2.855445353598912162e-03
2.312285350000000562e+03	-2.806321004484288451e-03
2.312315480000000207e+03	-2.762196364841804086e-03
2.312345610000000306e+03	-2.738071725199325845e-03
2.312375750000000153e+03	-2.748947376084692751e-03
2.312405880000000252e+03	-2.774822736442222881e-03
2.312436020000000553e+03	-2.810698387327573156e-03
2.312466150000000198e+03	-2.836573747685089408e-03
2.312496280000000297e+03	-2.842449108042613415e-03
2.312526420000000144e+03	-2.828324758927969196e-03
2.312556550000000243e+03	-2.799200119285499833e-03
2.312586690000000544e+03	-2.775075770170859490e-03
2.312616820000000189e+03	-2.765951130528396251e-03
2.312646950000000288e+03	-2.766826490885929135e-03
2.312677090000000135e+03	-2.782702141771259408e-03
2.312707220000000234e+03	-2.793577502128788415e-03
2.312737350000000333e+03	-2.794452862486321298e-03
2.312767490000000180e+03	-2.775328513371685957e-03
2.312797620000000279e+03	-2.746203873729216594e-03
2.312827760000000580e+03	-2.727079524614567374e-03
2.312857890000000225e+03	-2.732954884972105258e-03
2.312888020000000324e+03	-2.763830245329612634e-03
2.312918160000000171e+03	-2.819705896214969032e-03
2.312948290000000270e+03	-2.880581256572492532e-03
2.312978420000000369e+03	-2.921456616930037664e-03
2.313008560000000216e+03	-2.927332267815385691e-03
2.313038690000000315e+03	-2.893207628172925205e-03
2.313068830000000162e+03	-2.834083279058277616e-03
2.313098960000000261e+03	-2.759958639415777126e-03
2.313129090000000360e+03	-2.695833999773314393e-03
2.313159230000000207e+03	-2.666709650658669051e-03
2.313189360000000306e+03	-2.662585011016210812e-03
2.313219500000000153e+03	-2.688460661901564963e-03
2.313249630000000252e+03	-2.719336022259100094e-03
2.313279760000000351e+03	-2.755211382616626348e-03
2.313309900000000198e+03	-2.781087033501952743e-03
2.313340030000000297e+03	-2.796962393859486751e-03
2.313370160000000396e+03	-2.807837754217029635e-03
2.313400300000000243e+03	-2.813713405102377663e-03
2.313430430000000342e+03	-2.814588765459910547e-03
2.313460570000000189e+03	-2.815464416345267451e-03
2.313490700000000288e+03	-2.806339776702804212e-03
2.313520830000000387e+03	-2.802215137060304340e-03
2.313550970000000234e+03	-2.793090787945665121e-03
2.313581100000000333e+03	-2.793966148303198005e-03
2.313611230000000432e+03	-2.804841508660727012e-03
2.313641370000000279e+03	-2.820717159546085040e-03
2.313671500000000378e+03	-2.841592519903624048e-03
2.313701640000000225e+03	-2.857468170788982076e-03
2.313731770000000324e+03	-2.863343531146478327e-03
2.313761900000000423e+03	-2.854218891504015088e-03
2.313792040000000270e+03	-2.845094542389375869e-03
2.313822170000000369e+03	-2.835969902746898752e-03
2.313852310000000216e+03	-2.841845553632260657e-03
2.313882440000000315e+03	-2.852720913989789664e-03
2.313912570000000414e+03	-2.873596274347300916e-03
2.313942710000000261e+03	-2.884471925232653944e-03
2.313972840000000360e+03	-2.885347285590186828e-03
2.314002970000000460e+03	-2.871222645947718588e-03
2.314033110000000306e+03	-2.842098296833073245e-03
2.314063240000000405e+03	-2.807973657190612760e-03
2.314093380000000252e+03	-2.783849308075972417e-03
2.314123510000000351e+03	-2.779724668433472545e-03
2.314153640000000451e+03	-2.790600028791001552e-03
2.314183780000000297e+03	-2.811475679676364581e-03
2.314213910000000396e+03	-2.842351040033899712e-03
2.314244050000000243e+03	-2.858226690919257740e-03
2.314274180000000342e+03	-2.864102051276781746e-03
2.314304310000000442e+03	-2.859977411634323508e-03
2.314334450000000288e+03	-2.845853062519651533e-03
2.314364580000000387e+03	-2.831728422877183293e-03
2.314394710000000487e+03	-2.827603783234711177e-03
2.314424850000000333e+03	-2.828479434120068081e-03
2.314454980000000432e+03	-2.839354794477610966e-03
2.314485120000000279e+03	-2.850230445362963994e-03
2.314515250000000378e+03	-2.861105805720493001e-03
2.314545380000000478e+03	-2.866981166078003129e-03
2.314575520000000324e+03	-2.877856816963356157e-03
2.314605650000000423e+03	-2.888732177320885164e-03
2.314635780000000523e+03	-2.899607537678428049e-03
2.314665920000000369e+03	-2.915483188563772199e-03
2.314696050000000469e+03	-2.926358548921315084e-03
2.314726190000000315e+03	-2.927234199806671988e-03
2.314756320000000414e+03	-2.918109560164167116e-03
2.314786450000000514e+03	-2.898984920521707753e-03
2.314816590000000360e+03	-2.874860571407067411e-03
2.314846720000000460e+03	-2.850735931764603048e-03
2.314876860000000306e+03	-2.831611582649953829e-03
2.314906990000000405e+03	-2.827486943007481712e-03
2.314937120000000505e+03	-2.838362303365024597e-03
2.314967260000000351e+03	-2.859237954250345992e-03
2.314997390000000451e+03	-2.880113314607885000e-03
2.315027520000000550e+03	-2.895988674965419007e-03
2.315057660000000396e+03	-2.896864325850775912e-03
2.315087790000000496e+03	-2.882739686208307672e-03
2.315117930000000342e+03	-2.853615337093662330e-03
2.315148060000000442e+03	-2.814490697451196843e-03
2.315178190000000541e+03	-2.775366057808703601e-03
2.315208330000000387e+03	-2.746241708694058259e-03
2.315238460000000487e+03	-2.732117069051590019e-03
2.315268600000000333e+03	-2.727992719936941923e-03
2.315298730000000432e+03	-2.738868080294484808e-03
2.315328860000000532e+03	-2.744743440652008815e-03
2.315359000000000378e+03	-2.750619091537370720e-03
2.315389130000000478e+03	-2.756494451894866970e-03
2.315419260000000577e+03	-2.762369812252404855e-03
2.315449400000000423e+03	-2.773245463137757882e-03
2.315479530000000523e+03	-2.789120823495291890e-03
2.315509670000000369e+03	-2.814996474380646041e-03
2.315539800000000469e+03	-2.840871834738190049e-03
2.315569930000000568e+03	-2.861747195095687424e-03
2.315600070000000414e+03	-2.877622845981045452e-03
2.315630200000000514e+03	-2.878498206338578336e-03
2.315660330000000158e+03	-2.874373566696120097e-03
2.315690470000000460e+03	-2.865249217581467001e-03
2.315720600000000559e+03	-2.856124577939003761e-03
2.315750740000000405e+03	-2.852000228824355665e-03
2.315780870000000505e+03	-2.852875589181860794e-03
2.315811000000000149e+03	-2.863750949539403678e-03
2.315841140000000451e+03	-2.869626600424751706e-03
2.315871270000000550e+03	-2.875501960782289590e-03
2.315901410000000396e+03	-2.876377611667646494e-03
2.315931540000000496e+03	-2.867252972025183255e-03
2.315961670000000140e+03	-2.853128332382687260e-03
2.315991810000000442e+03	-2.834003983268038040e-03
2.316021940000000541e+03	-2.814879343625578678e-03
2.316052070000000185e+03	-2.805754703983101561e-03
2.316082210000000487e+03	-2.801630354868467343e-03
2.316112340000000131e+03	-2.807505715225963594e-03
2.316142480000000432e+03	-2.823381366111349378e-03
2.316172610000000532e+03	-2.844256726468888385e-03
2.316202740000000176e+03	-2.865132086826385760e-03
2.316232880000000478e+03	-2.881007737711743788e-03
2.316263010000000577e+03	-2.881883098069276672e-03
2.316293140000000221e+03	-2.882758458426809556e-03
2.316323280000000523e+03	-2.878634109312175338e-03
2.316353410000000167e+03	-2.874509469669675465e-03
2.316383550000000469e+03	-2.880385120555065126e-03
2.316413680000000568e+03	-2.886260480912561377e-03
2.316443810000000212e+03	-2.892135841270099261e-03
2.316473950000000514e+03	-2.893011492155456166e-03
2.316504080000000158e+03	-2.883886852512992927e-03
2.316534220000000460e+03	-2.864762503398343707e-03
2.316564350000000559e+03	-2.835637863755874344e-03
2.316594480000000203e+03	-2.806513224113377225e-03
2.316624620000000505e+03	-2.787388874998741883e-03
2.316654750000000149e+03	-2.783264235356269767e-03
2.316684880000000248e+03	-2.789139595713807651e-03
2.316715020000000550e+03	-2.800015246599160679e-03
2.316745150000000194e+03	-2.815890606956666931e-03
2.316775290000000496e+03	-2.826766257842047714e-03
2.316805420000000140e+03	-2.837641618199562843e-03
2.316835550000000239e+03	-2.848516978557091850e-03
2.316865690000000541e+03	-2.864392629442449878e-03
2.316895820000000185e+03	-2.890267989799980008e-03
2.316925960000000487e+03	-2.921143640685339160e-03
2.316956090000000131e+03	-2.947019001042841535e-03
2.316986220000000230e+03	-2.957894361400370542e-03
2.317016360000000532e+03	-2.948770012285759079e-03
2.317046490000000176e+03	-2.919645372643261960e-03
2.317076620000000275e+03	-2.875520733000791473e-03
2.317106760000000577e+03	-2.831396383886158885e-03
2.317136890000000221e+03	-2.797271744243656766e-03
2.317167030000000523e+03	-2.778147395129049180e-03
2.317197160000000167e+03	-2.789022755486550431e-03
2.317227290000000266e+03	-2.814898115844080562e-03
2.317257430000000568e+03	-2.850773766729444714e-03
2.317287560000000212e+03	-2.881649127086965967e-03
2.317317690000000312e+03	-2.897524487444499974e-03
2.317347830000000158e+03	-2.898400138329829123e-03
2.317377960000000257e+03	-2.879275498687369761e-03
2.317408100000000559e+03	-2.850151149572752174e-03
2.317438230000000203e+03	-2.816026509930250055e-03
2.317468360000000303e+03	-2.791901870287785692e-03
2.317498500000000149e+03	-2.787777521173151474e-03
2.317528630000000248e+03	-2.793652881530675480e-03
2.317558770000000550e+03	-2.819528532416029631e-03
2.317588900000000194e+03	-2.850403892773537007e-03
2.317619030000000294e+03	-2.876279253131067137e-03
2.317649170000000140e+03	-2.892154904016425165e-03
2.317679300000000239e+03	-2.893030264373958049e-03
2.317709430000000339e+03	-2.888905624731499810e-03
2.317739570000000185e+03	-2.884781275616851715e-03
2.317769700000000284e+03	-2.885656635974356843e-03
2.317799840000000131e+03	-2.891532286859718748e-03
2.317829970000000230e+03	-2.907407647217252755e-03
2.317860100000000330e+03	-2.918283007574781762e-03
2.317890240000000176e+03	-2.919158658460138667e-03
2.317920370000000275e+03	-2.900034018817665427e-03
2.317950510000000577e+03	-2.875909669703025084e-03
2.317980640000000221e+03	-2.846785030060527966e-03
2.318010770000000321e+03	-2.822660390418063603e-03
2.318040910000000167e+03	-2.818536041303429385e-03
2.318071040000000266e+03	-2.834411401660949514e-03
2.318101170000000366e+03	-2.865286762018484645e-03
2.318131310000000212e+03	-2.896162412903843797e-03
2.318161440000000312e+03	-2.922037773261373927e-03
2.318191580000000158e+03	-2.922913424146703076e-03
2.318221710000000257e+03	-2.913788784504239837e-03
2.318251840000000357e+03	-2.889664144861775474e-03
2.318281980000000203e+03	-2.870539795747126255e-03
2.318312110000000303e+03	-2.861415156104663016e-03
2.318342240000000402e+03	-2.867290516462200900e-03
2.318372380000000248e+03	-2.878166167347553928e-03
2.318402510000000348e+03	-2.889041527705055179e-03
2.318432650000000194e+03	-2.889917178590412083e-03
2.318462780000000294e+03	-2.885792538947953845e-03
2.318492910000000393e+03	-2.871667899305485605e-03
2.318523050000000239e+03	-2.857543550190841386e-03
2.318553180000000339e+03	-2.863418910548365393e-03
2.318583320000000185e+03	-2.884294561433728421e-03
2.318613450000000284e+03	-2.910169921791230796e-03
2.318643580000000384e+03	-2.941045282148765927e-03
2.318673720000000230e+03	-2.956920933034123955e-03
2.318703850000000330e+03	-2.947796293391660716e-03
2.318733980000000429e+03	-2.918671653749191353e-03
2.318764120000000275e+03	-2.884547304634541010e-03
2.318794250000000375e+03	-2.855422664992043891e-03
2.318824390000000221e+03	-2.861298315877405796e-03
2.318854520000000321e+03	-2.897173676234945927e-03
2.318884650000000420e+03	-2.953049036592478305e-03
2.318914790000000266e+03	-3.013924687477825826e-03
2.318944920000000366e+03	-3.054800047835357080e-03
2.318975050000000465e+03	-3.055675408192889964e-03
2.319005190000000312e+03	-3.011551059078229620e-03
2.319035320000000411e+03	-2.937426419435756886e-03
2.319065460000000257e+03	-2.858302070321117050e-03
2.319095590000000357e+03	-2.789177430678649316e-03
2.319125720000000456e+03	-2.755052791036174953e-03
2.319155860000000303e+03	-2.755928441921531857e-03
2.319185990000000402e+03	-2.786803802279066988e-03
2.319216130000000248e+03	-2.842679453164395631e-03
2.319246260000000348e+03	-2.898554813521928009e-03
2.319276390000000447e+03	-2.954430173879460386e-03
2.319306530000000294e+03	-2.995305824764815661e-03
2.319336660000000393e+03	-3.026181185122350792e-03
2.319366790000000492e+03	-3.037056545479893677e-03
2.319396930000000339e+03	-3.022932196365249458e-03
2.319427060000000438e+03	-2.988807556722747338e-03
2.319457200000000284e+03	-2.934683207608104749e-03
2.319487330000000384e+03	-2.865558567965637016e-03
2.319517460000000483e+03	-2.806433928323165405e-03
2.319547600000000330e+03	-2.767309579208523940e-03
2.319577730000000429e+03	-2.763184939566065701e-03
2.319607870000000275e+03	-2.794060590451424853e-03
2.319638000000000375e+03	-2.839935950808919474e-03
2.319668130000000474e+03	-2.890811311166460729e-03
2.319698270000000321e+03	-2.921686962051819880e-03
2.319728400000000420e+03	-2.927562322409343887e-03
2.319758530000000519e+03	-2.913437682766875647e-03
2.319788670000000366e+03	-2.889313333652235305e-03
2.319818800000000465e+03	-2.880188694009772066e-03
2.319848940000000312e+03	-2.891064344895097338e-03
2.319879070000000411e+03	-2.921939705252632469e-03
2.319909200000000510e+03	-2.967815065610168723e-03
2.319939340000000357e+03	-3.008690716495523998e-03
2.319969470000000456e+03	-3.034566076853054128e-03
2.319999600000000555e+03	-3.030441437210582012e-03
2.320029740000000402e+03	-3.011317088095946670e-03
2.320059870000000501e+03	-2.982192448453449551e-03
2.320090010000000348e+03	-2.953068099338804209e-03
2.320120140000000447e+03	-2.938943459696335969e-03
2.320150270000000546e+03	-2.934818820053877730e-03
2.320180410000000393e+03	-2.945694470939230758e-03
2.320210540000000492e+03	-2.956569831296759765e-03
2.320240680000000339e+03	-2.972445482182117793e-03
2.320270810000000438e+03	-2.978320842539627922e-03
2.320300940000000537e+03	-2.974196202897155805e-03
2.320331080000000384e+03	-2.965071853782516587e-03
2.320361210000000483e+03	-2.945947214140043346e-03
2.320391340000000582e+03	-2.926822574497583984e-03
2.320421480000000429e+03	-2.907698225382934765e-03
2.320451610000000528e+03	-2.898573585740443770e-03
2.320481750000000375e+03	-2.904449236625791797e-03
2.320511880000000474e+03	-2.915324596983334682e-03
2.320542010000000573e+03	-2.936199957340859812e-03
2.320572150000000420e+03	-2.957075608226222840e-03
2.320602280000000519e+03	-2.967950968583751847e-03
2.320632410000000164e+03	-2.963826328941251975e-03
2.320662550000000465e+03	-2.939701979826611633e-03
2.320692680000000564e+03	-2.905577340184151147e-03
2.320722820000000411e+03	-2.871452991069500804e-03
2.320752950000000510e+03	-2.852328351427041442e-03
2.320783080000000155e+03	-2.853203711784546570e-03
2.320813220000000456e+03	-2.874079362669923476e-03
2.320843350000000555e+03	-2.904954723027458607e-03
2.320873490000000402e+03	-2.945830373912786126e-03
2.320903620000000501e+03	-2.976705734270321257e-03
2.320933750000000146e+03	-2.997581094627860265e-03
2.320963890000000447e+03	-2.998456745513217170e-03
2.320994020000000546e+03	-2.984332105870748930e-03
2.321024150000000191e+03	-2.965207466228247934e-03
2.321054290000000492e+03	-2.941083117113635348e-03
2.321084420000000136e+03	-2.921958477471134352e-03
2.321114560000000438e+03	-2.902834128356499011e-03
2.321144690000000537e+03	-2.893709488714035771e-03
2.321174820000000182e+03	-2.894584849071568655e-03
2.321204960000000483e+03	-2.900460499956916682e-03
2.321235090000000582e+03	-2.911335860314459567e-03
2.321265230000000429e+03	-2.922211511199812595e-03
2.321295360000000528e+03	-2.938086871557318847e-03
2.321325490000000173e+03	-2.953962231914852854e-03
2.321355630000000474e+03	-2.964837882800205882e-03
2.321385760000000573e+03	-2.970713243157743766e-03
2.321415890000000218e+03	-2.971588603515248894e-03
2.321446030000000519e+03	-2.972464254400633554e-03
2.321476160000000164e+03	-2.968339614758133682e-03
2.321506300000000465e+03	-2.969215265643490587e-03
2.321536430000000564e+03	-2.965090626001018470e-03
2.321566560000000209e+03	-2.965965986358551354e-03
2.321596700000000510e+03	-2.956841637243912135e-03
2.321626830000000155e+03	-2.952716997601412263e-03
2.321656960000000254e+03	-2.943592357958949024e-03
2.321687100000000555e+03	-2.934468008844337561e-03
2.321717230000000200e+03	-2.925343369201846566e-03
2.321747370000000501e+03	-2.921219020087198470e-03
2.321777500000000146e+03	-2.922094380444731354e-03
2.321807630000000245e+03	-2.927969740802241483e-03
2.321837770000000546e+03	-2.948845391687618389e-03
2.321867900000000191e+03	-2.974720752045120764e-03
2.321898040000000492e+03	-3.005596402930507671e-03
2.321928170000000136e+03	-3.031471763288010046e-03
2.321958300000000236e+03	-3.047347123645544054e-03
2.321988440000000537e+03	-3.043222774530909835e-03
2.322018570000000182e+03	-3.029098134888413840e-03
2.322048700000000281e+03	-2.999973495245944477e-03
2.322078840000000582e+03	-2.965849146131321890e-03
2.322108970000000227e+03	-2.936724506488838649e-03
2.322139110000000528e+03	-2.917600157374189429e-03
2.322169240000000173e+03	-2.913475517731717312e-03
2.322199370000000272e+03	-2.919350878089255197e-03
2.322229510000000573e+03	-2.935226528974613225e-03
2.322259640000000218e+03	-2.966101889332120600e-03
2.322289780000000519e+03	-2.991977540217502507e-03
2.322319910000000164e+03	-3.022852900575009882e-03
2.322350040000000263e+03	-3.043728260932535012e-03
2.322380180000000564e+03	-3.049603911817896917e-03
2.322410310000000209e+03	-3.040479272175433678e-03
2.322440440000000308e+03	-3.016354632532927682e-03
2.322470580000000155e+03	-2.982230283418291217e-03
2.322500710000000254e+03	-2.948105643775830731e-03
2.322530850000000555e+03	-2.913981294661180388e-03
2.322560980000000200e+03	-2.894856655018707148e-03
2.322591110000000299e+03	-2.895732015376240032e-03
2.322621250000000146e+03	-2.906607666261606937e-03
2.322651380000000245e+03	-2.922483026619113189e-03
2.322681510000000344e+03	-2.938358386976647196e-03
2.322711650000000191e+03	-2.954234037862005224e-03
2.322741780000000290e+03	-2.970109398219525354e-03
2.322771920000000136e+03	-2.980985049104892259e-03
2.322802050000000236e+03	-2.996860409462426267e-03
2.322832180000000335e+03	-3.012735769819960274e-03
2.322862320000000182e+03	-3.018611420705280546e-03
2.322892450000000281e+03	-3.009486781062817307e-03
2.322922590000000582e+03	-2.980362431948199720e-03
2.322952720000000227e+03	-2.936237792305701477e-03
2.322982850000000326e+03	-2.877113152663243745e-03
2.323012990000000173e+03	-2.827988803548592278e-03
2.323043120000000272e+03	-2.798864163906122915e-03
2.323073250000000371e+03	-2.799739524263628043e-03
2.323103390000000218e+03	-2.825615175148996072e-03
2.323133520000000317e+03	-2.876490535506523449e-03
2.323163660000000164e+03	-2.922366186391883724e-03
2.323193790000000263e+03	-2.963241546749414979e-03
2.323223920000000362e+03	-2.979116907106948986e-03
2.323254060000000209e+03	-2.979992557992305890e-03
2.323284190000000308e+03	-2.970867918349814896e-03
2.323314320000000407e+03	-2.961743278707337779e-03
2.323344460000000254e+03	-2.967618929592699684e-03
2.323374590000000353e+03	-2.983494289950233691e-03
2.323404730000000200e+03	-3.014369940835592843e-03
2.323434860000000299e+03	-3.050245301193119096e-03
2.323464990000000398e+03	-3.081120661550626472e-03
2.323495130000000245e+03	-3.096996312435984500e-03
2.323525260000000344e+03	-3.097871672793517384e-03
2.323555400000000191e+03	-3.083747323678873165e-03
2.323585530000000290e+03	-3.064622684036399924e-03
2.323615660000000389e+03	-3.050498044393931685e-03
2.323645800000000236e+03	-3.041373695279292466e-03
2.323675930000000335e+03	-3.037249055636806472e-03
2.323706060000000434e+03	-3.033124415994334355e-03
2.323736200000000281e+03	-3.029000066879686259e-03
2.323766330000000380e+03	-3.019875427237223020e-03
2.323796470000000227e+03	-3.000751078122573801e-03
2.323826600000000326e+03	-2.981626438480114438e-03
2.323856730000000425e+03	-2.962501798837641198e-03
2.323886870000000272e+03	-2.953377449722974224e-03
2.323917000000000371e+03	-2.964252810080503231e-03
2.323947140000000218e+03	-2.985128460965866259e-03
2.323977270000000317e+03	-3.016003821323401390e-03
2.324007400000000416e+03	-3.046879181680936521e-03
2.324037540000000263e+03	-3.072754832566290673e-03
2.324067670000000362e+03	-3.078630192923814679e-03
2.324097800000000461e+03	-3.074505553281328685e-03
2.324127940000000308e+03	-3.055381204166679465e-03
2.324158070000000407e+03	-3.031256564524215102e-03
2.324188210000000254e+03	-3.002132215409569760e-03
2.324218340000000353e+03	-2.988007575767101520e-03
2.324248470000000452e+03	-2.978882936124638281e-03
2.324278610000000299e+03	-2.979758587009995185e-03
2.324308740000000398e+03	-2.985633947367505314e-03
2.324338870000000497e+03	-2.996509307725034321e-03
2.324369010000000344e+03	-3.012384958610392349e-03
2.324399140000000443e+03	-3.023260318967921356e-03
2.324429280000000290e+03	-3.029135969853283261e-03
2.324459410000000389e+03	-3.030011330210816145e-03
2.324489540000000488e+03	-3.025886690568344028e-03
2.324519680000000335e+03	-3.016762341453677054e-03
2.324549810000000434e+03	-3.002637701811208815e-03
2.324579950000000281e+03	-2.983513352696559595e-03
2.324610080000000380e+03	-2.969388713054091355e-03
2.324640210000000479e+03	-2.955264073411623116e-03
2.324670350000000326e+03	-2.951139724296988898e-03
2.324700480000000425e+03	-2.957015084654512904e-03
2.324730610000000524e+03	-2.967890445012028033e-03
2.324760750000000371e+03	-2.988766095897377184e-03
2.324790880000000470e+03	-3.004641456254911192e-03
2.324821020000000317e+03	-3.020517107140269220e-03
2.324851150000000416e+03	-3.026392467497807104e-03
2.324881280000000515e+03	-3.017267827855343865e-03
2.324911420000000362e+03	-3.003143478740699646e-03
2.324941550000000461e+03	-2.974018839098202527e-03
2.324971680000000561e+03	-2.939894199455728163e-03
2.325001820000000407e+03	-2.915769850341087821e-03
2.325031950000000506e+03	-2.901645210698619581e-03
2.325062090000000353e+03	-2.912520861583972609e-03
2.325092220000000452e+03	-2.938396221941516617e-03
2.325122350000000552e+03	-2.989271582299043994e-03
2.325152490000000398e+03	-3.045147233184372637e-03
2.325182620000000497e+03	-3.096022593541900014e-03
2.325212760000000344e+03	-3.136898244427269167e-03
2.325242890000000443e+03	-3.152773604784803174e-03
2.325273020000000542e+03	-3.143648965142326057e-03
2.325303160000000389e+03	-3.109524616027689592e-03
2.325333290000000488e+03	-3.065399976385191350e-03
2.325363420000000133e+03	-3.026275336742725863e-03
2.325393560000000434e+03	-3.002150987628085521e-03
2.325423690000000533e+03	-2.998026347985613405e-03
2.325453830000000380e+03	-3.023901998870967556e-03
2.325483960000000479e+03	-3.064777359228498810e-03
2.325514090000000579e+03	-3.105652719586030064e-03
2.325544230000000425e+03	-3.141528370471366460e-03
2.325574360000000524e+03	-3.157403730828900468e-03
2.325604500000000371e+03	-3.148279381714261249e-03
2.325634630000000470e+03	-3.124154742071783009e-03
2.325664760000000570e+03	-3.085030102429317522e-03
2.325694900000000416e+03	-3.055905753314672180e-03
2.325725030000000515e+03	-3.036781113672212817e-03
2.325755160000000160e+03	-3.037656474029717946e-03
2.325785300000000461e+03	-3.058532124915067096e-03
2.325815430000000561e+03	-3.089407485272602227e-03
2.325845570000000407e+03	-3.120283136157961379e-03
2.325875700000000506e+03	-3.141158496515500387e-03
2.325905830000000151e+03	-3.147033856872996638e-03
2.325935970000000452e+03	-3.132909507758380174e-03
2.325966100000000552e+03	-3.103784868115896933e-03
2.325996230000000196e+03	-3.064660228473417569e-03
2.326026370000000497e+03	-3.025535879358776103e-03
2.326056500000000142e+03	-3.001411239716311741e-03
2.326086640000000443e+03	-2.992286890601672522e-03
2.326116770000000542e+03	-3.008162250959206530e-03
2.326146900000000187e+03	-3.044037611316705028e-03
2.326177040000000488e+03	-3.074913262202064179e-03
2.326207170000000133e+03	-3.100788622559594310e-03
2.326237310000000434e+03	-3.111664273444961215e-03
2.326267440000000533e+03	-3.092539633802487975e-03
2.326297570000000178e+03	-3.063414994159990856e-03
2.326327710000000479e+03	-3.029290645045382147e-03
2.326357840000000579e+03	-3.005166005402903906e-03
2.326387970000000223e+03	-3.001041365760417912e-03
2.326418110000000524e+03	-3.006917016645765939e-03
2.326448240000000169e+03	-3.022792377003299946e-03
2.326478380000000470e+03	-3.033668027888666852e-03
2.326508510000000570e+03	-3.034543388246199735e-03
2.326538640000000214e+03	-3.020418748603703740e-03
2.326568780000000515e+03	-3.001294399489082276e-03
2.326598910000000160e+03	-2.992169759846591282e-03
2.326629050000000461e+03	-2.998045410731953186e-03
2.326659180000000561e+03	-3.018920771089478317e-03
2.326689310000000205e+03	-3.039796131446989569e-03
2.326719450000000506e+03	-3.050671782332370352e-03
2.326749580000000151e+03	-3.036547142689874357e-03
2.326779710000000250e+03	-2.992422503047403870e-03
2.326809850000000552e+03	-2.938298153932761281e-03
2.326839980000000196e+03	-2.889173514290299671e-03
2.326870120000000497e+03	-2.865049165175659329e-03
2.326900250000000142e+03	-2.880924525533165581e-03
2.326930380000000241e+03	-2.926799885890687958e-03
2.326960520000000542e+03	-2.992675536776082112e-03
2.326990650000000187e+03	-3.048550897133586735e-03
2.327020780000000286e+03	-3.079426257491121866e-03
2.327050920000000133e+03	-3.085301908376469893e-03
2.327081050000000232e+03	-3.066177268734010530e-03
2.327111190000000533e+03	-3.042052919619356310e-03
2.327141320000000178e+03	-3.027928279976860315e-03
2.327171450000000277e+03	-3.033803640334398199e-03
2.327201590000000579e+03	-3.049679291219756228e-03
2.327231720000000223e+03	-3.075554651577286358e-03
2.327261860000000524e+03	-3.101430302462640509e-03
2.327291990000000169e+03	-3.112305662820183394e-03
2.327322120000000268e+03	-3.113181023177688522e-03
2.327352260000000570e+03	-3.104056674063063181e-03
2.327382390000000214e+03	-3.099932034420577187e-03
2.327412520000000313e+03	-3.090807394778113948e-03
2.327442660000000160e+03	-3.086683045663465852e-03
2.327472790000000259e+03	-3.087558406020998736e-03
2.327502930000000561e+03	-3.088434056906355640e-03
2.327533060000000205e+03	-3.089309417263860769e-03
2.327563190000000304e+03	-3.090184777621393653e-03
2.327593330000000151e+03	-3.096060428506755557e-03
2.327623460000000250e+03	-3.101935788864279564e-03
2.327653590000000349e+03	-3.112811149221808571e-03
2.327683730000000196e+03	-3.118686800107170476e-03
2.327713860000000295e+03	-3.119562160464703360e-03
2.327744000000000142e+03	-3.120437811350032509e-03
2.327774130000000241e+03	-3.111313171707569269e-03
2.327804260000000340e+03	-3.102188532065106030e-03
2.327834400000000187e+03	-3.098064182950457934e-03
2.327864530000000286e+03	-3.098939543307990818e-03
2.327894670000000133e+03	-3.104815194193352723e-03
2.327924800000000232e+03	-3.115690554550881730e-03
2.327954930000000331e+03	-3.121565914908377981e-03
2.327985070000000178e+03	-3.127441565793739886e-03
2.328015200000000277e+03	-3.123316926151267769e-03
2.328045330000000376e+03	-3.119192286508809531e-03
2.328075470000000223e+03	-3.105067937394165312e-03
2.328105600000000322e+03	-3.085943297751692072e-03
2.328135740000000169e+03	-3.076818948637052853e-03
2.328165870000000268e+03	-3.072694308994552981e-03
2.328196000000000367e+03	-3.073569669352085865e-03
2.328226140000000214e+03	-3.089445320237443893e-03
2.328256270000000313e+03	-3.105320680594977900e-03
2.328286410000000160e+03	-3.116196331480344806e-03
2.328316540000000259e+03	-3.122071691837868812e-03
2.328346670000000358e+03	-3.107947052195372817e-03
2.328376810000000205e+03	-3.088822703080737475e-03
2.328406940000000304e+03	-3.064698063438259235e-03
2.328437070000000404e+03	-3.050573423795804873e-03
2.328467210000000250e+03	-3.046449074681156777e-03
2.328497340000000349e+03	-3.062324435038690784e-03
2.328527480000000196e+03	-3.088200085924044935e-03
2.328557610000000295e+03	-3.114075446281547310e-03
2.328587740000000395e+03	-3.119950806639085195e-03
2.328617880000000241e+03	-3.105826457524440976e-03
2.328648010000000340e+03	-3.061701817881970489e-03
2.328678140000000440e+03	-3.007577178239503879e-03
2.328708280000000286e+03	-2.963452829124857413e-03
2.328738410000000385e+03	-2.934328189482401927e-03
2.328768550000000232e+03	-2.940203840367722199e-03
2.328798680000000331e+03	-2.971079200725257330e-03
2.328828810000000431e+03	-3.016954561082793584e-03
2.328858950000000277e+03	-3.057830211968148859e-03
2.328889080000000376e+03	-3.088705572325683990e-03
2.328919220000000223e+03	-3.099581223211037018e-03
2.328949350000000322e+03	-3.090456583568573778e-03
2.328979480000000422e+03	-3.076331943926077783e-03
2.329009620000000268e+03	-3.067207594811438565e-03
2.329039750000000367e+03	-3.063082955168966448e-03
2.329069880000000467e+03	-3.068958315526504332e-03
2.329100020000000313e+03	-3.079833966411857360e-03
2.329130150000000413e+03	-3.095709326769391367e-03
2.329160290000000259e+03	-3.101584977654739395e-03
2.329190420000000358e+03	-3.102460338012244523e-03
2.329220550000000458e+03	-3.098335698369786284e-03
2.329250690000000304e+03	-3.094211349255138188e-03
2.329280820000000404e+03	-3.090086709612666072e-03
2.329310950000000503e+03	-3.090962069970198955e-03
2.329341090000000349e+03	-3.091837720855555860e-03
2.329371220000000449e+03	-3.087713081213097621e-03
2.329401360000000295e+03	-3.083588732098421770e-03
2.329431490000000395e+03	-3.074464092455958530e-03
2.329461620000000494e+03	-3.075339452813491414e-03
2.329491760000000340e+03	-3.086215103698844442e-03
2.329521890000000440e+03	-3.112090464056374572e-03
2.329552030000000286e+03	-3.142966114941733724e-03
2.329582160000000385e+03	-3.173841475299268855e-03
2.329612290000000485e+03	-3.194716835656780107e-03
2.329642430000000331e+03	-3.195592486542137012e-03
2.329672560000000431e+03	-3.176467846899663772e-03
2.329702690000000530e+03	-3.142343207257203286e-03
2.329732830000000376e+03	-3.108218858142552943e-03
2.329762960000000476e+03	-3.079094218500083580e-03
2.329793100000000322e+03	-3.069969869385444361e-03
2.329823230000000422e+03	-3.075845229742954490e-03
2.329853360000000521e+03	-3.096720590100479620e-03
2.329883500000000367e+03	-3.117596240985842648e-03
2.329913630000000467e+03	-3.133471601343376656e-03
2.329943770000000313e+03	-3.149347252228734684e-03
2.329973900000000413e+03	-3.160222612586263691e-03
2.330004030000000512e+03	-3.176097972943769943e-03
2.330034170000000358e+03	-3.186973623829122970e-03
2.330064300000000458e+03	-3.197848984186651977e-03
2.330094430000000557e+03	-3.193724344544193738e-03
2.330124570000000404e+03	-3.164599995429548396e-03
2.330154700000000503e+03	-3.120475355787077909e-03
2.330184840000000349e+03	-3.066351006672435320e-03
2.330214970000000449e+03	-3.027226367029942078e-03
2.330245100000000548e+03	-3.018101727387478839e-03
2.330275240000000395e+03	-3.058977378272834113e-03
2.330305370000000494e+03	-3.129852738630367615e-03
2.330335500000000138e+03	-3.215728098987874484e-03
2.330365640000000440e+03	-3.276603749873249760e-03
2.330395770000000539e+03	-3.287479110230792645e-03
2.330425910000000385e+03	-3.238354761116113423e-03
2.330456040000000485e+03	-3.134230121473652320e-03
2.330486170000000129e+03	-3.015105481831176215e-03
2.330516310000000431e+03	-2.915981132716544133e-03
2.330546440000000530e+03	-2.876856493074078647e-03
2.330576580000000376e+03	-2.902732143959432798e-03
2.330606710000000476e+03	-2.973607504316966299e-03
2.330636840000000575e+03	-3.069482864674469291e-03
2.330666980000000422e+03	-3.150358515559822936e-03
2.330697110000000521e+03	-3.196233875917359191e-03
2.330727240000000165e+03	-3.197109236274892075e-03
2.330757380000000467e+03	-3.167984887160246732e-03
2.330787510000000566e+03	-3.128860247517781246e-03
2.330817650000000413e+03	-3.099735898403135903e-03
2.330847780000000512e+03	-3.085611258760639908e-03
2.330877910000000156e+03	-3.086486619118172792e-03
2.330908050000000458e+03	-3.092362270003534697e-03
2.330938180000000557e+03	-3.093237630361067581e-03
2.330968320000000404e+03	-3.089113281246419485e-03
2.330998450000000503e+03	-3.079988641603956245e-03
2.331028580000000147e+03	-3.075864001961456373e-03
2.331058720000000449e+03	-3.081739652846818278e-03
2.331088850000000548e+03	-3.092615013204347285e-03
2.331118980000000192e+03	-3.108490373561881293e-03
2.331149120000000494e+03	-3.114366024447243197e-03
2.331179250000000138e+03	-3.110241384804743325e-03
2.331209390000000440e+03	-3.096117035690126862e-03
2.331239520000000539e+03	-3.076992396047667500e-03
2.331269650000000183e+03	-3.067867756405162627e-03
2.331299790000000485e+03	-3.073743407290524532e-03
2.331329920000000129e+03	-3.094618767648049662e-03
2.331360050000000228e+03	-3.125494128005557037e-03
2.331390190000000530e+03	-3.151369778890938944e-03
2.331420320000000174e+03	-3.162245139248454073e-03
2.331450460000000476e+03	-3.158120790133833733e-03
2.331480590000000575e+03	-3.128996150491336614e-03
2.331510720000000219e+03	-3.099871510848867251e-03
2.331540860000000521e+03	-3.075747161734226909e-03
2.331570990000000165e+03	-3.066622522091735914e-03
2.331601130000000467e+03	-3.082498172977121698e-03
2.331631260000000566e+03	-3.108373533334651828e-03
2.331661390000000210e+03	-3.139248893692159204e-03
2.331691530000000512e+03	-3.155124544577517232e-03
2.331721660000000156e+03	-3.160999904935041238e-03
2.331751790000000256e+03	-3.146875265292586876e-03
2.331781930000000557e+03	-3.127750916177937657e-03
2.331812060000000201e+03	-3.118626276535446662e-03
2.331842200000000503e+03	-3.124501927420822445e-03
2.331872330000000147e+03	-3.145377287778333697e-03
2.331902460000000247e+03	-3.176252648135868828e-03
2.331932600000000548e+03	-3.202128299021222979e-03
2.331962730000000192e+03	-3.218003659378756987e-03
2.331992860000000292e+03	-3.208879019736265992e-03
2.332023000000000138e+03	-3.189754670621616772e-03
2.332053130000000237e+03	-3.170630030979143532e-03
2.332083270000000539e+03	-3.166505681864509314e-03
2.332113400000000183e+03	-3.182381042222043321e-03
2.332143530000000283e+03	-3.218256402579569575e-03
2.332173670000000129e+03	-3.254132053464933727e-03
2.332203800000000228e+03	-3.270007413822439979e-03
2.332233940000000530e+03	-3.245883064707813515e-03
2.332264070000000174e+03	-3.181758425065323026e-03
2.332294200000000274e+03	-3.082633785422853046e-03
2.332324340000000575e+03	-2.983509436308220963e-03
2.332354470000000219e+03	-2.919384796665744353e-03
2.332384600000000319e+03	-2.900260157023284990e-03
2.332414740000000165e+03	-2.946135807908603632e-03
2.332444870000000265e+03	-3.032011168266138257e-03
2.332475010000000566e+03	-3.132886819151525781e-03
2.332505140000000210e+03	-3.223762179509037651e-03
2.332535270000000310e+03	-3.274637539866565028e-03
2.332565410000000156e+03	-3.285513190751918056e-03
2.332595540000000256e+03	-3.256388551109448692e-03
2.332625680000000557e+03	-3.217264201994807227e-03
2.332655810000000201e+03	-3.173139562352322862e-03
2.332685940000000301e+03	-3.149014922709844622e-03
2.332716080000000147e+03	-3.139890573595205403e-03
2.332746210000000247e+03	-3.145765933952743287e-03
2.332776340000000346e+03	-3.156641294310272294e-03
2.332806480000000192e+03	-3.157516945195629199e-03
2.332836610000000292e+03	-3.158392305553134327e-03
2.332866750000000138e+03	-3.159267956438491232e-03
2.332896880000000237e+03	-3.165143316796029116e-03
2.332927010000000337e+03	-3.176018677153558123e-03
2.332957150000000183e+03	-3.196894328038907274e-03
2.332987280000000283e+03	-3.217769688396446282e-03
2.333017410000000382e+03	-3.228645048753947533e-03
2.333047550000000228e+03	-3.224520699639313315e-03
2.333077680000000328e+03	-3.210396059996845075e-03
2.333107820000000174e+03	-3.181271710882199732e-03
2.333137950000000274e+03	-3.152147071239730369e-03
2.333168080000000373e+03	-3.133022431597271007e-03
2.333198220000000219e+03	-3.123898082482617911e-03
2.333228350000000319e+03	-3.129773442840128039e-03
2.333258490000000165e+03	-3.145649093725486067e-03
2.333288620000000265e+03	-3.156524454083015074e-03
2.333318750000000364e+03	-3.167399814440544081e-03
2.333348890000000210e+03	-3.168275465325900986e-03
2.333379020000000310e+03	-3.159150825683437747e-03
2.333409150000000409e+03	-3.150026186040974507e-03
2.333439290000000256e+03	-3.145901836926298656e-03
2.333469420000000355e+03	-3.151777197283836540e-03
2.333499560000000201e+03	-3.167652848169194568e-03
2.333529690000000301e+03	-3.178528208526723575e-03
2.333559820000000400e+03	-3.184403568884261460e-03
2.333589960000000247e+03	-3.175279219769608363e-03
2.333620090000000346e+03	-3.156154580127149001e-03
2.333650230000000192e+03	-3.122030231012470902e-03
2.333680360000000292e+03	-3.087905591370010416e-03
2.333710490000000391e+03	-3.063780951727546054e-03
2.333740630000000237e+03	-3.059656602612897958e-03
2.333770760000000337e+03	-3.070531962970426965e-03
2.333800890000000436e+03	-3.101407323327962096e-03
2.333831030000000283e+03	-3.137282974213326248e-03
2.333861160000000382e+03	-3.178158334570829746e-03
2.333891300000000228e+03	-3.214033985456180020e-03
2.333921430000000328e+03	-3.239909345813710151e-03
2.333951560000000427e+03	-3.245784706171248035e-03
2.333981700000000274e+03	-3.241660357056599939e-03
2.334011830000000373e+03	-3.217535717414135576e-03
2.334041960000000472e+03	-3.178411077771670090e-03
2.334072100000000319e+03	-3.124286728656999745e-03
2.334102230000000418e+03	-3.065162089014528135e-03
2.334132370000000265e+03	-3.016037739899890546e-03
2.334162500000000364e+03	-2.981913100257430060e-03
2.334192630000000463e+03	-2.982788460614962944e-03
2.334222770000000310e+03	-3.013664111500308218e-03
2.334252900000000409e+03	-3.069539471857840596e-03
2.334283040000000256e+03	-3.135415122743179239e-03
2.334313170000000355e+03	-3.196290483100702740e-03
2.334343300000000454e+03	-3.237165843458233994e-03
2.334373440000000301e+03	-3.253041494343592022e-03
2.334403570000000400e+03	-3.253916854701124906e-03
2.334433700000000499e+03	-3.239792215058656666e-03
2.334463840000000346e+03	-3.230667865944017447e-03
2.334493970000000445e+03	-3.226543226301531453e-03
2.334524110000000292e+03	-3.232418877186879480e-03
2.334554240000000391e+03	-3.243294237544408487e-03
2.334584370000000490e+03	-3.244169597901941371e-03
2.334614510000000337e+03	-3.235045248787302152e-03
2.334644640000000436e+03	-3.210920609144837790e-03
2.334674770000000535e+03	-3.176795969502377304e-03
2.334704910000000382e+03	-3.142671620387699205e-03
2.334735040000000481e+03	-3.123546980745225965e-03
2.334765180000000328e+03	-3.119422631630591747e-03
2.334795310000000427e+03	-3.140297991988116877e-03
2.334825440000000526e+03	-3.181173352345662009e-03
2.334855580000000373e+03	-3.222049003231017283e-03
2.334885710000000472e+03	-3.252924363588510781e-03
2.334915850000000319e+03	-3.268800014473868809e-03
2.334945980000000418e+03	-3.264675374831410570e-03
2.334976110000000517e+03	-3.250550735188942331e-03
2.335006250000000364e+03	-3.226426386074301988e-03
2.335036380000000463e+03	-3.212301746431833749e-03
2.335066510000000562e+03	-3.203177106789356632e-03
2.335096650000000409e+03	-3.209052757674690781e-03
2.335126780000000508e+03	-3.219928118032219788e-03
2.335156920000000355e+03	-3.225803768917581693e-03
2.335187050000000454e+03	-3.221679129275109577e-03
2.335217180000000553e+03	-3.212554489632646337e-03
2.335247320000000400e+03	-3.193430140518010996e-03
2.335277450000000499e+03	-3.179305500875542756e-03
2.335307590000000346e+03	-3.175181151760866904e-03
2.335337720000000445e+03	-3.191056512118400912e-03
2.335367850000000544e+03	-3.211931872475926042e-03
2.335397990000000391e+03	-3.237807523361294071e-03
2.335428120000000490e+03	-3.248682883718823078e-03
2.335458250000000135e+03	-3.239558244076332083e-03
2.335488390000000436e+03	-3.210433894961714496e-03
2.335518520000000535e+03	-3.171309255319221254e-03
2.335548660000000382e+03	-3.137184906204570911e-03
2.335578790000000481e+03	-3.118060266562111549e-03
2.335608920000000580e+03	-3.133935626919645556e-03
2.335639060000000427e+03	-3.174811277805000831e-03
2.335669190000000526e+03	-3.230686638162533209e-03
2.335699320000000171e+03	-3.276561998520027830e-03
2.335729460000000472e+03	-3.292437649405385858e-03
2.335759590000000571e+03	-3.263313009762930372e-03
2.335789730000000418e+03	-3.194188660648286660e-03
2.335819860000000517e+03	-3.095064021005816679e-03
2.335849990000000162e+03	-3.000939381363323943e-03
2.335880130000000463e+03	-2.931815032248707986e-03
2.335910260000000562e+03	-2.912690392606234746e-03
2.335940400000000409e+03	-2.943566043491566142e-03
2.335970530000000508e+03	-3.024441403849095766e-03
2.336000660000000153e+03	-3.120316764206626514e-03
2.336030800000000454e+03	-3.211192415091990160e-03
2.336060930000000553e+03	-3.272067775449527538e-03
2.336091060000000198e+03	-3.292943135807024913e-03
2.336121200000000499e+03	-3.273818786692417326e-03
2.336151330000000144e+03	-3.234694147049910207e-03
2.336181470000000445e+03	-3.190569797935277618e-03
2.336211600000000544e+03	-3.156445158292803255e-03
2.336241730000000189e+03	-3.142320518650307259e-03
2.336271870000000490e+03	-3.148196169535696920e-03
2.336302000000000135e+03	-3.174071529893199295e-03
2.336332130000000234e+03	-3.204946890250734426e-03
2.336362270000000535e+03	-3.235822541136093577e-03
2.336392400000000180e+03	-3.266697901493628708e-03
2.336422540000000481e+03	-3.287573552378977859e-03
2.336452670000000580e+03	-3.303448912736511867e-03
2.336482800000000225e+03	-3.314324273094013118e-03
2.336512940000000526e+03	-3.320199923979402779e-03
2.336543070000000171e+03	-3.316075284336902906e-03
2.336573210000000472e+03	-3.301950935222258687e-03
2.336603340000000571e+03	-3.277826295579794325e-03
2.336633470000000216e+03	-3.253701655937329962e-03
2.336663610000000517e+03	-3.239577306822685743e-03
2.336693740000000162e+03	-3.235452667180199748e-03
2.336723870000000261e+03	-3.246328027537728755e-03
2.336754010000000562e+03	-3.272203678423082907e-03
2.336784140000000207e+03	-3.308079038780609160e-03
2.336814280000000508e+03	-3.343954689665973312e-03
2.336844410000000153e+03	-3.369830050023503443e-03
2.336874540000000252e+03	-3.385705410381009695e-03
2.336904680000000553e+03	-3.381581061266389354e-03
2.336934810000000198e+03	-3.362456421623902236e-03
2.336964950000000499e+03	-3.323332072509260771e-03
2.336995080000000144e+03	-3.279207432866790284e-03
2.337025210000000243e+03	-3.240082793224324798e-03
2.337055350000000544e+03	-3.210958444109679455e-03
2.337085480000000189e+03	-3.206833804467179583e-03
2.337115610000000288e+03	-3.222709164824713590e-03
2.337145750000000135e+03	-3.248584815710081619e-03
2.337175880000000234e+03	-3.279460176067602872e-03
2.337206020000000535e+03	-3.300335826952965901e-03
2.337236150000000180e+03	-3.301211187310498785e-03
2.337266280000000279e+03	-3.282086547668025545e-03
2.337296420000000580e+03	-3.257962198553385202e-03
2.337326550000000225e+03	-3.238837558910898085e-03
2.337356680000000324e+03	-3.239712919268430968e-03
2.337386820000000171e+03	-3.270588570153776242e-03
2.337416950000000270e+03	-3.321463930511317497e-03
2.337447090000000571e+03	-3.367339581396677772e-03
2.337477220000000216e+03	-3.388214941754202902e-03
2.337507350000000315e+03	-3.369090302111715785e-03
2.337537490000000162e+03	-3.299965952997072072e-03
2.337567620000000261e+03	-3.210841313354598214e-03
2.337597760000000562e+03	-3.116716964239957255e-03
2.337627890000000207e+03	-3.052592324597494522e-03
2.337658020000000306e+03	-3.043467684955017405e-03
2.337688160000000153e+03	-3.079343335840381557e-03
2.337718290000000252e+03	-3.145218696197882302e-03
2.337748420000000351e+03	-3.216094056555415803e-03
2.337778560000000198e+03	-3.261969707440776078e-03
2.337808690000000297e+03	-3.277845067798310086e-03
2.337838830000000144e+03	-3.258720718683660866e-03
2.337868960000000243e+03	-3.234596079041196504e-03
2.337899090000000342e+03	-3.215471439398695508e-03
2.337929230000000189e+03	-3.221347090284057413e-03
2.337959360000000288e+03	-3.252222450641592544e-03
2.337989500000000135e+03	-3.298098101526952819e-03
2.338019630000000234e+03	-3.343973461884475196e-03
2.338049760000000333e+03	-3.364848822242014204e-03
2.338079900000000180e+03	-3.360724473127366108e-03
2.338110030000000279e+03	-3.326599833484877866e-03
2.338140160000000378e+03	-3.287475193842412380e-03
2.338170300000000225e+03	-3.248350844727770914e-03
2.338200430000000324e+03	-3.234226205085302674e-03
2.338230570000000171e+03	-3.245101855970655702e-03
2.338260700000000270e+03	-3.270977216328185833e-03
2.338290830000000369e+03	-3.306852576685725964e-03
2.338320970000000216e+03	-3.332728227571052360e-03
2.338351100000000315e+03	-3.338603587928590244e-03
2.338381230000000414e+03	-3.324478948286122004e-03
2.338411370000000261e+03	-3.290354599171471661e-03
2.338441500000000360e+03	-3.256229959529011175e-03
2.338471640000000207e+03	-3.232105610414356955e-03
2.338501770000000306e+03	-3.222980970771893716e-03
2.338531900000000405e+03	-3.233856331129394968e-03
2.338562040000000252e+03	-3.264731982014754119e-03
2.338592170000000351e+03	-3.300607342372294251e-03
2.338622310000000198e+03	-3.336482993257644525e-03
2.338652440000000297e+03	-3.352358353615178532e-03
2.338682570000000396e+03	-3.353233713972711416e-03
2.338712710000000243e+03	-3.334109364858076074e-03
2.338742840000000342e+03	-3.309984725215570078e-03
2.338772970000000441e+03	-3.290860085573110716e-03
2.338803110000000288e+03	-3.291735736458467620e-03
2.338833240000000387e+03	-3.317611096815997751e-03
2.338863380000000234e+03	-3.358486747701353026e-03
2.338893510000000333e+03	-3.399362108058884280e-03
2.338923640000000432e+03	-3.425237468416428288e-03
2.338953780000000279e+03	-3.426113119301757437e-03
2.338983910000000378e+03	-3.401988479659279196e-03
2.339014040000000477e+03	-3.362863840016813710e-03
2.339044180000000324e+03	-3.328739490902177245e-03
2.339074310000000423e+03	-3.319614851259700128e-03
2.339104450000000270e+03	-3.340490502145063156e-03
2.339134580000000369e+03	-3.381365862502594410e-03
2.339164710000000468e+03	-3.417241222860106786e-03
2.339194850000000315e+03	-3.423116873745454813e-03
2.339224980000000414e+03	-3.373992234102993204e-03
2.339255120000000261e+03	-3.269867884988342244e-03
2.339285250000000360e+03	-3.135743245345878893e-03
2.339315380000000459e+03	-3.001618605703415543e-03
2.339345520000000306e+03	-2.917494256588770707e-03
2.339375650000000405e+03	-2.903369616946274712e-03
2.339405780000000505e+03	-2.969244977303803212e-03
2.339435920000000351e+03	-3.095120628189160228e-03
2.339466050000000450e+03	-3.235995988546694346e-03
2.339496190000000297e+03	-3.351871639432055239e-03
2.339526320000000396e+03	-3.412746999789592617e-03
2.339556450000000495e+03	-3.413622360147125501e-03
2.339586590000000342e+03	-3.374498011032456279e-03
2.339616720000000441e+03	-3.325373371389980792e-03
2.339646860000000288e+03	-3.291249022275344327e-03
2.339676990000000387e+03	-3.292124382632877211e-03
2.339707120000000486e+03	-3.312999742990402341e-03
2.339737260000000333e+03	-3.348875393875766493e-03
2.339767390000000432e+03	-3.369750754233263867e-03
2.339797520000000532e+03	-3.365626114590805629e-03
2.339827660000000378e+03	-3.336501765476160286e-03
2.339857790000000477e+03	-3.292377125833689799e-03
2.339887930000000324e+03	-3.258252776719053334e-03
2.339918060000000423e+03	-3.249128137076576217e-03
2.339948190000000523e+03	-3.265003497434110225e-03
2.339978330000000369e+03	-3.295879148319441621e-03
2.340008460000000468e+03	-3.321754508676971751e-03
2.340038590000000568e+03	-3.332629869034514636e-03
2.340068730000000414e+03	-3.323505519919861539e-03
2.340098860000000514e+03	-3.299380880277397177e-03
2.340129000000000360e+03	-3.275256531162756835e-03
2.340159130000000459e+03	-3.266131891520293595e-03
2.340189260000000559e+03	-3.277007251877794847e-03
2.340219400000000405e+03	-3.302882902763148998e-03
2.340249530000000505e+03	-3.333758263120684129e-03
2.340279670000000351e+03	-3.349633914006042157e-03
2.340309800000000450e+03	-3.355509274363566163e-03
2.340339930000000550e+03	-3.341384634721111802e-03
2.340370070000000396e+03	-3.317260285606457582e-03
2.340400200000000495e+03	-3.293135645963965463e-03
2.340430330000000140e+03	-3.284011006321502224e-03
2.340460470000000441e+03	-3.284886657206859129e-03
2.340490600000000541e+03	-3.295762017564388136e-03
2.340520740000000387e+03	-3.306637668449741163e-03
2.340550870000000486e+03	-3.312513028807279047e-03
2.340581000000000131e+03	-3.318388389164789176e-03
2.340611140000000432e+03	-3.324264040050137203e-03
2.340641270000000532e+03	-3.335139400407680088e-03
2.340671400000000176e+03	-3.351014760765214096e-03
2.340701540000000477e+03	-3.376890411650568247e-03
2.340731670000000577e+03	-3.397765772008093377e-03
2.340761810000000423e+03	-3.418641422893456405e-03
2.340791940000000523e+03	-3.424516783250980412e-03
2.340822070000000167e+03	-3.415392143608489417e-03
2.340852210000000468e+03	-3.396267794493854075e-03
2.340882340000000568e+03	-3.357143154851388589e-03
2.340912480000000414e+03	-3.313018805736742123e-03
2.340942610000000514e+03	-3.258894166094275513e-03
2.340972740000000158e+03	-3.199769526451776147e-03
2.341002880000000459e+03	-3.145645177337161313e-03
2.341033010000000559e+03	-3.101520537694663071e-03
2.341063140000000203e+03	-3.072395898052193708e-03
2.341093280000000505e+03	-3.078271548937555613e-03
2.341123410000000149e+03	-3.119146909295059111e-03
2.341153550000000450e+03	-3.190022560180444389e-03
2.341183680000000550e+03	-3.275897920537979013e-03
2.341213810000000194e+03	-3.366773280895490883e-03
2.341243950000000495e+03	-3.437648931780834527e-03
2.341274080000000140e+03	-3.468524292138369658e-03
2.341304220000000441e+03	-3.464399943023735440e-03
2.341334350000000541e+03	-3.425275303381269953e-03
2.341364480000000185e+03	-3.366150663738770588e-03
2.341394620000000486e+03	-3.307026314624150753e-03
2.341424750000000131e+03	-3.272901674981662512e-03
2.341454880000000230e+03	-3.268777035339190395e-03
2.341485020000000532e+03	-3.289652686224553424e-03
2.341515150000000176e+03	-3.335528046582075801e-03
2.341545290000000477e+03	-3.376403697467444953e-03
2.341575420000000577e+03	-3.407279057824966206e-03
2.341605550000000221e+03	-3.418154418182481336e-03
2.341635690000000523e+03	-3.409030069067828239e-03
2.341665820000000167e+03	-3.389905429425368877e-03
2.341695950000000266e+03	-3.370780789782895637e-03
2.341726090000000568e+03	-3.361656440668256418e-03
2.341756220000000212e+03	-3.362531801025761546e-03
2.341786360000000514e+03	-3.368407451911151207e-03
2.341816490000000158e+03	-3.369282812268656335e-03
2.341846620000000257e+03	-3.365158172626184219e-03
2.341876760000000559e+03	-3.356033823511545000e-03
2.341906890000000203e+03	-3.341909183869076760e-03
2.341937030000000505e+03	-3.332784834754423664e-03
2.341967160000000149e+03	-3.328660195111937670e-03
2.341997290000000248e+03	-3.339535555469466677e-03
2.342027430000000550e+03	-3.345411206354856337e-03
2.342057560000000194e+03	-3.346286566712361465e-03
2.342087690000000293e+03	-3.332161927069893226e-03
2.342117830000000140e+03	-3.313037577955244006e-03
2.342147960000000239e+03	-3.288912938312779644e-03
2.342178100000000541e+03	-3.279788589198140425e-03
2.342208230000000185e+03	-3.295663949555646677e-03
2.342238360000000284e+03	-3.331539309913172930e-03
2.342268500000000131e+03	-3.377414960798533206e-03
2.342298630000000230e+03	-3.418290321156064460e-03
2.342328770000000532e+03	-3.434165972041422488e-03
2.342358900000000176e+03	-3.425041332398959248e-03
2.342389030000000275e+03	-3.400916692756467130e-03
2.342419170000000577e+03	-3.366792343641844543e-03
2.342449300000000221e+03	-3.347667703999343547e-03
2.342479430000000320e+03	-3.343543064356885308e-03
2.342509570000000167e+03	-3.344418715242242213e-03
2.342539700000000266e+03	-3.335294075599778973e-03
2.342569840000000568e+03	-3.306169726485133631e-03
2.342599970000000212e+03	-3.242045086842629265e-03
2.342630100000000311e+03	-3.152920447200169285e-03
2.342660240000000158e+03	-3.063796098085519448e-03
2.342690370000000257e+03	-2.999671458443056715e-03
2.342720500000000357e+03	-2.990546818800593476e-03
2.342750640000000203e+03	-3.036422469685953751e-03
2.342780770000000302e+03	-3.122297830043446742e-03
2.342810910000000149e+03	-3.233173480928816512e-03
2.342841040000000248e+03	-3.324048841286342260e-03
2.342871170000000347e+03	-3.374924201643869637e-03
2.342901310000000194e+03	-3.385799852529236542e-03
2.342931440000000293e+03	-3.361675212886758302e-03
2.342961580000000140e+03	-3.317550863772125713e-03
2.342991710000000239e+03	-3.278426224129632471e-03
2.343021840000000338e+03	-3.259301584487159231e-03
2.343051980000000185e+03	-3.265177235372521136e-03
2.343082110000000284e+03	-3.286052595730046266e-03
2.343112240000000384e+03	-3.321927956087586398e-03
2.343142380000000230e+03	-3.352803606972945549e-03
2.343172510000000329e+03	-3.378678967330475680e-03
2.343202650000000176e+03	-3.394554618215805952e-03
2.343232780000000275e+03	-3.400429978573329959e-03
2.343262910000000375e+03	-3.411305338930872844e-03
2.343293050000000221e+03	-3.417180989816220871e-03
2.343323180000000320e+03	-3.418056350173753755e-03
2.343353310000000420e+03	-3.418931710531286638e-03
2.343383450000000266e+03	-3.404807361416642419e-03
2.343413580000000366e+03	-3.380682721774150301e-03
2.343443720000000212e+03	-3.346558372659513836e-03
2.343473850000000311e+03	-3.307433733017048350e-03
2.343503980000000411e+03	-3.273309093374573986e-03
2.343534120000000257e+03	-3.249184744259933644e-03
2.343564250000000357e+03	-3.235060104617465404e-03
2.343594390000000203e+03	-3.240935755502827309e-03
2.343624520000000302e+03	-3.256811115860333561e-03
2.343654650000000402e+03	-3.282686476217863691e-03
2.343684790000000248e+03	-3.303562127103212842e-03
2.343714920000000347e+03	-3.319437487460746850e-03
2.343745050000000447e+03	-3.320312847818279733e-03
2.343775190000000293e+03	-3.316188498703645515e-03
2.343805320000000393e+03	-3.307063859061168398e-03
2.343835460000000239e+03	-3.302939509946506424e-03
2.343865590000000338e+03	-3.298814870304034308e-03
2.343895720000000438e+03	-3.304690230661572192e-03
2.343925860000000284e+03	-3.305565881546929097e-03
2.343955990000000384e+03	-3.311441241904453103e-03
2.343986130000000230e+03	-3.307316892789818885e-03
2.344016260000000329e+03	-3.303192253147346769e-03
2.344046390000000429e+03	-3.299067613504846896e-03
2.344076530000000275e+03	-3.294943264390212678e-03
2.344106660000000375e+03	-3.300818624747736685e-03
2.344136790000000474e+03	-3.311693985105279570e-03
2.344166930000000320e+03	-3.317569635990627597e-03
2.344197060000000420e+03	-3.313444996348169358e-03
2.344227200000000266e+03	-3.294320647233520138e-03
2.344257330000000366e+03	-3.255196007591026897e-03
2.344287460000000465e+03	-3.211071367948556410e-03
2.344317600000000311e+03	-3.161947018833918821e-03
2.344347730000000411e+03	-3.137822379191454458e-03
2.344377860000000510e+03	-3.133697739548982342e-03
2.344408000000000357e+03	-3.164573390434341493e-03
2.344438130000000456e+03	-3.210448750791877748e-03
2.344468270000000302e+03	-3.266324401677206390e-03
2.344498400000000402e+03	-3.307199762034737645e-03
2.344528530000000501e+03	-3.328075122392262775e-03
2.344558670000000347e+03	-3.323950773277628556e-03
2.344588800000000447e+03	-3.304826133635155316e-03
2.344618940000000293e+03	-3.275701784520509974e-03
2.344649070000000393e+03	-3.256577144878022856e-03
2.344679200000000492e+03	-3.247452505235545739e-03
2.344709340000000338e+03	-3.258328156120912644e-03
2.344739470000000438e+03	-3.279203516478437774e-03
2.344769600000000537e+03	-3.305078876835967905e-03
2.344799740000000384e+03	-3.325954527721330933e-03
2.344829870000000483e+03	-3.331829888078868818e-03
2.344860010000000329e+03	-3.322705538964187966e-03
2.344890140000000429e+03	-3.308580899321719726e-03
2.344920270000000528e+03	-3.284456259679255363e-03
2.344950410000000375e+03	-3.260331910564615021e-03
2.344980540000000474e+03	-3.246207270922146781e-03
2.345010670000000573e+03	-3.242082631279674665e-03
2.345040810000000420e+03	-3.247958282165036570e-03
2.345070940000000519e+03	-3.258833642522537821e-03
2.345101080000000366e+03	-3.279709293407900850e-03
2.345131210000000465e+03	-3.295584653765434857e-03
2.345161340000000564e+03	-3.301460014122972741e-03
2.345191480000000411e+03	-3.302335665008329646e-03
2.345221610000000510e+03	-3.288211025365861406e-03
2.345251750000000357e+03	-3.264086676251207186e-03
2.345281880000000456e+03	-3.244962036608720068e-03
2.345312010000000555e+03	-3.235837396966256829e-03
2.345342150000000402e+03	-3.241713047851604856e-03
2.345372280000000501e+03	-3.262588408209143864e-03
2.345402410000000145e+03	-3.298463768566642362e-03
2.345432550000000447e+03	-3.334339419452034270e-03
2.345462680000000546e+03	-3.350214779809568277e-03
2.345492820000000393e+03	-3.346090430694892426e-03
2.345522950000000492e+03	-3.311965791052431940e-03
2.345553080000000136e+03	-3.257841151409951452e-03
2.345583220000000438e+03	-3.203716802295308863e-03
2.345613350000000537e+03	-3.169592162652848377e-03
2.345643490000000384e+03	-3.170467813538205282e-03
2.345673620000000483e+03	-3.206343173895731535e-03
2.345703750000000582e+03	-3.267218534253241158e-03
2.345733890000000429e+03	-3.333094185138593679e-03
2.345764020000000528e+03	-3.378969545496129934e-03
2.345794150000000172e+03	-3.389844905853631185e-03
2.345824290000000474e+03	-3.355720556739022475e-03
2.345854420000000573e+03	-3.286595917096554742e-03
2.345884560000000420e+03	-3.212471567981906029e-03
2.345914690000000519e+03	-3.158346928339411663e-03
2.345944820000000163e+03	-3.134222288696947301e-03
2.345974960000000465e+03	-3.150097939582305329e-03
2.346005090000000564e+03	-3.195973299939841583e-03
2.346035220000000209e+03	-3.246848660297341205e-03
2.346065360000000510e+03	-3.287724311182724235e-03
2.346095490000000154e+03	-3.308599671540235487e-03
2.346125630000000456e+03	-3.304475322425587391e-03
2.346155760000000555e+03	-3.290350682783119152e-03
2.346185890000000200e+03	-3.271226043140659789e-03
2.346216030000000501e+03	-3.267101694026011693e-03
2.346246160000000145e+03	-3.272977054383521822e-03
2.346276300000000447e+03	-3.283852705268902605e-03
2.346306430000000546e+03	-3.284728065626435489e-03
2.346336560000000190e+03	-3.265603425983948371e-03
2.346366700000000492e+03	-3.226479076869293028e-03
2.346396830000000136e+03	-3.172354437226826418e-03
2.346426960000000236e+03	-3.113229797584340930e-03
2.346457100000000537e+03	-3.069105448469722219e-03
2.346487230000000181e+03	-3.049980808827221224e-03
2.346517370000000483e+03	-3.060856459712588129e-03
2.346547500000000582e+03	-3.101731820070119383e-03
2.346577630000000227e+03	-3.152607180427646760e-03
2.346607770000000528e+03	-3.213482831313008159e-03
2.346637900000000172e+03	-3.264358191670507781e-03
2.346668040000000474e+03	-3.305233842555890811e-03
2.346698170000000573e+03	-3.326109202913429819e-03
2.346728300000000218e+03	-3.321984563270929947e-03
2.346758440000000519e+03	-3.302860214156294605e-03
2.346788570000000163e+03	-3.263735574513829119e-03
2.346818700000000263e+03	-3.219610934871358632e-03
2.346848840000000564e+03	-3.175486585756712166e-03
2.346878970000000209e+03	-3.141361946114223924e-03
2.346909110000000510e+03	-3.132237596999598583e-03
2.346939240000000154e+03	-3.143112957357113713e-03
2.346969370000000254e+03	-3.173988317714634966e-03
2.346999510000000555e+03	-3.214863968600004118e-03
2.347029640000000200e+03	-3.255739328957535372e-03
2.347059770000000299e+03	-3.286614689315042748e-03
2.347089910000000145e+03	-3.307490340200391898e-03
2.347120040000000245e+03	-3.313365700557929783e-03
2.347150180000000546e+03	-3.314241351443286687e-03
2.347180310000000190e+03	-3.310116711800814571e-03
2.347210440000000290e+03	-3.305992072158342454e-03
2.347240580000000136e+03	-3.296867723043703235e-03
2.347270710000000236e+03	-3.292743083401217241e-03
2.347300850000000537e+03	-3.293618734286601901e-03
2.347330980000000181e+03	-3.294494094644107030e-03
2.347361110000000281e+03	-3.305369455001636037e-03
2.347391250000000582e+03	-3.316245105886989064e-03
2.347421380000000227e+03	-3.327120466244518071e-03
2.347451510000000326e+03	-3.332995826602028200e-03
2.347481650000000172e+03	-3.328871477487380104e-03
