# Wavenumber / cm-1 	 Absorbance / OD
1.932508820000000469e+03	2.459411016483697976e-04
1.932538950000000341e+03	2.706563709724274513e-04
1.932569090000000415e+03	2.903715457957534163e-04
1.932599220000000287e+03	2.950868151198188238e-04
1.932629350000000386e+03	2.948020844438792309e-04
1.932659490000000460e+03	2.945172592672129497e-04
1.932689620000000332e+03	2.942325285912733568e-04
1.932719760000000406e+03	3.039477034146031986e-04
1.932749890000000278e+03	3.086629727386686062e-04
1.932780020000000377e+03	3.133782420627340137e-04
1.932810160000000451e+03	3.030934168860716094e-04
1.932840290000000323e+03	2.878086862101170151e-04
1.932870420000000422e+03	2.625239555341801756e-04
1.932900560000000269e+03	2.422391303575355259e-04
1.932930690000000368e+03	2.319543996815720543e-04
1.932960830000000442e+03	2.366695745049246513e-04
1.932990960000000314e+03	2.563848438289911824e-04
1.933021090000000413e+03	2.911001131530310815e-04
1.933051230000000260e+03	3.258152879763859255e-04
1.933081360000000359e+03	3.605305573004397024e-04
1.933111500000000433e+03	3.752457321237745447e-04
1.933141630000000305e+03	3.749610014478349518e-04
1.933171760000000404e+03	3.546762707718892349e-04
1.933201900000000251e+03	3.193914455952295839e-04
1.933232030000000350e+03	2.791067149192916208e-04
1.933262160000000449e+03	2.388219842433536577e-04
1.933292300000000296e+03	2.085371590666851294e-04
1.933322430000000395e+03	1.932524283907444129e-04
1.933352570000000469e+03	2.029676032140742548e-04
1.933382700000000341e+03	2.326828725381369090e-04
1.933412830000000440e+03	2.823981418621918094e-04
1.933442970000000287e+03	3.371133166855388996e-04
1.933473100000000386e+03	3.818285860095887996e-04
1.933503230000000258e+03	4.015438553336553307e-04
1.933533370000000332e+03	3.962590301569979268e-04
1.933563500000000431e+03	3.609742994810510863e-04
1.933593640000000278e+03	3.056894743043991891e-04
1.933623770000000377e+03	2.504047436284601025e-04
1.933653900000000249e+03	2.101200129524943838e-04
1.933684040000000323e+03	1.948351877758547346e-04
1.933714170000000422e+03	2.045504570999112648e-04
1.933744310000000269e+03	2.192656319232461071e-04
1.933774440000000368e+03	2.339809012473076377e-04
1.933804570000000467e+03	2.336961705713680448e-04
1.933834710000000314e+03	2.134113453946956396e-04
1.933864840000000413e+03	1.781266147187626769e-04
1.933894970000000285e+03	1.528418840428119596e-04
1.933925110000000359e+03	1.425570588661495552e-04
1.933955240000000458e+03	1.572723281902110859e-04
1.933985380000000305e+03	1.869875030135470517e-04
1.934015510000000404e+03	2.267027723376058290e-04
1.934045640000000276e+03	2.564180416616684832e-04
1.934075780000000350e+03	2.611332164849933246e-04
1.934105910000000449e+03	2.408484858090614855e-04
1.934136050000000296e+03	2.055636606323879567e-04
1.934166180000000395e+03	1.752789299564599945e-04
1.934196310000000267e+03	1.649941992805104007e-04
1.934226450000000341e+03	1.847093741038502435e-04
1.934256580000000440e+03	2.294246434279278990e-04
1.934286710000000312e+03	2.891399127519650447e-04
1.934316850000000386e+03	3.388550875753210123e-04
1.934346980000000258e+03	3.735703568993747892e-04
1.934377120000000332e+03	3.832855317227046310e-04
1.934407250000000431e+03	3.680008010467777924e-04
1.934437380000000303e+03	3.427160703708270750e-04
1.934467520000000377e+03	3.124312451941724245e-04
1.934497650000000249e+03	2.871465145182217071e-04
1.934527780000000348e+03	2.718617838422809907e-04
1.934557920000000422e+03	2.615769586656185863e-04
1.934588050000000294e+03	2.562922279896739930e-04
1.934618190000000368e+03	2.460074028130115886e-04
1.934648320000000467e+03	2.407226721370808731e-04
1.934678450000000339e+03	2.404379414611412802e-04
1.934708590000000413e+03	2.451531162844661216e-04
1.934738720000000285e+03	2.648683856085326527e-04
1.934768860000000359e+03	2.945835604318686185e-04
1.934798990000000458e+03	3.242988297559173949e-04
1.934829120000000330e+03	3.540140990799800491e-04
1.934859260000000404e+03	3.687292739033148914e-04
1.934889390000000276e+03	3.684445432273891763e-04
1.934919520000000375e+03	3.531598125514345821e-04
1.934949660000000449e+03	3.178749873747749310e-04
1.934979790000000321e+03	2.775902566988508458e-04
1.935009930000000395e+03	2.423054315221773169e-04
1.935040060000000267e+03	2.170207008462404774e-04
1.935070190000000366e+03	2.117359701702958841e-04
1.935100330000000440e+03	2.214511449936396037e-04
1.935130460000000312e+03	2.411664143176922570e-04
1.935160590000000411e+03	2.708816836417549112e-04
1.935190730000000258e+03	2.905968584650947539e-04
1.935220860000000357e+03	3.103121277891474072e-04
1.935251000000000431e+03	3.200273026124772491e-04
1.935281130000000303e+03	3.247425719365426566e-04
1.935311260000000402e+03	3.344578412605991868e-04
1.935341400000000249e+03	3.441730160839429065e-04
1.935371530000000348e+03	3.538882854079994367e-04
1.935401670000000422e+03	3.586034602313381559e-04
1.935431800000000294e+03	3.533187295553935625e-04
1.935461930000000393e+03	3.330339988794478456e-04
1.935492070000000467e+03	3.027491737027931951e-04
1.935522200000000339e+03	2.724644430268513551e-04
1.935552330000000438e+03	2.521797123509056382e-04
1.935582470000000285e+03	2.468948871742343565e-04
1.935612600000000384e+03	2.616101564983097649e-04
1.935642740000000458e+03	2.863253313216546081e-04
1.935672870000000330e+03	3.160406006456895067e-04
1.935703000000000429e+03	3.357558699697699156e-04
1.935733140000000276e+03	3.304710447930986339e-04
1.935763270000000375e+03	3.101863141171667948e-04
1.935793410000000449e+03	2.799014889404982664e-04
1.935823540000000321e+03	2.496167582645564265e-04
1.935853670000000420e+03	2.243320275886195869e-04
1.935883810000000267e+03	2.140472024119571826e-04
1.935913940000000366e+03	2.137624717360175897e-04
1.935944070000000465e+03	2.184777410600691194e-04
1.935974210000000312e+03	2.281929158834128391e-04
1.936004340000000411e+03	2.279081852074732462e-04
1.936034480000000258e+03	2.326233600307980875e-04
1.936064610000000357e+03	2.373386293548634951e-04
1.936094740000000456e+03	2.470538986789200253e-04
1.936124880000000303e+03	2.517690735022587445e-04
1.936155010000000402e+03	2.564843428263102743e-04
1.936185140000000274e+03	2.561996121503706814e-04
1.936215280000000348e+03	2.409147869737032766e-04
1.936245410000000447e+03	2.206300562977714375e-04
1.936275550000000294e+03	2.003452311211129100e-04
1.936305680000000393e+03	1.900605004451633162e-04
1.936335810000000265e+03	1.947757697692426015e-04
1.936365950000000339e+03	2.144909445925685665e-04
1.936396080000000438e+03	2.442062139166173429e-04
1.936426220000000285e+03	2.689213887399621861e-04
1.936456350000000384e+03	2.886366580640287172e-04
1.936486480000000256e+03	2.933519273880941247e-04
1.936516620000000330e+03	2.830671022114178426e-04
1.936546750000000429e+03	2.677823715354771261e-04
1.936576880000000301e+03	2.524976408595364097e-04
1.936607020000000375e+03	2.372128156828690049e-04
1.936637150000000247e+03	2.319280850069382893e-04
1.936667290000000321e+03	2.316432598302720081e-04
1.936697420000000420e+03	2.313585291543324152e-04
1.936727550000000292e+03	2.410737984783889454e-04
1.936757690000000366e+03	2.507889733017187872e-04
1.936787820000000465e+03	2.605042426257891952e-04
1.936817950000000337e+03	2.752195119498507259e-04
1.936848090000000411e+03	2.949346867731766908e-04
1.936878220000000283e+03	3.096499560972382215e-04
1.936908360000000357e+03	3.243651309205869415e-04
1.936938490000000456e+03	3.340804002446295939e-04
1.936968620000000328e+03	3.337956695686900011e-04
1.936998760000000402e+03	3.235108443920414745e-04
1.937028890000000274e+03	3.032261137160818798e-04
1.937059030000000348e+03	2.829412885394372301e-04
1.937089160000000447e+03	2.676565578634965137e-04
1.937119290000000319e+03	2.573718271875469199e-04
1.937149430000000393e+03	2.470870020108845155e-04
1.937179560000000265e+03	2.418022713349538000e-04
1.937209690000000364e+03	2.365175406590092066e-04
1.937239830000000438e+03	2.212327154823418018e-04
1.937269960000000310e+03	2.059479848064010854e-04
1.937300100000000384e+03	1.956631596297386810e-04
1.937330230000000256e+03	1.953784289537990881e-04
1.937360360000000355e+03	2.100936982778606188e-04
1.937390500000000429e+03	2.398088731011965846e-04
1.937420630000000301e+03	2.845241424252603624e-04
1.937450770000000375e+03	3.342393172485885744e-04
1.937480900000000247e+03	3.639545865726512286e-04
1.937511030000000346e+03	3.736698558967077588e-04
1.937541170000000420e+03	3.583850307200542318e-04
1.937571300000000292e+03	3.231003000441073914e-04
1.937601430000000391e+03	2.828155693681694283e-04
1.937631570000000465e+03	2.525307441915147777e-04
1.937661700000000337e+03	2.422460135155513061e-04
1.937691840000000411e+03	2.519611883389089035e-04
1.937721970000000283e+03	2.766764576629665573e-04
1.937752100000000382e+03	3.013917269870103333e-04
1.937782240000000456e+03	3.111069018103540529e-04
1.937812370000000328e+03	3.108221711344144600e-04
1.937842500000000427e+03	2.905374404584687431e-04
1.937872640000000274e+03	2.702526152818102156e-04
1.937902770000000373e+03	2.499678846058783765e-04
1.937932910000000447e+03	2.446830594292070948e-04
1.937963040000000319e+03	2.593983287532686255e-04
1.937993170000000418e+03	2.841135980773262792e-04
1.938023310000000265e+03	3.188287729006672455e-04
1.938053440000000364e+03	3.485440422247160219e-04
1.938083580000000438e+03	3.682592170480558647e-04
1.938113710000000310e+03	3.629744863721112713e-04
1.938143840000000409e+03	3.476897556961705549e-04
1.938173980000000256e+03	3.124049305195247817e-04
1.938204110000000355e+03	2.771201998435779412e-04
1.938234240000000455e+03	2.418354691676311008e-04
1.938264380000000301e+03	2.215506439909725733e-04
1.938294510000000400e+03	2.112659133150229795e-04
1.938324650000000247e+03	2.159810881383755765e-04
1.938354780000000346e+03	2.256963574624321067e-04
1.938384910000000446e+03	2.354116267864747591e-04
1.938415050000000292e+03	2.351268016098223557e-04
1.938445180000000391e+03	2.298420709338916401e-04
1.938475320000000465e+03	2.245572457572203584e-04
1.938505450000000337e+03	2.192725150812757651e-04
1.938535580000000436e+03	2.189877844053361722e-04
1.938565720000000283e+03	2.287029592286798918e-04
1.938595850000000382e+03	2.434182285527414225e-04
1.938625980000000254e+03	2.581334978768029531e-04
1.938656120000000328e+03	2.728486727001377954e-04
1.938686250000000427e+03	2.775639420241893252e-04
1.938716390000000274e+03	2.772791168475230439e-04
1.938746520000000373e+03	2.719943861715923283e-04
1.938776650000000245e+03	2.717096554956527354e-04
1.938806790000000319e+03	2.664248303189814537e-04
1.938836920000000418e+03	2.611400996430368604e-04
1.938867050000000290e+03	2.558553689671061449e-04
1.938897190000000364e+03	2.405705437904387400e-04
1.938927320000000464e+03	2.302858131144891463e-04
1.938957460000000310e+03	2.150009879378217414e-04
1.938987590000000409e+03	2.097162572619049037e-04
1.939017720000000281e+03	2.194315265859475561e-04
1.939047860000000355e+03	2.391467014092873988e-04
1.939077990000000455e+03	2.638619707333589304e-04
1.939108130000000301e+03	2.885771455566898958e-04
1.939138260000000400e+03	2.932924148807553033e-04
1.939168390000000272e+03	2.830076842048057095e-04
1.939198530000000346e+03	2.577228590281421816e-04
1.939228660000000446e+03	2.224381283522092190e-04
1.939258790000000317e+03	1.971533976762723794e-04
1.939288930000000391e+03	1.818685724996049746e-04
1.939319060000000263e+03	1.815838418236653817e-04
1.939349200000000337e+03	2.012990166469913467e-04
1.939379330000000436e+03	2.210142859710578778e-04
1.939409460000000308e+03	2.407295552951105311e-04
1.939439600000000382e+03	2.504447301184542507e-04
1.939469730000000254e+03	2.601599994425107809e-04
1.939499860000000353e+03	2.648752687665761885e-04
1.939530000000000427e+03	2.695904435899010299e-04
1.939560130000000299e+03	2.793057129139575601e-04
1.939590270000000373e+03	2.840208877372962792e-04
1.939620400000000245e+03	2.887361570613755646e-04
1.939650530000000344e+03	2.884514263854220939e-04
1.939680670000000418e+03	2.781666012087458117e-04
1.939710800000000290e+03	2.728818705328289740e-04
1.939740940000000364e+03	2.675970453561576923e-04
1.939771070000000464e+03	2.723123146802092220e-04
1.939801200000000335e+03	2.920275840042757531e-04
1.939831340000000409e+03	3.217427588276117190e-04
1.939861470000000281e+03	3.514580281516743732e-04
1.939891600000000381e+03	3.661732974757359038e-04
1.939921740000000455e+03	3.708884722990746230e-04
1.939951870000000326e+03	3.556037416231339066e-04
1.939982010000000400e+03	3.253189164464653782e-04
1.940012140000000272e+03	2.950341857705235382e-04
1.940042270000000372e+03	2.697494550945866987e-04
1.940072410000000446e+03	2.544646299179192939e-04
1.940102540000000317e+03	2.541798992419797010e-04
1.940132680000000391e+03	2.588950740653184202e-04
1.940162810000000263e+03	2.686103433893749504e-04
1.940192940000000362e+03	2.733256127134264801e-04
1.940223080000000436e+03	2.730407875367601989e-04
1.940253210000000308e+03	2.627560568608244829e-04
1.940283340000000408e+03	2.524713261848887669e-04
1.940313480000000254e+03	2.421865010082263625e-04
1.940343610000000353e+03	2.419017703322867696e-04
1.940373750000000427e+03	2.466169451556254888e-04
1.940403880000000299e+03	2.563322144796820190e-04
1.940434010000000399e+03	2.660474838037524270e-04
1.940464150000000245e+03	2.757626586270822688e-04
1.940494280000000344e+03	2.854779279511387990e-04
1.940524410000000444e+03	2.951931972752092070e-04
1.940554550000000290e+03	3.099083720985440493e-04
1.940584680000000390e+03	3.246236414225917022e-04
1.940614820000000464e+03	3.393388162459265445e-04
1.940644950000000335e+03	3.390540855699869516e-04
1.940675080000000435e+03	3.287693548940512356e-04
1.940705220000000281e+03	3.034845297173877077e-04
1.940735350000000381e+03	2.731997990414458677e-04
1.940765490000000455e+03	2.479149738647823398e-04
1.940795620000000326e+03	2.376302431888466238e-04
1.940825750000000426e+03	2.423455125128981535e-04
1.940855890000000272e+03	2.620606873362379963e-04
1.940886020000000372e+03	2.767759566602995269e-04
1.940916150000000243e+03	2.814912259843510567e-04
1.940946290000000317e+03	2.662064008076836519e-04
1.940976420000000417e+03	2.409216701317468123e-04
1.941006560000000263e+03	2.156368449550971622e-04
1.941036690000000362e+03	2.053521142791475684e-04
1.941066820000000462e+03	2.150673836032040986e-04
1.941096960000000308e+03	2.447825584265539423e-04
1.941127090000000408e+03	2.844978277505988418e-04
1.941157220000000279e+03	3.192130970746664964e-04
1.941187360000000353e+03	3.339282718980013387e-04
1.941217490000000453e+03	3.236435412220517449e-04
1.941247630000000299e+03	2.883587160454059717e-04
1.941277760000000399e+03	2.480739853694680086e-04
1.941307890000000270e+03	2.077892546935161677e-04
1.941338030000000344e+03	1.875044295168576403e-04
1.941368160000000444e+03	1.872196988409180474e-04
1.941398300000000290e+03	2.119348736642490127e-04
1.941428430000000390e+03	2.466501429883166674e-04
1.941458560000000261e+03	2.813654123123704442e-04
1.941488700000000335e+03	3.060805871357014096e-04
1.941518830000000435e+03	3.257958564597679407e-04
1.941548960000000307e+03	3.355111257838244709e-04
1.941579100000000381e+03	3.352263006071581897e-04
1.941609230000000252e+03	3.299415699312135963e-04
1.941639370000000326e+03	3.146567447545600693e-04
1.941669500000000426e+03	2.993720140786193529e-04
1.941699630000000298e+03	2.790872834026736360e-04
1.941729770000000372e+03	2.588024582260151085e-04
1.941759900000000243e+03	2.485177275500655147e-04
1.941790040000000317e+03	2.432329023734219886e-04
1.941820170000000417e+03	2.429481716974823957e-04
1.941850300000000288e+03	2.476634410215200477e-04
1.941880440000000362e+03	2.573786158448637673e-04
1.941910570000000462e+03	2.670938851689341753e-04
1.941940700000000334e+03	2.718091544929857051e-04
1.941970840000000408e+03	2.815243293163294247e-04
1.942000970000000279e+03	2.862395986403809545e-04
1.942031110000000353e+03	3.009547734637157967e-04
1.942061240000000453e+03	3.106700427877723270e-04
1.942091370000000325e+03	3.153853121118377345e-04
1.942121510000000399e+03	3.151004869351714532e-04
1.942151640000000270e+03	3.098157562592268599e-04
1.942181770000000370e+03	2.945310255833000213e-04
1.942211910000000444e+03	2.792462004066326164e-04
1.942242040000000316e+03	2.689614697306830227e-04
1.942272180000000390e+03	2.736766445540217418e-04
1.942302310000000261e+03	2.833919138780782720e-04
1.942332440000000361e+03	3.031071832021448031e-04
1.942362580000000435e+03	3.178223580254935232e-04
1.942392710000000307e+03	3.275376273495361756e-04
1.942422850000000381e+03	3.222528021728648939e-04
1.942452980000000252e+03	3.069680714969380553e-04
1.942483110000000352e+03	2.866833408209923384e-04
1.942513250000000426e+03	2.613985156443426883e-04
1.942543380000000298e+03	2.361137849684058487e-04
1.942573510000000397e+03	2.208290542924512545e-04
1.942603650000000243e+03	2.055442291157977275e-04
1.942633780000000343e+03	1.952594984398481337e-04
1.942663920000000417e+03	1.899746732631907298e-04
1.942694050000000288e+03	1.846899425872461364e-04
1.942724180000000388e+03	1.944052119113026666e-04
1.942754320000000462e+03	2.091203867346375089e-04
1.942784450000000334e+03	2.388356560587001631e-04
1.942814590000000408e+03	2.735508308820411294e-04
1.942844720000000279e+03	3.082661002060949063e-04
1.942874850000000379e+03	3.279813695301614374e-04
1.942904990000000453e+03	3.276965443534951561e-04
1.942935120000000325e+03	3.024118136775444388e-04
1.942965250000000424e+03	2.621270830016064757e-04
1.942995390000000270e+03	2.118422578249595789e-04
1.943025520000000370e+03	1.715575271490077380e-04
1.943055660000000444e+03	1.512727019723353328e-04
1.943085790000000316e+03	1.409879712964134946e-04
1.943115920000000415e+03	1.507032406204561470e-04
1.943146060000000261e+03	1.654184154438048671e-04
1.943176190000000361e+03	1.751336847678613973e-04
1.943206320000000460e+03	1.898489540919090501e-04
1.943236460000000307e+03	1.995641289152666475e-04
1.943266590000000406e+03	2.142793982393281782e-04
1.943296730000000252e+03	2.439945730626502662e-04
1.943326860000000352e+03	2.787098423867179209e-04
1.943356990000000451e+03	3.134251117107716977e-04
1.943387130000000298e+03	3.431402865341076636e-04
1.943417260000000397e+03	3.478555558581730711e-04
1.943447400000000243e+03	3.275707306815006659e-04
1.943477530000000343e+03	2.872860000055627028e-04
1.943507660000000442e+03	2.320012693296236161e-04
1.943537800000000288e+03	1.817164441529628416e-04
1.943567930000000388e+03	1.564317134770260020e-04
1.943598060000000260e+03	1.561469828010864092e-04
1.943628200000000334e+03	1.858621576244084972e-04
1.943658330000000433e+03	2.355774269484772754e-04
1.943688470000000279e+03	2.802926017718143648e-04
1.943718600000000379e+03	3.100078710958770190e-04
1.943748730000000251e+03	3.247231404199246718e-04
1.943778870000000325e+03	3.144383152432622675e-04
1.943809000000000424e+03	2.991535845673354288e-04
1.943839130000000296e+03	2.788688538913897119e-04
1.943869270000000370e+03	2.685840287147273076e-04
1.943899400000000469e+03	2.682992980387877147e-04
1.943929540000000316e+03	2.730144728621264338e-04
1.943959670000000415e+03	2.877297421861879645e-04
1.943989800000000287e+03	2.974450115102444947e-04
1.944019940000000361e+03	3.021601863335832139e-04
1.944050070000000460e+03	3.068754556576347436e-04
1.944080210000000307e+03	3.115906304809734628e-04
1.944110340000000406e+03	3.213058998050299930e-04
1.944140470000000278e+03	3.360211691290915237e-04
1.944170610000000352e+03	3.507363439524263660e-04
1.944200740000000451e+03	3.604516132764828962e-04
1.944230870000000323e+03	3.601668826005433033e-04
1.944261010000000397e+03	3.498820574238808989e-04
1.944291140000000269e+03	3.245973267479440594e-04
1.944321280000000343e+03	2.893125015712705306e-04
1.944351410000000442e+03	2.540277708953375679e-04
1.944381540000000314e+03	2.237430402193957280e-04
1.944411680000000388e+03	2.034582150427372005e-04
1.944441810000000260e+03	2.031734843668114854e-04
1.944471950000000334e+03	2.128886591901413272e-04
1.944502080000000433e+03	2.376039285141851032e-04
1.944532210000000305e+03	2.673191978382616352e-04
1.944562350000000379e+03	2.970343726615976010e-04
1.944592480000000251e+03	3.267496419856602552e-04
1.944622610000000350e+03	3.414649113097217858e-04
1.944652750000000424e+03	3.411800861330555046e-04
1.944682880000000296e+03	3.258953554571147881e-04
1.944713020000000370e+03	2.956105302804462598e-04
1.944743150000000469e+03	2.603257996044994194e-04
1.944773280000000341e+03	2.200410689285614563e-04
1.944803420000000415e+03	1.897562437518929279e-04
1.944833550000000287e+03	1.744715130759522115e-04
1.944863680000000386e+03	1.791867824000176190e-04
1.944893820000000460e+03	1.989019572233574618e-04
1.944923950000000332e+03	2.336172265474112386e-04
1.944954090000000406e+03	2.633324013707472044e-04
1.944984220000000278e+03	2.880476706948048582e-04
1.945014350000000377e+03	2.977629400188613884e-04
1.945044490000000451e+03	2.924781148422039845e-04
1.945074620000000323e+03	2.721933841662582676e-04
1.945104760000000397e+03	2.469085589896086175e-04
1.945134890000000269e+03	2.216238283136579001e-04
1.945165020000000368e+03	2.013390976377260611e-04
1.945195160000000442e+03	1.860542724610586562e-04
1.945225290000000314e+03	1.757695417851090625e-04
1.945255420000000413e+03	1.704848111091783469e-04
1.945285560000000260e+03	1.651999859325209430e-04
1.945315690000000359e+03	1.699152552565724728e-04
1.945345830000000433e+03	1.796304300799161924e-04
1.945375960000000305e+03	1.943456994039777230e-04
1.945406090000000404e+03	2.190609687280353768e-04
1.945436230000000251e+03	2.437761435513663422e-04
1.945466360000000350e+03	2.634914128754328733e-04
1.945496500000000424e+03	2.732065876987627151e-04
1.945526630000000296e+03	2.679218570228181218e-04
1.945556760000000395e+03	2.476371263468862827e-04
1.945586900000000469e+03	2.123523011702127539e-04
1.945617030000000341e+03	1.770675704942797912e-04
1.945647160000000440e+03	1.517828398183290739e-04
1.945677300000000287e+03	1.414980146416666695e-04
1.945707430000000386e+03	1.512132839657231997e-04
1.945737570000000460e+03	1.809284587890730434e-04
1.945767700000000332e+03	2.156437281131268202e-04
1.945797830000000431e+03	2.503589974371805971e-04
1.945827970000000278e+03	2.700741722605343176e-04
1.945858100000000377e+03	2.747894415845719696e-04
1.945888230000000249e+03	2.595047109086590087e-04
1.945918370000000323e+03	2.392198857319866034e-04
1.945948500000000422e+03	2.239351550560320092e-04
1.945978640000000269e+03	2.236503298793796057e-04
1.946008770000000368e+03	2.333655992034361359e-04
1.946038900000000467e+03	2.530808685274887893e-04
1.946069040000000314e+03	2.777960433508336324e-04
1.946099170000000413e+03	2.875113126748901626e-04
1.946129310000000260e+03	2.872264874982238814e-04
1.946159440000000359e+03	2.719417568222831649e-04
1.946189570000000458e+03	2.566570261463563263e-04
1.946219710000000305e+03	2.463722009696800441e-04
1.946249840000000404e+03	2.510874702937454517e-04
1.946279970000000276e+03	2.658027396178069823e-04
1.946310110000000350e+03	2.955179144411429482e-04
1.946340240000000449e+03	3.202331837652006019e-04
1.946370380000000296e+03	3.349483585885493220e-04
1.946400510000000395e+03	3.346636279125958513e-04
1.946430640000000267e+03	3.193788972366551349e-04
1.946460780000000341e+03	2.940940720600054847e-04
1.946490910000000440e+03	2.688093413840408896e-04
1.946521040000000312e+03	2.535246107081279288e-04
1.946551180000000386e+03	2.532397855314616475e-04
1.946581310000000258e+03	2.679550548554954226e-04
1.946611450000000332e+03	2.876702296788491431e-04
1.946641580000000431e+03	3.123854990029067968e-04
1.946671710000000303e+03	3.321007683269733279e-04
1.946701850000000377e+03	3.368159431502981693e-04
1.946731980000000249e+03	3.315312124743674538e-04
1.946762120000000323e+03	3.162463872977000490e-04
1.946792250000000422e+03	3.009616566217593325e-04
1.946822380000000294e+03	2.856769259458186161e-04
1.946852520000000368e+03	2.753921007691562117e-04
1.946882650000000467e+03	2.651073700932066179e-04
1.946912780000000339e+03	2.548226394172709020e-04
1.946942920000000413e+03	2.445378142406084976e-04
1.946973050000000285e+03	2.292530835646677811e-04
1.947003190000000359e+03	2.239682583879964994e-04
1.947033320000000458e+03	2.236835277120569065e-04
1.947063450000000330e+03	2.383987970361184372e-04
1.947093590000000404e+03	2.631139718594632804e-04
1.947123720000000276e+03	2.928292411835120568e-04
1.947153860000000350e+03	3.225444160068480226e-04
1.947183990000000449e+03	3.372596853309234310e-04
1.947214120000000321e+03	3.269749546549738373e-04
1.947244260000000395e+03	2.966901294783191867e-04
1.947274390000000267e+03	2.564053988023812236e-04
1.947304520000000366e+03	2.161206681264293827e-04
1.947334660000000440e+03	1.908358429497797326e-04
1.947364790000000312e+03	1.905511122738401397e-04
1.947394930000000386e+03	2.102662870971661047e-04
1.947425060000000258e+03	2.449815564212337593e-04
1.947455190000000357e+03	2.696968257452914131e-04
1.947485330000000431e+03	2.794120005686212549e-04
1.947515460000000303e+03	2.641272698926805385e-04
1.947545590000000402e+03	2.338425392167386985e-04
1.947575730000000249e+03	1.985577140400790475e-04
1.947605860000000348e+03	1.632729833641322070e-04
1.947636000000000422e+03	1.529881581874698027e-04
1.947666130000000294e+03	1.527034275115302098e-04
1.947696260000000393e+03	1.724186968355967409e-04
1.947726400000000467e+03	1.921338716589227058e-04
1.947756530000000339e+03	2.018491409829792360e-04
1.947786670000000413e+03	2.065643158063179552e-04
1.947816800000000285e+03	2.012795851303872396e-04
1.947846930000000384e+03	1.909948544544376459e-04
1.947877070000000458e+03	1.857100292777802419e-04
1.947907200000000330e+03	1.854252986018545268e-04
1.947937330000000429e+03	1.901405679258921788e-04
1.947967470000000276e+03	2.048557427492408989e-04
1.947997600000000375e+03	2.145710120732974291e-04
1.948027740000000449e+03	2.192861868966361483e-04
1.948057870000000321e+03	2.240014562207015558e-04
1.948088000000000420e+03	2.237167255447619629e-04
1.948118140000000267e+03	2.234319003680956817e-04
1.948148270000000366e+03	2.281471696921472114e-04
1.948178400000000465e+03	2.278624390162076185e-04
1.948208540000000312e+03	2.375776138395513382e-04
1.948238670000000411e+03	2.472928831636078684e-04
1.948268810000000258e+03	2.570080579869377102e-04
1.948298940000000357e+03	2.717233273109992409e-04
1.948329070000000456e+03	2.864385966350607715e-04
1.948359210000000303e+03	3.011537714583956138e-04
1.948389340000000402e+03	3.108690407824521440e-04
1.948419480000000249e+03	3.105842156057858627e-04
1.948449610000000348e+03	3.002994849298501467e-04
1.948479740000000447e+03	2.800147542539044299e-04
1.948509880000000294e+03	2.547299290772409019e-04
1.948540010000000393e+03	2.344451984013229406e-04
1.948570140000000265e+03	2.241604677253594691e-04
1.948600280000000339e+03	2.338756425487031887e-04
1.948630410000000438e+03	2.585909118727747202e-04
1.948660550000000285e+03	2.883060866961106861e-04
1.948690680000000384e+03	3.230213560201644629e-04
1.948720810000000256e+03	3.377366253442259936e-04
1.948750950000000330e+03	3.424518001675647128e-04
1.948781080000000429e+03	3.221670694916189959e-04
1.948811220000000276e+03	2.968822443149554680e-04
1.948841350000000375e+03	2.715975136390186284e-04
1.948871480000000247e+03	2.563127829630779120e-04
1.948901620000000321e+03	2.560279577864116307e-04
1.948931750000000420e+03	2.757432271104642840e-04
1.948961880000000292e+03	3.004584964345358156e-04
1.948992020000000366e+03	3.201736712578617805e-04
1.949022150000000465e+03	3.248889405819271881e-04
1.949052290000000312e+03	3.146041154052509059e-04
1.949082420000000411e+03	2.893193847293140664e-04
1.949112550000000283e+03	2.590346540533722264e-04
1.949142690000000357e+03	2.387498288767136989e-04
1.949172820000000456e+03	2.334650982007691056e-04
1.949202950000000328e+03	2.431803675248256358e-04
1.949233090000000402e+03	2.728955423481616016e-04
1.949263220000000274e+03	2.976108116722470109e-04
1.949293360000000348e+03	3.123259864955679754e-04
1.949323490000000447e+03	3.070412558196233821e-04
1.949353620000000319e+03	2.817565251437004203e-04
1.949383760000000393e+03	2.414716999670218911e-04
1.949413890000000265e+03	2.011869692910839280e-04
1.949444030000000339e+03	1.709021441144292774e-04
1.949474160000000438e+03	1.656174134384846841e-04
1.949504290000000310e+03	1.753326827625412143e-04
1.949534430000000384e+03	2.000478575858721797e-04
1.949564560000000256e+03	2.247631269099437112e-04
1.949594690000000355e+03	2.494783962340013650e-04
1.949624830000000429e+03	2.591935710573312068e-04
1.949654960000000301e+03	2.589088403813916139e-04
1.949685100000000375e+03	2.536240152047203322e-04
1.949715230000000247e+03	2.433392845287846162e-04
1.949745360000000346e+03	2.430545538528450233e-04
1.949775500000000420e+03	2.427697286761787421e-04
1.949805630000000292e+03	2.424849980002391492e-04
1.949835770000000366e+03	2.422001728235867457e-04
1.949865900000000465e+03	2.269154421476321515e-04
1.949896030000000337e+03	2.066307114717141902e-04
1.949926170000000411e+03	1.863458862950417849e-04
1.949956300000000283e+03	1.760611556190921911e-04
1.949986430000000382e+03	1.807764249431575987e-04
1.950016570000000456e+03	2.054915997665024419e-04
1.950046700000000328e+03	2.452068690905612192e-04
1.950076840000000402e+03	2.849220439138933081e-04
1.950106970000000274e+03	3.146373132379559623e-04
1.950137100000000373e+03	3.293525825620174929e-04
1.950167240000000447e+03	3.290677573853512117e-04
1.950197370000000319e+03	3.037830267094004943e-04
1.950227500000000418e+03	2.784982960334636548e-04
1.950257640000000265e+03	2.532134708568001269e-04
1.950287770000000364e+03	2.279287401808632874e-04
1.950317910000000438e+03	2.126439150041958825e-04
1.950348040000000310e+03	1.973591843282551661e-04
1.950378170000000409e+03	1.870744536523194501e-04
1.950408310000000256e+03	1.767896284756431680e-04
1.950438440000000355e+03	1.765048977997035751e-04
1.950468580000000429e+03	1.862200726230611725e-04
1.950498710000000301e+03	2.159353419471099489e-04
1.950528840000000400e+03	2.556506112711687262e-04
1.950558980000000247e+03	3.053657860945108160e-04
1.950589110000000346e+03	3.500810554185607160e-04
1.950619240000000445e+03	3.747963247426183697e-04
1.950649380000000292e+03	3.795114995659709667e-04
1.950679510000000391e+03	3.592267688900113720e-04
1.950709650000000465e+03	3.239419437133655988e-04
1.950739780000000337e+03	2.886572130374187584e-04
1.950769910000000436e+03	2.583724823614630406e-04
1.950800050000000283e+03	2.430876571848095136e-04
1.950830180000000382e+03	2.428029265088699207e-04
1.950860310000000254e+03	2.525181958329403287e-04
1.950890450000000328e+03	2.722333706562662936e-04
1.950920580000000427e+03	2.919486399803328247e-04
1.950950720000000274e+03	3.116638148036587896e-04
1.950980850000000373e+03	3.363790841277303212e-04
1.951010980000000245e+03	3.560943534517829745e-04
1.951041120000000319e+03	3.758095282751228172e-04
1.951071250000000418e+03	3.755247975991832243e-04
1.951101390000000265e+03	3.602399724225296973e-04
1.951131520000000364e+03	3.249552417465689791e-04
1.951161650000000463e+03	2.796705110706398933e-04
1.951191790000000310e+03	2.293856858939791188e-04
1.951221920000000409e+03	1.891009552180272779e-04
1.951252050000000281e+03	1.688162245420815610e-04
1.951282190000000355e+03	1.735313993654341580e-04
1.951312320000000454e+03	1.932466686894868113e-04
1.951342460000000301e+03	2.279618435128277776e-04
1.951372590000000400e+03	2.626771128368954322e-04
1.951402720000000272e+03	2.873923821609392082e-04
1.951432860000000346e+03	2.971075569842829278e-04
1.951462990000000445e+03	2.918228263083383345e-04
1.951493130000000292e+03	2.815380011316759301e-04
1.951523260000000391e+03	2.612532704557440910e-04
1.951553390000000263e+03	2.409685397797983741e-04
1.951583530000000337e+03	2.206837146031259689e-04
1.951613660000000436e+03	2.003989839271941298e-04
1.951643790000000308e+03	1.901142532512584138e-04
1.951673930000000382e+03	1.798294280745821316e-04
1.951704060000000254e+03	1.845446973986475392e-04
1.951734200000000328e+03	1.892598722219862584e-04
1.951764330000000427e+03	2.039751415460477890e-04
1.951794460000000299e+03	2.236904108701004423e-04
1.951824600000000373e+03	2.384055856934491624e-04
1.951854730000000245e+03	2.481208550174918148e-04
1.951884860000000344e+03	2.528361243415572224e-04
1.951915000000000418e+03	2.525512991649048189e-04
1.951945130000000290e+03	2.522665684889513482e-04
1.951975270000000364e+03	2.469817433122939443e-04
1.952005400000000463e+03	2.466970126363543514e-04
1.952035530000000335e+03	2.364122819604047576e-04
1.952065670000000409e+03	2.261274567837562310e-04
1.952095800000000281e+03	2.108427261078155146e-04
1.952125940000000355e+03	1.955579009311481098e-04
1.952156070000000454e+03	1.752731702552023929e-04
1.952186200000000326e+03	1.649884395792666769e-04
1.952216340000000400e+03	1.647036144026003956e-04
1.952246470000000272e+03	1.744188837266569259e-04
1.952276600000000371e+03	1.941341530507234570e-04
1.952306740000000445e+03	2.038493278740532988e-04
1.952336870000000317e+03	2.085645971981187063e-04
1.952367010000000391e+03	1.982797720214563020e-04
1.952397140000000263e+03	1.779950413455105851e-04
1.952427270000000362e+03	1.477103106695687451e-04
1.952457410000000436e+03	1.274254854929102176e-04
1.952487540000000308e+03	1.171407548169606239e-04
1.952517670000000408e+03	1.318560241410221545e-04
1.952547810000000254e+03	1.615711989643719981e-04
1.952577940000000353e+03	2.062864682884218981e-04
1.952608080000000427e+03	2.560016431117501101e-04
1.952638210000000299e+03	2.957169124358227652e-04
1.952668340000000399e+03	3.304321817598765421e-04
1.952698480000000245e+03	3.501473565832163848e-04
1.952728610000000344e+03	3.548626259072817923e-04
1.952758750000000418e+03	3.545778007306155111e-04
1.952788880000000290e+03	3.442930700546797951e-04
1.952819010000000389e+03	3.290083393787390786e-04
1.952849150000000463e+03	3.087235142020666734e-04
1.952879280000000335e+03	2.834387835261298338e-04
1.952909410000000435e+03	2.531540528501879939e-04
1.952939550000000281e+03	2.228692276735194655e-04
1.952969680000000380e+03	2.025844969975876264e-04
1.952999820000000454e+03	1.972996718209163447e-04
1.953029950000000326e+03	2.070149411449728749e-04
1.953060080000000426e+03	2.317302104690444065e-04
1.953090220000000272e+03	2.614453852923803723e-04
1.953120350000000371e+03	2.861606546164380260e-04
1.953150490000000445e+03	3.058758294397639910e-04
1.953180620000000317e+03	3.055910987638243981e-04
1.953210750000000417e+03	2.953063680878886821e-04
1.953240890000000263e+03	2.700215429112251542e-04
1.953271020000000362e+03	2.497368122352933151e-04
1.953301150000000462e+03	2.344520815593387209e-04
1.953331290000000308e+03	2.341672563826724396e-04
1.953361420000000408e+03	2.438825257067567254e-04
1.953391560000000254e+03	2.635977005300826903e-04
1.953421690000000353e+03	2.833129698541492214e-04
1.953451820000000453e+03	3.030282391782018747e-04
1.953481960000000299e+03	3.127434140015455943e-04
1.953512090000000399e+03	3.124586833256060014e-04
1.953542220000000270e+03	3.071739526496614081e-04
1.953572360000000344e+03	2.868891274729890029e-04
1.953602490000000444e+03	2.666043967970571638e-04
1.953632630000000290e+03	2.463195716203847585e-04
1.953662760000000389e+03	2.210348409444479190e-04
1.953692890000000261e+03	2.007501102685022021e-04
1.953723030000000335e+03	1.854652850918486751e-04
1.953753160000000435e+03	1.701805544159079586e-04
1.953783300000000281e+03	1.598957292392316765e-04
1.953813430000000380e+03	1.646109985632970840e-04
1.953843560000000252e+03	1.743262678873536142e-04
1.953873700000000326e+03	1.940414427106934570e-04
1.953903830000000426e+03	2.187567120347511107e-04
1.953933960000000297e+03	2.434719813588087645e-04
1.953964100000000371e+03	2.631871561821486072e-04
1.953994230000000243e+03	2.729024255062190152e-04
1.954024370000000317e+03	2.726176003295527339e-04
1.954054500000000417e+03	2.573328696535981397e-04
1.954084630000000288e+03	2.370481389776801784e-04
1.954114770000000362e+03	2.117633138010027727e-04
1.954144900000000462e+03	1.914785831250570558e-04
1.954175040000000308e+03	1.661937579484074057e-04
1.954205170000000408e+03	1.509090272724666892e-04
1.954235300000000279e+03	1.406242965965170955e-04
1.954265440000000353e+03	1.403394714198508142e-04
1.954295570000000453e+03	1.450547407439162217e-04
1.954325700000000325e+03	1.547700100679727520e-04
1.954355840000000399e+03	1.694851848913075942e-04
1.954385970000000270e+03	1.842004542153691249e-04
1.954416110000000344e+03	2.039156290387089676e-04
1.954446240000000444e+03	2.236308983627616209e-04
1.954476370000000315e+03	2.383461676868231516e-04
1.954506510000000389e+03	2.580613425101629943e-04
1.954536640000000261e+03	2.677766118342195245e-04
1.954566770000000361e+03	2.774918811582760547e-04
1.954596910000000435e+03	2.822070559816147739e-04
1.954627040000000306e+03	2.719223253056790579e-04
1.954657180000000380e+03	2.566375001290255309e-04
1.954687310000000252e+03	2.313527694530748136e-04
1.954717440000000352e+03	2.160680387771479749e-04
1.954747580000000426e+03	2.157832136004816936e-04
1.954777710000000297e+03	2.304984829245432243e-04
1.954807850000000371e+03	2.702136577478753132e-04
1.954837980000000243e+03	3.149289270719252132e-04
1.954868110000000343e+03	3.596441963959889909e-04
1.954898250000000417e+03	3.793593712193288336e-04
1.954928380000000288e+03	3.690746405433931177e-04
1.954958510000000388e+03	3.237899098674501541e-04
1.954988650000000462e+03	2.585050846907743782e-04
1.955018780000000334e+03	1.932203540148391685e-04
1.955048920000000408e+03	1.529355288381745170e-04
1.955079050000000279e+03	1.426507981622388010e-04
1.955109180000000379e+03	1.673660674862964548e-04
1.955139320000000453e+03	2.220812423096296673e-04
1.955169450000000325e+03	2.767965116336895681e-04
1.955199580000000424e+03	3.215117809577533459e-04
1.955229720000000270e+03	3.412269557810793108e-04
1.955259850000000370e+03	3.359422251051485953e-04
1.955289990000000444e+03	3.156573999284900678e-04
1.955320120000000315e+03	2.903726692525393505e-04
1.955350250000000415e+03	2.750879385765986340e-04
1.955380390000000261e+03	2.748031133999462305e-04
1.955410520000000361e+03	2.795183827239977603e-04
1.955440660000000435e+03	2.892335575473414799e-04
1.955470790000000306e+03	2.989488268713980101e-04
1.955500920000000406e+03	2.986640961954445395e-04
1.955531060000000252e+03	2.933792710188010133e-04
1.955561190000000352e+03	2.930945403428614204e-04
1.955591320000000451e+03	2.928098096669079498e-04
1.955621460000000297e+03	3.075249844902427920e-04
1.955651590000000397e+03	3.222402538143043227e-04
1.955681730000000243e+03	3.369554286376391650e-04
1.955711860000000343e+03	3.416706979617045725e-04
1.955741990000000442e+03	3.363859672857599792e-04
1.955772130000000288e+03	3.161011421091014517e-04
1.955802260000000388e+03	2.858164114331596117e-04
1.955832400000000462e+03	2.605315862564960838e-04
1.955862530000000334e+03	2.402468555805503669e-04
1.955892660000000433e+03	2.299621249046146509e-04
1.955922800000000279e+03	2.346772997279672479e-04
1.955952930000000379e+03	2.443925690520099003e-04
1.955983060000000251e+03	2.641078383760625536e-04
1.956013200000000325e+03	2.788230131994112737e-04
1.956043330000000424e+03	2.885382825234678039e-04
1.956073470000000270e+03	2.982534573468115235e-04
1.956103600000000370e+03	2.929687266708669302e-04
1.956133730000000469e+03	2.876839959949223369e-04
1.956163870000000315e+03	2.723991708182688098e-04
1.956194000000000415e+03	2.521144401423230930e-04
1.956224130000000287e+03	2.318297094663912539e-04
1.956254270000000361e+03	2.115448842897188486e-04
1.956284400000000460e+03	1.962601536137781322e-04
1.956314540000000306e+03	1.909753284371068505e-04
1.956344670000000406e+03	1.906905977611672576e-04
1.956374800000000278e+03	1.954058670852326651e-04
1.956404940000000352e+03	1.951210419085663839e-04
1.956435070000000451e+03	1.948363112326267910e-04
1.956465210000000297e+03	1.895514860559555093e-04
1.956495340000000397e+03	1.792667553800197933e-04
1.956525470000000269e+03	1.739820247040751999e-04
1.956555610000000343e+03	1.786971995274139191e-04
1.956585740000000442e+03	1.934124688514754498e-04
1.956615870000000314e+03	2.231277381755381040e-04
1.956646010000000388e+03	2.528429129988879476e-04
1.956676140000000260e+03	2.825581823229367240e-04
1.956706280000000334e+03	3.022733571462626889e-04
1.956736410000000433e+03	3.019886264703369738e-04
1.956766540000000305e+03	2.917038957943873800e-04
1.956796680000000379e+03	2.664190706177377299e-04
1.956826810000000251e+03	2.411343399417870126e-04
1.956856940000000350e+03	2.258496092658462961e-04
1.956887080000000424e+03	2.205647840891888922e-04
1.956917210000000296e+03	2.252800534132542998e-04
1.956947350000000370e+03	2.399952282365752643e-04
1.956977480000000469e+03	2.597104975606417954e-04
1.957007610000000341e+03	2.694257668846983256e-04
1.957037750000000415e+03	2.741409417080370448e-04
1.957067880000000287e+03	2.638562110321013288e-04
1.957098020000000361e+03	2.535713858554250466e-04
1.957128150000000460e+03	2.432866551794893306e-04
1.957158280000000332e+03	2.330019245035536146e-04
1.957188420000000406e+03	2.377170993268784560e-04
1.957218550000000278e+03	2.524323686509399867e-04
1.957248680000000377e+03	2.671476379750015173e-04
1.957278820000000451e+03	2.818628127983363596e-04
1.957308950000000323e+03	2.965780821223978903e-04
1.957339090000000397e+03	3.062932569457277321e-04
1.957369220000000269e+03	3.060085262698020170e-04
1.957399350000000368e+03	3.057237955938485463e-04
1.957429490000000442e+03	3.004389704171911424e-04
1.957459620000000314e+03	3.001542397412654273e-04
1.957489760000000388e+03	3.048694145645902687e-04
1.957519890000000260e+03	3.045846838886506758e-04
1.957550020000000359e+03	2.992999532127199602e-04
1.957580160000000433e+03	2.890151280360436781e-04
1.957610290000000305e+03	2.737303973601168394e-04
1.957640420000000404e+03	2.534456666841711225e-04
1.957670560000000251e+03	2.381608415075037177e-04
1.957700690000000350e+03	2.328761108315591244e-04
1.957730830000000424e+03	2.325912856548928431e-04
1.957760960000000296e+03	2.373065549789582507e-04
1.957791090000000395e+03	2.420218243030236582e-04
1.957821230000000469e+03	2.417369991263573770e-04
1.957851360000000341e+03	2.364522684504127836e-04
1.957881490000000440e+03	2.311675377744681903e-04
1.957911630000000287e+03	2.208827125978057859e-04
1.957941760000000386e+03	2.155979819218750704e-04
1.957971900000000460e+03	2.153131567452087891e-04
1.958002030000000332e+03	2.300284260692703198e-04
1.958032160000000431e+03	2.447436953933179726e-04
1.958062300000000278e+03	2.594588702166528149e-04
1.958092430000000377e+03	2.641741395407321003e-04
1.958122570000000451e+03	2.638893143640658190e-04
1.958152700000000323e+03	2.586045836881212256e-04
1.958182830000000422e+03	2.533198530121905101e-04
1.958212970000000269e+03	2.480350278355192284e-04
1.958243100000000368e+03	2.527502971595846359e-04
1.958273230000000467e+03	2.674655664836461666e-04
1.958303370000000314e+03	2.821807413069671311e-04
1.958333500000000413e+03	2.968960106310286617e-04
1.958363640000000260e+03	3.016111854543673809e-04
1.958393770000000359e+03	2.963264547784227876e-04
1.958423900000000458e+03	2.760417241024909485e-04
1.958454040000000305e+03	2.507568989258274206e-04
1.958484170000000404e+03	2.254721682498767032e-04
1.958514310000000251e+03	2.051873430732181758e-04
1.958544440000000350e+03	1.899026123972774593e-04
1.958574570000000449e+03	1.896178817213378665e-04
1.958604710000000296e+03	1.943330565446765856e-04
1.958634840000000395e+03	2.040483258687331158e-04
1.958664970000000267e+03	2.087635951927985234e-04
1.958695110000000341e+03	2.134787700161233648e-04
1.958725240000000440e+03	2.131940393401837719e-04
1.958755380000000287e+03	2.129092141635313684e-04
1.958785510000000386e+03	2.126244834875778977e-04
1.958815640000000258e+03	2.173397528116571831e-04
1.958845780000000332e+03	2.220549276349820245e-04
1.958875910000000431e+03	2.267701969590335542e-04
1.958906040000000303e+03	2.364854662831039622e-04
1.958936180000000377e+03	2.412006411064426814e-04
1.958966310000000249e+03	2.509159104304992116e-04
1.958996450000000323e+03	2.656310852538340539e-04
1.959026580000000422e+03	2.803463545778955845e-04
1.959056710000000294e+03	2.950616239019571152e-04
1.959086850000000368e+03	3.097767987252919575e-04
1.959116980000000467e+03	3.144920680493573650e-04
1.959147120000000314e+03	3.092072428726860833e-04
1.959177250000000413e+03	2.939225121967453669e-04
1.959207380000000285e+03	2.636377815208035269e-04
1.959237520000000359e+03	2.283529563441438759e-04
1.959267650000000458e+03	1.930682256681970355e-04
1.959297780000000330e+03	1.677834949922601959e-04
1.959327920000000404e+03	1.524986698155927911e-04
1.959358050000000276e+03	1.572139391396581987e-04
1.959388190000000350e+03	1.719291139630069187e-04
1.959418320000000449e+03	2.066443832870468178e-04
1.959448450000000321e+03	2.413596526111283502e-04
1.959478590000000395e+03	2.760748274344554387e-04
1.959508720000000267e+03	3.107900967585092156e-04
1.959538850000000366e+03	3.255053660825846240e-04
1.959568990000000440e+03	3.302205409059094654e-04
1.959599120000000312e+03	3.149358102299687490e-04
1.959629260000000386e+03	2.846509850533002206e-04
1.959659390000000258e+03	2.493662543773672580e-04
1.959689520000000357e+03	2.140815237014204175e-04
1.959719660000000431e+03	1.937966985247618901e-04
1.959749790000000303e+03	1.885119678488172967e-04
1.959779930000000377e+03	1.982271426721610164e-04
1.959810060000000249e+03	2.229424119962186701e-04
1.959840190000000348e+03	2.526576813202813243e-04
1.959870330000000422e+03	2.823728561436034123e-04
1.959900460000000294e+03	2.970881254676649430e-04
1.959930590000000393e+03	3.068033947917353510e-04
1.959960730000000467e+03	2.965185696150590688e-04
1.959990860000000339e+03	2.812338389391183524e-04
1.960021000000000413e+03	2.659490137624648254e-04
1.960051130000000285e+03	2.506642830865241089e-04
1.960081260000000384e+03	2.403795524105745152e-04
1.960111400000000458e+03	2.350947272339309890e-04
1.960141530000000330e+03	2.298099965579725179e-04
1.960171670000000404e+03	2.295251713813201144e-04
1.960201800000000276e+03	2.342404407053855220e-04
1.960231930000000375e+03	2.389557100294231740e-04
1.960262070000000449e+03	2.486708848527807714e-04
1.960292200000000321e+03	2.633861541768284242e-04
1.960322330000000420e+03	2.831014235008810775e-04
1.960352470000000267e+03	3.028165983242347981e-04
1.960382600000000366e+03	3.225318676482874514e-04
1.960412740000000440e+03	3.322470424716172932e-04
1.960442870000000312e+03	3.269623117956865777e-04
1.960473000000000411e+03	3.116775811197458612e-04
1.960503140000000258e+03	2.813927559430773329e-04
1.960533270000000357e+03	2.461080252671443702e-04
1.960563400000000456e+03	2.058232945911925293e-04
1.960593540000000303e+03	1.805384694145290014e-04
1.960623670000000402e+03	1.702537387385932854e-04
1.960653810000000249e+03	1.799689135619370051e-04
1.960683940000000348e+03	2.046841828859807810e-04
1.960714070000000447e+03	2.393994522100484357e-04
1.960744210000000294e+03	2.741146270333894019e-04
1.960774340000000393e+03	2.988298963574470557e-04
1.960804480000000467e+03	3.085450711807768975e-04
1.960834610000000339e+03	2.932603405048500589e-04
1.960864740000000438e+03	2.579756098288893407e-04
1.960894880000000285e+03	2.176907846522385670e-04
1.960925010000000384e+03	1.724060539763094813e-04
1.960955140000000256e+03	1.321213233003576404e-04
1.960985280000000330e+03	1.068364981236941125e-04
1.961015410000000429e+03	9.655176744775839648e-05
1.961045550000000276e+03	9.626694227109211521e-05
1.961075680000000375e+03	1.159822115951586463e-04
1.961105810000000247e+03	1.406974809192163001e-04
1.961135950000000321e+03	1.704126557425522659e-04
1.961166080000000420e+03	2.051279250666060427e-04
1.961196220000000267e+03	2.398430998899470090e-04
1.961226350000000366e+03	2.745583692140007859e-04
1.961256480000000465e+03	3.042736385380634401e-04
1.961286620000000312e+03	3.239888133613894050e-04
1.961316750000000411e+03	3.337040826854598130e-04
1.961346880000000283e+03	3.234193520095102192e-04
1.961377020000000357e+03	3.031345268328655695e-04
1.961407150000000456e+03	2.728497961569098518e-04
1.961437290000000303e+03	2.375649709802502008e-04
1.961467420000000402e+03	2.122802403043133612e-04
1.961497550000000274e+03	1.919955096283676443e-04
1.961527690000000348e+03	1.917106844517152409e-04
1.961557820000000447e+03	2.064259537757767715e-04
1.961587950000000319e+03	2.261412230998155470e-04
1.961618090000000393e+03	2.508563979231603902e-04
1.961648220000000265e+03	2.705716672472269213e-04
1.961678360000000339e+03	2.752868420705656405e-04
1.961708490000000438e+03	2.650021113946160467e-04
1.961738620000000310e+03	2.397173807186792072e-04
1.961768760000000384e+03	2.094325555420106788e-04
1.961798890000000256e+03	1.841478248660738393e-04
1.961829030000000330e+03	1.688629996894064345e-04
1.961859160000000429e+03	1.685782690134668416e-04
1.961889290000000301e+03	1.882935383375333727e-04
1.961919430000000375e+03	2.130087131608643380e-04
1.961949560000000247e+03	2.477239824849181149e-04
1.961979690000000346e+03	2.774392518089807691e-04
1.962009830000000420e+03	2.971544266323206118e-04
1.962039960000000292e+03	3.068696959563771420e-04
1.962070100000000366e+03	3.065848707797108608e-04
1.962100230000000465e+03	3.013001401037801452e-04
1.962130360000000337e+03	2.960154094278355519e-04
1.962160500000000411e+03	2.907305842511642702e-04
1.962190630000000283e+03	2.954458535752435555e-04
1.962220760000000382e+03	3.051611228992862079e-04
1.962250900000000456e+03	3.148762977226160498e-04
1.962281030000000328e+03	3.195915670466953351e-04
1.962311170000000402e+03	3.193067418700290538e-04
1.962341300000000274e+03	3.140220111940844605e-04
1.962371430000000373e+03	3.037372805181487445e-04
1.962401570000000447e+03	2.934524553414863401e-04
1.962431700000000319e+03	2.831677246655506242e-04
1.962461840000000393e+03	2.828828994888843429e-04
1.962491970000000265e+03	2.825981688129447500e-04
1.962522100000000364e+03	2.823134381370051571e-04
1.962552240000000438e+03	2.770286129603338754e-04
1.962582370000000310e+03	2.617438822843931590e-04
1.962612500000000409e+03	2.414591516084474421e-04
1.962642640000000256e+03	2.161743264317839142e-04
1.962672770000000355e+03	1.908895957558470746e-04
1.962702910000000429e+03	1.806047705791846703e-04
1.962733040000000301e+03	1.803200399032450774e-04
1.962763170000000400e+03	1.900353092273016076e-04
1.962793310000000247e+03	2.097504840506414503e-04
1.962823440000000346e+03	2.294657533747079814e-04
1.962853580000000420e+03	2.391809281980378232e-04
1.962883710000000292e+03	2.438961975220893530e-04
1.962913840000000391e+03	2.386114668461586374e-04
1.962943980000000465e+03	2.283266416694962331e-04
1.962974110000000337e+03	2.230419109935655175e-04
1.963004240000000436e+03	2.277571803176170473e-04
1.963034380000000283e+03	2.324723551409557665e-04
1.963064510000000382e+03	2.421876244650122967e-04
1.963094650000000456e+03	2.419027992883460154e-04
1.963124780000000328e+03	2.316180686124102994e-04
1.963154910000000427e+03	2.113333379364645825e-04
1.963185050000000274e+03	1.810485127597960542e-04
1.963215180000000373e+03	1.507637820838680920e-04
1.963245310000000245e+03	1.304790514079223751e-04
1.963275450000000319e+03	1.301942262312560938e-04
1.963305580000000418e+03	1.449094955553176245e-04
1.963335720000000265e+03	1.846246703786497134e-04
1.963365850000000364e+03	2.243399397027084907e-04
1.963395980000000463e+03	2.640552090267672680e-04
1.963426120000000310e+03	2.837703838501071107e-04
1.963456250000000409e+03	2.834856531741675179e-04
1.963486390000000256e+03	2.582008279975178677e-04
1.963516520000000355e+03	2.179160973215660269e-04
1.963546650000000454e+03	1.776313666456141860e-04
1.963576790000000301e+03	1.523465414689645359e-04
1.963606920000000400e+03	1.520618107930110652e-04
1.963637050000000272e+03	1.717770801170914741e-04
1.963667190000000346e+03	2.064922549404185625e-04
1.963697320000000445e+03	2.412075242644723394e-04
1.963727460000000292e+03	2.659226990878171826e-04
1.963757590000000391e+03	2.706379684118825901e-04
1.963787720000000263e+03	2.603532377359329963e-04
1.963817860000000337e+03	2.450684125592655915e-04
1.963847990000000436e+03	2.247836818833337524e-04
1.963878120000000308e+03	2.244989512073941595e-04
1.963908260000000382e+03	2.342141260307240014e-04
1.963938390000000254e+03	2.539293953547905325e-04
1.963968530000000328e+03	2.786445701781214979e-04
1.963998660000000427e+03	2.933598395021830285e-04
1.964028790000000299e+03	2.980751088262345583e-04
1.964058930000000373e+03	2.877902836495721539e-04
1.964089060000000245e+03	2.775055529736364379e-04
1.964119200000000319e+03	2.722207277969790340e-04
1.964149330000000418e+03	2.869359971210266869e-04
1.964179460000000290e+03	3.166512664451032188e-04
1.964209600000000364e+03	3.563664412684353078e-04
1.964239730000000463e+03	3.910817105924890846e-04
1.964269860000000335e+03	4.057969799165644931e-04
1.964300000000000409e+03	4.005121547398932114e-04
1.964330130000000281e+03	3.702274240639513714e-04
1.964360270000000355e+03	3.299425988872867199e-04
1.964390400000000454e+03	2.846578682113437564e-04
1.964420530000000326e+03	2.543731375354019164e-04
1.964450670000000400e+03	2.440883123587395120e-04
1.964480800000000272e+03	2.438035816827999192e-04
1.964510940000000346e+03	2.535187565061297610e-04
1.964541070000000445e+03	2.582340258301951685e-04
1.964571200000000317e+03	2.579492951542555756e-04
1.964601340000000391e+03	2.476644699775931713e-04
1.964631470000000263e+03	2.273797393016474544e-04
1.964661600000000362e+03	2.120950086257067380e-04
1.964691740000000436e+03	2.018101834490443336e-04
1.964721870000000308e+03	1.965254527730997403e-04
1.964752010000000382e+03	1.962406275964473368e-04
1.964782140000000254e+03	1.959558969204938661e-04
1.964812270000000353e+03	1.956711662445542732e-04
1.964842410000000427e+03	1.903863410679107471e-04
1.964872540000000299e+03	1.901016103919572764e-04
1.964902670000000398e+03	1.898168797160176835e-04
1.964932810000000245e+03	1.995320545393614031e-04
1.964962940000000344e+03	2.192473238634001786e-04
1.964993080000000418e+03	2.439624986867588996e-04
1.965023210000000290e+03	2.736777680108215538e-04
1.965053340000000389e+03	2.933930373348603293e-04
1.965083480000000463e+03	3.081082121582090494e-04
1.965113610000000335e+03	3.128234814822744569e-04
1.965143750000000409e+03	3.025386563055981748e-04
1.965173880000000281e+03	2.872539256296574584e-04
1.965204010000000380e+03	2.719691949537306197e-04
1.965234150000000454e+03	2.566843697770632149e-04
1.965264280000000326e+03	2.413996391011224985e-04
1.965294410000000425e+03	2.311149084251729047e-04
1.965324550000000272e+03	2.258300832485155007e-04
1.965354680000000371e+03	2.205453525725709074e-04
1.965384820000000445e+03	2.202605273959046261e-04
1.965414950000000317e+03	2.149757967199600328e-04
1.965445080000000416e+03	2.196910660440254404e-04
1.965475220000000263e+03	2.244062408673780373e-04
1.965505350000000362e+03	2.341215101914206898e-04
1.965535490000000436e+03	2.438366850147505316e-04
1.965565620000000308e+03	2.585519543388259400e-04
1.965595750000000407e+03	2.682672236628824702e-04
1.965625890000000254e+03	2.729823984862211894e-04
1.965656020000000353e+03	2.626976678102854734e-04
1.965686150000000453e+03	2.474129371343308792e-04
1.965716290000000299e+03	2.171281119576762286e-04
1.965746420000000398e+03	1.868433812817343886e-04
1.965776560000000245e+03	1.615585561050708607e-04
1.965806690000000344e+03	1.512738254291351447e-04
1.965836820000000444e+03	1.559890947531866745e-04
1.965866960000000290e+03	1.757042695765265172e-04
1.965897090000000389e+03	2.054195389005891714e-04
1.965927220000000261e+03	2.351348082246518256e-04
1.965957360000000335e+03	2.498499830479866679e-04
1.965987490000000435e+03	2.445652523720420746e-04
1.966017630000000281e+03	2.192804271953785467e-04
1.966047760000000380e+03	1.839956965194317062e-04
1.966077890000000252e+03	1.487109658434987436e-04
1.966108030000000326e+03	1.284261406668402161e-04
1.966138160000000425e+03	1.281414099908867454e-04
1.966168300000000272e+03	1.578565848142227113e-04
1.966198430000000371e+03	2.075718541382914895e-04
1.966228560000000243e+03	2.622871234623513903e-04
1.966258700000000317e+03	3.070022982856884797e-04
1.966288830000000416e+03	3.317175676097461334e-04
1.966318960000000288e+03	3.314328369337926627e-04
1.966349100000000362e+03	3.111480117571480131e-04
1.966379230000000462e+03	2.858632810812111735e-04
1.966409370000000308e+03	2.705784559045437687e-04
1.966439500000000407e+03	2.652937252285991754e-04
1.966469630000000279e+03	2.750089945526557056e-04
1.966499770000000353e+03	2.947241693759955483e-04
1.966529900000000453e+03	3.044394387000520785e-04
1.966560030000000324e+03	3.041547080241124856e-04
1.966590170000000398e+03	2.838698828474539582e-04
1.966620300000000270e+03	2.535851521715121182e-04
1.966650440000000344e+03	2.233003269948435898e-04
1.966680570000000444e+03	2.080155963189028734e-04
1.966710700000000315e+03	2.227308656429644040e-04
1.966740840000000389e+03	2.574460404663053703e-04
1.966770970000000261e+03	3.021613097903552703e-04
1.966801110000000335e+03	3.418764846136873592e-04
1.966831240000000435e+03	3.565917539377488898e-04
1.966861370000000306e+03	3.463070232618131739e-04
1.966891510000000380e+03	3.110221980851535228e-04
1.966921640000000252e+03	2.707374674092155598e-04
1.966951770000000352e+03	2.304527367332637189e-04
1.966981910000000425e+03	2.151679115565963141e-04
1.967012040000000297e+03	2.198831808806755994e-04
1.967042180000000371e+03	2.445983557040065648e-04
1.967072310000000243e+03	2.743136250280692190e-04
1.967102440000000342e+03	2.840288943521257492e-04
1.967132580000000416e+03	2.787440691754683453e-04
1.967162710000000288e+03	2.484593384995265053e-04
1.967192850000000362e+03	2.081745133228618538e-04
1.967222980000000462e+03	1.728897826469150134e-04
1.967253110000000333e+03	1.626050519709792974e-04
1.967283250000000407e+03	1.673202267943180166e-04
1.967313380000000279e+03	1.970354961183667930e-04
1.967343510000000379e+03	2.317507654424344476e-04
1.967373650000000453e+03	2.564659402657654130e-04
1.967403780000000324e+03	2.611812095898308206e-04
1.967433920000000398e+03	2.458963844131634158e-04
1.967464050000000270e+03	2.156116537372215758e-04
1.967494180000000370e+03	1.803269230612886131e-04
1.967524320000000444e+03	1.550420978846112074e-04
1.967554450000000315e+03	1.497573672086943697e-04
1.967584580000000415e+03	1.594726365327370221e-04
1.967614720000000261e+03	1.941878113560641106e-04
1.967644850000000361e+03	2.289030806801456430e-04
1.967674990000000435e+03	2.636182555034727315e-04
1.967705120000000306e+03	2.883335248275442630e-04
1.967735250000000406e+03	2.930487941515957928e-04
1.967765390000000252e+03	2.777639689749283880e-04
1.967795520000000352e+03	2.474792382990004258e-04
1.967825660000000425e+03	2.071944131223218966e-04
1.967855790000000297e+03	1.669096824463839335e-04
1.967885920000000397e+03	1.266249517704459704e-04
1.967916060000000243e+03	1.013401265937824425e-04
1.967946190000000342e+03	9.605539591783784914e-05
1.967976320000000442e+03	1.157706652419043802e-04
1.968006460000000288e+03	1.504858400652314687e-04
1.968036590000000388e+03	2.002011093893002469e-04
1.968066730000000462e+03	2.549162842126334594e-04
1.968096860000000333e+03	2.996315535366972371e-04
1.968126990000000433e+03	3.293468228607460135e-04
1.968157130000000279e+03	3.440619976840808558e-04
1.968187260000000379e+03	3.387772670081501403e-04
1.968217390000000250e+03	3.184925363322044234e-04
1.968247530000000324e+03	2.932077111555408955e-04
1.968277660000000424e+03	2.679229804796040559e-04
1.968307800000000270e+03	2.526381553029505289e-04
1.968337930000000370e+03	2.373534246269959347e-04
1.968368060000000469e+03	2.220686939510690960e-04
1.968398200000000315e+03	2.067838687744016912e-04
1.968428330000000415e+03	1.964991380984520974e-04
1.968458470000000261e+03	1.862143129217896931e-04
1.968488600000000361e+03	1.859295822458501002e-04
1.968518730000000460e+03	2.006448515699116308e-04
1.968548870000000306e+03	2.253600263932564740e-04
1.968579000000000406e+03	2.600752957173102509e-04
1.968609130000000278e+03	2.847905650413679046e-04
1.968639270000000352e+03	2.945057398647116242e-04
1.968669400000000451e+03	2.842210091887620305e-04
1.968699540000000297e+03	2.539361840120935021e-04
1.968729670000000397e+03	2.136514533361555390e-04
1.968759800000000268e+03	1.883667226602186995e-04
1.968789940000000342e+03	1.880818974835524182e-04
1.968820070000000442e+03	2.127971668076100720e-04
1.968850210000000288e+03	2.575123416309610391e-04
1.968880340000000388e+03	3.072276109550020617e-04
1.968910470000000259e+03	3.419428802790697164e-04
1.968940610000000333e+03	3.566580551024184365e-04
1.968970740000000433e+03	3.413733244264638422e-04
1.969000870000000305e+03	3.060885937505308796e-04
1.969031010000000379e+03	2.758037685738762290e-04
1.969061140000000250e+03	2.505190378979255117e-04
1.969091280000000324e+03	2.452342127212681078e-04
1.969121410000000424e+03	2.499494820453196375e-04
1.969151540000000296e+03	2.546647513693850451e-04
1.969181680000000370e+03	2.543799261927187638e-04
1.969211810000000469e+03	2.440951955167830478e-04
1.969241940000000341e+03	2.338104648408473318e-04
1.969272080000000415e+03	2.285256396641760501e-04
1.969302210000000287e+03	2.432409089882375808e-04
1.969332350000000361e+03	2.729560838115735466e-04
1.969362480000000460e+03	3.176713531356234466e-04
1.969392610000000332e+03	3.523866224596911012e-04
1.969422750000000406e+03	3.621017972830209430e-04
1.969452880000000278e+03	3.318170666070791031e-04
1.969483020000000352e+03	2.765322414304272058e-04
1.969513150000000451e+03	2.012475107544819952e-04
1.969543280000000323e+03	1.359627800785329077e-04
1.969573420000000397e+03	1.006779549018871345e-04
1.969603550000000268e+03	9.539322422592866335e-05
1.969633680000000368e+03	1.201084935499863171e-04
1.969663820000000442e+03	1.648236683733372843e-04
1.969693950000000314e+03	2.045389376973821838e-04
1.969724090000000388e+03	2.292541125207409047e-04
1.969754220000000259e+03	2.389693818447974349e-04
1.969784350000000359e+03	2.286846511688478412e-04
1.969814490000000433e+03	2.183998259921854368e-04
1.969844620000000305e+03	2.131150953162547212e-04
1.969874760000000379e+03	2.128302701395884400e-04
1.969904890000000250e+03	2.125455394636488471e-04
1.969935020000000350e+03	2.072608087877042538e-04
1.969965160000000424e+03	1.969759836110418494e-04
1.969995290000000296e+03	1.866912529350922556e-04
1.970025420000000395e+03	1.714065222591515392e-04
1.970055560000000469e+03	1.661216970824941352e-04
1.970085690000000341e+03	1.758369664065506655e-04
1.970115830000000415e+03	1.905521412298855077e-04
1.970145960000000287e+03	2.052674105539470384e-04
1.970176090000000386e+03	2.149826798780035686e-04
1.970206230000000460e+03	2.096978547013461647e-04
1.970236360000000332e+03	1.894131240254004478e-04
1.970266490000000431e+03	1.641283933494636083e-04
1.970296630000000278e+03	1.438435681728050808e-04
1.970326760000000377e+03	1.385588374968604874e-04
1.970356900000000451e+03	1.432740123201853288e-04
1.970387030000000323e+03	1.629892816442657377e-04
1.970417160000000422e+03	1.827045509683045132e-04
1.970447300000000268e+03	2.024197257916582338e-04
1.970477430000000368e+03	2.121349951157147640e-04
1.970507570000000442e+03	2.168501699390534831e-04
1.970537700000000314e+03	2.215654392631188907e-04
1.970567830000000413e+03	2.362807085871665436e-04
1.970597970000000259e+03	2.609958834105113867e-04
1.970628100000000359e+03	2.957111527345651636e-04
1.970658230000000458e+03	3.254264220586278178e-04
1.970688370000000305e+03	3.401415968819626601e-04
1.970718500000000404e+03	3.398568662060230672e-04
1.970748640000000250e+03	3.195720410293506619e-04
1.970778770000000350e+03	2.842873103534176993e-04
1.970808900000000449e+03	2.490025796774708589e-04
1.970839040000000296e+03	2.237177545008073309e-04
1.970869170000000395e+03	2.184330238248766154e-04
1.970899300000000267e+03	2.331482931489242683e-04
1.970929440000000341e+03	2.628634679722741119e-04
1.970959570000000440e+03	2.925787372963228883e-04
1.970989710000000287e+03	3.172939121196538537e-04
1.971019840000000386e+03	3.320091814437292621e-04
1.971049970000000258e+03	3.317244507677757914e-04
1.971080110000000332e+03	3.264396255911322653e-04
1.971110240000000431e+03	3.161548949151826715e-04
1.971140380000000278e+03	3.108700697385252676e-04
1.971170510000000377e+03	3.055853390625806743e-04
1.971200640000000249e+03	3.003006083866360809e-04
1.971230780000000323e+03	2.950157832099786770e-04
1.971260910000000422e+03	2.797310525340379606e-04
1.971291040000000294e+03	2.644463218580972441e-04
1.971321180000000368e+03	2.541614966814348398e-04
1.971351310000000467e+03	2.538767660054952469e-04
1.971381450000000314e+03	2.635919408288250887e-04
1.971411580000000413e+03	2.883072101528827424e-04
1.971441710000000285e+03	3.130224794769403962e-04
1.971471850000000359e+03	3.277376543002752385e-04
1.971501980000000458e+03	3.224529236243445229e-04
1.971532120000000305e+03	2.921680984476759946e-04
1.971562250000000404e+03	2.468833677717330310e-04
1.971592380000000276e+03	2.015986370957900675e-04
1.971622520000000350e+03	1.713138119191215392e-04
1.971652650000000449e+03	1.660290812431908236e-04
1.971682780000000321e+03	1.957443505672534778e-04
1.971712920000000395e+03	2.454595253905816898e-04
1.971743050000000267e+03	3.001747947146554685e-04
1.971773190000000341e+03	3.398899695379875574e-04
1.971803320000000440e+03	3.496052388620302098e-04
1.971833450000000312e+03	3.243205081861072481e-04
1.971863590000000386e+03	2.740356830094464735e-04
1.971893720000000258e+03	2.137509523335023864e-04
1.971923850000000357e+03	1.734662216575644234e-04
1.971953990000000431e+03	1.581813964808970185e-04
1.971984120000000303e+03	1.728966658049585492e-04
1.972014260000000377e+03	2.126118406282906381e-04
1.972044390000000249e+03	2.573271099523544159e-04
1.972074520000000348e+03	2.970423792764131932e-04
1.972104660000000422e+03	3.117575540997480354e-04
1.972134790000000294e+03	3.014728234238123195e-04
1.972164930000000368e+03	2.761879982471349138e-04
1.972195060000000467e+03	2.459032675712069516e-04
1.972225190000000339e+03	2.206185368952562342e-04
1.972255330000000413e+03	2.053337117186027072e-04
1.972285460000000285e+03	2.050489810426769921e-04
1.972315590000000384e+03	2.097642503667146441e-04
1.972345730000000458e+03	2.144794251900533633e-04
1.972375860000000330e+03	2.191946945141187708e-04
1.972406000000000404e+03	2.189098693374524895e-04
1.972436130000000276e+03	2.136251386615217740e-04
1.972466260000000375e+03	2.033404079855860580e-04
1.972496400000000449e+03	1.980555828089147763e-04
1.972526530000000321e+03	1.927708521329701830e-04
1.972556660000000420e+03	1.924861214570305901e-04
1.972586800000000267e+03	1.922012962803643088e-04
1.972616930000000366e+03	1.919165656044247159e-04
1.972647070000000440e+03	2.066317404277595582e-04
1.972677200000000312e+03	2.213470097518210888e-04
1.972707330000000411e+03	2.460622790758787426e-04
1.972737470000000258e+03	2.707774538992097080e-04
1.972767600000000357e+03	2.904927232232762391e-04
1.972797740000000431e+03	2.952078980466149583e-04
1.972827870000000303e+03	2.899231673706703649e-04
1.972858000000000402e+03	2.696384366947246480e-04
1.972888140000000249e+03	2.493536115180661206e-04
1.972918270000000348e+03	2.340688808421254041e-04
1.972948400000000447e+03	2.287841501661808108e-04
1.972978540000000294e+03	2.334993249895195300e-04
1.973008670000000393e+03	2.482145943135810606e-04
1.973038810000000467e+03	2.629297691369297807e-04
1.973068940000000339e+03	2.776450384609774336e-04
1.973099070000000438e+03	2.823603077850289633e-04
1.973129210000000285e+03	2.820754826083765598e-04
1.973159340000000384e+03	2.817907519324230892e-04
1.973189480000000458e+03	2.865059267557756861e-04
1.973219610000000330e+03	2.962211960798322163e-04
1.973249740000000429e+03	3.159364654038987474e-04
1.973279880000000276e+03	3.306516402272335897e-04
1.973310010000000375e+03	3.353669095512851195e-04
1.973340140000000247e+03	3.300821788753544039e-04
1.973370280000000321e+03	3.097973536986819987e-04
1.973400410000000420e+03	2.895126230227501596e-04
1.973430550000000267e+03	2.692277978460777543e-04
1.973460680000000366e+03	2.589430671701420383e-04
1.973490810000000465e+03	2.636583364941935681e-04
1.973520950000000312e+03	2.783735113175284104e-04
1.973551080000000411e+03	2.880887806415988184e-04
1.973581210000000283e+03	2.928040499656503481e-04
1.973611350000000357e+03	2.875192247889929442e-04
1.973641480000000456e+03	2.722344941130522278e-04
1.973671620000000303e+03	2.519496689363937003e-04
1.973701750000000402e+03	2.366649382604391061e-04
1.973731880000000274e+03	2.313802075845222683e-04
1.973762020000000348e+03	2.410953824078521102e-04
1.973792150000000447e+03	2.508106517318947626e-04
1.973822290000000294e+03	2.605258265552384822e-04
1.973852420000000393e+03	2.602410958792988893e-04
1.973882550000000265e+03	2.449563652033720507e-04
1.973912690000000339e+03	2.246715400266996454e-04
1.973942820000000438e+03	2.143868093507639294e-04
1.973972950000000310e+03	2.141020786748243365e-04
1.974003090000000384e+03	2.338172534981503015e-04
1.974033220000000256e+03	2.585325228222079552e-04
1.974063360000000330e+03	2.882476976455439210e-04
1.974093490000000429e+03	3.029629669696054517e-04
1.974123620000000301e+03	2.926782362936697357e-04
1.974153760000000375e+03	2.673934111170062078e-04
1.974183890000000247e+03	2.321086804410593674e-04
1.974214030000000321e+03	2.018238552643908390e-04
1.974244160000000420e+03	1.915391245884551230e-04
1.974274290000000292e+03	1.962543939125205306e-04
1.974304430000000366e+03	2.209695687358653737e-04
1.974334560000000465e+03	2.456848380599091497e-04
1.974364690000000337e+03	2.654001073839756808e-04
1.974394830000000411e+03	2.651152822073232773e-04
1.974424960000000283e+03	2.598305515313648062e-04
1.974455100000000357e+03	2.545457263547074023e-04
1.974485230000000456e+03	2.542609956787678094e-04
1.974515360000000328e+03	2.639762650028243396e-04
1.974545500000000402e+03	2.736914398261680592e-04
1.974575630000000274e+03	2.834067091502245894e-04
1.974605760000000373e+03	2.681219784742699952e-04
1.974635900000000447e+03	2.378371532976292224e-04
1.974666030000000319e+03	1.875524226216812584e-04
1.974696170000000393e+03	1.372675974450204839e-04
1.974726300000000265e+03	1.119828667690836443e-04
1.974756430000000364e+03	1.116981360931440515e-04
1.974786570000000438e+03	1.464133109164711399e-04
1.974816700000000310e+03	1.961285802405260403e-04
1.974846840000000384e+03	2.558437550638642533e-04
1.974876970000000256e+03	2.955590243879230306e-04
1.974907100000000355e+03	3.102742937119845612e-04
1.974937240000000429e+03	2.999894685353221568e-04
1.974967370000000301e+03	2.747047378593853173e-04
1.974997500000000400e+03	2.444200071834434773e-04
1.975027640000000247e+03	2.241351820067849498e-04
1.975057770000000346e+03	2.138504513308353561e-04
1.975087910000000420e+03	2.185656261541740752e-04
1.975118040000000292e+03	2.232808954782394828e-04
1.975148170000000391e+03	2.279961648022910126e-04
1.975178310000000465e+03	2.277113396256247313e-04
1.975208440000000337e+03	2.274266089496990162e-04
1.975238570000000436e+03	2.271418782737455455e-04
1.975268710000000283e+03	2.318570530970981425e-04
1.975298840000000382e+03	2.315723224211585496e-04
1.975328980000000456e+03	2.312874972444922683e-04
1.975359110000000328e+03	2.260027665685476750e-04
1.975389240000000427e+03	2.157180358926119590e-04
1.975419380000000274e+03	2.054332107159356768e-04
1.975449510000000373e+03	2.001484800400049613e-04
1.975479650000000447e+03	2.098636548633348031e-04
1.975509780000000319e+03	2.345789241873924569e-04
1.975539910000000418e+03	2.592941935114501106e-04
1.975570050000000265e+03	2.890093683347860765e-04
1.975600180000000364e+03	2.987246376588564845e-04
1.975630310000000463e+03	2.984399069829168916e-04
1.975660450000000310e+03	2.831550818062633645e-04
1.975690580000000409e+03	2.628703511303037699e-04
1.975720720000000256e+03	2.425855259536313646e-04
1.975750850000000355e+03	2.323007952777095264e-04
1.975780980000000454e+03	2.320160646017560557e-04
1.975811120000000301e+03	2.317312394251036523e-04
1.975841250000000400e+03	2.314465087491640594e-04
1.975871390000000247e+03	2.261616835725066554e-04
1.975901520000000346e+03	2.208769528965620621e-04
1.975931650000000445e+03	2.205922222206224692e-04
1.975961790000000292e+03	2.303073970439523110e-04
1.975991920000000391e+03	2.550226663680099648e-04
1.976022050000000263e+03	2.847379356920726190e-04
1.976052190000000337e+03	3.144531105154085848e-04
1.976082320000000436e+03	3.291683798394701155e-04
1.976112460000000283e+03	3.238835546627988338e-04
1.976142590000000382e+03	3.035988239868669947e-04
1.976172720000000254e+03	2.783140933109301551e-04
1.976202860000000328e+03	2.580292681342577499e-04
1.976232990000000427e+03	2.577445374583181570e-04
1.976263120000000299e+03	2.774598067823846881e-04
1.976293260000000373e+03	3.071749816057067761e-04
1.976323390000000245e+03	3.318902509297783077e-04
1.976353530000000319e+03	3.316054257531120264e-04
1.976383660000000418e+03	3.063206950771613091e-04
1.976413790000000290e+03	2.610359644012322233e-04
1.976443930000000364e+03	2.057511392245664483e-04
1.976474060000000463e+03	1.604664085486373626e-04
1.976504200000000310e+03	1.401815833719649573e-04
1.976534330000000409e+03	1.448968526960164871e-04
1.976564460000000281e+03	1.796121220200841417e-04
1.976594600000000355e+03	2.243272968434212311e-04
1.976624730000000454e+03	2.640425661674800084e-04
1.976654860000000326e+03	2.837578354915465395e-04
1.976685000000000400e+03	2.784730103148752578e-04
1.976715130000000272e+03	2.631882796389345414e-04
1.976745270000000346e+03	2.379034544622710134e-04
1.976775400000000445e+03	2.176187237863391744e-04
1.976805530000000317e+03	2.073339931103895806e-04
1.976835670000000391e+03	2.070491679337232993e-04
1.976865800000000263e+03	2.167644372577937073e-04
1.976895940000000337e+03	2.214796120811185487e-04
1.976926070000000436e+03	2.211948814051789558e-04
1.976956200000000308e+03	2.159101507292482403e-04
1.976986340000000382e+03	2.106253255525769585e-04
1.977016470000000254e+03	2.053405948766323652e-04
1.977046600000000353e+03	2.150558642007027732e-04
1.977076740000000427e+03	2.347710390240287381e-04
1.977106870000000299e+03	2.644863083481052701e-04
1.977137010000000373e+03	2.892014831714362355e-04
1.977167140000000245e+03	3.039167524954838884e-04
1.977197270000000344e+03	3.036320218195581733e-04
1.977227410000000418e+03	2.783471966428946454e-04
1.977257540000000290e+03	2.380624659669566823e-04
1.977287670000000389e+03	1.977777352910187192e-04
1.977317810000000463e+03	1.724929101143413135e-04
1.977347940000000335e+03	1.622081794384055975e-04
1.977378080000000409e+03	1.869233542617365629e-04
1.977408210000000281e+03	2.266386235857953402e-04
1.977438340000000380e+03	2.763538929098641184e-04
1.977468480000000454e+03	3.210690677332012077e-04
1.977498610000000326e+03	3.457843370572588615e-04
1.977528750000000400e+03	3.504995118805837029e-04
1.977558880000000272e+03	3.352147812046568642e-04
1.977589010000000371e+03	3.099300505287061469e-04
1.977619150000000445e+03	2.946452253520387421e-04
1.977649280000000317e+03	2.893604946761080265e-04
1.977679410000000416e+03	2.940757640001595563e-04
1.977709550000000263e+03	3.037909388235032759e-04
1.977739680000000362e+03	3.085062081475548057e-04
1.977769820000000436e+03	3.032213829709112796e-04
1.977799950000000308e+03	2.829366522949516849e-04
1.977830080000000407e+03	2.526519216190098449e-04
1.977860220000000254e+03	2.323670964423651952e-04
1.977890350000000353e+03	2.220823657664017237e-04
1.977920480000000452e+03	2.317976350904860094e-04
1.977950620000000299e+03	2.615128099138219753e-04
1.977980750000000398e+03	2.962280792378618743e-04
1.978010890000000245e+03	3.209432540612067175e-04
1.978041020000000344e+03	3.206585233852671246e-04
1.978071150000000443e+03	3.003737927093352855e-04
1.978101290000000290e+03	2.650889675326617567e-04
1.978131420000000389e+03	2.248042368567237936e-04
1.978161560000000463e+03	1.895194116800641426e-04
1.978191690000000335e+03	1.742346810041234262e-04
1.978221820000000434e+03	1.739499503281838333e-04
1.978251960000000281e+03	1.886651251515186756e-04
1.978282090000000380e+03	2.033803944755802062e-04
1.978312220000000252e+03	2.130956637996367364e-04
1.978342360000000326e+03	2.178108386229615778e-04
1.978372490000000425e+03	2.125261079470308623e-04
1.978402630000000272e+03	2.072412827703734584e-04
1.978432760000000371e+03	2.119565520944249881e-04
1.978462890000000243e+03	2.266718214185003966e-04
1.978493030000000317e+03	2.513869962418313619e-04
1.978523160000000416e+03	2.711022655658840153e-04
1.978553300000000263e+03	2.858174403892188575e-04
1.978583430000000362e+03	2.855327097132792646e-04
1.978613560000000462e+03	2.702479790373385482e-04
1.978643700000000308e+03	2.449631538606750203e-04
1.978673830000000407e+03	2.146784231847331803e-04
1.978703960000000279e+03	1.893936925087963408e-04
1.978734100000000353e+03	1.741088673321289360e-04
1.978764230000000452e+03	1.688241366561982204e-04
1.978794370000000299e+03	1.735393114795230618e-04
1.978824500000000398e+03	1.832545808035934698e-04
1.978854630000000270e+03	1.929698501276500000e-04
1.978884770000000344e+03	2.026850249509798418e-04
1.978914900000000443e+03	2.024002942750402489e-04
1.978945030000000315e+03	1.971155635991095334e-04
1.978975170000000389e+03	1.868307384224332512e-04
1.979005300000000261e+03	1.765460077464975353e-04
1.979035440000000335e+03	1.712611825698401313e-04
1.979065570000000434e+03	1.709764518938866606e-04
1.979095700000000306e+03	1.806917212179570686e-04
1.979125840000000380e+03	2.054068960413019118e-04
1.979155970000000252e+03	2.351221653653506882e-04
1.979186110000000326e+03	2.648373401887005318e-04
1.979216240000000425e+03	2.945526095127493083e-04
1.979246370000000297e+03	3.092678788367969611e-04
1.979276510000000371e+03	3.139830536601495581e-04
1.979306640000000243e+03	3.036983229842138421e-04
1.979336770000000342e+03	2.834135923082542474e-04
1.979366910000000416e+03	2.631287671316095977e-04
1.979397040000000288e+03	2.478440364556688813e-04
1.979427180000000362e+03	2.425592112789975996e-04
1.979457310000000462e+03	2.422744806030580067e-04
1.979487440000000333e+03	2.569897499271195374e-04
1.979517580000000407e+03	2.717049247504543796e-04
1.979547710000000279e+03	2.914201940745070329e-04
1.979577840000000378e+03	3.111354633985735640e-04
1.979607980000000452e+03	3.158506382219122832e-04
1.979638110000000324e+03	3.155659075459726903e-04
1.979668250000000398e+03	2.952810823693002851e-04
1.979698380000000270e+03	2.649963516933584451e-04
1.979728510000000369e+03	2.297116210174254824e-04
1.979758650000000443e+03	1.994267958407569541e-04
1.979788780000000315e+03	1.791420651648112372e-04
1.979818920000000389e+03	1.838572399881499564e-04
1.979849050000000261e+03	2.035725093122164875e-04
1.979879180000000360e+03	2.282877786362741412e-04
1.979909320000000434e+03	2.630029534596012297e-04
1.979939450000000306e+03	2.877182227836727613e-04
1.979969580000000406e+03	3.074334921077254146e-04
1.979999720000000252e+03	3.221486669310741346e-04
1.980029850000000351e+03	3.368639362551356653e-04
1.980059990000000425e+03	3.515791110784705076e-04
1.980090120000000297e+03	3.612943804025270378e-04
1.980120250000000397e+03	3.710096497265835680e-04
1.980150390000000243e+03	3.607248245499211636e-04
1.980180520000000342e+03	3.304400938739793236e-04
1.980210660000000416e+03	2.851552686973096717e-04
1.980240790000000288e+03	2.398705380213805860e-04
1.980270920000000388e+03	2.045858073454337456e-04
1.980301060000000462e+03	1.943009821687713412e-04
1.980331190000000333e+03	2.190162514928289950e-04
1.980361320000000433e+03	2.687315208168838954e-04
1.980391460000000279e+03	3.184466956402398630e-04
1.980421590000000378e+03	3.531619649642797620e-04
1.980451730000000452e+03	3.528771397876134808e-04
1.980481860000000324e+03	3.275924091116905190e-04
1.980511990000000424e+03	2.823076784357336777e-04
1.980542130000000270e+03	2.420228532590829040e-04
1.980572260000000369e+03	2.167381225831460645e-04
1.980602390000000469e+03	2.164533919071925938e-04
1.980632530000000315e+03	2.361685667305463143e-04
1.980662660000000415e+03	2.658838360545950907e-04
1.980692800000000261e+03	2.905990108779399339e-04
1.980722930000000360e+03	2.903142802020003410e-04
1.980753060000000460e+03	2.750295495260596246e-04
1.980783200000000306e+03	2.447447243493910962e-04
1.980813330000000406e+03	2.194599936734542567e-04
1.980843470000000252e+03	1.991751684967818514e-04
1.980873600000000351e+03	1.938904378208372581e-04
1.980903730000000451e+03	1.986057071449026656e-04
1.980933870000000297e+03	2.033208819682413848e-04
1.980964000000000397e+03	2.030361512923017919e-04
1.980994130000000268e+03	1.927514206163521981e-04
1.981024270000000342e+03	1.774665954396986711e-04
1.981054400000000442e+03	1.671818647637490773e-04
1.981084540000000288e+03	1.618970395870916734e-04
1.981114670000000388e+03	1.666123089111432032e-04
1.981144800000000259e+03	1.763275782352136112e-04
1.981174940000000333e+03	1.910427530585345757e-04
1.981205070000000433e+03	2.007580223826049837e-04
1.981235210000000279e+03	2.054731972059437028e-04
1.981265340000000378e+03	2.101884665299952326e-04
1.981295470000000250e+03	2.149037358540745180e-04
1.981325610000000324e+03	2.246189106774043598e-04
1.981355740000000424e+03	2.343341800014470122e-04
1.981385870000000295e+03	2.440494493255312980e-04
1.981416010000000369e+03	2.537646241488611398e-04
1.981446140000000469e+03	2.584798934729126696e-04
1.981476280000000315e+03	2.581950682962463883e-04
1.981506410000000415e+03	2.529103376203156728e-04
1.981536540000000286e+03	2.526256069443760799e-04
1.981566680000000360e+03	2.523407817677097986e-04
1.981596810000000460e+03	2.520560510917702057e-04
1.981626940000000332e+03	2.517713204158306128e-04
1.981657080000000406e+03	2.564864952391554542e-04
1.981687210000000277e+03	2.662017645632258622e-04
1.981717350000000351e+03	2.709169393865507036e-04
1.981747480000000451e+03	2.806322087106211116e-04
1.981777610000000323e+03	2.853474780346726414e-04
1.981807750000000397e+03	2.950626528580163610e-04
1.981837880000000268e+03	2.947779221820906459e-04
1.981868020000000342e+03	2.944930970054243646e-04
1.981898150000000442e+03	2.842083663294608931e-04
1.981928280000000314e+03	2.689236356535340544e-04
1.981958420000000388e+03	2.586388104768716500e-04
1.981988550000000259e+03	2.483540798009359341e-04
1.982018680000000359e+03	2.480693491249963412e-04
1.982048820000000433e+03	2.527845239483211826e-04
1.982078950000000304e+03	2.574997932723865901e-04
1.982109090000000378e+03	2.622149680957253093e-04
1.982139220000000250e+03	2.619302374197857164e-04
1.982169350000000350e+03	2.516455067438361226e-04
1.982199490000000424e+03	2.463606815671787187e-04
1.982229620000000295e+03	2.410759508912341254e-04
1.982259750000000395e+03	2.407912202152945325e-04
1.982289890000000469e+03	2.555063950386293747e-04
1.982320020000000341e+03	2.802216643626870285e-04
1.982350160000000415e+03	2.999368391860268712e-04
1.982380290000000286e+03	3.146521085100884019e-04
1.982410420000000386e+03	3.193673778341399316e-04
1.982440560000000460e+03	3.040825526574725268e-04
1.982470690000000332e+03	2.837978219815406877e-04
1.982500830000000406e+03	2.585129968048910376e-04
1.982530960000000277e+03	2.482282661289275660e-04
1.982561090000000377e+03	2.479435354529879731e-04
1.982591230000000451e+03	2.676587102763416937e-04
1.982621360000000323e+03	2.973739796003904701e-04
1.982651490000000422e+03	3.270892489244670021e-04
1.982681630000000268e+03	3.468044237477929670e-04
1.982711760000000368e+03	3.515196930718444968e-04
1.982741900000000442e+03	3.362348678951909697e-04
1.982772030000000314e+03	3.059501372192491297e-04
1.982802160000000413e+03	2.756654065433072898e-04
1.982832300000000259e+03	2.603805813666398850e-04
1.982862430000000359e+03	2.550958506907091694e-04
1.982892570000000433e+03	2.698110255140440117e-04
1.982922700000000304e+03	2.945262948381016654e-04
1.982952830000000404e+03	3.142415641621543188e-04
1.982982970000000250e+03	3.189567389854930379e-04
1.983013100000000350e+03	3.036720083095523215e-04
1.983043230000000449e+03	2.683872776336193589e-04
1.983073370000000295e+03	2.231024524569497069e-04
1.983103500000000395e+03	1.878177217810028665e-04
1.983133640000000469e+03	1.675328966043443391e-04
1.983163770000000341e+03	1.672481659284047462e-04
1.983193900000000440e+03	1.819634352524662768e-04
1.983224040000000286e+03	2.016786100758061195e-04
1.983254170000000386e+03	2.063938793998576493e-04
1.983284300000000258e+03	2.011091487239269338e-04
1.983314440000000332e+03	1.808243235472684063e-04
1.983344570000000431e+03	1.605395928713088116e-04
1.983374710000000277e+03	1.502547676946602850e-04
1.983404840000000377e+03	1.549700370187256926e-04
1.983434970000000249e+03	1.796853063427833463e-04
1.983465110000000323e+03	2.094004811661193122e-04
1.983495240000000422e+03	2.341157504901769659e-04
1.983525380000000268e+03	2.488309253135118082e-04
1.983555510000000368e+03	2.385461946375622144e-04
1.983585640000000467e+03	2.182614639616303753e-04
1.983615780000000314e+03	1.929766387849668474e-04
1.983645910000000413e+03	1.776919081090261310e-04
1.983676040000000285e+03	1.774071774330865381e-04
1.983706180000000359e+03	1.971223522564125030e-04
1.983736310000000458e+03	2.268376215804751572e-04
1.983766450000000304e+03	2.565527964038250008e-04
1.983796580000000404e+03	2.762680657278776541e-04
1.983826710000000276e+03	2.859833350519341844e-04
1.983856850000000350e+03	2.906985098752729035e-04
1.983886980000000449e+03	2.904137791993194329e-04
1.983917110000000321e+03	2.951290485233848404e-04
1.983947250000000395e+03	3.048442233467285600e-04
1.983977380000000267e+03	3.145594926707850902e-04
1.984007520000000341e+03	3.242746674941288099e-04
1.984037650000000440e+03	3.289899368181942174e-04
1.984067780000000312e+03	3.237052061422357463e-04
1.984097920000000386e+03	3.134203809655872197e-04
1.984128050000000258e+03	3.031356502896376259e-04
1.984158190000000332e+03	2.928508251129752216e-04
1.984188320000000431e+03	2.875660944370306282e-04
1.984218450000000303e+03	2.822813637610999127e-04
1.984248590000000377e+03	2.819965385844336314e-04
1.984278720000000249e+03	2.817118079084940385e-04
1.984308850000000348e+03	2.814270772325544456e-04
1.984338990000000422e+03	2.861422520558792870e-04
1.984369120000000294e+03	2.958575213799496950e-04
1.984399260000000368e+03	3.055726962032795369e-04
1.984429390000000467e+03	3.102879655273449444e-04
1.984459520000000339e+03	3.150032348513964742e-04
1.984489660000000413e+03	3.047184096747340698e-04
1.984519790000000285e+03	2.794336789987972303e-04
1.984549930000000359e+03	2.541488538221337024e-04
1.984580060000000458e+03	2.288641231461968628e-04
1.984610190000000330e+03	2.185793924702472690e-04
1.984640330000000404e+03	2.232945672935859882e-04
1.984670460000000276e+03	2.430098366176525193e-04
1.984700590000000375e+03	2.727251059417012957e-04
1.984730730000000449e+03	3.024402807650511393e-04
1.984760860000000321e+03	3.271555500891087931e-04
1.984791000000000395e+03	3.318707249124475123e-04
1.984821130000000267e+03	3.265859942365029189e-04
1.984851260000000366e+03	3.113012635605622025e-04
1.984881400000000440e+03	2.910164383839036750e-04
1.984911530000000312e+03	2.757317077079629586e-04
1.984941660000000411e+03	2.604469770320222421e-04
1.984971800000000258e+03	2.551621518553509604e-04
1.985001930000000357e+03	2.548774211794113675e-04
1.985032070000000431e+03	2.595925960027500867e-04
1.985062200000000303e+03	2.643078653268154943e-04
1.985092330000000402e+03	2.740231346508720245e-04
1.985122470000000249e+03	2.837383094742018663e-04
1.985152600000000348e+03	2.884535787982672739e-04
1.985182740000000422e+03	2.831687536215959922e-04
1.985212870000000294e+03	2.628840229456780309e-04
1.985243000000000393e+03	2.375992922697134357e-04
1.985273140000000467e+03	2.023144670930537847e-04
1.985303270000000339e+03	1.770297364171308230e-04
1.985333400000000438e+03	1.667450057411673514e-04
1.985363540000000285e+03	1.714601805645199484e-04
1.985393670000000384e+03	1.911754498885864795e-04
1.985423810000000458e+03	2.158906247119174449e-04
1.985453940000000330e+03	2.356058940359700982e-04
1.985484070000000429e+03	2.453211633600405062e-04
1.985514210000000276e+03	2.400363381833692245e-04
1.985544340000000375e+03	2.247516075074285080e-04
1.985574480000000449e+03	2.094667823307611032e-04
1.985604610000000321e+03	2.041820516548303877e-04
1.985634740000000420e+03	2.038973209788907948e-04
1.985664880000000267e+03	2.186124958022117593e-04
1.985695010000000366e+03	2.333277651262732899e-04
1.985725140000000465e+03	2.380430344503386975e-04
1.985755280000000312e+03	2.327582092736674158e-04
1.985785410000000411e+03	2.174734785977266993e-04
1.985815550000000258e+03	1.971886534210681718e-04
1.985845680000000357e+03	1.769039227451224550e-04
1.985875810000000456e+03	1.666191920691867390e-04
1.985905950000000303e+03	1.663343668925204577e-04
1.985936080000000402e+03	1.760496362165769879e-04
1.985966210000000274e+03	1.907649055406385186e-04
1.985996350000000348e+03	2.004800803639822382e-04
1.986026480000000447e+03	2.101953496880526462e-04
1.986056620000000294e+03	2.199105245113824880e-04
1.986086750000000393e+03	2.246257938354340178e-04
1.986116880000000265e+03	2.293410631594994253e-04
1.986147020000000339e+03	2.390562379828431450e-04
1.986177150000000438e+03	2.487715073068996752e-04
1.986207290000000285e+03	2.584866821302295170e-04
1.986237420000000384e+03	2.632019514542949246e-04
1.986267550000000256e+03	2.629172207783553317e-04
1.986297690000000330e+03	2.626323956016890504e-04
1.986327820000000429e+03	2.623476649257494575e-04
1.986357950000000301e+03	2.620629342498098646e-04
1.986388090000000375e+03	2.567781090731385829e-04
1.986418220000000247e+03	2.464933783972028669e-04
1.986448360000000321e+03	2.362085532205404625e-04
1.986478490000000420e+03	2.209238225445997461e-04
1.986508620000000292e+03	2.056390918686590297e-04
1.986538760000000366e+03	2.003542666919877480e-04
1.986568890000000465e+03	2.150695360160492786e-04
1.986599020000000337e+03	2.447848053401119328e-04
1.986629160000000411e+03	2.894999801634490222e-04
1.986659290000000283e+03	3.292152494875216773e-04
1.986689430000000357e+03	3.589304243108576431e-04
1.986719560000000456e+03	3.686456936349002955e-04
1.986749690000000328e+03	3.533609629589734569e-04
1.986779830000000402e+03	3.280761377823099290e-04
1.986809960000000274e+03	3.027914071063730894e-04
1.986840100000000348e+03	2.875065819297056846e-04
1.986870230000000447e+03	2.922218512537572144e-04
1.986900360000000319e+03	3.069371205778187450e-04
1.986930500000000393e+03	3.216522954011535873e-04
1.986960630000000265e+03	3.163675647252089940e-04
1.986990760000000364e+03	2.960828340492771549e-04
1.987020900000000438e+03	2.557980088726125034e-04
1.987051030000000310e+03	2.155132781966745403e-04
1.987081170000000384e+03	1.852284530200060120e-04
1.987111300000000256e+03	1.749437223440702960e-04
1.987141430000000355e+03	1.946589916681229493e-04
1.987171570000000429e+03	2.343741664914550382e-04
1.987201700000000301e+03	2.790894358155188160e-04
1.987231840000000375e+03	3.088046106388686596e-04
1.987261970000000247e+03	3.085198799629151889e-04
1.987292100000000346e+03	2.932351492869744725e-04
1.987322240000000420e+03	2.579503241103148214e-04
1.987352370000000292e+03	2.326655934343641041e-04
1.987382500000000391e+03	2.273808627584333886e-04
1.987412640000000465e+03	2.470960375817732313e-04
1.987442770000000337e+03	2.768113069058220077e-04
1.987472910000000411e+03	3.115264817291629740e-04
1.987503040000000283e+03	3.312417510532295051e-04
1.987533170000000382e+03	3.209570203772937891e-04
1.987563310000000456e+03	2.756721952006241372e-04
1.987593440000000328e+03	2.153874645246800501e-04
1.987623570000000427e+03	1.601027338487409635e-04
1.987653710000000274e+03	1.248179086720813125e-04
1.987683840000000373e+03	1.245331779961417196e-04
1.987713980000000447e+03	1.642483528194738085e-04
1.987744110000000319e+03	2.239636221435387098e-04
1.987774240000000418e+03	2.836788914675897333e-04
1.987804380000000265e+03	3.283940662909268227e-04
1.987834510000000364e+03	3.381093356149833529e-04
1.987864650000000438e+03	3.128245104383198250e-04
1.987894780000000310e+03	2.625397797623857388e-04
1.987924910000000409e+03	2.072550490864466521e-04
1.987955050000000256e+03	1.619702239097908780e-04
1.987985180000000355e+03	1.416854932338312834e-04
1.988015310000000454e+03	1.514007625579016914e-04
1.988045450000000301e+03	1.811159373812515350e-04
1.988075580000000400e+03	2.208312067052964345e-04
1.988105720000000247e+03	2.555463815286374007e-04
1.988135850000000346e+03	2.752616508527039318e-04
1.988165980000000445e+03	2.799769201767415838e-04
1.988196120000000292e+03	2.696920950000930572e-04
1.988226250000000391e+03	2.594073643241573413e-04
1.988256380000000263e+03	2.441226336482166248e-04
1.988286520000000337e+03	2.388378084715453431e-04
1.988316650000000436e+03	2.285530777956096271e-04
1.988346790000000283e+03	2.232682526189383454e-04
1.988376920000000382e+03	2.129835219430026294e-04
1.988407050000000254e+03	1.976987912670619130e-04
1.988437190000000328e+03	1.874139660903995086e-04
1.988467320000000427e+03	1.871292354144599157e-04
1.988497460000000274e+03	1.968444102377897575e-04
1.988527590000000373e+03	2.215596795618474113e-04
1.988557720000000245e+03	2.562749488859150659e-04
1.988587860000000319e+03	2.959901237092610327e-04
1.988617990000000418e+03	3.257053930333098091e-04
1.988648120000000290e+03	3.454206623573624624e-04
1.988678260000000364e+03	3.501358371807150593e-04
1.988708390000000463e+03	3.398511065047654656e-04
1.988738530000000310e+03	3.195662813281069381e-04
1.988768660000000409e+03	2.992815506521612212e-04
1.988798790000000281e+03	2.789968199762155043e-04
1.988828930000000355e+03	2.587119947995569769e-04
1.988859060000000454e+03	2.484272641236212609e-04
1.988889200000000301e+03	2.331424389469538561e-04
1.988919330000000400e+03	2.278577082710231405e-04
1.988949460000000272e+03	2.275729775950835476e-04
1.988979600000000346e+03	2.322881524184083890e-04
1.989009730000000445e+03	2.520034217424749201e-04
1.989039860000000317e+03	2.767186910665325739e-04
1.989070000000000391e+03	3.114338658898596623e-04
1.989100130000000263e+03	3.411491352139223165e-04
1.989130270000000337e+03	3.608643100372621593e-04
1.989160400000000436e+03	3.555795793613175659e-04
1.989190530000000308e+03	3.252948486853757259e-04
1.989220670000000382e+03	2.700100235087099509e-04
1.989250800000000254e+03	2.097252928327797417e-04
1.989280930000000353e+03	1.494405621568356546e-04
1.989311070000000427e+03	1.141557369801621258e-04
1.989341200000000299e+03	1.038710063042264098e-04
1.989371340000000373e+03	1.185861811275612521e-04
1.989401470000000245e+03	1.583014504516339072e-04
1.989431600000000344e+03	2.030167197756838071e-04
1.989461740000000418e+03	2.427318945990158960e-04
1.989491870000000290e+03	2.674471639230874276e-04
1.989522010000000364e+03	2.771623387464311472e-04
1.989552140000000463e+03	2.768776080704915543e-04
1.989582270000000335e+03	2.715928773945469610e-04
1.989612410000000409e+03	2.713080522178806797e-04
1.989642540000000281e+03	2.810233215419372099e-04
1.989672670000000380e+03	2.907385908659937401e-04
1.989702810000000454e+03	3.054537656893285824e-04
1.989732940000000326e+03	3.101690350133939900e-04
1.989763080000000400e+03	3.148842098367327091e-04
1.989793210000000272e+03	3.045994791607831154e-04
1.989823340000000371e+03	2.993147484848523998e-04
1.989853480000000445e+03	2.890299233081761177e-04
1.989883610000000317e+03	2.837451926322454021e-04
1.989913750000000391e+03	2.734603674555829977e-04
1.989943880000000263e+03	2.681756367796522822e-04
1.989974010000000362e+03	2.578909061037026884e-04
1.990004150000000436e+03	2.476060809270264063e-04
1.990034280000000308e+03	2.323213502510995676e-04
1.990064410000000407e+03	2.170366195751588512e-04
1.990094550000000254e+03	2.067517943984964468e-04
1.990124680000000353e+03	2.014670637225657313e-04
1.990154820000000427e+03	2.061822385458905726e-04
1.990184950000000299e+03	2.158975078699609806e-04
1.990215080000000398e+03	2.256127771940175109e-04
1.990245220000000245e+03	2.453279520173434758e-04
1.990275350000000344e+03	2.650432213414100069e-04
1.990305480000000443e+03	2.847584906654626602e-04
1.990335620000000290e+03	2.994736654887975025e-04
1.990365750000000389e+03	3.041889348128629100e-04
1.990395890000000463e+03	2.989041096361916283e-04
1.990426020000000335e+03	2.836193789602509119e-04
1.990456150000000434e+03	2.583346482843140723e-04
1.990486290000000281e+03	2.330498231076505444e-04
1.990516420000000380e+03	2.127650924317187053e-04
1.990546560000000454e+03	2.024802672550424232e-04
1.990576690000000326e+03	2.071955365791078307e-04
1.990606820000000425e+03	2.169108059031643609e-04
1.990636960000000272e+03	2.366259807265042037e-04
1.990667090000000371e+03	2.613412500505618574e-04
1.990697220000000243e+03	2.860565193746195112e-04
1.990727360000000317e+03	3.007716941979543535e-04
1.990757490000000416e+03	3.104869635220247615e-04
1.990787630000000263e+03	3.152021383453634806e-04
1.990817760000000362e+03	3.049174076694138869e-04
1.990847890000000461e+03	2.896326769934870482e-04
1.990878030000000308e+03	2.693478518168146429e-04
1.990908160000000407e+03	2.540631211408739265e-04
1.990938290000000279e+03	2.437783904649382105e-04
1.990968430000000353e+03	2.484935652882769297e-04
1.990998560000000452e+03	2.682088346123295830e-04
1.991028700000000299e+03	2.979240094356655488e-04
1.991058830000000398e+03	3.276392787597282030e-04
1.991088960000000270e+03	3.473545480837808563e-04
1.991119100000000344e+03	3.520697229071195755e-04
1.991149230000000443e+03	3.417849922311838595e-04
1.991179370000000290e+03	3.165001670545203316e-04
1.991209500000000389e+03	2.962154363785746147e-04
1.991239630000000261e+03	2.809307057026338983e-04
1.991269770000000335e+03	2.856458805259726175e-04
1.991299900000000434e+03	3.053611498500252708e-04
1.991330030000000306e+03	3.300764191740968023e-04
1.991360170000000380e+03	3.447915939974177668e-04
1.991390300000000252e+03	3.445068633214920517e-04
1.991420440000000326e+03	3.242220381448335242e-04
1.991450570000000425e+03	2.939373074688778065e-04
1.991480700000000297e+03	2.586525767929587216e-04
1.991510840000000371e+03	2.283677516162901933e-04
1.991540970000000243e+03	2.080830209403444764e-04
1.991571110000000317e+03	2.077981957636781951e-04
1.991601240000000416e+03	2.225134650877397258e-04
1.991631370000000288e+03	2.372287344118012564e-04
1.991661510000000362e+03	2.569439092351410991e-04
1.991691640000000461e+03	2.716591785591887520e-04
1.991721770000000333e+03	2.713744478832491591e-04
1.991751910000000407e+03	2.710896227065828779e-04
1.991782040000000279e+03	2.608048920306471619e-04
1.991812180000000353e+03	2.505200668539847575e-04
1.991842310000000452e+03	2.402353361780490415e-04
1.991872440000000324e+03	2.299506055020994477e-04
1.991902580000000398e+03	2.246657803254420438e-04
1.991932710000000270e+03	2.193810496494974505e-04
1.991962840000000369e+03	2.190963189735578576e-04
1.991992980000000443e+03	2.238114937968965767e-04
1.992023110000000315e+03	2.335267631209531070e-04
1.992053250000000389e+03	2.482419379443018270e-04
1.992083380000000261e+03	2.679572072683406025e-04
1.992113510000000360e+03	2.876724765924071336e-04
1.992143650000000434e+03	3.073876514157608542e-04
1.992173780000000306e+03	3.221029207398085070e-04
1.992203920000000380e+03	3.268180955631472262e-04
1.992234050000000252e+03	3.165333648872115102e-04
1.992264180000000351e+03	3.012486342112569160e-04
1.992294320000000425e+03	2.759638090346072659e-04
1.992324450000000297e+03	2.506790783586704263e-04
1.992354580000000396e+03	2.303943476827247094e-04
1.992384720000000243e+03	2.251095225060534277e-04
1.992414850000000342e+03	2.298247918301188353e-04
1.992444990000000416e+03	2.445399666534536776e-04
1.992475120000000288e+03	2.542552359775102078e-04
1.992505250000000387e+03	2.589705053015756153e-04
1.992535390000000461e+03	2.436856801249082105e-04
1.992565520000000333e+03	2.184009494489713710e-04
1.992595660000000407e+03	1.831161242722978422e-04
1.992625790000000279e+03	1.578313935963610026e-04
1.992655920000000378e+03	1.375466629204291635e-04
1.992686060000000452e+03	1.422618377437540049e-04
1.992716190000000324e+03	1.669771070678116587e-04
1.992746320000000424e+03	2.066923763918704360e-04
1.992776460000000270e+03	2.514075512152214031e-04
1.992806590000000369e+03	2.911228205392663027e-04
1.992836730000000443e+03	3.208379953626161463e-04
1.992866860000000315e+03	3.305532646866726765e-04
1.992896990000000415e+03	3.202685340107230827e-04
1.992927130000000261e+03	2.949837088340734326e-04
1.992957260000000360e+03	2.696989781581365930e-04
1.992987390000000460e+03	2.444142474821858757e-04
1.993017530000000306e+03	2.391294223055284718e-04
1.993047660000000405e+03	2.488446916295850020e-04
1.993077800000000252e+03	2.735598664529159674e-04
1.993107930000000351e+03	3.082751357769836220e-04
1.993138060000000451e+03	3.379904051010462762e-04
1.993168200000000297e+03	3.577055799243722412e-04
1.993198330000000396e+03	3.674208492484426491e-04
1.993228470000000243e+03	3.621360240717713674e-04
1.993258600000000342e+03	3.568512933958267741e-04
1.993288730000000442e+03	3.465665627198910581e-04
1.993318870000000288e+03	3.412817375432336542e-04
1.993349000000000387e+03	3.509970068672901844e-04
1.993379130000000259e+03	3.657122761913517150e-04
1.993409270000000333e+03	3.854274510146915578e-04
1.993439400000000433e+03	4.001427203387392106e-04
1.993469540000000279e+03	4.098578951620829303e-04
1.993499670000000378e+03	4.045731644861522147e-04
1.993529800000000250e+03	3.892884338101976205e-04
1.993559940000000324e+03	3.690036086335390930e-04
1.993590070000000424e+03	3.437188779576022535e-04
1.993620200000000295e+03	3.184341472816515362e-04
1.993650340000000369e+03	3.031493221049980091e-04
1.993680470000000469e+03	2.928645914290622931e-04
1.993710610000000315e+03	2.975797662523871345e-04
1.993740740000000415e+03	3.172950355764536656e-04
1.993770870000000286e+03	3.420103049005113194e-04
1.993801010000000360e+03	3.767254797238384079e-04
1.993831140000000460e+03	4.064407490479010621e-04
1.993861280000000306e+03	4.261559238712409048e-04
1.993891410000000405e+03	4.308711931953063123e-04
1.993921540000000277e+03	4.205864625193567186e-04
1.993951680000000351e+03	4.003016373426981911e-04
1.993981810000000451e+03	3.700169066667563511e-04
1.994011940000000322e+03	3.447321759908195116e-04
1.994042080000000396e+03	3.294473508141521068e-04
1.994072210000000268e+03	3.291626201382125139e-04
1.994102350000000342e+03	3.388777949615423557e-04
1.994132480000000442e+03	3.635930642856138872e-04
1.994162610000000313e+03	3.883083336096576632e-04
1.994192750000000387e+03	4.130235084330025064e-04
1.994222880000000259e+03	4.227387777570729144e-04
1.994253020000000333e+03	4.274539525804116336e-04
1.994283150000000433e+03	4.221692219044670402e-04
1.994313280000000304e+03	4.118844912285313242e-04
1.994343420000000378e+03	4.015996660518550421e-04
1.994373550000000250e+03	4.013149353759154492e-04
1.994403680000000350e+03	4.010302046999758563e-04
1.994433820000000424e+03	4.107453795233195759e-04
1.994463950000000295e+03	4.254606488473811066e-04
1.994494090000000369e+03	4.351758236707109484e-04
1.994524220000000469e+03	4.448910929947674786e-04
1.994554350000000341e+03	4.446063623188278857e-04
1.994584490000000415e+03	4.393215371421566040e-04
1.994614620000000286e+03	4.340368064662258885e-04
1.994644750000000386e+03	4.287520757902812951e-04
1.994674890000000460e+03	4.234672506136238912e-04
1.994705020000000331e+03	4.281825199376754210e-04
1.994735160000000405e+03	4.328976947610141401e-04
1.994765290000000277e+03	4.376129640850795477e-04
1.994795420000000377e+03	4.473282334091360779e-04
1.994825560000000451e+03	4.620434082324639813e-04
1.994855690000000322e+03	4.767586775565393897e-04
1.994885830000000396e+03	4.964738523798722936e-04
1.994915960000000268e+03	5.211891217039368862e-04
1.994946090000000368e+03	5.409043910279964784e-04
1.994976230000000442e+03	5.556195658513313207e-04
1.995006360000000313e+03	5.553348351753917278e-04
1.995036490000000413e+03	5.400501044994510114e-04
1.995066630000000259e+03	5.247652793227836066e-04
1.995096760000000359e+03	4.994805486468467670e-04
1.995126900000000433e+03	4.841957234701793622e-04
1.995157030000000304e+03	4.839109927942397693e-04
1.995187160000000404e+03	4.886262621182982380e-04
1.995217300000000250e+03	5.033414369416330802e-04
1.995247430000000350e+03	5.180567062656946109e-04
1.995277560000000449e+03	5.277719755897511411e-04
1.995307700000000295e+03	5.274871504130848598e-04
1.995337830000000395e+03	5.222024197371472054e-04
1.995367970000000469e+03	5.069175945604798006e-04
1.995398100000000341e+03	4.866328638845410226e-04
1.995428230000000440e+03	4.763481332085983677e-04
1.995458370000000286e+03	4.710633080319340249e-04
1.995488500000000386e+03	4.807785773559974940e-04
1.995518640000000460e+03	4.954937521793462141e-04
1.995548770000000331e+03	5.202090215033899900e-04
1.995578900000000431e+03	5.349242908274653985e-04
1.995609040000000277e+03	5.446394656507952403e-04
1.995639170000000377e+03	5.343547349748456465e-04
1.995669300000000248e+03	5.140700042989207463e-04
1.995699440000000322e+03	4.887851791222502795e-04
1.995729570000000422e+03	4.685004484463115015e-04
1.995759710000000268e+03	4.682156232696452203e-04
1.995789840000000368e+03	4.929308925937098129e-04
1.995819970000000467e+03	5.326461619177685902e-04
1.995850110000000313e+03	5.773613367410987407e-04
1.995880240000000413e+03	6.120766060651594564e-04
1.995910380000000259e+03	6.167917808884912367e-04
1.995940510000000359e+03	5.915070502125543972e-04
1.995970640000000458e+03	5.512223195366164341e-04
1.996000780000000304e+03	5.059374943599467822e-04
1.996030910000000404e+03	4.756527636840118811e-04
1.996061040000000276e+03	4.653680330080692262e-04
1.996091180000000350e+03	4.800832078314040685e-04
1.996121310000000449e+03	5.047984771554617223e-04
1.996151450000000295e+03	5.245136519788085039e-04
1.996181580000000395e+03	5.242289213028550332e-04
1.996211710000000267e+03	5.089441906269351334e-04
1.996241850000000341e+03	4.836593654502646666e-04
1.996271980000000440e+03	4.633746347743120109e-04
1.996302110000000312e+03	4.580899040983882342e-04
1.996332250000000386e+03	4.678050789217180760e-04
1.996362380000000257e+03	4.925203482457826687e-04
1.996392520000000331e+03	5.072355230691175110e-04
1.996422650000000431e+03	5.119507923931759796e-04
1.996452780000000303e+03	4.916660617172372016e-04
1.996482920000000377e+03	4.613812365405686733e-04
1.996513050000000248e+03	4.260965058646287718e-04
1.996543190000000322e+03	4.058116806879702443e-04
1.996573320000000422e+03	4.105269500120217741e-04
1.996603450000000294e+03	4.302422193360883051e-04
1.996633590000000368e+03	4.599573941594173321e-04
1.996663720000000467e+03	4.796726634834769243e-04
1.996693850000000339e+03	4.793879328075373314e-04
1.996723990000000413e+03	4.641031076308699266e-04
1.996754120000000285e+03	4.288183769549369639e-04
1.996784260000000359e+03	3.935335517782773129e-04
1.996814390000000458e+03	3.632488211023215952e-04
1.996844520000000330e+03	3.479640904263808787e-04
1.996874660000000404e+03	3.476792652497284752e-04
1.996904790000000276e+03	3.573945345737850054e-04
1.996934930000000350e+03	3.621097093971237246e-04
1.996965060000000449e+03	3.618249787211841317e-04
1.996995190000000321e+03	3.515402480452345380e-04
1.997025330000000395e+03	3.412554228685860114e-04
1.997055460000000267e+03	3.309706921926502954e-04
1.997085590000000366e+03	3.306859615167107025e-04
1.997115730000000440e+03	3.404011363400405443e-04
1.997145860000000312e+03	3.601164056640931976e-04
1.997176000000000386e+03	3.798315804874330404e-04
1.997206130000000257e+03	3.995468498114995715e-04
1.997236260000000357e+03	4.092621191355561017e-04
1.997266400000000431e+03	4.089772939588898204e-04
1.997296530000000303e+03	4.036925632829452271e-04
1.997326660000000402e+03	3.884078326070045106e-04
1.997356800000000248e+03	3.731230074303371058e-04
1.997386930000000348e+03	3.578382767543963894e-04
1.997417070000000422e+03	3.425534515777289846e-04
1.997447200000000294e+03	3.272687209018021459e-04
1.997477330000000393e+03	3.219839902258575526e-04
1.997507470000000467e+03	3.266991650492101495e-04
1.997537600000000339e+03	3.414144343732439246e-04
1.997567740000000413e+03	3.661296091965887678e-04
1.997597870000000285e+03	4.008448785206564224e-04
1.997628000000000384e+03	4.255601478447001984e-04
1.997658140000000458e+03	4.402753226680558574e-04
1.997688270000000330e+03	4.349905919921112640e-04
1.997718400000000429e+03	4.097058613161536078e-04
1.997748540000000276e+03	3.744210361395078346e-04
1.997778670000000375e+03	3.391363054635609942e-04
1.997808810000000449e+03	3.138514802868974662e-04
1.997838940000000321e+03	2.985667496109567498e-04
1.997869070000000420e+03	2.982820189350171569e-04
1.997899210000000267e+03	3.079971937583608765e-04
1.997929340000000366e+03	3.227124630824224072e-04
1.997959470000000465e+03	3.374277324064700601e-04
1.997989610000000312e+03	3.471429072298137797e-04
1.998019740000000411e+03	3.518581765538653094e-04
1.998049880000000257e+03	3.565733513772179064e-04
1.998080010000000357e+03	3.612886207012694362e-04
1.998110140000000456e+03	3.610038900253298433e-04
1.998140280000000303e+03	3.607190648486774398e-04
1.998170410000000402e+03	3.454343341727228456e-04
1.998200550000000248e+03	3.251495089960643181e-04
1.998230680000000348e+03	2.998647783201274786e-04
1.998260810000000447e+03	2.795800476441678839e-04
1.998290950000000294e+03	2.642952224675282347e-04
1.998321080000000393e+03	2.590104917915836413e-04
1.998351210000000265e+03	2.687257611156262938e-04
1.998381350000000339e+03	2.884409359389800143e-04
1.998411480000000438e+03	3.081562052630326676e-04
1.998441620000000285e+03	3.178713800863763872e-04
1.998471750000000384e+03	3.175866494104367943e-04
1.998501880000000256e+03	3.073019187344872005e-04
1.998532020000000330e+03	2.920170935578197957e-04
1.998562150000000429e+03	2.667323628818829562e-04
1.998592290000000276e+03	2.464475377052244287e-04
1.998622420000000375e+03	2.311628070292837123e-04
1.998652550000000247e+03	2.258780763533391189e-04
1.998682690000000321e+03	2.255932511766728377e-04
1.998712820000000420e+03	2.303085205007382452e-04
1.998742950000000292e+03	2.400237898247947754e-04
1.998773090000000366e+03	2.397389646481284942e-04
1.998803220000000465e+03	2.394542339721889013e-04
1.998833360000000312e+03	2.391694087955226200e-04
1.998863490000000411e+03	2.338846781195919045e-04
1.998893620000000283e+03	2.285999474436473111e-04
1.998923760000000357e+03	2.233151222669760294e-04
1.998953890000000456e+03	2.180303915910453139e-04
1.998984020000000328e+03	2.127456609151007205e-04
1.999014160000000402e+03	2.074608357384433166e-04
1.999044290000000274e+03	2.021761050624987233e-04
1.999074430000000348e+03	1.968912798858413193e-04
1.999104560000000447e+03	1.916065492098967260e-04
1.999134690000000319e+03	1.913218185339571331e-04
1.999164830000000393e+03	2.010369933572869749e-04
1.999194960000000265e+03	2.157522626813485056e-04
1.999225100000000339e+03	2.354674375046883483e-04
1.999255230000000438e+03	2.551827068287548794e-04
1.999285360000000310e+03	2.748979761528075327e-04
1.999315500000000384e+03	2.796131509761462519e-04
1.999345630000000256e+03	2.843284203001977817e-04
1.999375760000000355e+03	2.740436896242620657e-04
1.999405900000000429e+03	2.587588644475946609e-04
1.999436030000000301e+03	2.434741337716539444e-04
1.999466170000000375e+03	2.281893085949865396e-04
1.999496300000000247e+03	2.179045779190647014e-04
1.999526430000000346e+03	2.226198472431162312e-04
1.999556570000000420e+03	2.273350220664410726e-04
1.999586700000000292e+03	2.370502913905253584e-04
1.999616830000000391e+03	2.467655607145680108e-04
1.999646970000000465e+03	2.564807355378978526e-04
1.999677100000000337e+03	2.611960048619771380e-04
1.999707240000000411e+03	2.659111796853019793e-04
1.999737370000000283e+03	2.856264490093685104e-04
1.999767500000000382e+03	3.053417183334350415e-04
1.999797640000000456e+03	3.350568931567571296e-04
1.999827770000000328e+03	3.547721624808236607e-04
1.999857910000000402e+03	3.544873373041573794e-04
1.999888040000000274e+03	3.242026066282155394e-04
1.999918170000000373e+03	2.789178759522725759e-04
1.999948310000000447e+03	2.186330507756156782e-04
1.999978440000000319e+03	1.683483200996677143e-04
2.000008570000000418e+03	1.430635894237308747e-04
2.000038710000000265e+03	1.527787642470607166e-04
2.000068840000000364e+03	1.874940335711283712e-04
2.000098980000000438e+03	2.322092083944654606e-04
2.000129110000000310e+03	2.669244777185192374e-04
2.000159240000000409e+03	2.816397470425807681e-04
2.000189380000000256e+03	2.713549218659183637e-04
2.000219510000000355e+03	2.510701911899726468e-04
2.000249650000000429e+03	2.357853660133191198e-04
2.000279780000000301e+03	2.405006353373706496e-04
2.000309910000000400e+03	2.602159046614371807e-04
2.000340050000000247e+03	2.949310794847781469e-04
2.000370180000000346e+03	3.246463488088269234e-04
2.000400310000000445e+03	3.443616181328934545e-04
2.000430450000000292e+03	3.390767929562360505e-04
2.000460580000000391e+03	3.287920622802864568e-04
2.000490720000000465e+03	3.085072371036279293e-04
2.000520850000000337e+03	3.032225064276833360e-04
2.000550980000000436e+03	3.029377757517437431e-04
2.000581120000000283e+03	3.126529505750735849e-04
2.000611250000000382e+03	3.273682198991351155e-04
2.000641380000000254e+03	3.420834892231966462e-04
2.000671520000000328e+03	3.417986640465303649e-04
2.000701650000000427e+03	3.365139333705996494e-04
2.000731790000000274e+03	3.162291081939272441e-04
2.000761920000000373e+03	2.909443775179904046e-04
2.000792050000000245e+03	2.556596468420435642e-04
2.000822190000000319e+03	2.253748216653889136e-04
2.000852320000000418e+03	2.100900909894481972e-04
2.000882460000000265e+03	2.198052658127919168e-04
2.000912590000000364e+03	2.495205351368406932e-04
2.000942720000000463e+03	2.992358044608955936e-04
2.000972860000000310e+03	3.389509792842415603e-04
2.001002990000000409e+03	3.536662486082892132e-04
2.001033120000000281e+03	3.283815179323662514e-04
2.001063260000000355e+03	2.780966927557054769e-04
2.001093390000000454e+03	2.278119620797436351e-04
2.001123530000000301e+03	2.125271369030901081e-04
2.001153660000000400e+03	2.472424062271577627e-04
2.001183790000000272e+03	3.269576755512149102e-04
2.001213930000000346e+03	4.116728503745503698e-04
2.001244060000000445e+03	4.463881196986110855e-04
2.001274200000000292e+03	3.961032945219433721e-04
2.001304330000000391e+03	2.808185638459997913e-04
2.001334460000000263e+03	1.505338331700689647e-04
2.001364600000000337e+03	8.524900799339318880e-05
2.001394730000000436e+03	1.449642773174580901e-04
2.001424860000000308e+03	3.196795466415131015e-04
2.001455000000000382e+03	5.293947214648556110e-04
2.001485130000000254e+03	6.591099907889141907e-04
2.001515270000000328e+03	5.838251656122631084e-04
2.001545400000000427e+03	2.685404349363068599e-04
2.001575530000000299e+03	-2.167442957396320535e-04
2.001605670000000373e+03	-7.070291209162887780e-04
2.001635800000000245e+03	-1.002313851592231964e-03
2.001665930000000344e+03	-9.425985822681809401e-04
2.001696070000000418e+03	-4.978834074448323932e-04
2.001726200000000290e+03	2.118318618792164321e-04
2.001756340000000364e+03	9.565470367025666332e-04
2.001786470000000463e+03	1.496262306026625855e-03
2.001816600000000335e+03	1.675977575350685866e-03
2.001846740000000409e+03	1.475692750174020795e-03
2.001876870000000281e+03	1.030408019498080252e-03
2.001907010000000355e+03	5.351231943214115883e-04
2.001937140000000454e+03	1.748384636454658470e-04
2.001967270000000326e+03	5.455373296953114348e-05
2.001997410000000400e+03	1.542689077928677266e-04
2.002027540000000272e+03	3.739841771169261087e-04
2.002057670000000371e+03	5.786994464409903061e-04
2.002087810000000445e+03	6.634146212643188267e-04
2.002117940000000317e+03	6.131298905883847405e-04
2.002148080000000391e+03	4.728450654117172247e-04
2.002178210000000263e+03	3.275603347357713968e-04
2.002208340000000362e+03	2.472756040598350635e-04
2.002238480000000436e+03	2.669907788831887840e-04
2.002268610000000308e+03	3.617060482072331773e-04
2.002298740000000407e+03	4.714213175312925719e-04
2.002328880000000254e+03	5.511364923546369088e-04
2.002359010000000353e+03	5.708517616786826232e-04
2.002389150000000427e+03	5.355669365020299111e-04
2.002419280000000299e+03	4.802822058260908245e-04
2.002449410000000398e+03	4.299974751501428605e-04
2.002479550000000245e+03	4.097126499734843330e-04
2.002509680000000344e+03	4.194279192975478021e-04
2.002539820000000418e+03	4.341430941208826444e-04
2.002569950000000290e+03	4.438583634449391746e-04
2.002600080000000389e+03	4.335736327690034586e-04
2.002630220000000463e+03	4.132888075923379922e-04
2.002660350000000335e+03	3.930040769163992143e-04
2.002690480000000434e+03	3.827193462404565594e-04
2.002720620000000281e+03	3.924345210637933401e-04
2.002750750000000380e+03	4.121497903878529323e-04
2.002780890000000454e+03	4.318649652111858361e-04
2.002811020000000326e+03	4.415802345352423663e-04
2.002841150000000425e+03	4.412955038593027735e-04
2.002871290000000272e+03	4.310106786826542469e-04
2.002901420000000371e+03	4.107259480067015911e-04
2.002931560000000445e+03	3.954411228300341863e-04
2.002961690000000317e+03	3.801563921541073476e-04
2.002991820000000416e+03	3.748716614781488765e-04
2.003021960000000263e+03	3.745868363014964730e-04
2.003052090000000362e+03	3.793021056255618806e-04
2.003082220000000461e+03	3.890173749496114719e-04
2.003112360000000308e+03	4.037325497729532531e-04
2.003142490000000407e+03	4.134478190970167222e-04
2.003172630000000254e+03	4.231629939203535029e-04
2.003202760000000353e+03	4.228782632444139100e-04
2.003232890000000452e+03	4.225935325684743171e-04
2.003263030000000299e+03	4.123087073918049739e-04
2.003293160000000398e+03	3.970239767158642574e-04
2.003323290000000270e+03	3.767392460399254794e-04
2.003353430000000344e+03	3.564544208632530742e-04
2.003383560000000443e+03	3.361696901873212351e-04
2.003413700000000290e+03	3.158848650106488298e-04
2.003443830000000389e+03	2.956001343347169907e-04
2.003473960000000261e+03	2.903154036587723974e-04
2.003504100000000335e+03	2.950305784821111166e-04
2.003534230000000434e+03	3.097458478061726472e-04
2.003564370000000281e+03	3.344610226295036126e-04
2.003594500000000380e+03	3.541762919535562659e-04
2.003624630000000252e+03	3.638915612776266739e-04
2.003654770000000326e+03	3.586067361009553922e-04
2.003684900000000425e+03	3.383220054250374309e-04
2.003715030000000297e+03	3.130372747490728358e-04
2.003745170000000371e+03	2.927524495724143083e-04
2.003775300000000243e+03	2.824677188964785923e-04
2.003805440000000317e+03	2.821828937198123111e-04
2.003835570000000416e+03	3.018981630438788422e-04
2.003865700000000288e+03	3.266134323679364959e-04
2.003895840000000362e+03	3.513286071912674613e-04
2.003925970000000461e+03	3.760438765153320539e-04
2.003956100000000333e+03	3.957591458393916461e-04
2.003986240000000407e+03	4.104743206627264884e-04
2.004016370000000279e+03	4.251895899867880191e-04
2.004046510000000353e+03	4.299047648101197994e-04
2.004076640000000452e+03	4.346200341341852069e-04
2.004106770000000324e+03	4.243353034582425520e-04
2.004136910000000398e+03	4.040504782815770857e-04
2.004167040000000270e+03	3.787657476056402461e-04
2.004197180000000344e+03	3.434809224289736562e-04
2.004227310000000443e+03	3.131961917530318162e-04
2.004257440000000315e+03	2.829114610770899763e-04
2.004287580000000389e+03	2.676266359004225714e-04
2.004317710000000261e+03	2.673419052244968563e-04
2.004347840000000360e+03	2.770571745485395088e-04
2.004377980000000434e+03	3.017723493718843519e-04
2.004408110000000306e+03	3.314876186959608839e-04
2.004438250000000380e+03	3.562027935192918493e-04
2.004468380000000252e+03	3.659180628433483795e-04
2.004498510000000351e+03	3.606333321674037862e-04
2.004528650000000425e+03	3.303485069907491356e-04
2.004558780000000297e+03	2.900637763147972947e-04
2.004588920000000371e+03	2.497789511381326433e-04
2.004619050000000243e+03	2.194942204621908033e-04
2.004649180000000342e+03	2.092094897862550873e-04
2.004679320000000416e+03	2.239246646095899296e-04
2.004709450000000288e+03	2.586399339336575842e-04
2.004739580000000387e+03	2.983552032577163615e-04
2.004769720000000461e+03	3.330703780810434500e-04
2.004799850000000333e+03	3.577856474051011038e-04
2.004829990000000407e+03	3.675008222284378845e-04
2.004860120000000279e+03	3.622160915525002300e-04
2.004890250000000378e+03	3.519313608765645141e-04
2.004920390000000452e+03	3.466465356998932323e-04
2.004950520000000324e+03	3.413618050239486390e-04
2.004980650000000423e+03	3.410770743480090461e-04
2.005010790000000270e+03	3.407922491713427648e-04
2.005040920000000369e+03	3.305075184954209266e-04
2.005071060000000443e+03	3.152226933187535218e-04
2.005101190000000315e+03	2.999379626427989276e-04
2.005131320000000414e+03	2.846532319668720890e-04
2.005161460000000261e+03	2.793684067902146850e-04
2.005191590000000360e+03	2.940836761142762157e-04
2.005221730000000434e+03	3.287988509376033042e-04
2.005251860000000306e+03	3.735141202616670819e-04
2.005281990000000405e+03	4.132293895857258592e-04
2.005312130000000252e+03	4.429445644090618250e-04
2.005342260000000351e+03	4.476598337331202937e-04
2.005372390000000451e+03	4.273751030571815157e-04
2.005402530000000297e+03	3.870902778805168643e-04
2.005432660000000396e+03	3.318055472045777776e-04
2.005462800000000243e+03	2.815207220279031253e-04
2.005492930000000342e+03	2.362359913519740395e-04
2.005523060000000442e+03	2.109512606760233222e-04
2.005553200000000288e+03	2.006664354993609178e-04
2.005583330000000387e+03	2.053817048234263254e-04
2.005613470000000461e+03	2.100968796467650446e-04
2.005643600000000333e+03	2.148121489708165743e-04
2.005673730000000432e+03	2.195274182948819819e-04
2.005703870000000279e+03	2.192425931182295784e-04
2.005734000000000378e+03	2.189578624422761077e-04
2.005764130000000250e+03	2.186731317663503926e-04
2.005794270000000324e+03	2.233883065896752340e-04
2.005824400000000423e+03	2.281035759137267638e-04
2.005854540000000270e+03	2.378187507370704834e-04
2.005884670000000369e+03	2.375340200611308905e-04
2.005914800000000469e+03	2.372492893851774198e-04
2.005944940000000315e+03	2.369644642085250164e-04
2.005975070000000414e+03	2.366797335325854235e-04
2.006005200000000286e+03	2.363950028566458306e-04
2.006035340000000360e+03	2.461101776799895502e-04
2.006065470000000460e+03	2.558254470040460804e-04
2.006095610000000306e+03	2.705406218273809227e-04
2.006125740000000405e+03	2.902558911514335760e-04
2.006155870000000277e+03	2.999711604755039840e-04
2.006186010000000351e+03	3.046863352988288254e-04
2.006216140000000451e+03	3.044016046228892325e-04
2.006246280000000297e+03	2.891167794462357055e-04
2.006276410000000396e+03	2.738320487702811112e-04
2.006306540000000268e+03	2.635473180943453952e-04
2.006336680000000342e+03	2.582624929176879913e-04
2.006366810000000442e+03	2.779777622417406446e-04
2.006396940000000313e+03	3.126930315658082993e-04
2.006427080000000387e+03	3.574082063891523275e-04
2.006457210000000259e+03	3.971234757131972271e-04
2.006487350000000333e+03	4.268386505365401318e-04
2.006517480000000432e+03	4.315539198606055393e-04
2.006547610000000304e+03	4.112691891846528836e-04
2.006577750000000378e+03	3.809843640079982330e-04
2.006607880000000250e+03	3.506996333320563930e-04
2.006638010000000349e+03	3.354149026561226155e-04
2.006668150000000423e+03	3.401300774794474568e-04
2.006698280000000295e+03	3.698453468035101110e-04
2.006728420000000369e+03	3.995605216268460769e-04
2.006758550000000469e+03	4.242757909509037306e-04
2.006788680000000340e+03	4.239910602749641377e-04
2.006818820000000414e+03	3.937062350983025483e-04
2.006848950000000286e+03	3.534215044223645852e-04
2.006879090000000360e+03	3.081366792457018722e-04
2.006909220000000460e+03	2.778519485697600322e-04
2.006939350000000331e+03	2.725672178938154389e-04
2.006969490000000405e+03	2.922823927171552816e-04
2.006999620000000277e+03	3.269976620412090584e-04
2.007029750000000377e+03	3.617129313652697742e-04
2.007059890000000451e+03	3.764281061886184943e-04
2.007090020000000322e+03	3.711433755126669620e-04
2.007120160000000396e+03	3.508585503360153734e-04
2.007150290000000268e+03	3.155738196600754719e-04
2.007180420000000368e+03	2.902890889841247546e-04
2.007210560000000442e+03	2.800042638074623502e-04
2.007240690000000313e+03	2.897195331315327582e-04
2.007270830000000387e+03	3.144347079548637236e-04
2.007300960000000259e+03	3.441499772789194389e-04
2.007331090000000358e+03	3.638652466029790311e-04
2.007361230000000432e+03	3.685804214263177503e-04
2.007391360000000304e+03	3.532956907503770339e-04
2.007421490000000404e+03	3.230109600744351939e-04
2.007451630000000250e+03	2.877261348977755429e-04
2.007481760000000349e+03	2.524414042218287024e-04
2.007511900000000423e+03	2.271565790451651745e-04
2.007542030000000295e+03	2.168718483692294585e-04
2.007572160000000395e+03	2.165871176932898656e-04
2.007602300000000469e+03	2.163022925166235844e-04
2.007632430000000340e+03	2.160175618406839915e-04
2.007662560000000440e+03	2.057328311647343977e-04
2.007692700000000286e+03	2.004480059880908716e-04
2.007722830000000386e+03	1.951632753121324004e-04
2.007752970000000460e+03	1.998784501354711196e-04
2.007783100000000331e+03	2.195937194595376507e-04
2.007813230000000431e+03	2.393089887835903040e-04
2.007843370000000277e+03	2.590241636069301467e-04
2.007873500000000377e+03	2.687394329310005547e-04
2.007903640000000451e+03	2.584546077543242726e-04
2.007933770000000322e+03	2.381698770783924335e-04
2.007963900000000422e+03	2.078851464024505935e-04
2.007994040000000268e+03	1.826003212257870656e-04
2.008024170000000368e+03	1.673155905498463492e-04
2.008054300000000467e+03	1.670308598739067563e-04
2.008084440000000313e+03	1.817460346972415985e-04
2.008114570000000413e+03	1.964613040213031292e-04
2.008144710000000259e+03	2.061764788446329710e-04
2.008174840000000358e+03	2.058917481686933781e-04
2.008204970000000458e+03	2.006070174927487848e-04
2.008235110000000304e+03	1.853221923160813800e-04
2.008265240000000404e+03	1.800374616401506644e-04
2.008295380000000250e+03	1.797526364634843832e-04
2.008325510000000349e+03	1.944679057875459138e-04
2.008355640000000449e+03	2.091831751116074445e-04
2.008385780000000295e+03	2.288983499349334094e-04
2.008415910000000395e+03	2.336136192590126948e-04
2.008446040000000266e+03	2.283288885830542236e-04
2.008476180000000340e+03	2.130440634063868188e-04
2.008506310000000440e+03	1.927593327304688575e-04
2.008536450000000286e+03	1.674745075538053296e-04
2.008566580000000386e+03	1.571897768778557358e-04
2.008596710000000257e+03	1.519050462019250203e-04
2.008626850000000331e+03	1.666202210252598626e-04
2.008656980000000431e+03	1.913354903493175163e-04
2.008687110000000303e+03	2.210507596733801705e-04
2.008717250000000377e+03	2.457659344967111359e-04
2.008747380000000248e+03	2.704812038207687896e-04
2.008777520000000322e+03	2.751963786441075088e-04
2.008807650000000422e+03	2.749116479681679159e-04
2.008837780000000294e+03	2.596269172922271995e-04
2.008867920000000368e+03	2.443420921155597947e-04
2.008898050000000467e+03	2.340573614396102009e-04
2.008928190000000313e+03	2.287725362629527970e-04
2.008958320000000413e+03	2.334878055870043267e-04
2.008988450000000284e+03	2.382030749110697343e-04
2.009018590000000358e+03	2.479182497343995761e-04
2.009048720000000458e+03	2.476335190584599832e-04
2.009078850000000330e+03	2.373487883825242672e-04
2.009108990000000404e+03	2.270639632058618629e-04
2.009139120000000275e+03	2.167792325299400247e-04
2.009169260000000349e+03	2.164944073532737434e-04
2.009199390000000449e+03	2.212096766773113954e-04
2.009229520000000321e+03	2.359249460013868038e-04
2.009259660000000395e+03	2.556401208247266466e-04
2.009289790000000266e+03	2.703553901487881772e-04
2.009319920000000366e+03	2.800706594728447074e-04
2.009350060000000440e+03	2.797858342961784262e-04
2.009380190000000312e+03	2.795011036202388333e-04
2.009410330000000386e+03	2.742162784435675515e-04
2.009440460000000257e+03	2.739315477676279587e-04
2.009470590000000357e+03	2.736468170916883658e-04
2.009500730000000431e+03	2.833619919150320854e-04
2.009530860000000303e+03	2.930772612390886156e-04
2.009561000000000377e+03	3.027924360624184574e-04
2.009591130000000248e+03	3.025077053864788645e-04
2.009621260000000348e+03	2.922229747105431485e-04
2.009651400000000422e+03	2.769381495338757437e-04
2.009681530000000294e+03	2.516534188579389042e-04
2.009711660000000393e+03	2.263686881819881869e-04
2.009741800000000467e+03	2.060838630053296594e-04
2.009771930000000339e+03	1.957991323293939434e-04
2.009802070000000413e+03	1.905143071527365395e-04
2.009832200000000284e+03	2.002295764767791919e-04
2.009862330000000384e+03	2.099448458008634777e-04
2.009892470000000458e+03	2.246600206241844422e-04
2.009922600000000330e+03	2.343752899482409724e-04
2.009952740000000404e+03	2.290904647715835685e-04
2.009982870000000275e+03	2.138057340956428520e-04
2.010013000000000375e+03	1.835210034197010120e-04
2.010043140000000449e+03	1.482361782430413610e-04
2.010073270000000321e+03	1.179514475670995211e-04
2.010103400000000420e+03	9.766671689115380417e-05
2.010133540000000266e+03	9.738189171448752290e-05
2.010163670000000366e+03	1.070971610385579309e-04
2.010193810000000440e+03	1.318123358618888963e-04
2.010223940000000312e+03	1.565276051859465500e-04
2.010254070000000411e+03	1.762428745100130811e-04
2.010284210000000257e+03	1.909580493333479234e-04
2.010314340000000357e+03	2.006733186574044536e-04
2.010344470000000456e+03	2.053885879814698612e-04
2.010374610000000303e+03	2.101037628047947026e-04
2.010404740000000402e+03	2.198190321288512328e-04
2.010434880000000248e+03	2.395342069522049533e-04
2.010465010000000348e+03	2.592494762762576066e-04
2.010495140000000447e+03	2.839647456003152604e-04
2.010525280000000294e+03	2.986799204236639804e-04
2.010555410000000393e+03	2.983951897477105097e-04
2.010585550000000467e+03	2.881103645710481054e-04
2.010615680000000339e+03	2.678256338951162663e-04
2.010645810000000438e+03	2.325409032191555481e-04
2.010675950000000284e+03	1.922560780425047744e-04
2.010706080000000384e+03	1.569713473665718118e-04
2.010736210000000256e+03	1.316866166906349722e-04
2.010766350000000330e+03	1.214017915139586901e-04
2.010796480000000429e+03	1.311170608380290981e-04
2.010826620000000275e+03	1.508322356613550630e-04
2.010856750000000375e+03	1.805475049854177172e-04
2.010886880000000247e+03	2.102627743094803714e-04
2.010917020000000321e+03	2.399779491328163372e-04
2.010947150000000420e+03	2.596932184568689905e-04
2.010977280000000292e+03	2.744084877809305212e-04
2.011007420000000366e+03	2.791236626042692404e-04
2.011037550000000465e+03	2.788389319283296475e-04
2.011067690000000312e+03	2.735541067516722435e-04
2.011097820000000411e+03	2.682693760757276502e-04
2.011127950000000283e+03	2.629846453997830569e-04
2.011158090000000357e+03	2.576998202231256530e-04
2.011188220000000456e+03	2.574150895471721823e-04
2.011218360000000303e+03	2.621302643705247792e-04
2.011248490000000402e+03	2.668455336945901868e-04
2.011278620000000274e+03	2.715608030186278388e-04
2.011308760000000348e+03	2.812759778419715584e-04
2.011338890000000447e+03	2.809912471660319655e-04
2.011369020000000319e+03	2.707065164900962495e-04
2.011399160000000393e+03	2.554216913134288447e-04
2.011429290000000265e+03	2.401369606374881283e-04
2.011459430000000339e+03	2.248521354608207234e-04
2.011489560000000438e+03	2.195674047848900079e-04
2.011519690000000310e+03	2.192826741089504150e-04
2.011549830000000384e+03	2.339978489322852573e-04
2.011579960000000256e+03	2.487131182563467879e-04
2.011610100000000330e+03	2.684282930796727529e-04
2.011640230000000429e+03	2.781435624037292831e-04
2.011670360000000301e+03	2.778588317277896902e-04
2.011700500000000375e+03	2.725740065511322863e-04
2.011730630000000247e+03	2.572892758751915698e-04
2.011760760000000346e+03	2.470045451992558538e-04
2.011790900000000420e+03	2.367197200225934495e-04
2.011821030000000292e+03	2.314349893466488561e-04
2.011851170000000366e+03	2.261501641699775744e-04
2.011881300000000465e+03	2.208654334940468589e-04
2.011911430000000337e+03	2.155807028181022655e-04
2.011941570000000411e+03	2.002958776414487385e-04
2.011971700000000283e+03	1.900111469655130225e-04
2.012001830000000382e+03	1.797264162895495510e-04
2.012031970000000456e+03	1.744415911129060248e-04
2.012062100000000328e+03	1.741568604369664319e-04
2.012092240000000402e+03	1.888720352603012742e-04
2.012122370000000274e+03	2.035873045843489271e-04
2.012152500000000373e+03	2.233025739084154582e-04
2.012182640000000447e+03	2.380177487317503005e-04
2.012212770000000319e+03	2.377330180558107076e-04
2.012242910000000393e+03	2.274481928791483032e-04
2.012273040000000265e+03	2.071634622032025863e-04
2.012303170000000364e+03	1.868787315272707472e-04
2.012333310000000438e+03	1.715939063506033424e-04
2.012363440000000310e+03	1.813091756746598726e-04
2.012393570000000409e+03	2.060244449987175264e-04
2.012423710000000256e+03	2.457396198220634931e-04
2.012453840000000355e+03	2.904548891461133930e-04
2.012483980000000429e+03	3.151700639694443584e-04
2.012514110000000301e+03	3.198853332935236438e-04
2.012544240000000400e+03	2.946006026175659875e-04
2.012574380000000247e+03	2.493157774409171523e-04
2.012604510000000346e+03	1.990310467649691883e-04
2.012634650000000420e+03	1.587462215883045369e-04
2.012664780000000292e+03	1.434614909123638204e-04
2.012694910000000391e+03	1.481767602364292280e-04
2.012725050000000465e+03	1.728919350597601934e-04
2.012755180000000337e+03	1.976072043838178471e-04
2.012785310000000436e+03	2.123224737078793778e-04
2.012815450000000283e+03	2.120376485312130965e-04
2.012845580000000382e+03	2.017529178552773805e-04
2.012875720000000456e+03	1.864680926786099757e-04
2.012905850000000328e+03	1.761833620026742597e-04
2.012935980000000427e+03	1.858986313267307899e-04
2.012966120000000274e+03	2.156138061500667558e-04
2.012996250000000373e+03	2.453290754741294100e-04
2.013026380000000245e+03	2.700443447981870637e-04
2.013056520000000319e+03	2.797595196215169056e-04
2.013086650000000418e+03	2.694747889455811896e-04
2.013116790000000265e+03	2.441899637689176616e-04
2.013146920000000364e+03	2.139052330929896995e-04
2.013177050000000463e+03	1.936205024170301048e-04
2.013207190000000310e+03	1.933356772403638235e-04
2.013237320000000409e+03	2.080509465644392320e-04
2.013267460000000256e+03	2.327661213877840751e-04
2.013297590000000355e+03	2.524813907118367284e-04
2.013327720000000454e+03	2.671966600358982591e-04
2.013357860000000301e+03	2.619118348592269774e-04
2.013387990000000400e+03	2.416271041832951383e-04
2.013418120000000272e+03	2.163423735073582987e-04
2.013448260000000346e+03	1.960575483306858935e-04
2.013478390000000445e+03	1.757728176547540544e-04
2.013508530000000292e+03	1.704879924780827727e-04
2.013538660000000391e+03	1.702032618021431798e-04
2.013568790000000263e+03	1.749185311262085873e-04
2.013598930000000337e+03	1.746337059495423061e-04
2.013629060000000436e+03	1.793489752735938358e-04
2.013659190000000308e+03	1.840642445976592434e-04
2.013689330000000382e+03	1.987794194209940857e-04
2.013719460000000254e+03	2.184946887450467390e-04
2.013749600000000328e+03	2.382098635683865817e-04
2.013779730000000427e+03	2.579251328924392350e-04
2.013809860000000299e+03	2.626404022165046426e-04
2.013840000000000373e+03	2.423555770398461151e-04
2.013870130000000245e+03	2.070708463639131525e-04
2.013900270000000319e+03	1.617860211872435006e-04
2.013930400000000418e+03	1.215012905112916597e-04
2.013960530000000290e+03	1.012165598353736984e-04
2.013990670000000364e+03	1.059317346586985398e-04
2.014020800000000463e+03	1.356470039827473162e-04
2.014050930000000335e+03	1.853622733068160944e-04
2.014081070000000409e+03	2.350774481301581842e-04
2.014111200000000281e+03	2.697927174542119610e-04
2.014141340000000355e+03	2.845078922775537422e-04
2.014171470000000454e+03	2.742231616016110873e-04
2.014201600000000326e+03	2.439384309256692474e-04
2.014231740000000400e+03	2.086536057490095963e-04
2.014261870000000272e+03	1.783688750730677564e-04
2.014292010000000346e+03	1.630840498964003515e-04
2.014322140000000445e+03	1.627993192204607587e-04
2.014352270000000317e+03	1.775145885445222893e-04
2.014382410000000391e+03	2.022297633678532547e-04
2.014412540000000263e+03	2.219450326919197858e-04
2.014442670000000362e+03	2.366603020159813164e-04
2.014472810000000436e+03	2.363754768393150352e-04
2.014502940000000308e+03	2.210907461633743187e-04
2.014533080000000382e+03	1.908059209867196682e-04
2.014563210000000254e+03	1.555211903107589499e-04
2.014593340000000353e+03	1.252364596348309878e-04
2.014623480000000427e+03	1.049516344581724603e-04
2.014653610000000299e+03	1.096669037822239900e-04
2.014683740000000398e+03	1.343821731062955216e-04
2.014713880000000245e+03	1.740973479296276105e-04
2.014744010000000344e+03	2.138126172536863878e-04
2.014774150000000418e+03	2.535277920770184767e-04
2.014804280000000290e+03	2.732430614010780690e-04
2.014834410000000389e+03	2.779583307251434765e-04
2.014864550000000463e+03	2.676735055484741332e-04
2.014894680000000335e+03	2.523887748725334168e-04
2.014924820000000409e+03	2.421039496958710124e-04
2.014954950000000281e+03	2.368192190199264191e-04
2.014985080000000380e+03	2.315344883439957036e-04
2.015015220000000454e+03	2.262496631673244218e-04
2.015045350000000326e+03	2.109649324913837054e-04
2.015075480000000425e+03	1.906802018154379885e-04
2.015105620000000272e+03	1.703953766387794611e-04
2.015135750000000371e+03	1.501106459628337442e-04
2.015165890000000445e+03	1.448258207861902180e-04
2.015196020000000317e+03	1.495410901102278700e-04
2.015226150000000416e+03	1.592563594342982780e-04
2.015256290000000263e+03	1.739715342576331203e-04
2.015286420000000362e+03	1.836868035816896505e-04
2.015316550000000461e+03	1.884020729057411803e-04
2.015346690000000308e+03	1.881172477290887768e-04
2.015376820000000407e+03	1.978325170531453070e-04
2.015406960000000254e+03	2.125476918764940271e-04
2.015437090000000353e+03	2.422629612005428035e-04
2.015467220000000452e+03	2.769782305245965803e-04
2.015497360000000299e+03	3.016934053479414235e-04
2.015527490000000398e+03	3.114086746720048926e-04
2.015557630000000245e+03	3.011238494953355493e-04
2.015587760000000344e+03	2.858391188193948329e-04
2.015617890000000443e+03	2.655543881434560549e-04
2.015648030000000290e+03	2.602695629667917121e-04
2.015678160000000389e+03	2.699848322908551812e-04
2.015708290000000261e+03	2.847001016149097730e-04
2.015738430000000335e+03	3.044152764382496157e-04
2.015768560000000434e+03	3.041305457623100228e-04
2.015798700000000281e+03	2.838457205856514953e-04
2.015828830000000380e+03	2.485609899097046549e-04
2.015858960000000252e+03	2.132762592337578145e-04
2.015889100000000326e+03	1.929914340571131648e-04
2.015919230000000425e+03	2.027067033811558172e-04
2.015949370000000272e+03	2.324218782045056608e-04
2.015979500000000371e+03	2.771371475285624997e-04
2.016009630000000243e+03	3.168524168526073992e-04
2.016039770000000317e+03	3.315675916759561193e-04
2.016069900000000416e+03	3.162828610000154028e-04
2.016100030000000288e+03	2.709981303240793782e-04
2.016130170000000362e+03	2.157133051474136032e-04
2.016160300000000461e+03	1.754285744714756401e-04
2.016190440000000308e+03	1.551437492948032348e-04
2.016220570000000407e+03	1.648590186188597650e-04
2.016250700000000279e+03	1.995742879429274197e-04
2.016280840000000353e+03	2.392894627662595086e-04
2.016310970000000452e+03	2.690047320903221628e-04
2.016341100000000324e+03	2.737200014143806315e-04
2.016371240000000398e+03	2.484351762377101647e-04
2.016401370000000270e+03	2.081504455617722016e-04
2.016431510000000344e+03	1.628656203851025497e-04
2.016461640000000443e+03	1.325808897091745875e-04
2.016491770000000315e+03	1.222961590332249937e-04
2.016521910000000389e+03	1.320113338565825911e-04
2.016552040000000261e+03	1.467266031806302440e-04
2.016582180000000335e+03	1.664417780039562089e-04
2.016612310000000434e+03	1.711570473280354943e-04
2.016642440000000306e+03	1.608723166520720227e-04
2.016672580000000380e+03	1.455874914754323735e-04
2.016702710000000252e+03	1.303027607994916570e-04
2.016732840000000351e+03	1.300180301235381863e-04
2.016762980000000425e+03	1.547332049468830295e-04
2.016793110000000297e+03	1.894484742709368064e-04
2.016823250000000371e+03	2.341636490942738957e-04
2.016853380000000243e+03	2.638789184183365499e-04
2.016883510000000342e+03	2.735941877423930801e-04
2.016913650000000416e+03	2.583093625657326142e-04
2.016943780000000288e+03	2.230246318897927127e-04
2.016973920000000362e+03	1.877398067131191839e-04
2.017004050000000461e+03	1.574550760371773439e-04
2.017034180000000333e+03	1.471703453612416279e-04
2.017064320000000407e+03	1.568855201845714697e-04
2.017094450000000279e+03	1.766007895086380008e-04
2.017124580000000378e+03	2.063160588327006550e-04
2.017154720000000452e+03	2.260312336560266200e-04
2.017184850000000324e+03	2.307465029800920275e-04
2.017214990000000398e+03	2.204616778034296232e-04
2.017245120000000270e+03	2.051769471275027845e-04
2.017275250000000369e+03	1.898922164515481903e-04
2.017305390000000443e+03	1.796073912748857859e-04
2.017335520000000315e+03	1.743226605989550704e-04
2.017365650000000414e+03	1.690379299229965993e-04
2.017395790000000261e+03	1.587531047463480727e-04
2.017425920000000360e+03	1.534683740704034793e-04
2.017456060000000434e+03	1.431835488937410750e-04
2.017486190000000306e+03	1.328988182178053590e-04
2.017516320000000405e+03	1.376140875418707665e-04
2.017546460000000252e+03	1.523292623651917310e-04
2.017576590000000351e+03	1.770445316892632626e-04
2.017606730000000425e+03	2.067597065125992284e-04
2.017636860000000297e+03	2.364749758366480048e-04
2.017666990000000396e+03	2.511902451607164743e-04
2.017697130000000243e+03	2.609054199840463162e-04
2.017727260000000342e+03	2.556206893081086617e-04
2.017757390000000441e+03	2.503359586321710073e-04
2.017787530000000288e+03	2.400511334555016640e-04
2.017817660000000387e+03	2.297664027795659480e-04
2.017847800000000461e+03	2.244815776028946663e-04
2.017877930000000333e+03	2.141968469269589503e-04
2.017908060000000432e+03	2.089121162510143570e-04
2.017938200000000279e+03	1.986272910743519526e-04
2.017968330000000378e+03	1.833425603984251140e-04
2.017998460000000250e+03	1.780578297224666429e-04
2.018028600000000324e+03	1.777730045458003616e-04
2.018058730000000423e+03	1.874882738698846474e-04
2.018088870000000270e+03	2.122034486932156128e-04
2.018119000000000369e+03	2.419187180172713281e-04
2.018149130000000468e+03	2.766339873413320438e-04
2.018179270000000315e+03	3.063491621646680096e-04
2.018209400000000414e+03	3.160644314887245399e-04
2.018239540000000261e+03	3.057796063120621355e-04
2.018269670000000360e+03	2.804948756361252959e-04
2.018299800000000459e+03	2.452101449601853944e-04
2.018329940000000306e+03	2.049253197835138041e-04
2.018360070000000405e+03	1.746405891075719641e-04
2.018390200000000277e+03	1.643558584316362481e-04
2.018420340000000351e+03	1.740710332549660899e-04
2.018450470000000450e+03	1.937863025790326210e-04
2.018480610000000297e+03	2.285014774023597095e-04
2.018510740000000396e+03	2.532167467264243021e-04
2.018540870000000268e+03	2.679320160504858328e-04
2.018571010000000342e+03	2.576471908738164895e-04
2.018601140000000441e+03	2.273624601978746496e-04
2.018631280000000288e+03	1.870776350212238759e-04
2.018661410000000387e+03	1.417929043452670346e-04
2.018691540000000259e+03	1.015081736693429493e-04
2.018721680000000333e+03	7.622334849267942136e-05
2.018751810000000432e+03	7.593861781672595068e-05
2.018781940000000304e+03	9.565388714080635957e-05
2.018812080000000378e+03	1.303690619641334481e-04
2.018842210000000250e+03	1.700843312881922254e-04
2.018872350000000324e+03	1.997995061115281912e-04
2.018902480000000423e+03	2.245147754355858449e-04
2.018932610000000295e+03	2.292300447596512525e-04
2.018962750000000369e+03	2.189452195829888481e-04
2.018992880000000468e+03	1.986604889070431312e-04
2.019023010000000340e+03	1.733757582311062917e-04
2.019053150000000414e+03	1.480909330544427638e-04
2.019083280000000286e+03	1.328062023785020473e-04
2.019113420000000360e+03	1.225213772018396430e-04
2.019143550000000459e+03	1.122366465258900492e-04
2.019173680000000331e+03	1.119519158499504563e-04
2.019203820000000405e+03	1.066670906732930524e-04
2.019233950000000277e+03	1.013823599973484590e-04
2.019264090000000351e+03	1.010975348206960556e-04
2.019294220000000450e+03	1.108128041447387080e-04
2.019324350000000322e+03	1.305280734688191169e-04
2.019354490000000396e+03	1.602432482921550827e-04
2.019384620000000268e+03	1.949585176161949818e-04
2.019414750000000367e+03	2.346737869402745758e-04
2.019444890000000441e+03	2.693889617636086031e-04
2.019475020000000313e+03	2.841042310876631949e-04
2.019505160000000387e+03	2.838194059109969136e-04
2.019535290000000259e+03	2.735346752350611976e-04
2.019565420000000358e+03	2.482499445591174192e-04
2.019595560000000432e+03	2.179651193824488908e-04
2.019625690000000304e+03	1.976803887065170517e-04
2.019655820000000404e+03	1.773956580305713349e-04
2.019685960000000250e+03	1.721108328539139309e-04
2.019716090000000349e+03	1.718261021779743380e-04
2.019746230000000423e+03	1.715412770013080568e-04
2.019776360000000295e+03	1.712565463253684639e-04
2.019806490000000395e+03	1.709718156494288710e-04
2.019836630000000468e+03	1.706869904727625897e-04
2.019866760000000340e+03	1.704022597968229968e-04
2.019896900000000414e+03	1.751174346201617160e-04
2.019927030000000286e+03	1.848327039442182462e-04
2.019957160000000385e+03	1.995479732682658991e-04
2.019987300000000459e+03	2.192631480916196196e-04
2.020017430000000331e+03	2.339784174156672725e-04
2.020047560000000431e+03	2.486936867397288031e-04
2.020077700000000277e+03	2.534088615630744612e-04
2.020107830000000376e+03	2.531241308871209905e-04
2.020137970000000450e+03	2.528393057104685870e-04
2.020168100000000322e+03	2.425545750345259322e-04
2.020198230000000422e+03	2.372698443585743999e-04
2.020228370000000268e+03	2.369850191819219964e-04
2.020258500000000367e+03	2.367002885059824036e-04
2.020288640000000441e+03	2.414154633293141838e-04
2.020318770000000313e+03	2.411307326533745909e-04
2.020348900000000413e+03	2.358460019774369365e-04
2.020379040000000259e+03	2.205611768007695317e-04
2.020409170000000358e+03	2.002764461248307537e-04
2.020439300000000458e+03	1.749917154488939142e-04
2.020469440000000304e+03	1.547068902722215089e-04
2.020499570000000404e+03	1.494221595962907934e-04
2.020529710000000250e+03	1.541373344196295125e-04
2.020559840000000349e+03	1.788526037436871663e-04
2.020589970000000449e+03	2.135678730677409431e-04
2.020620110000000295e+03	2.482830478910888483e-04
2.020650240000000395e+03	2.679983172151345627e-04
2.020680370000000266e+03	2.677135865391949698e-04
2.020710510000000340e+03	2.524287613625414428e-04
2.020740640000000440e+03	2.171440306865876635e-04
2.020770780000000286e+03	1.868592055099399518e-04
2.020800910000000385e+03	1.615744748340031123e-04
2.020831040000000257e+03	1.512897441580396407e-04
2.020861180000000331e+03	1.610049189813972381e-04
2.020891310000000431e+03	1.807201883054498914e-04
2.020921450000000277e+03	2.004353631287897342e-04
2.020951580000000376e+03	2.151506324528443259e-04
2.020981710000000248e+03	2.198659017769097335e-04
2.021011850000000322e+03	2.145810766002384518e-04
2.021041980000000422e+03	2.092963459243007973e-04
2.021072110000000293e+03	2.090116152483612044e-04
2.021102250000000367e+03	2.137267900716929847e-04
2.021132380000000467e+03	2.284420593957545154e-04
2.021162520000000313e+03	2.331572342190862956e-04
2.021192650000000413e+03	2.328725035431467028e-04
2.021222780000000284e+03	2.175877728672129252e-04
2.021252920000000358e+03	1.873029476905374580e-04
2.021283050000000458e+03	1.520182170146044953e-04
2.021313190000000304e+03	1.267333918379409674e-04
2.021343320000000404e+03	1.214486611620102519e-04
2.021373450000000275e+03	1.361639304860579047e-04
2.021403590000000349e+03	1.658791053094077483e-04
2.021433720000000449e+03	2.105943746334645872e-04
2.021463850000000321e+03	2.503096439575164256e-04
2.021493990000000395e+03	2.800248187808593303e-04
2.021524120000000266e+03	2.897400881049227994e-04
2.021554260000000340e+03	2.844552629282515177e-04
2.021584390000000440e+03	2.691705322523177402e-04
2.021614520000000311e+03	2.488858015763789622e-04
2.021644660000000385e+03	2.286009763997065569e-04
2.021674790000000257e+03	2.133162457237727794e-04
2.021704920000000357e+03	1.980315150478251240e-04
2.021735060000000431e+03	1.877466898711627197e-04
2.021765190000000302e+03	1.724619591952220032e-04
2.021795330000000376e+03	1.621771340185595989e-04
2.021825460000000248e+03	1.518924033426238829e-04
2.021855590000000348e+03	1.516076726666842900e-04
2.021885730000000422e+03	1.563228474900091314e-04
2.021915860000000293e+03	1.710381168140706620e-04
2.021946000000000367e+03	1.857532916374055043e-04
2.021976130000000467e+03	2.004685609614670350e-04
2.022006260000000339e+03	2.001838302855274421e-04
2.022036400000000413e+03	1.948990051088561604e-04
2.022066530000000284e+03	1.796142744329293217e-04
2.022096660000000384e+03	1.593295437569836048e-04
2.022126800000000458e+03	1.440447185803162000e-04
2.022156930000000330e+03	1.387599879043854845e-04
2.022187070000000404e+03	1.434751627277242036e-04
2.022217200000000275e+03	1.631904320517907347e-04
2.022247330000000375e+03	1.829057013758433881e-04
2.022277470000000449e+03	1.926208761991732299e-04
2.022307600000000321e+03	2.023361455232366990e-04
2.022337730000000420e+03	1.970514148472990446e-04
2.022367870000000266e+03	1.917665896706277628e-04
2.022398000000000366e+03	1.964818589946931704e-04
2.022428140000000440e+03	2.061970338180299511e-04
2.022458270000000311e+03	2.309123031420876049e-04
2.022488400000000411e+03	2.506275724661471971e-04
2.022518540000000257e+03	2.653427472894820394e-04
2.022548670000000357e+03	2.650580166135424465e-04
2.022578810000000431e+03	2.497731914368750417e-04
2.022608940000000302e+03	2.144884607609351401e-04
2.022639070000000402e+03	1.792037300849952386e-04
2.022669210000000248e+03	1.539189049083317107e-04
2.022699340000000348e+03	1.486341742324009951e-04
2.022729470000000447e+03	1.583494435564575253e-04
2.022759610000000293e+03	1.880646183797796134e-04
2.022789740000000393e+03	2.227798877038611458e-04
2.022819880000000467e+03	2.574950625271951732e-04
2.022850010000000339e+03	2.822103318512528269e-04
2.022880140000000438e+03	2.969256011753143576e-04
2.022910280000000284e+03	2.966407759986480763e-04
2.022940410000000384e+03	2.863560453227054214e-04
2.022970550000000458e+03	2.660712201460399551e-04
2.023000680000000330e+03	2.407864894701031155e-04
2.023030810000000429e+03	2.105017587941612756e-04
2.023060950000000275e+03	1.752169336174946856e-04
2.023091080000000375e+03	1.549322029415628466e-04
2.023121210000000247e+03	1.546474722656232537e-04
2.023151350000000321e+03	1.693626470889442182e-04
2.023181480000000420e+03	1.990779164130138112e-04
2.023211620000000266e+03	2.337930912363478386e-04
2.023241750000000366e+03	2.635083605604035539e-04
2.023271880000000465e+03	2.732236298844670230e-04
2.023302020000000311e+03	2.579388047077996182e-04
2.023332150000000411e+03	2.226540740318597167e-04
2.023362280000000283e+03	1.773693433559236921e-04
2.023392420000000357e+03	1.420845181792501633e-04
2.023422550000000456e+03	1.167997875033133237e-04
2.023452690000000302e+03	1.165149623266609202e-04
2.023482820000000402e+03	1.312302316507085731e-04
2.023512950000000274e+03	1.559455009747801046e-04
2.023543090000000348e+03	1.806606757981110700e-04
2.023573220000000447e+03	1.953759451221656618e-04
2.023603360000000293e+03	2.050911199455093814e-04
2.023633490000000393e+03	2.048063892695697885e-04
2.023663620000000265e+03	2.045216585936301956e-04
2.023693760000000339e+03	2.042368334169639144e-04
2.023723890000000438e+03	2.089521027410223830e-04
2.023754020000000310e+03	2.136673720650877906e-04
2.023784160000000384e+03	2.233825468884176324e-04
2.023814290000000256e+03	2.280978162124830400e-04
2.023844430000000330e+03	2.378129910358128818e-04
2.023874560000000429e+03	2.475282603598763509e-04
2.023904690000000301e+03	2.622435296839309427e-04
2.023934830000000375e+03	2.819587045072707854e-04
2.023964960000000247e+03	3.016739738313303776e-04
2.023995100000000321e+03	3.163891486546790976e-04
2.024025230000000420e+03	3.211044179787236885e-04
2.024055360000000292e+03	3.258196873027821572e-04
2.024085500000000366e+03	3.205348621261316922e-04
2.024115630000000465e+03	3.152501314501801599e-04
2.024145760000000337e+03	3.049654007742513828e-04
2.024175900000000411e+03	2.996805755975870400e-04
2.024206030000000283e+03	2.993958449216335693e-04
2.024236170000000357e+03	2.991110197449811658e-04
2.024266300000000456e+03	2.988262890690415730e-04
2.024296430000000328e+03	2.935415583930969796e-04
2.024326570000000402e+03	2.932567332164306984e-04
2.024356700000000274e+03	2.929720025404911055e-04
2.024386830000000373e+03	2.876872718645534510e-04
2.024416970000000447e+03	2.874024466878871698e-04
2.024447100000000319e+03	2.821177160119495153e-04
2.024477240000000393e+03	2.818328908352832340e-04
2.024507370000000265e+03	2.815481601593436412e-04
2.024537500000000364e+03	2.762634294834059867e-04
2.024567640000000438e+03	2.809786043067377670e-04
2.024597770000000310e+03	2.806938736307981741e-04
2.024627910000000384e+03	2.854090484541438322e-04
2.024658040000000256e+03	2.851243177781903615e-04
2.024688170000000355e+03	2.848395871022507686e-04
2.024718310000000429e+03	2.845547619255983651e-04
2.024748440000000301e+03	2.892700312496429560e-04
2.024778570000000400e+03	2.989853005737064251e-04
2.024808710000000247e+03	3.137004753970551452e-04
2.024838840000000346e+03	3.384157447210989211e-04
2.024868980000000420e+03	3.581309195444457028e-04
2.024899110000000292e+03	3.728461888685072334e-04
2.024929240000000391e+03	3.825614581925568247e-04
2.024959380000000465e+03	3.772766330158994208e-04
2.024989510000000337e+03	3.619919023399656433e-04
2.025019640000000436e+03	3.467071716640110490e-04
2.025049780000000283e+03	3.264223464873594605e-04
2.025079910000000382e+03	3.111376158114187440e-04
2.025110050000000456e+03	2.958527906347513392e-04
2.025140180000000328e+03	2.855680599588086843e-04
2.025170310000000427e+03	2.702833292828749068e-04
2.025200450000000274e+03	2.549985041062075020e-04
2.025230580000000373e+03	2.397137734302667855e-04
2.025260720000000447e+03	2.344289482536024427e-04
2.025290850000000319e+03	2.441442175776589729e-04
2.025320980000000418e+03	2.588594869017205036e-04
2.025351120000000265e+03	2.885746617250703472e-04
2.025381250000000364e+03	3.132899310491141232e-04
2.025411380000000463e+03	3.230052003731775923e-04
2.025441520000000310e+03	3.227203751965251888e-04
2.025471650000000409e+03	2.974356445205675326e-04
2.025501790000000256e+03	2.621508193439148204e-04
2.025531920000000355e+03	2.218660886679768574e-04
2.025562050000000454e+03	1.915813579920211396e-04
2.025592190000000301e+03	1.762965328153745515e-04
2.025622320000000400e+03	1.760118021394349586e-04
2.025652460000000247e+03	1.907269769627628619e-04
2.025682590000000346e+03	2.204422462868255161e-04
2.025712720000000445e+03	2.501575156108881703e-04
2.025742860000000292e+03	2.698726904342210742e-04
2.025772990000000391e+03	2.795879597582776044e-04
2.025803120000000263e+03	2.793032290823380115e-04
2.025833260000000337e+03	2.740184039056736687e-04
2.025863390000000436e+03	2.637336732297379527e-04
2.025893530000000283e+03	2.534488480530686094e-04
2.025923660000000382e+03	2.481641173771309550e-04
2.025953790000000254e+03	2.528793867011894236e-04
2.025983930000000328e+03	2.625945615245262044e-04
2.026014060000000427e+03	2.673098308485846730e-04
2.026044190000000299e+03	2.720251001726431417e-04
2.026074330000000373e+03	2.667402749959926767e-04
2.026104460000000245e+03	2.664555443200392060e-04
2.026134600000000319e+03	2.611707191433748632e-04
2.026164730000000418e+03	2.658859884674472096e-04
2.026194860000000290e+03	2.806012577914948625e-04
2.026225000000000364e+03	2.953164326148435825e-04
2.026255130000000463e+03	3.100317019388981743e-04
2.026285270000000310e+03	3.147468767622368935e-04
2.026315400000000409e+03	3.144621460862973006e-04
2.026345530000000281e+03	2.991774154103565841e-04
2.026375670000000355e+03	2.788925902336911178e-04
2.026405800000000454e+03	2.686078595577484629e-04
2.026435930000000326e+03	2.733231288818069316e-04
2.026466070000000400e+03	2.880383037051417738e-04
2.026496200000000272e+03	3.177535730292044280e-04
2.026526340000000346e+03	3.524687478525384554e-04
2.026556470000000445e+03	3.821840171766011096e-04
2.026586600000000317e+03	3.968992865006557014e-04
2.026616740000000391e+03	4.066144613239924821e-04
2.026646870000000263e+03	4.063297306480528892e-04
2.026677000000000362e+03	4.060449999721132963e-04
2.026707140000000436e+03	4.057601747954470151e-04
2.026737270000000308e+03	4.004754441195093606e-04
2.026767410000000382e+03	3.951906189428380789e-04
2.026797540000000254e+03	3.749058882669131787e-04
2.026827670000000353e+03	3.496211575909624614e-04
2.026857810000000427e+03	3.193363324142939330e-04
2.026887940000000299e+03	2.940516017383709713e-04
2.026918080000000373e+03	2.887667765617066284e-04
2.026948210000000245e+03	2.984820458857631587e-04
2.026978340000000344e+03	3.231973152098208124e-04
2.027008480000000418e+03	3.479124900331587167e-04
2.027038610000000290e+03	3.626277593572202473e-04
2.027068740000000389e+03	3.623430286812806544e-04
2.027098880000000463e+03	3.470582035046132496e-04
2.027129010000000335e+03	3.267734728286744716e-04
2.027159150000000409e+03	3.164886476520051284e-04
2.027189280000000281e+03	3.262039169760685975e-04
2.027219410000000380e+03	3.459191863001281897e-04
2.027249550000000454e+03	3.806343611234622171e-04
2.027279680000000326e+03	4.053496304475198708e-04
2.027309820000000400e+03	4.050648052708535896e-04
2.027339950000000272e+03	3.897800745949128731e-04
2.027370080000000371e+03	3.544953439189729716e-04
2.027400220000000445e+03	3.192105187423063817e-04
2.027430350000000317e+03	2.989257880663814815e-04
2.027460480000000416e+03	2.936410573904299492e-04
2.027490620000000263e+03	3.033562322137667300e-04
2.027520750000000362e+03	3.180715015378351995e-04
2.027550890000000436e+03	3.277866763611719803e-04
2.027581020000000308e+03	3.175019456852293254e-04
2.027611150000000407e+03	2.922172150092924858e-04
2.027641290000000254e+03	2.619323898326239575e-04
2.027671420000000353e+03	2.416476591566851795e-04
2.027701550000000452e+03	2.413629284807455866e-04
2.027731690000000299e+03	2.660781033040834909e-04
2.027761820000000398e+03	3.057933726281422682e-04
2.027791960000000245e+03	3.505085474514724186e-04
2.027822090000000344e+03	3.852238167755331344e-04
2.027852220000000443e+03	3.949390860995966035e-04
2.027882360000000290e+03	3.896542609229322607e-04
2.027912490000000389e+03	3.693695302469934827e-04
2.027942630000000463e+03	3.440847050703230159e-04
2.027972760000000335e+03	3.237999743943842379e-04
2.028002890000000434e+03	3.135152437184415830e-04
2.028033030000000281e+03	3.032304185417791786e-04
2.028063160000000380e+03	2.929456878658365238e-04
2.028093290000000252e+03	2.776609571899027462e-04
2.028123430000000326e+03	2.623761320132353414e-04
2.028153560000000425e+03	2.470914013372946250e-04
2.028183700000000272e+03	2.368065761606391595e-04
2.028213830000000371e+03	2.365218454846856888e-04
2.028243960000000243e+03	2.462371148087630357e-04
2.028274100000000317e+03	2.609522896320978780e-04
2.028304230000000416e+03	2.806675589561435924e-04
2.028334370000000263e+03	2.853827337794892505e-04
2.028364500000000362e+03	2.850980031035496576e-04
2.028394630000000461e+03	2.798132724275981253e-04
2.028424770000000308e+03	2.745284472509476603e-04
2.028454900000000407e+03	2.692437165750030670e-04
2.028485030000000279e+03	2.739589858990684745e-04
2.028515170000000353e+03	2.786741607224002548e-04
2.028545300000000452e+03	2.883894300464567850e-04
2.028575440000000299e+03	2.881046048697905038e-04
2.028605570000000398e+03	2.878198741938509109e-04
2.028635700000000270e+03	2.825351435179132564e-04
2.028665840000000344e+03	2.772503183412489136e-04
2.028695970000000443e+03	2.819655876653073823e-04
2.028726100000000315e+03	2.916808569893708514e-04
2.028756240000000389e+03	3.113960318127037552e-04
2.028786370000000261e+03	3.361113011367614090e-04
2.028816510000000335e+03	3.508264759601101290e-04
2.028846640000000434e+03	3.605417452841597203e-04
2.028876770000000306e+03	3.652570146082320668e-04
2.028906910000000380e+03	3.649721894315657855e-04
2.028937040000000252e+03	3.596874587556142533e-04
2.028967180000000326e+03	3.544026335789568494e-04
2.028997310000000425e+03	3.491179029030191949e-04
2.029027440000000297e+03	3.388331722270765400e-04
2.029057580000000371e+03	3.235483470504160741e-04
2.029087710000000243e+03	3.082636163744753577e-04
2.029117840000000342e+03	2.929788856985346412e-04
2.029147980000000416e+03	2.826940605218652980e-04
2.029178110000000288e+03	2.824093298459257051e-04
2.029208250000000362e+03	2.871245046692644243e-04
2.029238380000000461e+03	2.918397739933228929e-04
2.029268510000000333e+03	2.915550433173833000e-04
2.029298650000000407e+03	2.862702181407189572e-04
2.029328780000000279e+03	2.709854874647782408e-04
2.029358910000000378e+03	2.507007567888394628e-04
2.029389050000000452e+03	2.404159316121701195e-04
2.029419180000000324e+03	2.351312009362324651e-04
2.029449320000000398e+03	2.448463757595761847e-04
2.029479450000000270e+03	2.645616450836288380e-04
2.029509580000000369e+03	2.842769144076884302e-04
2.029539720000000443e+03	3.089920892310332734e-04
2.029569850000000315e+03	3.237073585550809263e-04
2.029599990000000389e+03	3.284225333784265843e-04
2.029630120000000261e+03	3.331378027024850530e-04
2.029660250000000360e+03	3.328530720265315823e-04
2.029690390000000434e+03	3.325682468498791788e-04
2.029720520000000306e+03	3.272835161739415244e-04
2.029750650000000405e+03	3.119987854979869302e-04
2.029780790000000252e+03	2.917139603213353416e-04
2.029810920000000351e+03	2.614292296454004405e-04
2.029841060000000425e+03	2.211444044687288502e-04
2.029871190000000297e+03	1.808596737927908871e-04
2.029901320000000396e+03	1.555749431168540475e-04
2.029931460000000243e+03	1.452901179401847043e-04
2.029961590000000342e+03	1.550053872642481734e-04
2.029991730000000416e+03	1.847205620875772003e-04
2.030021860000000288e+03	2.194358314116379161e-04
2.030051990000000387e+03	2.591511007357036322e-04
2.030082130000000461e+03	2.938662755590307207e-04
2.030112260000000333e+03	3.085815448830922514e-04
2.030142390000000432e+03	3.032968142071545969e-04
2.030172530000000279e+03	2.780119890305049468e-04
2.030202660000000378e+03	2.427272583545511675e-04
2.030232800000000452e+03	1.974424331778815156e-04
2.030262930000000324e+03	1.621577025019554918e-04
2.030293060000000423e+03	1.318729718260067130e-04
2.030323200000000270e+03	1.215881466493512475e-04
2.030353330000000369e+03	1.313034159734147166e-04
2.030383460000000468e+03	1.510186852974604310e-04
2.030413600000000315e+03	1.757338601208052742e-04
2.030443730000000414e+03	1.954491294448648664e-04
2.030473870000000261e+03	2.051643042682016471e-04
2.030504000000000360e+03	1.998795735922570538e-04
2.030534130000000459e+03	1.945948429163193993e-04
2.030564270000000306e+03	1.893100177396550565e-04
2.030594400000000405e+03	1.890252870637154636e-04
2.030624540000000252e+03	2.037404618870503059e-04
2.030654670000000351e+03	2.184557312111118366e-04
2.030684800000000450e+03	2.281710005351683668e-04
2.030714940000000297e+03	2.328861753585001471e-04
2.030745070000000396e+03	2.226014446825644311e-04
2.030775200000000268e+03	2.123167140066217762e-04
2.030805340000000342e+03	2.020318888299732496e-04
2.030835470000000441e+03	2.017471581540197789e-04
2.030865610000000288e+03	2.214623329773526828e-04
2.030895740000000387e+03	2.461776023014242143e-04
2.030925870000000259e+03	2.658928716254699287e-04
2.030956010000000333e+03	2.806080464488186488e-04
2.030986140000000432e+03	2.703233157728829328e-04
2.031016270000000304e+03	2.450385850969252766e-04
2.031046410000000378e+03	2.097537599202725644e-04
2.031076540000000250e+03	1.844690292443357249e-04
2.031106680000000324e+03	1.691842040676683201e-04
2.031136810000000423e+03	1.788994733917317892e-04
2.031166940000000295e+03	2.036147427157894430e-04
2.031197080000000369e+03	2.383299175391234703e-04
2.031227210000000468e+03	2.680451868631861245e-04
2.031257350000000315e+03	2.777603616865159664e-04
2.031287480000000414e+03	2.674756310105802504e-04
2.031317610000000286e+03	2.471909003346414724e-04
2.031347750000000360e+03	2.169060751579729440e-04
2.031377880000000459e+03	1.866213444820311040e-04
2.031408010000000331e+03	1.713366138060903876e-04
2.031438150000000405e+03	1.560517886294299217e-04
2.031468280000000277e+03	1.557670579534903288e-04
2.031498420000000351e+03	1.504822327768190471e-04
2.031528550000000450e+03	1.451975021008813926e-04
2.031558680000000322e+03	1.349127714249387378e-04
2.031588820000000396e+03	1.246279462482763334e-04
2.031618950000000268e+03	1.193432155723525567e-04
2.031649090000000342e+03	1.140583903956812750e-04
2.031679220000000441e+03	1.237736597197308663e-04
2.031709350000000313e+03	1.434889290438043363e-04
2.031739490000000387e+03	1.682041038671353017e-04
2.031769620000000259e+03	1.929193731911998944e-04
2.031799750000000358e+03	2.176346425152575481e-04
2.031829890000000432e+03	2.323498173385923904e-04
2.031860020000000304e+03	2.370650866626508591e-04
2.031890160000000378e+03	2.367802614859845778e-04
2.031920290000000250e+03	2.314955308100469233e-04
2.031950420000000349e+03	2.212108001341042685e-04
2.031980560000000423e+03	2.109259749574418641e-04
2.032010690000000295e+03	2.056412442815042096e-04
2.032040820000000394e+03	2.003565136055596163e-04
2.032070960000000468e+03	2.000716884288933350e-04
2.032101090000000340e+03	2.047869577529587426e-04
2.032131230000000414e+03	2.095021325762905229e-04
2.032161360000000286e+03	2.142174019003489915e-04
2.032191490000000385e+03	2.139326712244093986e-04
2.032221630000000459e+03	2.186478460477411789e-04
2.032251760000000331e+03	2.183631153718154638e-04
2.032281900000000405e+03	2.130782901951511210e-04
2.032312030000000277e+03	2.027935595192015272e-04
2.032342160000000376e+03	1.875088288432746886e-04
2.032372300000000450e+03	1.672240036666092222e-04
2.032402430000000322e+03	1.469392729906704442e-04
2.032432560000000421e+03	1.316545423147297278e-04
2.032462700000000268e+03	1.163697171380623230e-04
2.032492830000000367e+03	1.110849864621246685e-04
2.032522970000000441e+03	1.208001612854545104e-04
2.032553100000000313e+03	1.355154306095160410e-04
2.032583230000000412e+03	1.602306999335736948e-04
2.032613370000000259e+03	1.799458747569065986e-04
2.032643500000000358e+03	1.996611440809731297e-04
2.032673640000000432e+03	2.043763189043049100e-04
2.032703770000000304e+03	1.940915882283622551e-04
2.032733900000000403e+03	1.788068575524215387e-04
2.032764040000000250e+03	1.535220323757580108e-04
2.032794170000000349e+03	1.382373016998172943e-04
2.032824300000000449e+03	1.279525710238815783e-04
2.032854440000000295e+03	1.326677458472133586e-04
2.032884570000000394e+03	1.523830151712729508e-04
2.032914710000000468e+03	1.820981899946227944e-04
2.032944840000000340e+03	2.118134593186646319e-04
2.032974970000000440e+03	2.365287286427292246e-04
2.033005110000000286e+03	2.462439034660729442e-04
2.033035240000000385e+03	2.409591727901214120e-04
2.033065370000000257e+03	2.206744421141965118e-04
2.033095510000000331e+03	1.953896169375329839e-04
2.033125640000000431e+03	1.701048862615753277e-04
2.033155780000000277e+03	1.448200610849256775e-04
2.033185910000000376e+03	1.295353304089849611e-04
2.033216040000000248e+03	1.192505997330423062e-04
2.033246180000000322e+03	1.189657745563760249e-04
2.033276310000000421e+03	1.186810438804364320e-04
2.033306450000000268e+03	1.283962187037732128e-04
2.033336580000000367e+03	1.381114880278366819e-04
2.033366710000000467e+03	1.578267573518962741e-04
2.033396850000000313e+03	1.775419321752291779e-04
2.033426980000000412e+03	1.972572014992887701e-04
2.033457110000000284e+03	2.119724708233503008e-04
2.033487250000000358e+03	2.216876456466801426e-04
2.033517380000000458e+03	2.314029149707436117e-04
2.033547520000000304e+03	2.361180897940892698e-04
2.033577650000000403e+03	2.508333591181369226e-04
2.033607780000000275e+03	2.605486284422073306e-04
2.033637920000000349e+03	2.652638032655460498e-04
2.033668050000000449e+03	2.649790725895925791e-04
2.033698180000000320e+03	2.446943419136676789e-04
2.033728320000000394e+03	2.194095167369972121e-04
2.033758450000000266e+03	1.841247860610573106e-04
2.033788590000000340e+03	1.588399608843937827e-04
2.033818720000000440e+03	1.535552302084561282e-04
2.033848850000000311e+03	1.632704995325126585e-04
2.033878990000000385e+03	1.929856743558486243e-04
2.033909120000000257e+03	2.277009436799093400e-04
2.033939260000000331e+03	2.574161185032383670e-04
2.033969390000000431e+03	2.721313878272998976e-04
2.033999520000000302e+03	2.668466571513622432e-04
2.034029660000000376e+03	2.515618319746948384e-04
2.034059790000000248e+03	2.262771012987579988e-04
2.034089920000000347e+03	2.109923706228172824e-04
2.034120060000000421e+03	2.107075454461510011e-04
2.034150190000000293e+03	2.204228147702144702e-04
2.034180330000000367e+03	2.401379895935612518e-04
2.034210460000000467e+03	2.548532589176019658e-04
2.034240590000000338e+03	2.645685282416654349e-04
2.034270730000000412e+03	2.642837030650130314e-04
2.034300860000000284e+03	2.489989723890584372e-04
2.034331000000000358e+03	2.237141472124087871e-04
2.034361130000000458e+03	2.034294165364700091e-04
2.034391260000000329e+03	1.831446858605173533e-04
2.034421400000000403e+03	1.728598606838618879e-04
2.034451530000000275e+03	1.725751300079222950e-04
2.034481660000000375e+03	1.722903993319688243e-04
2.034511800000000449e+03	1.820055741553194828e-04
2.034541930000000320e+03	1.817208434793798899e-04
2.034572070000000394e+03	1.814360183027136086e-04
2.034602200000000266e+03	1.711512876267709538e-04
2.034632330000000366e+03	1.658665569508332993e-04
2.034662470000000440e+03	1.605817317741620176e-04
2.034692600000000311e+03	1.652970010982274252e-04
2.034722730000000411e+03	1.850122704222870174e-04
2.034752870000000257e+03	2.047274452456199212e-04
2.034783000000000357e+03	2.244427145696795134e-04
2.034813140000000431e+03	2.341578893930162941e-04
2.034843270000000302e+03	2.238731587170736392e-04
2.034873400000000402e+03	1.985884280411367997e-04
2.034903540000000248e+03	1.683036028644821491e-04
2.034933670000000347e+03	1.380188721885264314e-04
2.034963810000000421e+03	1.277340470118640270e-04
2.034993940000000293e+03	1.424493163359394354e-04
2.035024070000000393e+03	1.771645856599862734e-04
2.035054210000000467e+03	2.118797604833203008e-04
2.035084340000000338e+03	2.365950298073918323e-04
2.035114470000000438e+03	2.413102991314364232e-04
2.035144610000000284e+03	2.210254739547848346e-04
2.035174740000000384e+03	1.857407432788449331e-04
2.035204880000000458e+03	1.604559181021814052e-04
2.035235010000000329e+03	1.501711874262387503e-04
2.035265140000000429e+03	1.698864567502983425e-04
2.035295280000000275e+03	1.996016315736343083e-04
2.035325410000000375e+03	2.343169008976950241e-04
2.035355540000000246e+03	2.490321702217565547e-04
2.035385680000000320e+03	2.387473450450872114e-04
2.035415810000000420e+03	2.084626143691523104e-04
2.035445950000000266e+03	1.681777891924807200e-04
2.035476080000000366e+03	1.378930585165458189e-04
2.035506210000000465e+03	1.326083278406012256e-04
2.035536350000000311e+03	1.573235026639391299e-04
2.035566480000000411e+03	2.020387719879959687e-04
2.035596620000000257e+03	2.517539468113311196e-04
2.035626750000000357e+03	2.914692161354037747e-04
2.035656880000000456e+03	3.011844854594533660e-04
2.035687020000000302e+03	2.808996602828017775e-04
2.035717150000000402e+03	2.456149296068618759e-04
2.035747280000000274e+03	2.053301989309100350e-04
2.035777420000000347e+03	1.750453737542553845e-04
2.035807550000000447e+03	1.597606430783146680e-04
2.035837690000000293e+03	1.594758179016483868e-04
2.035867820000000393e+03	1.741910872257099174e-04
2.035897950000000264e+03	1.939063565497695096e-04
2.035928090000000338e+03	2.086215313731043519e-04
2.035958220000000438e+03	2.133368006971628206e-04
2.035988360000000284e+03	2.130519755204965393e-04
2.036018490000000384e+03	2.077672448445588849e-04
2.036048620000000255e+03	1.974825141686162300e-04
2.036078760000000329e+03	1.921976889919518872e-04
2.036108890000000429e+03	1.919129583160122943e-04
2.036139020000000301e+03	1.916282276400727014e-04
2.036169160000000375e+03	2.013434024634094821e-04
2.036199290000000246e+03	2.010586717874698892e-04
2.036229430000000320e+03	2.007738466108036079e-04
2.036259560000000420e+03	1.954891159348590146e-04
2.036289690000000292e+03	1.802043852589182982e-04
2.036319830000000366e+03	1.599195600822528318e-04
2.036349960000000465e+03	1.496348294063171158e-04
2.036380090000000337e+03	1.443500987303725225e-04
2.036410230000000411e+03	1.490652735537112417e-04
2.036440360000000283e+03	1.587805428777816497e-04
2.036470500000000357e+03	1.784957177011145535e-04
2.036500630000000456e+03	1.932109870251622064e-04
2.036530760000000328e+03	1.979262563492414917e-04
2.036560900000000402e+03	1.976414311725752104e-04
2.036591030000000274e+03	1.823567004966344940e-04
2.036621170000000347e+03	1.620718753199690276e-04
2.036651300000000447e+03	1.417871446440233107e-04
2.036681430000000319e+03	1.215024139680845328e-04
2.036711570000000393e+03	1.062175887914240668e-04
2.036741700000000264e+03	9.593285811548141195e-05
2.036771830000000364e+03	9.064812743954375751e-05
2.036801970000000438e+03	9.036330226287747625e-05
2.036832100000000310e+03	1.050785715869390069e-04
2.036862240000000384e+03	1.247937464102719107e-04
2.036892370000000255e+03	1.495090157343295645e-04
2.036922500000000355e+03	1.742242850583872182e-04
2.036952640000000429e+03	1.939394598817270610e-04
2.036982770000000301e+03	1.986547292057994074e-04
2.037012910000000375e+03	1.933699040291350646e-04
2.037043040000000246e+03	1.730851733531754699e-04
2.037073170000000346e+03	1.528004426772505697e-04
2.037103310000000420e+03	1.375156175005831649e-04
2.037133440000000292e+03	1.272308868246474489e-04
2.037163570000000391e+03	1.369461561487039791e-04
2.037193710000000465e+03	1.516613309720388214e-04
2.037223840000000337e+03	1.713766002960984136e-04
2.037253980000000411e+03	1.860917751194332559e-04
2.037284110000000283e+03	1.958070444434967250e-04
2.037314240000000382e+03	2.055223137675532552e-04
2.037344380000000456e+03	2.052374885908869739e-04
2.037374510000000328e+03	1.999527579149493195e-04
2.037404640000000427e+03	1.946680272390116651e-04
2.037434780000000274e+03	1.843832020623423218e-04
2.037464910000000373e+03	1.690984713864016054e-04
2.037495050000000447e+03	1.588136462097392010e-04
2.037525180000000319e+03	1.485289155337965461e-04
2.037555310000000418e+03	1.482441848578569532e-04
2.037585450000000264e+03	1.579593596811937339e-04
2.037615580000000364e+03	1.776746290052533261e-04
2.037645720000000438e+03	1.973898038286001078e-04
2.037675850000000310e+03	2.171050731526458222e-04
2.037705980000000409e+03	2.218203424767042908e-04
2.037736120000000255e+03	2.115355173000557643e-04
2.037766250000000355e+03	1.962507866241011700e-04
2.037796380000000454e+03	1.759660559481762698e-04
2.037826520000000301e+03	1.606812307715088650e-04
2.037856650000000400e+03	1.653965000955534559e-04
2.037886790000000246e+03	1.851116749189071764e-04
2.037916920000000346e+03	2.148269442429628917e-04
2.037947050000000445e+03	2.445422135670255459e-04
2.037977190000000292e+03	2.592573883903603882e-04
2.038007320000000391e+03	2.589726577144207953e-04
2.038037450000000263e+03	2.436879270384800789e-04
2.038067590000000337e+03	2.184031018618096120e-04
2.038097720000000436e+03	1.981183711858708341e-04
2.038127860000000283e+03	1.878335460092084297e-04
2.038157990000000382e+03	2.025488153332699603e-04
2.038188120000000254e+03	2.222640846573295526e-04
2.038218260000000328e+03	2.419792594806624564e-04
2.038248390000000427e+03	2.466945288047209250e-04
2.038278530000000274e+03	2.264097036280693365e-04
2.038308660000000373e+03	1.961249729521136187e-04
2.038338790000000245e+03	1.558402422761756556e-04
2.038368930000000319e+03	1.305554170995260055e-04
2.038399060000000418e+03	1.252706864235675344e-04
2.038429190000000290e+03	1.449859557476479432e-04
2.038459330000000364e+03	1.897011305709780937e-04
2.038489460000000463e+03	2.344163998950279937e-04
2.038519600000000310e+03	2.691315747183758988e-04
2.038549730000000409e+03	2.838468440424304906e-04
2.038579860000000281e+03	2.635621133664917126e-04
2.038610000000000355e+03	2.282772881898251227e-04
2.038640130000000454e+03	1.829925575138890981e-04
2.038670270000000301e+03	1.427077323372244466e-04
2.038700400000000400e+03	1.174230016612806682e-04
2.038730530000000272e+03	1.121382709853430137e-04
2.038760670000000346e+03	1.168534458086747940e-04
2.038790800000000445e+03	1.265687151327382631e-04
2.038820930000000317e+03	1.362839844567947933e-04
2.038851070000000391e+03	1.459991592801315741e-04
2.038881200000000263e+03	1.457144286041919812e-04
2.038911340000000337e+03	1.454296034275395777e-04
2.038941470000000436e+03	1.451448727515861070e-04
2.038971600000000308e+03	1.448601420756465141e-04
2.039001740000000382e+03	1.445753168989941106e-04
2.039031870000000254e+03	1.442905862230406400e-04
2.039062000000000353e+03	1.440058555471010471e-04
2.039092140000000427e+03	1.387210303704505820e-04
2.039122270000000299e+03	1.384362996944971114e-04
2.039152410000000373e+03	1.431514745178427694e-04
2.039182540000000245e+03	1.478667438419012381e-04
2.039212670000000344e+03	1.625820131659488910e-04
2.039242810000000418e+03	1.772971879892976110e-04
2.039272940000000290e+03	1.920124573133591417e-04
2.039303080000000364e+03	2.017276321366889835e-04
2.039333210000000463e+03	2.064429014607474522e-04
2.039363340000000335e+03	2.061581707848078593e-04
2.039393480000000409e+03	2.008733456081435165e-04
2.039423610000000281e+03	1.955886149322058620e-04
2.039453740000000380e+03	1.903038842562682076e-04
2.039483880000000454e+03	1.950190590795999879e-04
2.039514010000000326e+03	2.047343284036565181e-04
2.039544150000000400e+03	2.144495032269932988e-04
2.039574280000000272e+03	2.141647725510537059e-04
2.039604410000000371e+03	2.038800418751110510e-04
2.039634550000000445e+03	1.735952166984494616e-04
2.039664680000000317e+03	1.383104860225095600e-04
2.039694820000000391e+03	9.802566084584490858e-05
2.039724950000000263e+03	6.774093016991694638e-05
2.039755080000000362e+03	6.245619949396541415e-05
2.039785220000000436e+03	7.717137431730025643e-05
2.039815350000000308e+03	1.118866436413679111e-04
2.039845480000000407e+03	1.516019129654197495e-04
2.039875620000000254e+03	1.813170877887626542e-04
2.039905750000000353e+03	1.910323571128261233e-04
2.039935890000000427e+03	1.757475319361587185e-04
2.039966020000000299e+03	1.404628012602188170e-04
2.039996150000000398e+03	1.101780705842769770e-04
2.040026290000000245e+03	8.989324540761151061e-05
2.040056420000000344e+03	9.460851473167691816e-05
2.040086550000000443e+03	1.143237840557365104e-04
2.040116690000000290e+03	1.490389588790705377e-04
2.040146820000000389e+03	1.837542282031312535e-04
2.040176960000000463e+03	2.084694030264622189e-04
2.040207090000000335e+03	2.181846723505256880e-04
2.040237220000000434e+03	2.228999416745841566e-04
2.040267360000000281e+03	2.276151164979159369e-04
2.040297490000000380e+03	2.373303858219794060e-04
2.040327630000000454e+03	2.470455606453092479e-04
2.040357760000000326e+03	2.517608299693885332e-04
2.040387890000000425e+03	2.464760992934300621e-04
2.040418030000000272e+03	2.211912741167665342e-04
2.040448160000000371e+03	1.859065434408405104e-04
2.040478290000000243e+03	1.506218127648867311e-04
2.040508430000000317e+03	1.253369875882370810e-04
2.040538560000000416e+03	1.250522569122974881e-04
2.040568700000000263e+03	1.497674317356284535e-04
2.040598830000000362e+03	1.894827010596872308e-04
2.040628960000000461e+03	2.291979703837460081e-04
2.040659100000000308e+03	2.539131452070839123e-04
2.040689230000000407e+03	2.536284145311443194e-04
2.040719360000000279e+03	2.333436838552055415e-04
2.040749500000000353e+03	1.980588586785389515e-04
2.040779630000000452e+03	1.577741280026009885e-04
2.040809770000000299e+03	1.124893028259313366e-04
2.040839900000000398e+03	8.220457214998949658e-05
2.040870030000000270e+03	5.691984147405265704e-05
2.040900170000000344e+03	4.663501629738331378e-05
2.040930300000000443e+03	4.135028562144565933e-05
2.040960440000000290e+03	5.106546044478244006e-05
2.040990570000000389e+03	7.578072976884009382e-05
2.041020700000000261e+03	1.054959990929027480e-04
2.041050840000000335e+03	1.452111739162348369e-04
2.041080970000000434e+03	1.749264432402974911e-04
2.041111100000000306e+03	1.896417125643520829e-04
2.041141240000000380e+03	1.893568873876858016e-04
2.041171370000000252e+03	1.640721567117628399e-04
2.041201510000000326e+03	1.287873315350962500e-04
2.041231640000000425e+03	9.850260085914053221e-05
2.041261770000000297e+03	8.321787018322063245e-05
2.041291910000000371e+03	8.293304500655435119e-05
2.041322040000000243e+03	9.764831433060894295e-05
2.041352180000000317e+03	1.173634891539487857e-04
2.041382310000000416e+03	1.320787584780033774e-04
2.041412440000000288e+03	1.417940278020668465e-04
2.041442580000000362e+03	1.365092026254025037e-04
2.041472710000000461e+03	1.312244719494579104e-04
2.041502840000000333e+03	1.259397412735202559e-04
2.041532980000000407e+03	1.256549160968539747e-04
2.041563110000000279e+03	1.353701854209174438e-04
2.041593250000000353e+03	1.450853602442472856e-04
2.041623380000000452e+03	1.548006295683107547e-04
2.041653510000000324e+03	1.495158988923731003e-04
2.041683650000000398e+03	1.342310737157056955e-04
2.041713780000000270e+03	1.039463430397777333e-04
2.041743910000000369e+03	6.866161236382395394e-05
2.041774050000000443e+03	4.337678718716042603e-05
2.041804180000000315e+03	3.309205651123164893e-05
2.041834320000000389e+03	3.780723133456342921e-05
2.041864450000000261e+03	6.252250065862802186e-05
2.041894580000000360e+03	1.022377699826867992e-04
2.041924720000000434e+03	1.419529448060188881e-04
2.041954850000000306e+03	1.766682141300796038e-04
2.041984990000000380e+03	1.963833889534125077e-04
2.042015120000000252e+03	2.010986582774779152e-04
2.042045250000000351e+03	1.858139276015371988e-04
2.042075390000000425e+03	1.605291024248667320e-04
2.042105520000000297e+03	1.352443717489298924e-04
2.042135650000000396e+03	1.149596410729911145e-04
2.042165790000000243e+03	9.967481589632370964e-05
2.042195920000000342e+03	1.043900852203821783e-04
2.042226060000000416e+03	1.241052600437150821e-04
2.042256190000000288e+03	1.538205293677777363e-04
2.042286320000000387e+03	1.885357986918384521e-04
2.042316460000000461e+03	2.232509735151724795e-04
2.042346590000000333e+03	2.529662428392351337e-04
2.042376720000000432e+03	2.676815121632966643e-04
2.042406860000000279e+03	2.723966869866284446e-04
2.042436990000000378e+03	2.571119563106877282e-04
2.042467130000000452e+03	2.318271311340380780e-04
2.042497260000000324e+03	1.965424004580842987e-04
2.042527390000000423e+03	1.612576697821443972e-04
2.042557530000000270e+03	1.359728446054878082e-04
2.042587660000000369e+03	1.356881139295343375e-04
2.042617800000000443e+03	1.504032887528830575e-04
2.042647930000000315e+03	1.851185580769437733e-04
2.042678060000000414e+03	2.198338274009906113e-04
2.042708200000000261e+03	2.495490022243404549e-04
2.042738330000000360e+03	2.542642715483989235e-04
2.042768460000000459e+03	2.389795408724582071e-04
2.042798600000000306e+03	1.986947156957935556e-04
2.042828730000000405e+03	1.534099850198505921e-04
2.042858870000000252e+03	1.231251598431890026e-04
2.042889000000000351e+03	1.078404291672482862e-04
2.042919130000000450e+03	1.225556984913098169e-04
2.042949270000000297e+03	1.472708733146407822e-04
2.042979400000000396e+03	1.719861426386984360e-04
2.043009540000000243e+03	1.867013174620471561e-04
2.043039670000000342e+03	1.764165867860975623e-04
2.043069800000000441e+03	1.561318561101587843e-04
2.043099940000000288e+03	1.258470309335041337e-04
2.043130070000000387e+03	1.105623002575495395e-04
2.043160200000000259e+03	1.102775695816238244e-04
2.043190340000000333e+03	1.349927444049547898e-04
2.043220470000000432e+03	1.747080137290135671e-04
2.043250610000000279e+03	2.094231885523545333e-04
2.043280740000000378e+03	2.291384578764141255e-04
2.043310870000000250e+03	2.288537272004745327e-04
2.043341010000000324e+03	1.985689020238060043e-04
2.043371140000000423e+03	1.632841713478661028e-04
2.043401270000000295e+03	1.329994406719312017e-04
2.043431410000000369e+03	1.227146154952618584e-04
2.043461540000000468e+03	1.274298848193203271e-04
2.043491680000000315e+03	1.421450596426551694e-04
2.043521810000000414e+03	1.618603289667147616e-04
2.043551940000000286e+03	1.665755982907732302e-04
2.043582080000000360e+03	1.512907731141127643e-04
2.043612210000000459e+03	1.210060424381709243e-04
2.043642350000000306e+03	8.072121726150627286e-05
2.043672480000000405e+03	5.043648658556443287e-05
2.043702610000000277e+03	3.515175590962371643e-05
2.043732750000000351e+03	3.986693073296937451e-05
2.043762880000000450e+03	6.458220005702008937e-05
2.043793010000000322e+03	9.429746938108274357e-05
2.043823150000000396e+03	1.190126442044206478e-04
2.043853280000000268e+03	1.287279135284841169e-04
2.043883420000000342e+03	1.184430883518217126e-04
2.043913550000000441e+03	9.815835767587599570e-05
2.043943680000000313e+03	7.787362699993721771e-05
2.043973820000000387e+03	6.758880182327481334e-05
2.044003950000000259e+03	7.730407114733828244e-05
2.044034090000000333e+03	1.020192459706692478e-04
2.044064220000000432e+03	1.467345152947330256e-04
2.044094350000000304e+03	1.864497846187918029e-04
2.044124490000000378e+03	2.211649594421258302e-04
2.044154620000000250e+03	2.358802287661873609e-04
2.044184750000000349e+03	2.255954980902447060e-04
2.044214890000000423e+03	2.003106729135811781e-04
2.044245020000000295e+03	1.650259422376412766e-04
2.044275160000000369e+03	1.297411170609746867e-04
2.044305290000000468e+03	1.094563863850359087e-04
2.044335420000000340e+03	9.917165570909325378e-05
2.044365560000000414e+03	1.038868305324250341e-04
2.044395690000000286e+03	1.136020998564885032e-04
2.044425820000000385e+03	1.283173691805500338e-04
2.044455960000000459e+03	1.430325440038848761e-04
2.044486090000000331e+03	1.627478133279444683e-04
2.044516230000000405e+03	1.874629881512823726e-04
2.044546360000000277e+03	2.171782574753450268e-04
2.044576490000000376e+03	2.518935267994057425e-04
2.044606630000000450e+03	2.766087016227367079e-04
2.044636760000000322e+03	2.863239709468001770e-04
2.044666900000000396e+03	2.660391457701416495e-04
2.044697030000000268e+03	2.207544150941986860e-04
2.044727160000000367e+03	1.604696844182615378e-04
2.044757300000000441e+03	1.051848592415957628e-04
2.044787430000000313e+03	6.990012856565586130e-05
2.044817560000000412e+03	6.461539788971126796e-05
2.044847700000000259e+03	8.933057271304917224e-05
2.044877830000000358e+03	1.290458420371079495e-04
2.044907970000000432e+03	1.637610168604419769e-04
2.044938100000000304e+03	1.834762861845015691e-04
2.044968230000000403e+03	1.831915555085619762e-04
2.044998370000000250e+03	1.579067303318984483e-04
2.045028500000000349e+03	1.326219996559546699e-04
2.045058630000000448e+03	1.123372689800158919e-04
2.045088770000000295e+03	1.120524438033565495e-04
2.045118900000000394e+03	1.317677131274092028e-04
2.045149040000000468e+03	1.564828879507540460e-04
2.045179170000000340e+03	1.761981572748136382e-04
2.045209300000000439e+03	1.859134265988632295e-04
2.045239440000000286e+03	1.756286014222147029e-04
2.045269570000000385e+03	1.603438707462670476e-04
2.045299710000000459e+03	1.450590455696065817e-04
2.045329840000000331e+03	1.347743148936708657e-04
2.045359970000000430e+03	1.344895842177243339e-04
2.045390110000000277e+03	1.392047590410630531e-04
2.045420240000000376e+03	1.439200283651215218e-04
2.045450370000000248e+03	1.436352976891819289e-04
2.045480510000000322e+03	1.383504725125175860e-04
2.045510640000000421e+03	1.280657418365749312e-04
2.045540780000000268e+03	1.127809166599144652e-04
2.045570910000000367e+03	1.024961859839718104e-04
2.045601040000000467e+03	9.221145530802915546e-05
2.045631180000000313e+03	8.692663013136481265e-05
2.045661310000000412e+03	8.164189945542715821e-05
2.045691450000000259e+03	8.135707427876781583e-05
2.045721580000000358e+03	8.607234360281934560e-05
2.045751710000000458e+03	1.007876129268808763e-04
2.045781850000000304e+03	1.305027877502237810e-04
2.045811980000000403e+03	1.702180570742756194e-04
2.045842110000000275e+03	2.099333263983343967e-04
2.045872250000000349e+03	2.346485012216792398e-04
2.045902380000000448e+03	2.393637705457377085e-04
2.045932520000000295e+03	2.190789453690791810e-04
2.045962650000000394e+03	1.737942146931292786e-04
2.045992780000000266e+03	1.135094840171921304e-04
2.046022920000000340e+03	6.322465884053135587e-05
2.046053050000000439e+03	2.793992816459145434e-05
2.046083180000000311e+03	2.265519748865379990e-05
2.046113320000000385e+03	4.237037231198670373e-05
2.046143450000000257e+03	7.208564163604935793e-05
2.046173590000000331e+03	1.068008164593833853e-04
2.046203720000000430e+03	1.415160857834371622e-04
2.046233850000000302e+03	1.662313551075017548e-04
2.046263990000000376e+03	1.859465299308346586e-04
2.046294120000000248e+03	2.006617992548961893e-04
2.046324260000000322e+03	2.153769740782310316e-04
2.046354390000000421e+03	2.300922434022925622e-04
2.046384520000000293e+03	2.298075127263529693e-04
2.046414660000000367e+03	2.195226875496836261e-04
2.046444790000000467e+03	1.942379568737467865e-04
2.046474920000000338e+03	1.639532261978049466e-04
2.046505060000000412e+03	1.286684010211452955e-04
2.046535190000000284e+03	1.033836703452084560e-04
2.046565330000000358e+03	9.309884516853911274e-05
2.046595460000000458e+03	1.028141144926025818e-04
2.046625590000000329e+03	1.325293838166582971e-04
2.046655730000000403e+03	1.622445586400012019e-04
2.046685860000000275e+03	1.919598279640638561e-04
2.046715990000000374e+03	2.166750972881145709e-04
2.046746130000000448e+03	2.263902721114582905e-04
2.046776260000000320e+03	2.311055414355167592e-04
2.046806400000000394e+03	2.258207162588524164e-04
2.046836530000000266e+03	2.255359855829128235e-04
2.046866660000000365e+03	2.202512549069682302e-04
2.046896800000000439e+03	2.099664297303058258e-04
2.046926930000000311e+03	1.946816990543651094e-04
2.046957070000000385e+03	1.743968738776996430e-04
2.046987200000000257e+03	1.491121432017558646e-04
2.047017330000000356e+03	1.288274125258170866e-04
2.047047470000000430e+03	1.135425873491496818e-04
2.047077600000000302e+03	1.132578566732100889e-04
2.047107730000000402e+03	1.179731259972754964e-04
2.047137870000000248e+03	1.326883008206103387e-04
2.047168000000000347e+03	1.524035701446699309e-04
2.047198140000000421e+03	1.671187449680047732e-04
2.047228270000000293e+03	1.718340142920701807e-04
2.047258400000000393e+03	1.665492836161186485e-04
2.047288540000000467e+03	1.562644584394631830e-04
2.047318670000000338e+03	1.359797277635244050e-04
2.047348810000000412e+03	1.206949025868639391e-04
2.047378940000000284e+03	1.054101719109232227e-04
2.047409070000000384e+03	1.001254412349786294e-04
2.047439210000000458e+03	1.098406160583154101e-04
2.047469340000000329e+03	1.345558853823800027e-04
2.047499470000000429e+03	1.642711547064357180e-04
2.047529610000000275e+03	1.939863295297716839e-04
2.047559740000000374e+03	2.087015988538332145e-04
2.047589880000000448e+03	1.984167736771638713e-04
2.047620010000000320e+03	1.681320430012289702e-04
2.047650140000000420e+03	1.178473123252879451e-04
2.047680280000000266e+03	6.756248714862023164e-05
2.047710410000000365e+03	3.227775647268033010e-05
2.047740540000000465e+03	2.199302579674461411e-05
2.047770680000000311e+03	4.170820062007751794e-05
2.047800810000000411e+03	7.642346994413823369e-05
2.047830950000000257e+03	1.161386447674772615e-04
2.047861080000000356e+03	1.458539140915329768e-04
2.047891210000000228e+03	1.505691834155983844e-04
2.047921350000000530e+03	1.402843582389290411e-04
2.047951480000000174e+03	1.099996275629941400e-04
2.047981620000000476e+03	8.471480238632367321e-05
2.048011750000000575e+03	6.443007171038489522e-05
2.048041880000000219e+03	6.414534103445224122e-05
2.048072020000000521e+03	6.886051585778402151e-05
2.048102150000000165e+03	7.857578518184749061e-05
2.048132280000000264e+03	8.829105450591095972e-05
2.048162420000000566e+03	8.800622932924467845e-05
2.048192550000000210e+03	8.272149865330008511e-05
2.048222690000000512e+03	7.243667347663768075e-05
2.048252820000000156e+03	6.715194280069308741e-05
2.048282950000000255e+03	7.186721212475849496e-05
2.048313090000000557e+03	8.158238694808833680e-05
2.048343220000000201e+03	1.012976562721479290e-04
2.048373360000000503e+03	1.160128310954827713e-04
2.048403490000000147e+03	1.357281004195423635e-04
2.048433620000000246e+03	1.454433697436058326e-04
2.048463760000000548e+03	1.551585445669356744e-04
2.048493890000000192e+03	1.598738138910080209e-04
2.048524020000000291e+03	1.645890832150595506e-04
2.048554160000000138e+03	1.643042580384002083e-04
2.048584290000000237e+03	1.540195273624575534e-04
2.048614430000000539e+03	1.387347021857970875e-04
2.048644560000000183e+03	1.184499715098583095e-04
2.048674690000000282e+03	9.316524083391453104e-05
2.048704830000000129e+03	7.788041565725406512e-05
2.048734960000000228e+03	7.259568498131641068e-05
2.048765090000000328e+03	8.231095430537294089e-05
2.048795230000000174e+03	1.070261291287108452e-04
2.048825360000000273e+03	1.417413984527715609e-04
2.048855500000000575e+03	1.714565732761075267e-04
2.048885630000000219e+03	1.911718426001671189e-04
2.048915760000000319e+03	1.908871119242275260e-04
2.048945900000000165e+03	1.706022867475620597e-04
2.048976030000000264e+03	1.453175560716182813e-04
2.049006170000000566e+03	1.150327308949497529e-04
2.049036300000000210e+03	9.474800021901097491e-05
2.049066430000000310e+03	9.446326954307138202e-05
2.049096570000000156e+03	1.141784443664112247e-04
2.049126700000000255e+03	1.488937136904650016e-04
2.049156830000000355e+03	1.836089830145257173e-04
2.049186970000000201e+03	2.133241578378686221e-04
2.049217100000000300e+03	2.330394271619212754e-04
2.049247240000000147e+03	2.327546019852688719e-04
2.049277370000000246e+03	2.224698713093262170e-04
2.049307500000000346e+03	2.021851406333874390e-04
2.049337640000000192e+03	1.869003154567269731e-04
2.049367770000000291e+03	1.666155847807812562e-04
2.049397900000000391e+03	1.513308541048405398e-04
2.049428040000000237e+03	1.310460289281820123e-04
2.049458170000000337e+03	1.157612982522412959e-04
2.049488310000000183e+03	1.054764730755719526e-04
2.049518440000000282e+03	1.001917423996342982e-04
2.049548570000000382e+03	1.099070117236908284e-04
2.049578710000000228e+03	1.346221865470287327e-04
2.049608840000000328e+03	1.593374558710863864e-04
2.049638980000000174e+03	1.790526306944192902e-04
2.049669110000000273e+03	1.887679000184827594e-04
2.049699240000000373e+03	1.784831693425401045e-04
2.049729380000000219e+03	1.481983441658785150e-04
2.049759510000000319e+03	1.129136134899386135e-04
2.049789640000000418e+03	8.262888281399677348e-05
2.049819780000000264e+03	6.234405763733130712e-05
2.049849910000000364e+03	5.705932696139365268e-05
2.049880050000000210e+03	6.177450178473237186e-05
2.049910180000000310e+03	7.148977110879584096e-05
2.049940310000000409e+03	7.620504043284737072e-05
2.049970450000000255e+03	7.092021525619690570e-05
2.050000580000000355e+03	6.563548458024537346e-05
2.050030720000000201e+03	6.535065940358603109e-05
2.050060850000000300e+03	7.006592872765143865e-05
2.050090980000000400e+03	8.978119805170409196e-05
2.050121120000000246e+03	1.144963728750419962e-04
2.050151250000000346e+03	1.442116421991046504e-04
2.050181380000000445e+03	1.589269115231592422e-04
2.050211520000000291e+03	1.686420863464960229e-04
2.050241650000000391e+03	1.633573556705583685e-04
2.050271790000000237e+03	1.530725304938890252e-04
2.050301920000000337e+03	1.427877998179533092e-04
2.050332050000000436e+03	1.275030691420125928e-04
2.050362190000000282e+03	1.122182439653451880e-04
2.050392320000000382e+03	9.193351328940640999e-05
2.050422450000000481e+03	7.664878261346569355e-05
2.050452590000000328e+03	6.136395743679828874e-05
2.050482720000000427e+03	5.107922676086257274e-05
2.050512860000000273e+03	6.079440158419935347e-05
2.050542990000000373e+03	8.550967090825700723e-05
2.050573120000000472e+03	1.152249402323127225e-04
2.050603260000000319e+03	1.449401150556556273e-04
2.050633390000000418e+03	1.646553843797082806e-04
2.050663530000000264e+03	1.643705592030558771e-04
2.050693660000000364e+03	1.490858285271082218e-04
2.050723790000000463e+03	1.188010978511733207e-04
2.050753930000000310e+03	9.351627267450979275e-05
2.050784060000000409e+03	7.823154199856213742e-05
2.050814190000000508e+03	8.794681132262560652e-05
2.050844330000000355e+03	1.076619861459654492e-04
2.050874460000000454e+03	1.323772554700231030e-04
2.050904600000000300e+03	1.570924302933610073e-04
2.050934730000000400e+03	1.618076996174194759e-04
2.050964860000000499e+03	1.565229689414818215e-04
2.050995000000000346e+03	1.412381437648144167e-04
2.051025130000000445e+03	1.259534130888737002e-04
2.051055260000000544e+03	1.106686824129329838e-04
2.051085400000000391e+03	1.003838572362705794e-04
2.051115530000000490e+03	1.000991265603309865e-04
2.051145670000000337e+03	1.098143013836608284e-04
2.051175800000000436e+03	1.195295707077242975e-04
2.051205930000000535e+03	1.292448400317808277e-04
2.051236070000000382e+03	1.389600148551245473e-04
2.051266200000000481e+03	1.436752841791760771e-04
2.051296340000000328e+03	1.533904590025197967e-04
2.051326470000000427e+03	1.581057283265782654e-04
2.051356600000000526e+03	1.628209976506297951e-04
2.051386740000000373e+03	1.625361724739773917e-04
2.051416870000000472e+03	1.572514417980327983e-04
2.051447000000000571e+03	1.519667111220882050e-04
2.051477140000000418e+03	1.516818859454358015e-04
2.051507270000000517e+03	1.463971552694912082e-04
2.051537410000000364e+03	1.511123300928299273e-04
2.051567540000000463e+03	1.608275994168864576e-04
2.051597670000000562e+03	1.705428687409429878e-04
2.051627810000000409e+03	1.752580435642817069e-04
2.051657940000000508e+03	1.749733128883421140e-04
2.051688080000000355e+03	1.646884877116797097e-04
2.051718210000000454e+03	1.444037570357409317e-04
2.051748340000000553e+03	1.141190263597990917e-04
2.051778480000000400e+03	7.883420118313250180e-05
2.051808610000000499e+03	5.354947050719566226e-05
2.051838740000000143e+03	4.326473983125300737e-05
2.051868880000000445e+03	5.297991465458978810e-05
2.051899010000000544e+03	8.269518397864550341e-05
2.051929150000000391e+03	1.174103588019864697e-04
2.051959280000000490e+03	1.521256281260402465e-04
2.051989410000000134e+03	1.718408974501067776e-04
2.052019550000000436e+03	1.715560722734404964e-04
2.052049680000000535e+03	1.562713415974928410e-04
2.052079810000000180e+03	1.259866109215648788e-04
2.052109950000000481e+03	1.007017857448944120e-04
2.052140080000000580e+03	7.541705506895757249e-05
2.052170220000000427e+03	6.513222989229516813e-05
2.052200350000000526e+03	6.984749921636057568e-05
2.052230480000000171e+03	7.956276854041710589e-05
2.052260620000000472e+03	9.427794336375194817e-05
2.052290750000000571e+03	1.039932126878154173e-04
2.052320890000000418e+03	1.137083875111452591e-04
2.052351020000000517e+03	1.234236568352087282e-04
2.052381150000000162e+03	1.231389261592691353e-04
2.052411290000000463e+03	1.278541009826009156e-04
2.052441420000000562e+03	1.325693703066593843e-04
2.052471550000000207e+03	1.322846396307197914e-04
2.052501690000000508e+03	1.269998144540554486e-04
2.052531820000000153e+03	1.167150837781127937e-04
2.052561960000000454e+03	1.064302586014503893e-04
2.052592090000000553e+03	1.011455279255127349e-04
2.052622220000000198e+03	1.008607972495731420e-04
2.052652360000000499e+03	1.055759720729118611e-04
2.052682490000000143e+03	1.202912413969733918e-04
2.052712630000000445e+03	1.300064162203032336e-04
2.052742760000000544e+03	1.347216855443686412e-04
2.052772890000000189e+03	1.244369548684259863e-04
2.052803030000000490e+03	1.091521296917655204e-04
2.052833160000000134e+03	7.886739901582368040e-05
2.052863290000000234e+03	4.858266833988877931e-05
2.052893430000000535e+03	1.829784316322025095e-05
2.052923560000000180e+03	8.013112487284534957e-06
2.052953700000000481e+03	1.272828731061631524e-05
2.052983830000000580e+03	3.244355663467590745e-05
2.053013960000000225e+03	7.215882595873468475e-05
2.053044100000000526e+03	1.168740007820717741e-04
2.053074230000000171e+03	1.565892701061305514e-04
2.053104360000000270e+03	1.863045394301932056e-04
2.053134500000000571e+03	1.960197142535230475e-04
2.053164630000000216e+03	1.807349835775823310e-04
2.053194770000000517e+03	1.454501584009157411e-04
2.053224900000000162e+03	1.051654277249847169e-04
2.053255030000000261e+03	6.988069704903787649e-05
2.053285170000000562e+03	4.459587187237434858e-05
2.053315300000000207e+03	4.431114119644169458e-05
2.053345440000000508e+03	5.402631601977153641e-05
2.053375570000000153e+03	7.874158534384306796e-05
2.053405700000000252e+03	1.084568546678918444e-04
2.053435840000000553e+03	1.331720294912297486e-04
2.053465970000000198e+03	1.528872988152962797e-04
2.053496100000000297e+03	1.626025681393528100e-04
2.053526240000000143e+03	1.723177429626895907e-04
2.053556370000000243e+03	1.770330122867480593e-04
2.053586510000000544e+03	1.767481871100817781e-04
2.053616640000000189e+03	1.664634564341460621e-04
2.053646770000000288e+03	1.511787257582053456e-04
2.053676910000000134e+03	1.308939005815398793e-04
2.053707040000000234e+03	1.056091699055961008e-04
2.053737170000000333e+03	8.532443922965732286e-05
2.053767310000000180e+03	7.503961405299491849e-05
2.053797440000000279e+03	8.475488337705144870e-05
2.053827580000000580e+03	1.044700582003843525e-04
2.053857710000000225e+03	1.391853275244450683e-04
2.053887840000000324e+03	1.689005968485077225e-04
2.053917980000000171e+03	1.836157716718495037e-04
2.053948110000000270e+03	1.833310409959029719e-04
2.053978250000000571e+03	1.630462158192375055e-04
2.054008380000000216e+03	1.377614851433006660e-04
2.054038510000000315e+03	1.174767544673618880e-04
2.054068650000000162e+03	1.071919292907064225e-04
2.054098780000000261e+03	1.119071986147579523e-04
2.054128910000000360e+03	1.266224679388194829e-04
2.054159050000000207e+03	1.413376427621612641e-04
2.054189180000000306e+03	1.510529120862177943e-04
2.054219320000000153e+03	1.457680869095534515e-04
2.054249450000000252e+03	1.404833562336157970e-04
2.054279580000000351e+03	1.251986255576750806e-04
2.054309720000000198e+03	1.149138003810057373e-04
2.054339850000000297e+03	1.146290697050661445e-04
2.054369990000000143e+03	1.143442445283998632e-04
2.054400120000000243e+03	1.190595138524652707e-04
2.054430250000000342e+03	1.187747831765256779e-04
2.054460390000000189e+03	1.134899579998543961e-04
2.054490520000000288e+03	9.820522732391367970e-05
2.054520650000000387e+03	8.792049664797796371e-05
2.054550790000000234e+03	7.263567147131055890e-05
2.054580920000000333e+03	6.735094079537290446e-05
2.054611060000000180e+03	6.706611561871356209e-05
2.054641190000000279e+03	7.678138494277009229e-05
2.054671320000000378e+03	8.649665426682662250e-05
2.054701460000000225e+03	9.621182909016340323e-05
2.054731590000000324e+03	1.109270984142249339e-04
2.054761720000000423e+03	1.256423677382795256e-04
2.054791860000000270e+03	1.403575425616282457e-04
2.054821990000000369e+03	1.500728118856847759e-04
2.054852130000000216e+03	1.547879867090234951e-04
2.054882260000000315e+03	1.445032560330808402e-04
2.054912390000000414e+03	1.242185253571351233e-04
2.054942530000000261e+03	8.893370018047547232e-05
2.054972660000000360e+03	5.364896950453557078e-05
2.055002800000000207e+03	2.836414432787204287e-05
2.055032930000000306e+03	1.807941365192938799e-05
2.055063060000000405e+03	2.779468297599285709e-05
2.055093200000000252e+03	5.750985779932188402e-05
2.055123330000000351e+03	1.022251271233856618e-04
2.055153460000000450e+03	1.419403964474444391e-04
2.055183600000000297e+03	1.666555712707823433e-04
2.055213730000000396e+03	1.713708405948408120e-04
2.055243870000000243e+03	1.560860154181803461e-04
2.055274000000000342e+03	1.358012847422346292e-04
2.055304130000000441e+03	1.105165540662977897e-04
2.055334270000000288e+03	9.523172888963732374e-05
2.055364400000000387e+03	8.994699821368579151e-05
2.055394540000000234e+03	9.966217303703645003e-05
2.055424670000000333e+03	1.093774423610929802e-04
2.055454800000000432e+03	1.290927116851525724e-04
2.055484940000000279e+03	1.388078865084893532e-04
2.055515070000000378e+03	1.485231558325458834e-04
2.055545200000000477e+03	1.582384251566024136e-04
2.055575340000000324e+03	1.629535999799480717e-04
2.055605470000000423e+03	1.726688693040046019e-04
2.055635610000000270e+03	1.823840441273413826e-04
2.055665740000000369e+03	1.920993134513979128e-04
2.055695870000000468e+03	1.968145827754633204e-04
2.055726010000000315e+03	1.915297575987920387e-04
2.055756140000000414e+03	1.762450269228513222e-04
2.055786270000000513e+03	1.559602962469125442e-04
2.055816410000000360e+03	1.306754710702490163e-04
2.055846540000000459e+03	1.103907403943102383e-04
2.055876680000000306e+03	9.510591521764283351e-05
2.055906810000000405e+03	8.982118454170517907e-05
2.055936940000000504e+03	8.953645386576558618e-05
2.055967080000000351e+03	8.925162868909930491e-05
2.055997210000000450e+03	9.396689801315777357e-05
2.056027350000000297e+03	9.868207283649649275e-05
2.056057480000000396e+03	1.083973421605599619e-04
2.056087610000000495e+03	1.231126114846145536e-04
2.056117750000000342e+03	1.428277863079543963e-04
2.056147880000000441e+03	1.725430556320101116e-04
2.056178010000000540e+03	1.972583249560677654e-04
2.056208150000000387e+03	2.169734997794145470e-04
2.056238280000000486e+03	2.166887691034680152e-04
2.056268420000000333e+03	1.964039439268094878e-04
2.056298550000000432e+03	1.511192132508665242e-04
2.056328680000000531e+03	1.008344825749254992e-04
2.056358820000000378e+03	5.054965739826472459e-05
2.056388950000000477e+03	2.026492672232288461e-05
2.056419080000000577e+03	1.498019604638523017e-05
2.056449220000000423e+03	3.969537086971619555e-05
2.056479350000000522e+03	8.941064019377803485e-05
2.056509490000000369e+03	1.441258150171112473e-04
2.056539620000000468e+03	1.888410843411750251e-04
2.056569750000000568e+03	2.085563536652346173e-04
2.056599890000000414e+03	2.032715284885633356e-04
2.056630020000000513e+03	1.729867978126284345e-04
2.056660160000000360e+03	1.277019726359657215e-04
2.056690290000000459e+03	8.241724196002275793e-05
2.056720420000000559e+03	4.713251128408285640e-05
2.056750560000000405e+03	2.684768610742432893e-05
2.056780690000000504e+03	2.656295543147779714e-05
2.056810820000000149e+03	4.627822475554432824e-05
2.056840960000000450e+03	7.099339957887529362e-05
2.056871090000000549e+03	9.070866890293488582e-05
2.056901230000000396e+03	1.104238437262747285e-04
2.056931360000000495e+03	1.151391130503331972e-04
2.056961490000000140e+03	1.098543823743955428e-04
2.056991630000000441e+03	8.956955719773007640e-05
2.057021760000000540e+03	6.428482652179323686e-05
2.057051900000000387e+03	4.400000134512777050e-05
2.057082030000000486e+03	2.871527066918705406e-05
2.057112160000000131e+03	2.843053999324746117e-05
2.057142300000000432e+03	3.814571481657730301e-05
2.057172430000000531e+03	5.286098414063883366e-05
2.057202560000000176e+03	6.757625346470036432e-05
2.057232700000000477e+03	7.729142828803714504e-05
2.057262830000000577e+03	7.700669761209755215e-05
2.057292970000000423e+03	7.172187243542627044e-05
2.057323100000000522e+03	6.643714175948861600e-05
2.057353230000000167e+03	7.615241108355208510e-05
2.057383370000000468e+03	9.086758590689386628e-05
2.057413500000000568e+03	1.205828552309426427e-04
2.057443630000000212e+03	1.452981245550141742e-04
2.057473770000000513e+03	1.600132993783420776e-04
2.057503900000000158e+03	1.547285687024044232e-04
2.057534040000000459e+03	1.244437435257497726e-04
2.057564170000000559e+03	8.415901284979793173e-05
2.057594300000000203e+03	3.887428217386884599e-05
2.057624440000000504e+03	8.589456997200317634e-06
2.057654570000000149e+03	8.304726321260724742e-06
2.057684710000000450e+03	2.801990114459362857e-05
2.057714840000000549e+03	6.273517046865434432e-05
2.057744970000000194e+03	1.074504397927181221e-04
2.057775110000000495e+03	1.371656146160471490e-04
2.057805240000000140e+03	1.568808839401067412e-04
2.057835370000000239e+03	1.615961532641721488e-04
2.057865510000000540e+03	1.513113280875028055e-04
2.057895640000000185e+03	1.460265974115651511e-04
2.057925780000000486e+03	1.407417722349008082e-04
2.057955910000000131e+03	1.354570415589562149e-04
2.057986040000000230e+03	1.401723108830216225e-04
2.058016180000000531e+03	1.398874857063553412e-04
2.058046310000000176e+03	1.396027550304226872e-04
2.058076440000000275e+03	1.393180243544761554e-04
2.058106580000000577e+03	1.340331991778048737e-04
2.058136710000000221e+03	1.337484685018722197e-04
2.058166850000000522e+03	1.284636433252078769e-04
2.058196980000000167e+03	1.281789126492752229e-04
2.058227110000000266e+03	1.228941819733306295e-04
2.058257250000000568e+03	1.126093567966612863e-04
2.058287380000000212e+03	1.023246261207325092e-04
2.058317520000000513e+03	9.203980094406316592e-05
2.058347650000000158e+03	8.675507026812551148e-05
2.058377780000000257e+03	9.647033959218204169e-05
2.058407920000000559e+03	1.111855144155168840e-04
2.058438050000000203e+03	1.309007837395764762e-04
2.058468180000000302e+03	1.506160530636360684e-04
2.058498320000000149e+03	1.653312278869709107e-04
2.058528450000000248e+03	1.700464972110363182e-04
2.058558590000000549e+03	1.647616720343650365e-04
2.058588720000000194e+03	1.494769413584243201e-04
2.058618850000000293e+03	1.341922106824905425e-04
2.058648990000000140e+03	1.189073855058300766e-04
2.058679120000000239e+03	1.036226548298824213e-04
2.058709260000000540e+03	9.333782965321307801e-05
2.058739390000000185e+03	8.305309897728430091e-05
2.058769520000000284e+03	7.276836830133470713e-05
2.058799660000000131e+03	6.748354312468424210e-05
2.058829790000000230e+03	6.219881244873964876e-05
2.058859920000000329e+03	6.191408177280005587e-05
2.058890060000000176e+03	6.662925659613877505e-05
2.058920190000000275e+03	7.634452592019530526e-05
2.058950330000000577e+03	8.605970074353208599e-05
2.058980460000000221e+03	9.577497006759555509e-05
2.059010590000000320e+03	1.054902393916520853e-04
2.059040730000000167e+03	1.152054142149888660e-04
2.059070860000000266e+03	1.199206835390473347e-04
2.059100990000000365e+03	1.246359528631058033e-04
2.059131130000000212e+03	1.293511276864445225e-04
2.059161260000000311e+03	1.290663970105049296e-04
2.059191400000000158e+03	1.237815718338336479e-04
2.059221530000000257e+03	1.084968411578998704e-04
2.059251660000000356e+03	8.821211048195415350e-05
2.059281800000000203e+03	7.292728530529368758e-05
2.059311930000000302e+03	6.764255462934909424e-05
2.059342070000000149e+03	7.235772945269475231e-05
2.059372200000000248e+03	9.207299877675434452e-05
2.059402330000000347e+03	1.217882681008031209e-04
2.059432470000000194e+03	1.465034429241479641e-04
2.059462600000000293e+03	1.612187122482094948e-04
2.059492730000000392e+03	1.559339815722579625e-04
2.059522870000000239e+03	1.406491563956044355e-04
2.059553000000000338e+03	1.153644257196606571e-04
2.059583140000000185e+03	1.000796005430001911e-04
2.059613270000000284e+03	9.979486986706059826e-05
2.059643400000000383e+03	1.095101391911171285e-04
2.059673540000000230e+03	1.292253140144569712e-04
2.059703670000000329e+03	1.439405833385185018e-04
2.059733810000000176e+03	1.486557581618502821e-04
2.059763940000000275e+03	1.283710274859115041e-04
2.059794070000000374e+03	1.030862968099746646e-04
2.059824210000000221e+03	7.280147163330613624e-05
2.059854340000000320e+03	6.251674095736348136e-05
2.059884470000000420e+03	6.723201028142888891e-05
2.059914610000000266e+03	9.694718510475791584e-05
2.059944740000000365e+03	1.316624544288186316e-04
2.059974880000000212e+03	1.563776292521634748e-04
2.060005010000000311e+03	1.660928985762130661e-04
2.060035140000000411e+03	1.508081679002723496e-04
2.060065280000000257e+03	1.105233427236146371e-04
2.060095410000000356e+03	6.523861204767167354e-05
2.060125540000000456e+03	2.995388137173177201e-05
2.060155680000000302e+03	1.966905619506936764e-05
2.060185810000000401e+03	3.938432551912895985e-05
2.060215950000000248e+03	7.909950034246798767e-05
2.060246080000000347e+03	1.288147696665228881e-04
2.060276210000000447e+03	1.735300389905866658e-04
2.060306350000000293e+03	1.982452138139245701e-04
2.060336480000000392e+03	1.979604831379849772e-04
2.060366620000000239e+03	1.726756579613214493e-04
2.060396750000000338e+03	1.323909272853765473e-04
2.060426880000000438e+03	9.210619660943858422e-05
2.060457020000000284e+03	5.682137143277199431e-05
2.060487150000000383e+03	3.153664075683515478e-05
2.060517280000000483e+03	2.625191008089750033e-05
2.060547420000000329e+03	3.596708490422734217e-05
2.060577550000000429e+03	6.068235422829193482e-05
2.060607690000000275e+03	8.539752905162290020e-05
2.060637820000000374e+03	1.151127983756855544e-04
2.060667950000000474e+03	1.398280676997432082e-04
2.060698090000000320e+03	1.595432425230761120e-04
2.060728220000000420e+03	1.792585118471357042e-04
2.060758350000000519e+03	1.889737811711991733e-04
2.060788490000000365e+03	1.986889559945359540e-04
2.060818620000000465e+03	1.984042253185894222e-04
2.060848760000000311e+03	1.831194001419358952e-04
2.060878890000000411e+03	1.578346694659921168e-04
2.060909020000000510e+03	1.225499387900452763e-04
2.060939160000000356e+03	8.726511361339256423e-05
2.060969290000000456e+03	5.698038293745072425e-05
2.060999430000000302e+03	4.169555776079025833e-05
2.061029560000000401e+03	5.141082708484678854e-05
2.061059690000000501e+03	8.112609640890250384e-05
2.061089830000000347e+03	1.208412712322415317e-04
2.061119960000000447e+03	1.555565405563022474e-04
2.061150090000000546e+03	1.752718098803549007e-04
2.061180230000000392e+03	1.699869847036974968e-04
2.061210360000000492e+03	1.447022540277606573e-04
2.061240500000000338e+03	1.044174288510890669e-04
2.061270630000000438e+03	6.413269817515110383e-05
2.061300760000000537e+03	3.384796749920926384e-05
2.061330900000000383e+03	1.856314232254879792e-05
2.061361030000000483e+03	2.327841164660726658e-05
2.061391170000000329e+03	3.799358646994904776e-05
2.061421300000000429e+03	5.270885579400363952e-05
2.061451430000000528e+03	5.742412511806210818e-05
2.061481570000000374e+03	5.713929994140276580e-05
2.061511700000000474e+03	5.185456926545817247e-05
2.061541830000000573e+03	4.656983858951357913e-05
2.061571970000000420e+03	4.128501341285617521e-05
2.061602100000000519e+03	5.100028273691964431e-05
2.061632240000000365e+03	7.071545756025948704e-05
2.061662370000000465e+03	9.543072688431020190e-05
2.061692500000000564e+03	1.201459962083678557e-04
2.061722640000000411e+03	1.398611710317146373e-04
2.061752770000000510e+03	1.445764403557731059e-04
2.061782900000000154e+03	1.292917096798323895e-04
2.061813040000000456e+03	1.090068845031669231e-04
2.061843170000000555e+03	7.872215382722508314e-05
2.061873310000000401e+03	4.843732865056349368e-05
2.061903440000000501e+03	3.815259797462083879e-05
2.061933570000000145e+03	4.286786729867930745e-05
2.061963710000000447e+03	6.758304212201721173e-05
2.061993840000000546e+03	1.022983114460779275e-04
2.062023980000000392e+03	1.320134862694069544e-04
2.062054110000000492e+03	1.467287555934684851e-04
2.062084240000000136e+03	1.414440249175308306e-04
2.062114380000000438e+03	1.211591997408653643e-04
2.062144510000000537e+03	9.087446906492352428e-05
2.062174640000000181e+03	6.058973838898862319e-05
2.062204780000000483e+03	5.530491321232428037e-05
2.062234910000000582e+03	6.502018253638081058e-05
2.062265050000000429e+03	9.473535735971677640e-05
2.062295180000000528e+03	1.244506266837794306e-04
2.062325310000000172e+03	1.541658960078490237e-04
2.062355450000000474e+03	1.688810708311838660e-04
2.062385580000000573e+03	1.635963401552323337e-04
2.062415710000000217e+03	1.433116094793004947e-04
2.062445850000000519e+03	1.230267843026350283e-04
2.062475980000000163e+03	1.127420536266923734e-04
2.062506120000000465e+03	1.074572284500280306e-04
2.062536250000000564e+03	1.171724977740914997e-04
2.062566380000000208e+03	1.318877670981530303e-04
2.062596520000000510e+03	1.416029419214828722e-04
2.062626650000000154e+03	1.463182112455413408e-04
2.062656790000000456e+03	1.410333860688769980e-04
2.062686920000000555e+03	1.307486553929412820e-04
2.062717050000000199e+03	1.204639247169986271e-04
2.062747190000000501e+03	1.151790995403342843e-04
2.062777320000000145e+03	1.198943688643996919e-04
2.062807450000000244e+03	1.296096381884562221e-04
2.062837590000000546e+03	1.443248130117841255e-04
2.062867720000000190e+03	1.540400823358545335e-04
2.062897860000000492e+03	1.587552571591863138e-04
2.062927990000000136e+03	1.534705264832555982e-04
2.062958120000000235e+03	1.481857958073110049e-04
2.062988260000000537e+03	1.379009706306416616e-04
2.063018390000000181e+03	1.276162399547128845e-04
2.063048530000000483e+03	1.173314147780435412e-04
2.063078660000000582e+03	1.120466841020989479e-04
2.063108790000000226e+03	1.117619534261662939e-04
2.063138930000000528e+03	1.064771282494950122e-04
2.063169060000000172e+03	9.619239757355929621e-05
2.063199190000000272e+03	8.590766689761664132e-05
2.063229330000000573e+03	7.562284172095423695e-05
2.063259460000000217e+03	7.033811104501658251e-05
2.063289600000000519e+03	7.505328586834836280e-05
2.063319730000000163e+03	8.476855519240489301e-05
2.063349860000000263e+03	9.448382451646836211e-05
2.063380000000000564e+03	1.041989993397982039e-04
2.063410130000000208e+03	1.089142686638636115e-04
2.063440260000000308e+03	1.036295379879190182e-04
2.063470400000000154e+03	9.334471281126355269e-05
2.063500530000000253e+03	7.305998213531783581e-05
2.063530670000000555e+03	5.777515695865736989e-05
2.063560800000000199e+03	5.249042628271971545e-05
2.063590930000000299e+03	5.720569560677818410e-05
2.063621070000000145e+03	7.192087043011996528e-05
2.063651200000000244e+03	9.163613975417261859e-05
2.063681340000000546e+03	1.063513145775143998e-04
2.063711470000000190e+03	1.110665839015728684e-04
2.063741600000000290e+03	1.107818532256332755e-04
2.063771740000000136e+03	1.004970280489639323e-04
2.063801870000000235e+03	8.521229737303015472e-05
2.063832000000000335e+03	7.492756669708749984e-05
2.063862140000000181e+03	5.964274152042009502e-05
2.063892270000000281e+03	4.935801084448437903e-05
2.063922410000000582e+03	3.907318566781503577e-05
2.063952540000000226e+03	2.878845499187931978e-05
2.063982670000000326e+03	2.350372431593472644e-05
2.064012810000000172e+03	1.321889913927232207e-05
2.064042940000000272e+03	1.293416846333272918e-05
2.064073080000000573e+03	2.264934328666257102e-05
2.064103210000000217e+03	4.236461261072216322e-05
2.064133340000000317e+03	6.207988193478869432e-05
2.064163480000000163e+03	8.179505675812853704e-05
2.064193610000000263e+03	8.651032608218700570e-05
2.064223740000000362e+03	8.622559540624047392e-05
2.064253880000000208e+03	7.094077022958000800e-05
2.064284010000000308e+03	5.065603955364123001e-05
2.064314150000000154e+03	3.037121437698270254e-05
2.064344280000000253e+03	1.508648370104198611e-05
2.064374410000000353e+03	9.801753025097392769e-06
2.064404550000000199e+03	9.516927848438050397e-06
2.064434680000000299e+03	1.423219717249651906e-05
2.064464810000000398e+03	1.894746649654804882e-05
2.064494950000000244e+03	2.866264131989176844e-05
2.064525080000000344e+03	4.337791064395329910e-05
2.064555220000000190e+03	6.309308546728620293e-05
2.064585350000000290e+03	9.280835479134191823e-05
2.064615480000000389e+03	1.275236241154026340e-04
2.064645620000000235e+03	1.572387989387385998e-04
2.064675750000000335e+03	1.719540682628001305e-04
2.064705890000000181e+03	1.566692430861396645e-04
2.064736020000000281e+03	1.213845124101928241e-04
2.064766150000000380e+03	7.609978173425679948e-05
2.064796290000000226e+03	3.081495655759408647e-05
2.064826420000000326e+03	5.302258816453075951e-07
2.064856550000000425e+03	2.454952057057147030e-07
2.064886690000000272e+03	2.496067002905055787e-05
2.064916820000000371e+03	6.467593935310239628e-05
2.064946960000000217e+03	1.093911141764533634e-04
2.064977090000000317e+03	1.341063835005040783e-04
2.065007220000000416e+03	1.438216528245675474e-04
2.065037360000000263e+03	1.335368276479051430e-04
2.065067490000000362e+03	1.182520969719574877e-04
2.065097620000000461e+03	1.029673662960167713e-04
2.065127760000000308e+03	9.768254111935936734e-05
2.065157890000000407e+03	9.739781044341977445e-05
2.065188030000000253e+03	1.071129852667565552e-04
2.065218160000000353e+03	1.168282545908130854e-04
2.065248290000000452e+03	1.215435239148715540e-04
2.065278430000000299e+03	1.212586987382052728e-04
2.065308560000000398e+03	1.159739680622676183e-04
2.065338700000000244e+03	1.106891428856032755e-04
2.065368830000000344e+03	1.104044122096636826e-04
2.065398960000000443e+03	1.101196815337240897e-04
2.065429100000000290e+03	1.098348563570578085e-04
2.065459230000000389e+03	1.095501256811182156e-04
2.065489360000000488e+03	9.926539500517556069e-05
2.065519500000000335e+03	8.898056982852009522e-05
2.065549630000000434e+03	8.369583915256856299e-05
2.065579770000000281e+03	7.841101397591115907e-05
2.065609900000000380e+03	7.312628329997350463e-05
2.065640030000000479e+03	7.284155262402697284e-05
2.065670170000000326e+03	7.255672744737456936e-05
2.065700300000000425e+03	6.227199677142497558e-05
2.065730440000000272e+03	5.698717159476757166e-05
2.065760570000000371e+03	5.170244091882991722e-05
2.065790700000000470e+03	5.641771024288144698e-05
2.065820840000000317e+03	7.113288506622322815e-05
2.065850970000000416e+03	9.584815439028088191e-05
2.065881100000000515e+03	1.155634237143335352e-04
2.065911240000000362e+03	1.202785985376791933e-04
2.065941370000000461e+03	1.099938678617365384e-04
2.065971510000000308e+03	8.470904268507301049e-05
2.066001640000000407e+03	4.942431200913310896e-05
2.066031770000000506e+03	2.913958133319433097e-05
2.066061910000000353e+03	2.385475615652304926e-05
2.066092040000000452e+03	4.357002548058958036e-05
2.066122170000000551e+03	7.828529480464335721e-05
2.066152310000000398e+03	1.180004696279823850e-04
2.066182440000000497e+03	1.527157389520431008e-04
2.066212580000000344e+03	1.624309137753798815e-04
2.066242710000000443e+03	1.521461830994372266e-04
2.066272840000000542e+03	1.318614524234984486e-04
2.066302980000000389e+03	1.015766272468368592e-04
2.066333110000000488e+03	7.629189657088614185e-05
2.066363250000000335e+03	5.600707139423455327e-05
2.066393380000000434e+03	4.072234071829383684e-05
2.066423510000000533e+03	2.543761004235312040e-05
2.066453650000000380e+03	5.152784865694592931e-06
2.066483780000000479e+03	-1.013194581024612351e-05
2.066513910000000578e+03	-2.041667648619571729e-05
2.066544050000000425e+03	-1.570150166285699811e-05
2.066574180000000524e+03	9.013767661207594539e-06
2.066604320000000371e+03	4.872894248453968347e-05
2.066634450000000470e+03	9.344421180860346121e-05
2.066664580000000569e+03	1.231594811326591765e-04
2.066694720000000416e+03	1.328746559559959572e-04
2.066724850000000515e+03	1.175899252800552408e-04
2.066754980000000160e+03	8.730519460411340082e-05
2.066785120000000461e+03	6.202036942744987291e-05
2.066815250000000560e+03	5.173563875150721802e-05
2.066845390000000407e+03	6.645081357484206031e-05
2.066875520000000506e+03	1.061660828989008376e-04
2.066905650000000151e+03	1.558813522229626769e-04
2.066935790000000452e+03	1.955965270463017047e-04
2.066965920000000551e+03	2.153117963703612969e-04
2.066996060000000398e+03	2.050269711936988926e-04
2.067026190000000497e+03	1.647422405177609295e-04
2.067056320000000142e+03	1.144575098418199044e-04
2.067086460000000443e+03	6.417268466515912984e-05
2.067116590000000542e+03	3.388795398921728985e-05
2.067146720000000187e+03	3.360322331328463585e-05
2.067176860000000488e+03	5.831839813661560123e-05
2.067206990000000133e+03	1.030336674606724401e-04
2.067237130000000434e+03	1.527488422840075910e-04
2.067267260000000533e+03	1.824641116080702452e-04
2.067297390000000178e+03	1.921793809321267754e-04
2.067327530000000479e+03	1.768945557554663095e-04
2.067357660000000578e+03	1.466098250795244695e-04
2.067387800000000425e+03	1.113249999028578796e-04
2.067417930000000524e+03	9.104026922691910162e-05
2.067448060000000169e+03	8.575553855098144718e-05
2.067478200000000470e+03	9.547071337431128901e-05
2.067508330000000569e+03	1.201859826983758817e-04
2.067538460000000214e+03	1.399012520224354739e-04
2.067568600000000515e+03	1.496164268457653157e-04
2.067598730000000160e+03	1.493316961698326617e-04
2.067628870000000461e+03	1.290468709931671953e-04
2.067659000000000560e+03	1.037621403172234169e-04
2.067689130000000205e+03	8.347740964129157781e-05
2.067719270000000506e+03	6.819258446462417300e-05
2.067749400000000151e+03	6.290785378868651856e-05
2.067779530000000250e+03	6.262312311273998677e-05
2.067809670000000551e+03	5.733829793607564396e-05
2.067839800000000196e+03	4.705356726014686686e-05
2.067869940000000497e+03	3.176874208347946205e-05
2.067900070000000142e+03	1.148401140754068406e-05
2.067930200000000241e+03	-8.800719268398093931e-06
2.067960340000000542e+03	-9.085544445064375196e-06
2.067990470000000187e+03	5.629724878990216563e-06
2.068020610000000488e+03	3.534489970232618239e-05
2.068050740000000133e+03	8.006016902638996013e-05
2.068080870000000232e+03	1.197754383504487374e-04
2.068111010000000533e+03	1.544906131737827648e-04
2.068141140000000178e+03	1.642058824978392950e-04
2.068171270000000277e+03	1.589211518219016406e-04
2.068201410000000578e+03	1.286363266452331122e-04
2.068231540000000223e+03	9.335159596929321069e-05
2.068261680000000524e+03	6.306677079263162122e-05
2.068291810000000169e+03	3.278204011669672013e-05
2.068321940000000268e+03	2.249730944076100414e-05
2.068352080000000569e+03	2.721248426409278443e-05
2.068382210000000214e+03	3.692775358814931463e-05
2.068412350000000515e+03	5.664292841148221846e-05
2.068442480000000160e+03	7.135819773555068801e-05
2.068472610000000259e+03	8.107346705961415712e-05
2.068502750000000560e+03	8.578864188294593740e-05
2.068532880000000205e+03	7.550391120701022141e-05
2.068563010000000304e+03	6.521918053106756652e-05
2.068593150000000151e+03	5.493435535439822326e-05
2.068623280000000250e+03	4.964962467846056882e-05
2.068653420000000551e+03	4.936479950179428755e-05
2.068683550000000196e+03	4.908006882585469466e-05
2.068713680000000295e+03	5.879533814991816376e-05
2.068743820000000142e+03	6.851051297324800560e-05
2.068773950000000241e+03	7.822578229731147470e-05
2.068804080000000340e+03	8.294105162136994336e-05
2.068834220000000187e+03	9.265622644470672409e-05
2.068864350000000286e+03	1.023714957687632543e-04
2.068894490000000133e+03	1.070866705921089124e-04
2.068924620000000232e+03	1.168019399161654426e-04
2.068954750000000331e+03	1.215172092402169723e-04
2.068984890000000178e+03	1.212323840635576300e-04
2.069015020000000277e+03	1.209476533876180371e-04
2.069045160000000578e+03	1.206628282109517558e-04
2.069075290000000223e+03	1.153780975350210403e-04
2.069105420000000322e+03	1.050933668590783854e-04
2.069135560000000169e+03	8.980854168241791946e-05
2.069165690000000268e+03	7.952381100647526457e-05
2.069195820000000367e+03	6.923908033053260969e-05
2.069225960000000214e+03	6.895425515387326731e-05
2.069256090000000313e+03	6.866952447793367442e-05
2.069286230000000160e+03	7.838469930126351626e-05
2.069316360000000259e+03	8.309996862532198492e-05
2.069346490000000358e+03	8.781523794938739247e-05
2.069376630000000205e+03	8.253041277271611076e-05
2.069406760000000304e+03	7.224568209678039477e-05
2.069436890000000403e+03	6.196095142083773988e-05
2.069467030000000250e+03	4.667612624417033507e-05
2.069497160000000349e+03	4.139139556823268062e-05
2.069527300000000196e+03	4.110657039157333825e-05
2.069557430000000295e+03	5.082183971562986846e-05
2.069587560000000394e+03	6.053710903968639867e-05
2.069617700000000241e+03	7.525228386302817984e-05
2.069647830000000340e+03	7.996755318707970961e-05
2.069677970000000187e+03	8.468272801043230658e-05
2.069708100000000286e+03	8.939799733448383634e-05
2.069738230000000385e+03	9.411326665854230500e-05
2.069768370000000232e+03	9.382844148188296263e-05
2.069798500000000331e+03	8.854371080593836929e-05
2.069828630000000430e+03	7.825898012999571440e-05
2.069858770000000277e+03	6.297415495334218738e-05
2.069888900000000376e+03	4.768942427740147094e-05
2.069919040000000223e+03	3.740459910073212768e-05
2.069949170000000322e+03	4.211986842479059634e-05
2.069979300000000421e+03	5.683513774885212699e-05
2.070009440000000268e+03	9.155031257218615437e-05
2.070039570000000367e+03	1.262655818962468701e-04
2.070069710000000214e+03	1.609807567195808975e-04
2.070099840000000313e+03	1.706960260436443666e-04
2.070129970000000412e+03	1.654112953676997733e-04
2.070160110000000259e+03	1.451264701910343069e-04
2.070190240000000358e+03	1.248417395150955289e-04
2.070220370000000457e+03	1.095570088391548125e-04
2.070250510000000304e+03	1.092721836624885312e-04
2.070280640000000403e+03	1.239874529865500619e-04
2.070310780000000250e+03	1.387026278098918430e-04
2.070340910000000349e+03	1.434178971339503117e-04
2.070371040000000448e+03	1.281331664580095953e-04
2.070401180000000295e+03	9.784834128134800579e-05
2.070431310000000394e+03	5.256361060540504226e-05
2.070461440000000493e+03	7.278879929462078735e-06
2.070491580000000340e+03	-2.300594524719257183e-05
2.070521710000000439e+03	-2.329067592313910362e-05
2.070551850000000286e+03	-3.575501099799260896e-06
2.070581980000000385e+03	2.613976822426339330e-05
2.070612110000000484e+03	6.085503754831717016e-05
2.070642250000000331e+03	8.557021237165507443e-05
2.070672380000000430e+03	9.528548169571854354e-05
2.070702520000000277e+03	8.500065651904920028e-05
2.070732650000000376e+03	6.471592584311042229e-05
2.070762780000000475e+03	3.943119516717358275e-05
2.070792920000000322e+03	1.914636999050811639e-05
2.070823050000000421e+03	3.861639314567399950e-06
2.070853180000000521e+03	-1.423091361370254493e-06
2.070883320000000367e+03	-1.707916538036535758e-06
2.070913450000000466e+03	8.007352786019994451e-06
2.070943590000000313e+03	2.772252760935983718e-05
2.070973720000000412e+03	5.243779693341749093e-05
2.071003850000000511e+03	8.215306625747320624e-05
2.071033990000000358e+03	1.068682410808180494e-04
2.071064120000000457e+03	1.165835104048676407e-04
2.071094260000000304e+03	1.212986852282202377e-04
2.071124390000000403e+03	1.110139545522706439e-04
2.071154520000000502e+03	9.572922387632992747e-05
2.071184660000000349e+03	8.544439869967446199e-05
2.071214790000000448e+03	8.515966802372793021e-05
2.071244920000000548e+03	9.487493734778446042e-05
2.071275060000000394e+03	1.145901121711243031e-04
2.071305190000000493e+03	1.343053814951838953e-04
2.071335330000000340e+03	1.440205563185206761e-04
2.071365460000000439e+03	1.387358256425830216e-04
2.071395590000000539e+03	1.184510949666442436e-04
2.071425730000000385e+03	8.816626978997571529e-05
2.071455860000000484e+03	5.288153911403581375e-05
2.071485990000000129e+03	3.259680843809703576e-05
2.071516130000000430e+03	3.231198326143075450e-05
2.071546260000000530e+03	4.702725258549228515e-05
2.071576400000000376e+03	7.174242740882325053e-05
2.071606530000000475e+03	9.145769673288284274e-05
2.071636660000000575e+03	9.617296605694131140e-05
2.071666800000000421e+03	8.088814088028778437e-05
2.071696930000000521e+03	5.060341020433900550e-05
2.071727070000000367e+03	1.531858502767935448e-05
2.071757200000000466e+03	-4.966145648259423506e-06
2.071787330000000566e+03	-5.250876324205955292e-06
2.071817470000000412e+03	1.446429849914082633e-05
2.071847600000000511e+03	5.417956782319266473e-05
2.071877730000000156e+03	8.889483714726031938e-05
2.071907870000000457e+03	1.136100119705982237e-04
2.071938000000000557e+03	1.133252812946516919e-04
2.071968140000000403e+03	8.804045611798816395e-05
2.071998270000000502e+03	5.275572544204826242e-05
2.072028400000000147e+03	1.247099476611029933e-05
2.072058540000000448e+03	-7.813830410555167028e-06
2.072088670000000548e+03	-3.098561086496698369e-06
2.072118800000000192e+03	2.161670823756095539e-05
2.072148940000000493e+03	6.133188306089998321e-05
2.072179070000000138e+03	1.010471523849587605e-04
2.072209210000000439e+03	1.357623272082927879e-04
2.072239340000000539e+03	1.554775965323523801e-04
2.072269470000000183e+03	1.601928658564108487e-04
2.072299610000000484e+03	1.499080406797484444e-04
2.072329740000000129e+03	1.396233100038127284e-04
2.072359880000000430e+03	1.243384848271453236e-04
2.072390010000000530e+03	1.090537541512046071e-04
2.072420140000000174e+03	9.876902347526889114e-05
2.072450280000000475e+03	9.348419829860454833e-05
2.072480410000000575e+03	8.819946762265301610e-05
2.072510540000000219e+03	8.791473694672036210e-05
2.072540680000000521e+03	9.262991177005908128e-05
2.072570810000000165e+03	9.234518109412642728e-05
2.072600950000000466e+03	8.706035591745514557e-05
2.072631080000000566e+03	6.677562524151636758e-05
2.072661210000000210e+03	4.149089456557952804e-05
2.072691350000000511e+03	1.120606938891099968e-05
2.072721480000000156e+03	-9.078661287027778304e-06
2.072751620000000457e+03	-1.436348646369212112e-05
2.072781750000000557e+03	1.035178286036553263e-05
2.072811880000000201e+03	4.506705218442624838e-05
2.072842020000000502e+03	7.478222700776221421e-05
2.072872150000000147e+03	7.949749633182068287e-05
2.072902280000000246e+03	4.421276565588078133e-05
2.072932420000000548e+03	-1.607205952078305522e-05
2.072962550000000192e+03	-8.135679019672520385e-05
2.072992690000000493e+03	-1.116416153733937322e-04
2.073022820000000138e+03	-9.192634604932026221e-05
2.073052950000000237e+03	-1.721107672526811516e-05
2.073083090000000539e+03	8.750409809807346839e-05
2.073113220000000183e+03	1.772193674221336779e-04
2.073143350000000282e+03	2.069346367461893932e-04
2.073173490000000129e+03	1.516498115695305571e-04
2.073203620000000228e+03	2.136508089358585272e-05
2.073233760000000530e+03	-1.339197442830758478e-04
2.073263890000000174e+03	-2.542044749590105512e-04
2.073294020000000273e+03	-2.894892056349573917e-04
2.073324160000000575e+03	-2.097740308116199937e-04
2.073354290000000219e+03	-4.505876148756110533e-05
2.073384430000000521e+03	1.546564133357783422e-04
2.073414560000000165e+03	3.193716826598372305e-04
2.073444690000000264e+03	3.940869519838963164e-04
2.073474830000000566e+03	3.738021268072308501e-04
2.073504960000000210e+03	2.735173961312883928e-04
2.073535090000000309e+03	1.482326654553486889e-04
2.073565230000000156e+03	4.294784027868148168e-05
2.073595360000000255e+03	-7.336890397252604501e-06
2.073625500000000557e+03	2.378284426077237335e-06
2.073655630000000201e+03	4.709355375014795397e-05
2.073685760000000300e+03	9.180882307419785393e-05
2.073715900000000147e+03	1.165239978975426971e-04
2.073746030000000246e+03	1.012392672216019807e-04
2.073776160000000345e+03	6.595453654565514023e-05
2.073806300000000192e+03	2.066971136899936612e-05
2.073836430000000291e+03	3.849806930536492366e-07
2.073866570000000138e+03	5.100155516392368416e-06
2.073896700000000237e+03	4.481542484045808461e-05
2.073926830000000336e+03	9.453069416451298501e-05
2.073956970000000183e+03	1.442458689878481359e-04
2.073987100000000282e+03	1.739611383119107901e-04
2.074017240000000129e+03	1.786763131352425704e-04
2.074047370000000228e+03	1.533915824593057309e-04
2.074077500000000327e+03	1.131068517833677678e-04
2.074107640000000174e+03	5.782202660670199279e-05
2.074137770000000273e+03	7.537295930760967710e-06
2.074167900000000373e+03	-2.774743474517893382e-05
2.074198040000000219e+03	-4.303225992184633864e-05
2.074228170000000318e+03	-2.831699059778480798e-05
2.074258310000000165e+03	1.139818422555421984e-05
2.074288440000000264e+03	6.611345354960718179e-05
2.074318570000000364e+03	1.158287228736690211e-04
2.074348710000000210e+03	1.505438976970099874e-04
2.074378840000000309e+03	1.602591670210595787e-04
2.074408980000000156e+03	1.449743418444129905e-04
2.074439110000000255e+03	1.196896111684622732e-04
2.074469240000000354e+03	8.940488049252043323e-05
2.074499380000000201e+03	6.412005531586384421e-05
2.074529510000000300e+03	5.383532463992118933e-05
2.074559640000000400e+03	4.855059396397659599e-05
2.074589780000000246e+03	3.826576878732113052e-05
2.074619910000000345e+03	2.798103811137847563e-05
2.074650050000000192e+03	1.269621293471107082e-05
2.074680180000000291e+03	-2.588517741229645619e-06
2.074710310000000391e+03	-2.873248417169238511e-06
2.074740450000000237e+03	1.184192640616560377e-05
2.074770580000000336e+03	5.155719573023131996e-05
2.074800710000000436e+03	9.627246505428815881e-05
2.074830850000000282e+03	1.359876398776202477e-04
2.074860980000000382e+03	1.607029092016848404e-04
2.074891120000000228e+03	1.554180840250135587e-04
2.074921250000000327e+03	1.251333533490786576e-04
2.074951380000000427e+03	7.984862267313569406e-05
2.074981520000000273e+03	4.456379749646910415e-05
2.075011650000000373e+03	1.927906682053226461e-05
2.075041790000000219e+03	1.899424164387292224e-05
2.075071920000000318e+03	3.370951096793445290e-05
2.075102050000000418e+03	5.842478029198516776e-05
2.075132190000000264e+03	7.813995511532501048e-05
2.075162320000000364e+03	8.785522443938847958e-05
2.075192450000000463e+03	8.257049376344388625e-05
2.075222590000000309e+03	7.228566858678842078e-05
2.075252720000000409e+03	6.200093791083882699e-05
2.075282860000000255e+03	6.171611273417948462e-05
2.075312990000000354e+03	7.143138205824295373e-05
2.075343120000000454e+03	8.614665138229754549e-05
2.075373260000000300e+03	9.586182620563432621e-05
2.075403390000000400e+03	1.005770955296997338e-04
2.075433530000000246e+03	8.529227035303232896e-05
2.075463660000000345e+03	6.000753967708855052e-05
2.075493790000000445e+03	2.472280900114864899e-05
2.075523930000000291e+03	-5.562016175512940475e-06
2.075554060000000391e+03	-2.584674685145171846e-05
2.075584190000000490e+03	-3.113147752739631180e-05
2.075614330000000336e+03	-1.641630270406146952e-05
2.075644460000000436e+03	8.298966620003123129e-06
2.075674600000000282e+03	3.301414144334102740e-05
2.075704730000000382e+03	6.272941076739674271e-05
2.075734860000000481e+03	8.244468009145633491e-05
2.075765000000000327e+03	9.715985491479811609e-05
2.075795130000000427e+03	1.018751242388496459e-04
2.075825260000000526e+03	1.015903935629100530e-04
2.075855400000000373e+03	9.630556838625264904e-05
2.075885530000000472e+03	8.602083771030999415e-05
2.075915670000000318e+03	7.073601253364952823e-05
2.075945800000000418e+03	5.045128185770381135e-05
2.075975930000000517e+03	3.516655118176309491e-05
2.076006070000000364e+03	2.988172600510569099e-05
2.076036200000000463e+03	4.459699532916722164e-05
2.076066340000000309e+03	6.931217015249818703e-05
2.076096470000000409e+03	1.140274394765619648e-04
2.076126600000000508e+03	1.537427088006207421e-04
2.076156740000000354e+03	1.884578836239547694e-04
2.076186870000000454e+03	2.031731529480163001e-04
2.076217000000000553e+03	1.928884222720736452e-04
2.076247140000000400e+03	1.626035970954120558e-04
2.076277270000000499e+03	1.273188664194721542e-04
2.076307410000000345e+03	9.703404124280362586e-05
2.076337540000000445e+03	8.674931056686097097e-05
2.076367670000000544e+03	9.646457989092444008e-05
2.076397810000000391e+03	1.161797547142573439e-04
2.076427940000000490e+03	1.458950240383199981e-04
2.076458070000000134e+03	1.656102933623865292e-04
2.076488210000000436e+03	1.653254681857202479e-04
2.076518340000000535e+03	1.550407375097706542e-04
2.076548480000000382e+03	1.297559123331140651e-04
2.076578610000000481e+03	9.947118165717222515e-05
2.076608740000000580e+03	6.918645098123038517e-05
2.076638880000000427e+03	5.390162580457685815e-05
2.076669010000000526e+03	4.361689512862726437e-05
2.076699150000000373e+03	4.333206995196792199e-05
2.076729280000000472e+03	3.804733927603026755e-05
2.076759410000000571e+03	3.276260860008567422e-05
2.076789550000000418e+03	2.247778342342326985e-05
2.076819680000000517e+03	1.719305274748561541e-05
2.076849810000000161e+03	1.690832207154602251e-05
2.076879950000000463e+03	2.662349689487586435e-05
2.076910080000000562e+03	5.133876621894045700e-05
2.076940220000000409e+03	8.605394104227448437e-05
2.076970350000000508e+03	1.207692103663352001e-04
2.077000480000000152e+03	1.504844796903909154e-04
2.077030620000000454e+03	1.551996545137296346e-04
2.077060750000000553e+03	1.399149238377889182e-04
2.077090890000000400e+03	1.046300986611292672e-04
2.077121020000000499e+03	5.934536798517936473e-05
2.077151150000000143e+03	1.906063730924834054e-05
2.077181290000000445e+03	-6.224187867415187370e-06
2.077211420000000544e+03	-1.150891854336671960e-05
2.077241550000000188e+03	3.206350780701749947e-06
2.077271690000000490e+03	3.292152560403771577e-05
2.077301820000000134e+03	5.763679492810230842e-05
2.077331960000000436e+03	6.735196975143908915e-05
2.077362090000000535e+03	6.706723907549255737e-05
2.077392220000000179e+03	5.178250839955877982e-05
2.077422360000000481e+03	3.149768322289331346e-05
2.077452490000000580e+03	2.621295254695565902e-05
2.077482620000000225e+03	3.592822187101218923e-05
2.077512760000000526e+03	6.064339669435009350e-05
2.077542890000000170e+03	9.035866601840580881e-05
2.077573030000000472e+03	1.200738408417417746e-04
2.077603160000000571e+03	1.297891101657983048e-04
2.077633290000000216e+03	1.245043794898606504e-04
2.077663430000000517e+03	9.921955431319712249e-05
2.077693560000000161e+03	6.393482363725722095e-05
2.077723700000000463e+03	3.864999846058675415e-05
2.077753830000000562e+03	2.836526778465103815e-05
2.077783960000000206e+03	2.808053710871144526e-05
2.077814100000000508e+03	4.779571193205128798e-05
2.077844230000000152e+03	6.751098125611088019e-05
2.077874360000000252e+03	8.222625058017241084e-05
2.077904500000000553e+03	8.194142540350612958e-05
2.077934630000000197e+03	7.165669472756347469e-05
2.077964770000000499e+03	4.637186955090688567e-05
2.077994900000000143e+03	2.108713887497004613e-05
2.078025030000000243e+03	-4.197591800973732301e-06
2.078055170000000544e+03	-1.948241697764113711e-05
2.078085300000000188e+03	-1.976714765358073000e-05
2.078115430000000288e+03	-1.005187832951726090e-05
2.078145570000000134e+03	9.663296493815642929e-06
2.078175700000000234e+03	4.437856581787635868e-05
2.078205840000000535e+03	7.909374064121038606e-05
2.078235970000000179e+03	1.188090099652691634e-04
2.078266100000000279e+03	1.435242792893337560e-04
2.078296240000000580e+03	1.582394541126616594e-04
2.078326370000000225e+03	1.579547234367220665e-04
2.078356510000000526e+03	1.376698982600566001e-04
2.078386640000000170e+03	1.123851675841197606e-04
2.078416770000000270e+03	8.210043690817792061e-05
2.078446910000000571e+03	5.681561173151439270e-05
2.078477040000000216e+03	4.153088105558061516e-05
2.078507170000000315e+03	3.624615037963602182e-05
2.078537310000000161e+03	3.596132520297667945e-05
2.078567440000000261e+03	4.567659452703320966e-05
2.078597580000000562e+03	5.039176935037192884e-05
2.078627710000000206e+03	6.010703867443539794e-05
2.078657840000000306e+03	6.982230799849192815e-05
2.078687980000000152e+03	8.453748282182677043e-05
2.078718110000000252e+03	9.925275214588830108e-05
2.078748250000000553e+03	1.189679269692212049e-04
2.078778380000000197e+03	1.386831962932877360e-04
2.078808510000000297e+03	1.533984656173423278e-04
2.078838650000000143e+03	1.581136404406810470e-04
2.078868780000000243e+03	1.528289097647364536e-04
2.078898910000000342e+03	1.375441790888026761e-04
2.078929050000000188e+03	1.122593539121322093e-04
2.078959180000000288e+03	8.197462323619036928e-05
2.078989320000000134e+03	5.668979805953378026e-05
2.079019450000000234e+03	3.640506738358806338e-05
2.079049580000000333e+03	2.612033670764540849e-05
2.079079720000000179e+03	2.583551153098606612e-05
2.079109850000000279e+03	3.555078085504259633e-05
2.079139980000000378e+03	5.026605017910412698e-05
2.079170120000000225e+03	6.998122500244396971e-05
2.079200250000000324e+03	8.469649432649856147e-05
2.079230390000000170e+03	9.441166914984228109e-05
2.079260520000000270e+03	9.412693847389574930e-05
2.079290650000000369e+03	8.384220779796003331e-05
2.079320790000000216e+03	7.355738262129762894e-05
2.079350920000000315e+03	6.327265194535497406e-05
2.079381060000000161e+03	5.798782676869063124e-05
2.079411190000000261e+03	6.270309609275603879e-05
2.079441320000000360e+03	6.741836541681450745e-05
2.079471460000000206e+03	7.713354024014434929e-05
2.079501590000000306e+03	8.184880956420975684e-05
2.079531720000000405e+03	8.156407888827016395e-05
2.079561860000000252e+03	7.627925371159888224e-05
2.079591990000000351e+03	6.099452303566510469e-05
2.079622130000000197e+03	4.570969785899769988e-05
2.079652260000000297e+03	3.542496718305504499e-05
2.079682390000000396e+03	3.014023650711739055e-05
2.079712530000000243e+03	3.485541133044917084e-05
2.079742660000000342e+03	4.457068065451263994e-05
2.079772800000000188e+03	5.428585547784942067e-05
2.079802930000000288e+03	6.400112480191288977e-05
2.079833060000000387e+03	5.871639412596829644e-05
2.079863200000000234e+03	4.843156894930589207e-05
2.079893330000000333e+03	2.814683827336711408e-05
2.079923460000000432e+03	1.286210759741945875e-05
2.079953600000000279e+03	2.577282420770932170e-06
2.079983730000000378e+03	2.292551744824400384e-06
2.080013870000000225e+03	2.200772656816424311e-05
2.080044000000000324e+03	4.172299589222383531e-05
2.080074130000000423e+03	5.643826521627842707e-05
2.080104270000000270e+03	6.115344003961714625e-05
2.080134400000000369e+03	5.086870936367449136e-05
2.080164530000000468e+03	3.058397868772877448e-05
2.080194670000000315e+03	1.029915351107024701e-05
2.080224800000000414e+03	1.442283513453102017e-08
2.080254940000000261e+03	9.729597658464372856e-06
2.080285070000000360e+03	3.944486698252702706e-05
2.080315200000000459e+03	7.416013630658774280e-05
2.080345340000000306e+03	1.038753111299167697e-04
2.080375470000000405e+03	1.185905804539783004e-04
2.080405610000000252e+03	1.183057552773189580e-04
2.080435740000000351e+03	9.802102460137324114e-05
2.080465870000000450e+03	7.773629392543446315e-05
2.080496010000000297e+03	6.245146874877399723e-05
2.080526140000000396e+03	6.716673807282552700e-05
2.080556270000000495e+03	8.188200739688705765e-05
2.080586410000000342e+03	9.659718222022883882e-05
2.080616540000000441e+03	1.113124515442834306e-04
2.080646680000000288e+03	1.110276263676310271e-04
2.080676810000000387e+03	9.574289569168337177e-05
2.080706940000000486e+03	8.045816501574265533e-05
2.080737080000000333e+03	6.517333983908218942e-05
2.080767210000000432e+03	6.488860916314259653e-05
2.080797340000000531e+03	7.960387848719718829e-05
2.080827480000000378e+03	9.431905331053896946e-05
2.080857610000000477e+03	1.040343226346024386e-04
2.080887750000000324e+03	1.037494974579361573e-04
2.080917880000000423e+03	8.346476678199737931e-05
2.080948010000000522e+03	5.818003610605360088e-05
2.080978150000000369e+03	2.289521092938701097e-05
2.081008280000000468e+03	2.610480253448232979e-06
2.081038420000000315e+03	-7.674344923214171388e-06
2.081068550000000414e+03	2.040924400842358821e-06
2.081098680000000513e+03	1.675619372490388947e-05
2.081128820000000360e+03	4.147136854823485486e-05
2.081158950000000459e+03	6.618663787229944750e-05
2.081189080000000558e+03	8.590190719635903971e-05
2.081219220000000405e+03	1.006170820197008209e-04
2.081249350000000504e+03	1.103323513437504122e-04
2.081279490000000351e+03	1.100475261670910698e-04
2.081309620000000450e+03	1.047627954911534154e-04
2.081339750000000549e+03	8.947806481520576005e-05
2.081369890000000396e+03	5.919323963855110948e-05
2.081400020000000495e+03	3.390850896260733105e-05
2.081430160000000342e+03	1.362368378594880358e-05
2.081460290000000441e+03	8.338953110011149139e-06
2.081490420000000540e+03	2.305422243406574090e-05
2.081520560000000387e+03	5.276939725740170672e-05
2.081550690000000486e+03	8.748466658146242247e-05
2.081580820000000131e+03	1.121999359055270151e-04
2.081610960000000432e+03	1.219151107288568570e-04
2.081641090000000531e+03	1.166303800529192025e-04
2.081671230000000378e+03	9.134555487624873571e-05
2.081701360000000477e+03	5.606082420030883418e-05
2.081731490000000576e+03	2.577609352437393309e-05
2.081761630000000423e+03	1.049126834770652827e-05
2.081791760000000522e+03	5.206537671768873832e-06
2.081821890000000167e+03	4.921806995829280940e-06
2.081852030000000468e+03	9.636981819161061225e-06
2.081882160000000567e+03	1.935225114322453033e-05
2.081912300000000414e+03	1.906742596656518796e-05
2.081942430000000513e+03	2.378269529061671772e-05
2.081972560000000158e+03	3.349796461468018682e-05
2.082002700000000459e+03	4.821313943801502910e-05
2.082032830000000558e+03	6.792840876207462131e-05
2.082062970000000405e+03	8.764358358541446403e-05
2.082093100000000504e+03	1.023588529094690558e-04
2.082123230000000149e+03	1.070741222335414022e-04
2.082153370000000450e+03	1.067892970568751210e-04
2.082183500000000549e+03	1.015045663809305276e-04
2.082213630000000194e+03	9.121983570499481164e-05
2.082243770000000495e+03	8.593501052832352993e-05
2.082273900000000140e+03	8.065027985238587549e-05
2.082304040000000441e+03	7.536545467572153267e-05
2.082334170000000540e+03	6.508072399977887779e-05
2.082364300000000185e+03	5.479599332384316179e-05
2.082394440000000486e+03	4.451116814717381853e-05
2.082424570000000131e+03	3.922643747123616409e-05
2.082454700000000230e+03	3.894170679529657120e-05
2.082484840000000531e+03	5.865688161862947503e-05
2.082514970000000176e+03	8.837215094269212923e-05
2.082545110000000477e+03	1.180873257660211562e-04
2.082575240000000576e+03	1.378025950900807484e-04
2.082605370000000221e+03	1.475178644141511564e-04
2.082635510000000522e+03	1.372330392374818131e-04
2.082665640000000167e+03	1.169483085615430351e-04
2.082695780000000468e+03	9.666348338487756875e-05
2.082725910000000567e+03	8.137875270893685231e-05
2.082756040000000212e+03	8.109402203300419831e-05
2.082786180000000513e+03	9.580919685633904059e-05
2.082816310000000158e+03	1.205244661804036332e-04
2.082846440000000257e+03	1.402397355044632254e-04
2.082876580000000558e+03	1.499549103277930673e-04
2.082906710000000203e+03	1.496701796518534744e-04
2.082936850000000504e+03	1.443853544751891316e-04
2.082966980000000149e+03	1.291006237992484151e-04
2.082997110000000248e+03	1.138158931233076987e-04
2.083027250000000549e+03	9.853106794664723278e-05
2.083057380000000194e+03	8.324633727070651634e-05
2.083087520000000495e+03	6.796151209403911153e-05
2.083117650000000140e+03	5.267678141809839509e-05
2.083147780000000239e+03	3.239205074215961710e-05
2.083177920000000540e+03	1.710722556549221229e-05
2.083208050000000185e+03	6.822494889563435194e-06
2.083238180000000284e+03	1.153776421361496496e-05
2.083268320000000131e+03	3.125293903695480768e-05
2.083298450000000230e+03	5.596820836101246144e-05
2.083328590000000531e+03	8.068338318435036571e-05
2.083358720000000176e+03	1.003986525084168968e-04
2.083388850000000275e+03	1.151139218324714886e-04
2.083418990000000576e+03	1.148290966558052073e-04
2.083449120000000221e+03	1.095443659798675529e-04
2.083479250000000320e+03	8.925963530392183598e-05
2.083509390000000167e+03	6.397481012726524696e-05
2.083539520000000266e+03	3.869007945132146853e-05
2.083569660000000567e+03	1.840525427465600217e-05
2.083599790000000212e+03	8.120523598720286174e-06
2.083629920000000311e+03	1.283579292277875483e-05
2.083660060000000158e+03	3.255096774611165866e-05
2.083690190000000257e+03	6.226623707017431286e-05
2.083720330000000558e+03	9.198141189351027869e-05
2.083750460000000203e+03	1.016966812175668089e-04
2.083780590000000302e+03	9.641195054162915445e-05
2.083810730000000149e+03	7.612712536497062699e-05
2.083840860000000248e+03	4.084239468902378656e-05
2.083870990000000347e+03	1.555766401308000813e-05
2.083901130000000194e+03	5.272838836424542652e-06
2.083931260000000293e+03	1.498810816047413397e-05
2.083961400000000140e+03	4.470328298382397758e-05
2.083991530000000239e+03	7.941855230787775444e-05
2.084021660000000338e+03	9.913382163193734664e-05
2.084051800000000185e+03	9.884899645527800427e-05
2.084081930000000284e+03	6.856426577932922539e-05
2.084112070000000131e+03	2.327944060267345128e-05
2.084142200000000230e+03	-1.700529007326451181e-05
2.084172330000000329e+03	-3.729002074920328980e-05
2.084202470000000176e+03	-3.257484592587150951e-05
2.084232600000000275e+03	2.140423398189206239e-06
2.084262730000000374e+03	4.685569272224604509e-05
2.084292870000000221e+03	9.157086754558313446e-05
2.084323000000000320e+03	1.212861368696388498e-04
2.084353140000000167e+03	1.260013116929775689e-04
2.084383270000000266e+03	1.007165810170337905e-04
2.084413400000000365e+03	6.543185034109388898e-05
2.084443540000000212e+03	3.014702516442729907e-05
2.084473670000000311e+03	4.862294488490459532e-06
2.084503800000000410e+03	-5.422436187445256461e-06
2.084533940000000257e+03	-7.072613641134761764e-07
2.084564070000000356e+03	2.400800795994417758e-05
2.084594210000000203e+03	5.372318278328708230e-05
2.084624340000000302e+03	8.343845210734973650e-05
2.084654470000000401e+03	1.081537214314004514e-04
2.084684610000000248e+03	1.228688962547422325e-04
2.084714740000000347e+03	1.225841655788026396e-04
2.084744880000000194e+03	1.172993404021382968e-04
2.084775010000000293e+03	1.020146097262045193e-04
2.084805140000000392e+03	9.172987905025492550e-05
2.084835280000000239e+03	7.644505387359445958e-05
2.084865410000000338e+03	7.116032319765680514e-05
2.084895540000000437e+03	6.587559252171221180e-05
2.084925680000000284e+03	6.059076734504786899e-05
2.084955810000000383e+03	5.030603666911215299e-05
2.084985950000000230e+03	4.002121149244280973e-05
2.085016080000000329e+03	2.973648081650709374e-05
2.085046210000000428e+03	3.445175014056556240e-05
2.085076350000000275e+03	4.416692496390234313e-05
2.085106480000000374e+03	6.888219428795999688e-05
2.085136610000000474e+03	9.359746361201765064e-05
2.085166750000000320e+03	1.183126384353555549e-04
2.085196880000000419e+03	1.280279077594120851e-04
2.085227020000000266e+03	1.177430825827566196e-04
2.085257150000000365e+03	9.745835190681090276e-05
2.085287280000000464e+03	7.217362123086712433e-05
2.085317420000000311e+03	5.188879605420859686e-05
2.085347550000000410e+03	4.160406537826594198e-05
2.085377690000000257e+03	4.631924020161160005e-05
2.085407820000000356e+03	5.603450952566119136e-05
2.085437950000000455e+03	6.074977884972659892e-05
2.085468090000000302e+03	6.046495367306725655e-05
2.085498220000000401e+03	4.518022299711960121e-05
2.085528350000000501e+03	2.989549232117888478e-05
2.085558490000000347e+03	2.461066714452148085e-05
2.085588620000000446e+03	3.932593646858301151e-05
2.085618760000000293e+03	6.404111129191397689e-05
2.085648890000000392e+03	9.875638061597469264e-05
2.085679020000000492e+03	1.284716499400373468e-04
2.085709160000000338e+03	1.381868247633671887e-04
2.085739290000000437e+03	1.179020940874284107e-04
2.085769430000000284e+03	7.761726891076375923e-05
2.085799560000000383e+03	3.233253823482079570e-05
2.085829690000000483e+03	-7.952192441117167387e-06
2.085859830000000329e+03	-2.323701761778457220e-05
2.085889960000000428e+03	-8.521748293723041545e-06
2.085920090000000528e+03	2.619352103033767420e-05
2.085950230000000374e+03	7.090869585368170247e-05
2.085980360000000474e+03	1.006239651777304789e-04
2.086010500000000320e+03	1.053391400010691981e-04
2.086040630000000419e+03	8.505440932513042007e-05
2.086070760000000519e+03	4.476967864918551809e-05
2.086100900000000365e+03	-5.151465274633171276e-07
2.086131030000000464e+03	-4.079987720341515800e-05
2.086161160000000564e+03	-6.108460787936087488e-05
2.086191300000000410e+03	-6.136943305601327836e-05
2.086221430000000510e+03	-4.665416373195868660e-05
2.086251570000000356e+03	-2.193898890861384343e-05
2.086281700000000455e+03	2.776280415443810323e-06
2.086311830000000555e+03	1.249154973949340164e-05
2.086341970000000401e+03	1.720672456283905971e-05
2.086372100000000501e+03	1.692199388689946682e-05
2.086402240000000347e+03	1.163716871022818511e-05
2.086432370000000446e+03	1.135243803428859222e-05
2.086462500000000546e+03	2.106770735835206132e-05
2.086492640000000392e+03	4.078288218168496515e-05
2.086522770000000492e+03	6.549815150574955780e-05
2.086552900000000136e+03	9.021342082980721155e-05
2.086583040000000437e+03	1.049285956531420538e-04
2.086613170000000537e+03	1.096438649772005225e-04
2.086643310000000383e+03	9.935903980053811813e-05
2.086673440000000483e+03	8.407430912459740169e-05
2.086703570000000582e+03	6.878957844865668525e-05
2.086733710000000428e+03	5.850475327199428088e-05
2.086763840000000528e+03	5.822002259604774910e-05
2.086793980000000374e+03	6.793519741939840761e-05
2.086824110000000474e+03	8.765046674345106092e-05
2.086854240000000573e+03	1.023657360675125916e-04
2.086884380000000419e+03	1.070809108908513108e-04
2.086914510000000519e+03	9.679618021490865587e-05
2.086944640000000163e+03	7.151144953897181633e-05
2.086974780000000464e+03	3.622662436230522642e-05
2.087004910000000564e+03	5.941893686363386440e-06
2.087035050000000410e+03	-1.434293149030207992e-05
2.087065180000000510e+03	-1.962766216623973436e-05
2.087095310000000154e+03	-4.912392842178203711e-06
2.087125450000000455e+03	1.980278198115276167e-05
2.087155580000000555e+03	4.451805130521735432e-05
2.087185710000000199e+03	6.423332062927694652e-05
2.087215850000000501e+03	6.894849545260872681e-05
2.087245980000000145e+03	6.366376477667107237e-05
2.087276120000000446e+03	5.337893960000172910e-05
2.087306250000000546e+03	4.309420892406601311e-05
2.087336380000000190e+03	3.780947824812141977e-05
2.087366520000000492e+03	4.252465307146707785e-05
2.087396650000000136e+03	5.223992239552360806e-05
2.087426790000000437e+03	6.195509721886038879e-05
2.087456920000000537e+03	6.667036654291885744e-05
2.087487050000000181e+03	6.638563586697926455e-05
2.087517190000000483e+03	5.610081069032379908e-05
2.087547320000000582e+03	5.081608001437226685e-05
2.087577450000000226e+03	4.553134933844155130e-05
2.087607590000000528e+03	5.024652416177333158e-05
2.087637720000000172e+03	6.496179348583486224e-05
2.087667860000000474e+03	7.967696830916970452e-05
2.087697990000000573e+03	8.939223763322623473e-05
2.087728120000000217e+03	9.410750695729164228e-05
2.087758260000000519e+03	8.382268178062229902e-05
2.087788390000000163e+03	7.353795110468658303e-05
2.087818520000000262e+03	5.825322042874586659e-05
2.087848660000000564e+03	5.296839525208152377e-05
2.087878790000000208e+03	5.268366457614193088e-05
2.087908930000000510e+03	6.739883939946983427e-05
2.087939060000000154e+03	9.211410872354136581e-05
2.087969190000000253e+03	1.218293780475901422e-04
2.087999330000000555e+03	1.465445528709280465e-04
2.088029460000000199e+03	1.562598221949915156e-04
2.088059600000000501e+03	1.559749970183252343e-04
2.088089730000000145e+03	1.406902663423983957e-04
2.088119860000000244e+03	1.104055356664496168e-04
2.088150000000000546e+03	8.012071048978108845e-05
2.088180130000000190e+03	4.483597981384812581e-05
2.088210260000000289e+03	1.955124913790434737e-05
2.088240400000000136e+03	-5.733576038759180538e-06
2.088270530000000235e+03	-1.601830671469489653e-05
2.088300670000000537e+03	-2.130313189135923935e-05
2.088330800000000181e+03	-1.658786256730077069e-05
2.088360930000000280e+03	-1.872593243239240035e-06
2.088391070000000582e+03	1.784258158009366380e-05
2.088421200000000226e+03	4.255785090415131755e-05
2.088451340000000528e+03	7.227302572748728338e-05
2.088481470000000172e+03	9.198829505154687558e-05
2.088511600000000271e+03	1.067035643756084062e-04
2.088541740000000573e+03	1.064187391989421250e-04
2.088571870000000217e+03	9.613400852299947008e-05
2.088602000000000317e+03	8.084927784705875364e-05
2.088632140000000163e+03	5.556445267040216462e-05
2.088662270000000262e+03	3.527972199445644774e-05
2.088692410000000564e+03	1.999489681778904293e-05
2.088722540000000208e+03	4.710166141855265387e-06
2.088752670000000307e+03	-1.057456453409238994e-05
2.088782810000000154e+03	-2.085938971074091652e-05
2.088812940000000253e+03	-3.614412038668857186e-05
2.088843070000000353e+03	-4.142885106262622630e-05
2.088873210000000199e+03	-4.171367623928556867e-05
2.088903340000000298e+03	-2.199840691522597647e-05
2.088933480000000145e+03	1.271676790810805091e-05
2.088963610000000244e+03	5.743203723216488976e-05
2.088993740000000344e+03	9.714730655623060596e-05
2.089023880000000190e+03	1.168624813795635098e-04
2.089054010000000289e+03	1.165777507036239169e-04
2.089084150000000136e+03	9.129292552695345009e-05
2.089114280000000235e+03	5.100819485101548700e-05
2.089144410000000335e+03	5.723464175079462368e-06
2.089174550000000181e+03	-1.956136100159100444e-05
2.089204680000000280e+03	-2.484609167752865888e-05
2.089234810000000380e+03	-1.308223534710051261e-07
2.089264950000000226e+03	3.458435246986302225e-05
2.089295080000000326e+03	6.929962179392373800e-05
2.089325220000000172e+03	9.401479661726858117e-05
2.089355350000000271e+03	1.037300659413251114e-04
2.089385480000000371e+03	1.034453352653785796e-04
2.089415620000000217e+03	9.316051008872311412e-05
2.089445750000000317e+03	8.287577941278045923e-05
2.089475880000000416e+03	8.259104873683392745e-05
2.089506020000000262e+03	8.230622356018152397e-05
2.089536150000000362e+03	8.202149288423499218e-05
2.089566290000000208e+03	7.673666770757758826e-05
2.089596420000000307e+03	5.645193703163881027e-05
2.089626550000000407e+03	2.616720635569003139e-05
2.089656690000000253e+03	-4.117618820971558069e-06
2.089686820000000353e+03	-1.940234949691227451e-05
2.089716960000000199e+03	-1.468717467357355533e-05
2.089747090000000298e+03	5.028094650486036876e-06
2.089777220000000398e+03	3.974336397454675263e-05
2.089807360000000244e+03	7.445853879788078000e-05
2.089837490000000344e+03	9.417380812194037221e-05
2.089867620000000443e+03	9.388907744600077931e-05
2.089897760000000289e+03	7.860425226933337450e-05
2.089927890000000389e+03	5.331952159339653496e-05
2.089958030000000235e+03	2.303469641673494550e-05
2.089988160000000335e+03	-2.250034259208832932e-06
2.090018290000000434e+03	-7.534764935153426268e-06
2.090048430000000280e+03	-2.819590111807768196e-06
2.090078560000000380e+03	1.189567921223988467e-05
2.090108700000000226e+03	3.161085403559360518e-05
2.090138830000000326e+03	5.132612335964625849e-05
2.090168960000000425e+03	6.104139268370278870e-05
2.090199100000000271e+03	6.575656750704150788e-05
2.090229230000000371e+03	6.547183683109497609e-05
2.090259360000000470e+03	6.018710615515732165e-05
2.090289500000000317e+03	5.490228097849991773e-05
2.090319630000000416e+03	4.461755030255726284e-05
2.090349770000000262e+03	3.933272512589292003e-05
2.090379900000000362e+03	3.404799444995526558e-05
2.090410030000000461e+03	2.376326377401261070e-05
2.090440170000000307e+03	8.478438597345205885e-06
2.090470300000000407e+03	-1.806292078590510108e-06
2.090500430000000506e+03	-1.209102275453316500e-05
2.090530570000000353e+03	-1.737584793119750781e-05
2.090560700000000452e+03	-7.660578607134038709e-06
2.090590840000000298e+03	2.054596216195803127e-06
2.090620970000000398e+03	2.676986554026039578e-05
2.090651100000000497e+03	4.648513486431998798e-05
2.090681240000000344e+03	6.120030968764789137e-05
2.090711370000000443e+03	7.091557901171136047e-05
2.090741510000000289e+03	6.563075383505395655e-05
2.090771640000000389e+03	4.534602315911517856e-05
2.090801770000000488e+03	2.506129248316946168e-05
2.090831910000000335e+03	-2.235326934940662369e-07
2.090862040000000434e+03	-2.050826336943284423e-05
2.090892170000000533e+03	-3.079299404538243801e-05
2.090922310000000380e+03	-2.607781922202984104e-05
2.090952440000000479e+03	-1.636254989798024972e-05
2.090982580000000326e+03	-1.647375074638468551e-06
2.091012710000000425e+03	1.306789424942306210e-05
2.091042840000000524e+03	2.778316357347765386e-05
2.091072980000000371e+03	3.749833839681443459e-05
2.091103110000000470e+03	3.721360772087484170e-05
2.091133250000000317e+03	3.692878254420856043e-05
2.091163380000000416e+03	3.164405186827090599e-05
2.091193510000000515e+03	3.135932119233131310e-05
2.091223650000000362e+03	3.107449601566503183e-05
2.091253780000000461e+03	3.578976533972350049e-05
2.091283910000000560e+03	4.050503466378890804e-05
2.091314050000000407e+03	4.522020948712068833e-05
2.091344180000000506e+03	4.493547881118109544e-05
2.091374320000000353e+03	4.965065363451981462e-05
2.091404450000000452e+03	5.436592295857134438e-05
2.091434580000000551e+03	6.408119228263481348e-05
2.091464720000000398e+03	7.379636710597853311e-05
2.091494850000000497e+03	8.851163643002618597e-05
2.091524980000000141e+03	1.082269057540996560e-04
2.091555120000000443e+03	1.179420805774294978e-04
2.091585250000000542e+03	1.276573499014929669e-04
2.091615390000000389e+03	1.223725247248286241e-04
2.091645520000000488e+03	1.070877940488879076e-04
2.091675650000000132e+03	8.680306337294912966e-05
2.091705790000000434e+03	6.651823819628366330e-05
2.091735920000000533e+03	4.623350752034488531e-05
2.091766060000000380e+03	4.094868234368054249e-05
2.091796190000000479e+03	5.066395166773707270e-05
2.091826320000000578e+03	6.537922099179860336e-05
2.091856460000000425e+03	8.509439581513150719e-05
2.091886590000000524e+03	1.048096651391980383e-04
2.091916720000000169e+03	1.195249344632526300e-04
2.091946860000000470e+03	1.292401092865894108e-04
2.091976990000000569e+03	1.289553786106498179e-04
2.092007130000000416e+03	1.286705534339835366e-04
2.092037260000000515e+03	1.183858227580408817e-04
2.092067390000000159e+03	1.081010920821051657e-04
2.092097530000000461e+03	9.781626690544276137e-05
2.092127660000000560e+03	8.253153622949510604e-05
2.092157790000000205e+03	7.224680555356632894e-05
2.092187930000000506e+03	6.196198037689698568e-05
2.092218060000000150e+03	6.167724970095739279e-05
2.092248200000000452e+03	6.639242452430305086e-05
2.092278330000000551e+03	7.610769384835264217e-05
2.092308460000000196e+03	8.582296317242305017e-05
2.092338600000000497e+03	9.553813799575289201e-05
2.092368730000000141e+03	1.002534073198182996e-04
2.092398870000000443e+03	9.996858214315201829e-05
2.092429000000000542e+03	8.968385146720936341e-05
2.092459130000000187e+03	7.939912079126670852e-05
2.092489270000000488e+03	6.411429561460624260e-05
2.092519400000000132e+03	4.882956493866552616e-05
2.092549530000000232e+03	3.854483426272287128e-05
2.092579670000000533e+03	3.826000908605659001e-05
2.092609800000000178e+03	5.297527841011812066e-05
2.092639940000000479e+03	6.769045323345296294e-05
2.092670070000000578e+03	8.740572255751255515e-05
2.092700200000000223e+03	1.071209918815721474e-04
2.092730340000000524e+03	1.118361667049039276e-04
2.092760470000000169e+03	1.065514360289732121e-04
2.092790610000000470e+03	8.126661085230968418e-05
2.092820740000000569e+03	5.098188017636090530e-05
2.092850870000000214e+03	1.569714950042794266e-05
2.092881010000000515e+03	-1.458767567624058570e-05
2.092911140000000159e+03	-2.987240635216742435e-05
2.092941270000000259e+03	-3.015713702811395613e-05
2.092971410000000560e+03	-2.544196220478217585e-05
2.093001540000000205e+03	-1.572669288071870675e-05
2.093031680000000506e+03	-1.101151805737998757e-05
2.093061810000000150e+03	-1.129624873331958046e-05
2.093091940000000250e+03	-2.158097940926223535e-05
2.093122080000000551e+03	-3.686580458592964016e-05
2.093152210000000196e+03	-4.715053526186535615e-05
2.093182340000000295e+03	-5.243526593780994949e-05
2.093212480000000141e+03	-5.272009111447623075e-05
2.093242610000000241e+03	-4.300482179041276165e-05
2.093272750000000542e+03	-2.828964696707791937e-05
2.093302880000000187e+03	-1.357437764301638872e-05
2.093333010000000286e+03	6.140891681043203487e-06
2.093363150000000132e+03	2.585606650438304621e-05
2.093393280000000232e+03	4.057133582843763797e-05
2.093423420000000533e+03	5.028651065176747981e-05
2.093453550000000178e+03	6.000177997583788780e-05
2.093483680000000277e+03	5.971704929989135602e-05
2.093513820000000578e+03	4.943222412322895165e-05
2.093543950000000223e+03	3.914749344729323566e-05
2.093574080000000322e+03	2.886276277135058077e-05
2.093604220000000169e+03	2.357793759469317685e-05
2.093634350000000268e+03	3.329320691874276816e-05
2.093664490000000569e+03	5.300838174208954978e-05
2.093694620000000214e+03	7.272365106614914199e-05
2.093724750000000313e+03	8.243892039020567220e-05
2.093754890000000159e+03	8.715409521354439137e-05
2.093785020000000259e+03	7.686936453760173649e-05
2.093815150000000358e+03	5.658463386166295850e-05
2.093845290000000205e+03	3.629980868499749214e-05
2.093875420000000304e+03	2.601507800905483725e-05
2.093905560000000150e+03	2.073025283239049443e-05
2.093935690000000250e+03	3.544552215645202509e-05
2.093965820000000349e+03	5.016079148051355574e-05
2.093995960000000196e+03	6.487596630384145913e-05
2.094026090000000295e+03	7.459123562790492823e-05
2.094056230000000141e+03	6.930641045124752431e-05
2.094086360000000241e+03	5.402167977530680787e-05
2.094116490000000340e+03	2.873694909935609054e-05
2.094146630000000187e+03	3.452123922699501524e-06
2.094176760000000286e+03	-1.683260675323927646e-05
2.094206890000000385e+03	-2.711733742918887025e-05
2.094237030000000232e+03	-2.740216260584127372e-05
2.094267160000000331e+03	-1.768689328178474351e-05
2.094297300000000178e+03	-7.971718458441023891e-06
2.094327430000000277e+03	1.174355086561856831e-05
2.094357560000000376e+03	2.645882018966622118e-05
2.094387700000000223e+03	3.617399501300994080e-05
2.094417830000000322e+03	4.088926433706840946e-05
2.094447970000000169e+03	3.560443916040406664e-05
2.094478100000000268e+03	2.531970848446141176e-05
2.094508230000000367e+03	1.003497780852763421e-05
2.094538370000000214e+03	-5.249847368139770598e-06
2.094568500000000313e+03	-1.053457804407742504e-05
2.094598630000000412e+03	-1.081930872001701793e-05
2.094628770000000259e+03	-1.104133896687176097e-06
2.094658900000000358e+03	1.361113542737435456e-05
2.094689040000000205e+03	3.332631025071419728e-05
2.094719170000000304e+03	4.804157957476878904e-05
2.094749300000000403e+03	5.275684889882725770e-05
2.094779440000000250e+03	5.247202372216791533e-05
2.094809570000000349e+03	4.218729304622526044e-05
2.094839700000000448e+03	2.690256237028454400e-05
2.094869840000000295e+03	1.161773719362407808e-05
2.094899970000000394e+03	-3.666993482323577247e-06
2.094930110000000241e+03	-8.951818658974042275e-06
2.094960240000000340e+03	-9.236549334920574061e-06
2.094990370000000439e+03	-9.521280010860166954e-06
2.095020510000000286e+03	-4.806105187521447775e-06
2.095050640000000385e+03	-5.090835863461040667e-06
2.095080780000000232e+03	4.624338959875740063e-06
2.095110910000000331e+03	9.339608283934208721e-06
2.095141040000000430e+03	2.405487760799573937e-05
2.095171180000000277e+03	4.377005243132864321e-05
2.095201310000000376e+03	6.348532175538823541e-05
2.095231440000000475e+03	7.820059107944976606e-05
2.095261580000000322e+03	8.291576590278154635e-05
2.095291710000000421e+03	7.263103522684583035e-05
2.095321850000000268e+03	5.234621005017342510e-05
2.095351980000000367e+03	2.206147937423852401e-05
2.095382110000000466e+03	-3.223251301705254424e-06
2.095412250000000313e+03	-1.850807647836572034e-05
2.095442380000000412e+03	-1.879280715430531323e-05
2.095472520000000259e+03	-9.077632330968532504e-06
2.095502650000000358e+03	1.063763699309105970e-05
2.095532780000000457e+03	3.035290631714371301e-05
2.095562920000000304e+03	4.006808114048743263e-05
2.095593050000000403e+03	3.478335046454977819e-05
2.095623180000000502e+03	2.449861978860018441e-05
2.095653320000000349e+03	9.213794611946657387e-06
2.095683450000000448e+03	-1.070936063995997500e-06
2.095713590000000295e+03	8.644238759340783229e-06
2.095743720000000394e+03	2.335950808340231388e-05
2.095773850000000493e+03	4.307477740745496719e-05
2.095803990000000340e+03	5.778995223079674837e-05
2.095834120000000439e+03	5.750522155485715547e-05
2.095864250000000538e+03	4.222049087890950014e-05
2.095894390000000385e+03	1.193566570224791068e-05
2.095924520000000484e+03	-2.334906497368505196e-05
2.095954660000000331e+03	-4.363389015035745722e-05
2.095984790000000430e+03	-4.391862082629705011e-05
2.096014920000000529e+03	-2.420335150223051901e-05
2.096045060000000376e+03	5.511823321098507922e-06
2.096075190000000475e+03	4.522709264515728522e-05
2.096105330000000322e+03	6.994226746850212839e-05
2.096135460000000421e+03	7.465753679255365816e-05
2.096165590000000520e+03	6.937280611661600371e-05
2.096195730000000367e+03	4.908798093995747625e-05
2.096225860000000466e+03	2.880325026401175936e-05
2.096255990000000565e+03	1.351851958807104293e-05
2.096286130000000412e+03	1.323369441141170055e-05
2.096316260000000511e+03	1.794896373547016921e-05
2.096346400000000358e+03	2.766413855881388884e-05
2.096376530000000457e+03	3.237940788286541860e-05
2.096406660000000556e+03	2.709467720692776416e-05
2.096436800000000403e+03	1.680985203026535979e-05
2.096466930000000502e+03	-3.474878645673418198e-06
2.096497060000000147e+03	-1.875960932161413464e-05
2.096527200000000448e+03	-2.904443449827653900e-05
2.096557330000000547e+03	-2.932916517421613189e-05
2.096587470000000394e+03	-1.961399035088629006e-05
2.096617600000000493e+03	-9.898721026822820956e-06
2.096647730000000138e+03	-1.834517027662907473e-07
2.096677870000000439e+03	4.531723120565489538e-06
2.096708000000000538e+03	-7.530075553721649051e-07
2.096738140000000385e+03	-1.103783273203456927e-05
2.096768270000000484e+03	-2.632256340797528571e-05
2.096798400000000129e+03	-3.660729408391794060e-05
2.096828540000000430e+03	-4.189211926058228341e-05
2.096858670000000529e+03	-3.217684993651881431e-05
2.096888800000000174e+03	-1.746158061246422255e-05
2.096918940000000475e+03	-2.746405789122441377e-06
2.096949070000000575e+03	1.196886353493215038e-05
2.096979210000000421e+03	1.668403835827086956e-05
2.097009340000000520e+03	1.139930768233321512e-05
2.097039470000000165e+03	6.114577006402499570e-06
2.097069610000000466e+03	8.297518297312178603e-07
2.097099740000000565e+03	5.450211537846860743e-07
2.097129880000000412e+03	1.026019597712840570e-05
2.097160010000000511e+03	2.497546530118993635e-05
2.097190140000000156e+03	4.469073462524952856e-05
2.097220280000000457e+03	6.440590944858243239e-05
2.097250410000000556e+03	7.412117877264590149e-05
2.097280540000000201e+03	7.383644809670630860e-05
2.097310680000000502e+03	6.355162292003696534e-05
2.097340810000000147e+03	4.326689224409818735e-05
2.097370950000000448e+03	2.798206706743078254e-05
2.097401080000000547e+03	1.769733639149506654e-05
2.097431210000000192e+03	1.741260571555547365e-05
2.097461350000000493e+03	2.212778053888725394e-05
2.097491480000000138e+03	2.684304986295266149e-05
2.097521610000000237e+03	3.155831918700419125e-05
2.097551750000000538e+03	3.127349401033790999e-05
2.097581880000000183e+03	2.098876333440913289e-05
2.097612020000000484e+03	5.703938157741728077e-06
2.097642150000000129e+03	-1.458079251819011102e-05
2.097672280000000228e+03	-2.986552319413776635e-05
2.097702420000000529e+03	-3.515034837080210917e-05
2.097732550000000174e+03	-2.543507904673864006e-05
2.097762690000000475e+03	4.280095776597325763e-06
2.097792820000000575e+03	4.399536510064916417e-05
2.097822950000000219e+03	8.871063442471988081e-05
2.097853090000000520e+03	1.234258092480539082e-04
2.097883220000000165e+03	1.381410785721154388e-04
2.097913350000000264e+03	1.328563478961708455e-04
2.097943490000000565e+03	1.025715227195092560e-04
2.097973620000000210e+03	5.728679204356629251e-05
2.098003760000000511e+03	1.200196686690357950e-05
2.098033890000000156e+03	-2.328276380903632203e-05
2.098064020000000255e+03	-3.856749448497703847e-05
2.098094160000000556e+03	-4.385231966164138129e-05
2.098124290000000201e+03	-2.913705033758678953e-05
2.098154420000000300e+03	-1.442178101352525887e-05
2.098184560000000147e+03	2.933938098165222996e-07
2.098214690000000246e+03	1.500866313387111406e-05
2.098244830000000547e+03	1.972383795720983324e-05
2.098274960000000192e+03	1.943910728127024035e-05
2.098305090000000291e+03	2.915437660533370945e-05
2.098335230000000138e+03	3.386955142867242863e-05
2.098365360000000237e+03	4.858482075272702039e-05
2.098395500000000538e+03	6.329999557606880156e-05
2.098425630000000183e+03	7.801526490013033222e-05
2.098455760000000282e+03	8.773053422418686242e-05
2.098485900000000129e+03	8.744570904752058116e-05
2.098516030000000228e+03	8.216097837158292672e-05
2.098546160000000327e+03	7.187624769564027183e-05
2.098576300000000174e+03	5.659142251897286702e-05
2.098606430000000273e+03	4.130669184303908947e-05
2.098636570000000575e+03	3.102186666636974621e-05
2.098666700000000219e+03	3.073713599043015332e-05
2.098696830000000318e+03	4.045240531449362242e-05
2.098726970000000165e+03	6.016758013782652625e-05
2.098757100000000264e+03	7.988284946188611846e-05
2.098787240000000565e+03	8.959802428521596029e-05
2.098817370000000210e+03	8.931329360927636740e-05
2.098847500000000309e+03	7.402856293334258986e-05
2.098877640000000156e+03	4.374373775668100039e-05
2.098907770000000255e+03	8.459007080741098861e-06
2.098937900000000354e+03	-2.182572359520768002e-05
2.098968040000000201e+03	-4.211054877186620748e-05
2.098998170000000300e+03	-4.239527944780580038e-05
2.099028310000000147e+03	-2.768010462446401920e-05
2.099058440000000246e+03	-2.964835300406365448e-06
2.099088570000000345e+03	2.675043402364934986e-05
2.099118710000000192e+03	5.146560884698725413e-05
2.099148840000000291e+03	6.118087817105072324e-05
2.099178970000000390e+03	5.589614749510612990e-05
2.099209110000000237e+03	3.561132231844760243e-05
2.099239240000000336e+03	5.326591642505762447e-06
2.099269380000000183e+03	-2.495823353416276591e-05
2.099299510000000282e+03	-5.524296421009766700e-05
2.099329640000000381e+03	-8.052769488604144543e-05
2.099359780000000228e+03	-9.081252006270384980e-05
2.099389910000000327e+03	-9.109725073864344269e-05
2.099420050000000174e+03	-7.638207591530860041e-05
2.099450180000000273e+03	-5.166680659125094666e-05
2.099480310000000372e+03	-2.195153726719523135e-05
2.099510450000000219e+03	1.276363755614573492e-05
2.099540580000000318e+03	4.747890688019951178e-05
2.099570710000000417e+03	8.219417620426022753e-05
2.099600850000000264e+03	1.069093510276050707e-04
2.099630980000000363e+03	1.216246203516596625e-04
2.099661120000000210e+03	1.213397951750072590e-04
2.099691250000000309e+03	1.060550644990596036e-04
2.099721380000000408e+03	8.077033382311582521e-05
2.099751520000000255e+03	4.548550864645617420e-05
2.099781650000000354e+03	2.020077797051239576e-05
2.099811790000000201e+03	-8.404720614613170326e-08
2.099841920000000300e+03	-3.687778820857245954e-07
2.099872050000000399e+03	1.934649144197386761e-05
2.099902190000000246e+03	4.406166626530483299e-05
2.099932320000000345e+03	6.377693558937136409e-05
2.099962450000000445e+03	7.349220491342789430e-05
2.099992590000000291e+03	5.820737973676048949e-05
2.100022720000000390e+03	2.792264906082558840e-05
2.100052860000000237e+03	-1.236217611584600196e-05
2.100082990000000336e+03	-3.764690679178284149e-05
2.100113120000000436e+03	-4.793163746772549638e-05
2.100143260000000282e+03	-2.821646264439259255e-05
2.100173390000000381e+03	1.149880667967312364e-05
2.100203520000000481e+03	5.121407600373190094e-05
2.100233660000000327e+03	8.592925082707286721e-05
2.100263790000000427e+03	9.564452015112245853e-05
2.100293930000000273e+03	8.035969497446893151e-05
2.100324060000000372e+03	4.507496429852902997e-05
2.100354190000000472e+03	9.790233622582189543e-06
2.100384330000000318e+03	-1.049459155406939903e-05
2.100414460000000417e+03	-1.577932223002093126e-05
2.100444600000000264e+03	3.935852593318911463e-06
2.100474730000000363e+03	3.365112191738156566e-05
2.100504860000000463e+03	6.336639124143728097e-05
2.100535000000000309e+03	7.808156606477906214e-05
2.100565130000000408e+03	7.279683538883446881e-05
2.100595260000000508e+03	4.751210471289069037e-05
2.100625400000000354e+03	1.222727953623103936e-05
2.100655530000000454e+03	-2.805745113970692373e-05
2.100685670000000300e+03	-5.334227631637739053e-05
2.100715800000000399e+03	-6.362700699231310653e-05
2.100745930000000499e+03	-5.391173766825657632e-05
2.100776070000000345e+03	-2.919656284491867204e-05
2.100806200000000445e+03	5.518706479142043708e-06
2.100836330000000544e+03	3.523397580319775901e-05
2.100866470000000390e+03	5.494915062653760174e-05
2.100896600000000490e+03	6.466441995059413195e-05
2.100926740000000336e+03	5.937959477393672802e-05
2.100956870000000436e+03	4.909486409798713424e-05
2.100987000000000535e+03	2.881013342204835626e-05
2.101017140000000381e+03	1.352530824538789034e-05
2.101047270000000481e+03	-1.759422430559764994e-06
2.101077410000000327e+03	-7.044247607210230022e-06
2.101107540000000427e+03	-7.328978283156761808e-06
2.101137670000000526e+03	2.386291040906707295e-06
2.101167810000000372e+03	1.710146586424848847e-05
2.101197940000000472e+03	3.181673518830308023e-05
2.101228070000000571e+03	4.153200451235961044e-05
2.101258210000000417e+03	5.124717933570333006e-05
2.101288340000000517e+03	5.096244865976373717e-05
2.101318480000000363e+03	4.567762348309245546e-05
2.101348610000000463e+03	4.039289280715480102e-05
2.101378740000000562e+03	3.010816213121214613e-05
2.101408880000000408e+03	2.482333695454780331e-05
2.101439010000000508e+03	2.453860627860821042e-05
2.101469150000000354e+03	2.425378110194192915e-05
2.101499280000000454e+03	2.896905042600039781e-05
2.101529410000000553e+03	2.868431975006080492e-05
2.101559550000000399e+03	2.339949457339646210e-05
2.101589680000000499e+03	1.311476389746074611e-05
2.101619810000000143e+03	-2.169966778479970326e-06
2.101649950000000445e+03	-2.245479195513849779e-05
2.101680080000000544e+03	-3.773952263108615313e-05
2.101710220000000390e+03	-4.802434780774855749e-05
2.101740350000000490e+03	-4.830907848368815038e-05
2.101770480000000134e+03	-4.359380915962968173e-05
2.101800620000000436e+03	-2.887863433628790055e-05
2.101830750000000535e+03	-1.416336501223330879e-05
2.101860880000000179e+03	5.519043118351607546e-07
2.101891020000000481e+03	1.026707913517194148e-05
2.101921150000000580e+03	9.982348459225409698e-06
2.101951290000000427e+03	9.697523282566067326e-06
2.101981420000000526e+03	-5.872073933765875609e-07
2.102011550000000170e+03	-8.719380693161804530e-07
2.102041690000000472e+03	-1.156763245982461719e-06
2.102071820000000571e+03	8.558506078081007384e-06
2.102101960000000417e+03	2.327368090140891077e-05
2.102132090000000517e+03	3.798895022547044142e-05
2.102162220000000161e+03	4.770421954953391053e-05
2.102192360000000463e+03	5.241939437286569081e-05
2.102222490000000562e+03	4.713466369692803637e-05
2.102252620000000206e+03	4.184993302099038193e-05
2.102282760000000508e+03	2.656510784432297712e-05
2.102312890000000152e+03	2.128037716838532267e-05
2.102343030000000454e+03	1.599555199172097986e-05
2.102373160000000553e+03	2.571082131577751007e-05
2.102403290000000197e+03	3.542609063984097917e-05
2.102433430000000499e+03	5.014126546317582145e-05
2.102463560000000143e+03	5.985653478724622945e-05
2.102493700000000445e+03	6.457170961057800973e-05
2.102523830000000544e+03	6.428697893463147794e-05
2.102553960000000188e+03	4.900224825869770040e-05
2.102584100000000490e+03	2.871742308203223404e-05
2.102614230000000134e+03	8.432692406093456050e-06
2.102644360000000233e+03	-1.852038269849198837e-06
2.102674500000000535e+03	-7.136863446513541653e-06
2.102704630000000179e+03	2.578405877549927450e-06
2.102734770000000481e+03	2.229358070088283128e-05
2.102764900000000580e+03	4.200885002494242348e-05
2.102795030000000224e+03	5.672411934900395414e-05
2.102825170000000526e+03	6.143929417233573442e-05
2.102855300000000170e+03	5.615456349639807998e-05
2.102885430000000270e+03	5.086983282045348664e-05
2.102915570000000571e+03	4.058500764379108228e-05
2.102945700000000215e+03	4.030027696785148938e-05
2.102975840000000517e+03	4.001545179118520812e-05
2.103005970000000161e+03	3.973072111525255412e-05
2.103036100000000260e+03	3.444599043930796078e-05
2.103066240000000562e+03	1.916116526264749487e-05
2.103096370000000206e+03	-1.123565413291283122e-06
2.103126510000000508e+03	-1.640839058995868793e-05
2.103156640000000152e+03	-2.669312126589440393e-05
2.103186770000000251e+03	-1.697785194183093482e-05
2.103216910000000553e+03	7.737322881500030558e-06
2.103247040000000197e+03	4.245259220556074631e-05
2.103277170000000297e+03	7.716786152962146206e-05
2.103307310000000143e+03	9.688303635295436589e-05
2.103337440000000242e+03	1.015983056770128345e-04
2.103367580000000544e+03	8.631348050035236863e-05
2.103397710000000188e+03	6.102874982440859020e-05
2.103427840000000288e+03	3.574401914847175066e-05
2.103457980000000134e+03	2.045919397180434585e-05
2.103488110000000233e+03	2.017446329586475295e-05
2.103518240000000333e+03	2.988973261992822206e-05
2.103548380000000179e+03	3.960490744325806389e-05
2.103578510000000279e+03	3.432017676732040945e-05
2.103608650000000580e+03	1.903535159065300464e-05
2.103638780000000224e+03	-6.249379085276896006e-06
2.103668910000000324e+03	-3.153410976122761333e-05
2.103699050000000170e+03	-4.681893493788807925e-05
2.103729180000000270e+03	-4.710366561382767214e-05
2.103759320000000571e+03	-3.238849079049282986e-05
2.103789450000000215e+03	-2.673221466423236770e-06
2.103819580000000315e+03	2.204204785762747809e-05
2.103849720000000161e+03	4.175722268096732082e-05
2.103879850000000260e+03	4.147249200502772792e-05
2.103909980000000360e+03	3.118776132908507304e-05
2.103940120000000206e+03	5.902936152421545124e-06
2.103970250000000306e+03	-9.381794523512232420e-06
2.104000390000000152e+03	-1.966661970018157568e-05
2.104030520000000251e+03	-1.495135037612310702e-05
2.104060650000000351e+03	-2.360810520615763686e-07
2.104090790000000197e+03	2.447909377127632791e-05
2.104120920000000297e+03	4.419436309533592011e-05
2.104151060000000143e+03	4.890953791866770040e-05
2.104181190000000242e+03	4.862480724272810750e-05
2.104211320000000342e+03	2.834007656678932952e-05
2.104241460000000188e+03	8.055251390130802047e-06
2.104271590000000288e+03	-1.222947928581491484e-05
2.104301720000000387e+03	-2.751420996175563127e-05
2.104331860000000233e+03	-2.779903513841497364e-05
2.104361990000000333e+03	-2.308376581436344388e-05
2.104392130000000179e+03	-8.368590991014723812e-06
2.104422260000000279e+03	1.346678333034867503e-06
2.104452390000000378e+03	1.606194765709639816e-05
2.104482530000000224e+03	2.577712248044011778e-05
2.104512660000000324e+03	3.049239180449164754e-05
2.104542790000000423e+03	4.020766112855511665e-05
2.104572930000000270e+03	5.492283595188995893e-05
2.104603060000000369e+03	6.463810527595342803e-05
2.104633200000000215e+03	7.435328009929020876e-05
2.104663330000000315e+03	7.406854942335061587e-05
2.104693460000000414e+03	7.378381874741102298e-05
2.104723600000000260e+03	7.349899357074474171e-05
2.104753730000000360e+03	7.321426289480514882e-05
2.104783870000000206e+03	8.292943771813499065e-05
2.104814000000000306e+03	9.764470704219652131e-05
2.104844130000000405e+03	1.123599763662580520e-04
2.104874270000000251e+03	1.120751511895917707e-04
2.104904400000000351e+03	1.017904205136491158e-04
2.104934530000000450e+03	6.650568983770921427e-05
2.104964670000000297e+03	1.622086466104843971e-05
2.104994800000000396e+03	-2.906386601489452381e-05
2.105024940000000242e+03	-6.434869119155417483e-05
2.105055070000000342e+03	-7.463342186749682972e-05
2.105085200000000441e+03	-5.991815254344223796e-05
2.105115340000000288e+03	-2.520297772010127169e-05
2.105145470000000387e+03	9.512291603959444064e-06
2.105175600000000486e+03	3.422756092801709782e-05
2.105205740000000333e+03	3.894273575136275589e-05
2.105235870000000432e+03	3.365800507541816255e-05
2.105266010000000279e+03	2.337317989875575819e-05
2.105296140000000378e+03	1.808844922281810375e-05
2.105326270000000477e+03	2.780371854686769506e-05
2.105356410000000324e+03	4.751889337020753779e-05
2.105386540000000423e+03	6.223416269426906844e-05
2.105416680000000270e+03	7.194933751760584917e-05
2.105446810000000369e+03	6.666460684166819473e-05
2.105476940000000468e+03	4.637987616572247784e-05
2.105507080000000315e+03	1.609505098906088838e-05
2.105537210000000414e+03	-1.418967968688095160e-05
2.105567340000000513e+03	-2.447441036281666760e-05
2.105597480000000360e+03	-2.475923553948294886e-05
2.105627610000000459e+03	-1.004396621542835710e-05
2.105657750000000306e+03	9.671208607918424516e-06
2.105687880000000405e+03	2.438647793196607738e-05
2.105718010000000504e+03	2.410174725602648449e-05
2.105748150000000351e+03	8.816922079372957466e-06
2.105778280000000450e+03	-1.146780859657969831e-05
2.105808420000000297e+03	-3.175263377323128688e-05
2.105838550000000396e+03	-5.203736444917700377e-05
2.105868680000000495e+03	-5.732209512511465821e-05
2.105898820000000342e+03	-6.260692030177206213e-05
2.105928950000000441e+03	-5.789165097772053237e-05
2.105959080000000540e+03	-5.317638165366206371e-05
2.105989220000000387e+03	-4.846120683032334453e-05
2.106019350000000486e+03	-3.874593750625987543e-05
2.106049490000000333e+03	-2.903076268292309470e-05
2.106079620000000432e+03	-1.431549335886850294e-05
2.106109750000000531e+03	3.997759651930277158e-07
2.106139890000000378e+03	2.011495078852593155e-05
2.106170020000000477e+03	2.983022011258940065e-05
2.106200150000000576e+03	3.454548943664786931e-05
2.106230290000000423e+03	2.426066425998546494e-05
2.106260420000000522e+03	8.975933584044748503e-06
2.106290560000000369e+03	-1.630889159262571830e-05
2.106320690000000468e+03	-4.159362226856255784e-05
2.106350820000000567e+03	-5.687835294450327428e-05
2.106380960000000414e+03	-6.716317812115873975e-05
2.106411090000000513e+03	-6.244790879710720999e-05
2.106441230000000360e+03	-4.773273397376542881e-05
2.106471360000000459e+03	-2.801746464970583661e-05
2.106501490000000558e+03	-8.302195325653183300e-06
2.106531630000000405e+03	6.412979497695536768e-06
2.106561760000000504e+03	1.112824882174706653e-05
2.106591890000000149e+03	1.084351814581441253e-05
2.106622030000000450e+03	5.586929691520081676e-07
2.106652160000000549e+03	-9.726037706797585614e-06
2.106682300000000396e+03	-1.501086288345498954e-05
2.106712430000000495e+03	-2.029559355939958287e-05
2.106742560000000140e+03	-2.058032423533917576e-05
2.106772700000000441e+03	-2.086514941200545703e-05
2.106802830000000540e+03	-2.114988008794504992e-05
2.106832970000000387e+03	-2.643470526460939274e-05
2.106863100000000486e+03	-3.171943594054704718e-05
2.106893230000000131e+03	-2.700416661648857852e-05
2.106923370000000432e+03	-1.228899179315373624e-05
2.106953500000000531e+03	7.426277530905855961e-06
2.106983630000000176e+03	2.714154685496544817e-05
2.107013770000000477e+03	4.185672167830029045e-05
2.107043900000000576e+03	4.157199100236069755e-05
2.107074040000000423e+03	3.128716582569829319e-05
2.107104170000000522e+03	6.002435149754514754e-06
2.107134300000000167e+03	-1.928229552617538589e-05
2.107164440000000468e+03	-2.956712070284472915e-05
2.107194570000000567e+03	-2.485185137879319939e-05
2.107224700000000212e+03	-1.365820547216678449e-07
2.107254840000000513e+03	3.457859276861235953e-05
2.107284970000000158e+03	6.929386209268001418e-05
2.107315110000000459e+03	9.400903691601097956e-05
2.107345240000000558e+03	9.872430624006250932e-05
2.107375370000000203e+03	9.343957556413179377e-05
2.107405510000000504e+03	6.815475038746826586e-05
2.107435640000000149e+03	4.287001971152448743e-05
2.107465780000000450e+03	2.258519453485902106e-05
2.107495910000000549e+03	2.300463858920243077e-06
2.107526040000000194e+03	-7.984266817015472917e-06
2.107556180000000495e+03	-2.326909199368287773e-05
2.107586310000000140e+03	-3.355382266962553262e-05
2.107616440000000239e+03	-4.383855334556124861e-05
2.107646580000000540e+03	-5.412337852223059187e-05
2.107676710000000185e+03	-5.940810919816824631e-05
2.107706850000000486e+03	-4.969293437483840448e-05
2.107736980000000131e+03	-3.497766505076993493e-05
2.107767110000000230e+03	-1.526239572671728162e-05
2.107797250000000531e+03	1.445277909662562310e-05
2.107827380000000176e+03	3.916804842068327686e-05
2.107857510000000275e+03	5.888331774474286906e-05
2.107887650000000576e+03	6.859849256807964979e-05
2.107917780000000221e+03	5.831376189213699490e-05
2.107947920000000522e+03	3.802893671547846743e-05
2.107978050000000167e+03	1.274420603954162790e-05
2.108008180000000266e+03	-1.754052463640021209e-05
2.108038320000000567e+03	-3.782534981306567845e-05
2.108068450000000212e+03	-4.311008048900333289e-05
2.108098590000000513e+03	-3.339490566567349106e-05
2.108128720000000158e+03	-3.679636341610836858e-06
2.108158850000000257e+03	3.103563298244987889e-05
2.108188990000000558e+03	6.075080780578584472e-05
2.108219120000000203e+03	7.546607712984737537e-05
2.108249250000000302e+03	7.018134645390278203e-05
2.108279390000000149e+03	4.489652127723925412e-05
2.108309520000000248e+03	9.611790601299352588e-06
2.108339660000000549e+03	-2.067303457536917577e-05
2.108369790000000194e+03	-3.595776525130295331e-05
2.108399920000000293e+03	-3.624249592724948510e-05
2.108430060000000140e+03	-2.152732110390770393e-05
2.108460190000000239e+03	-1.812051779848111721e-06
2.108490330000000540e+03	7.903123043488669008e-06
2.108520460000000185e+03	2.618392367557953460e-06
2.108550590000000284e+03	-1.766633830838776342e-05
2.108580730000000131e+03	-4.295116348505129134e-05
2.108610860000000230e+03	-6.323589416099006932e-05
2.108640990000000329e+03	-6.352062483693660111e-05
2.108671130000000176e+03	-4.880545001359481994e-05
2.108701260000000275e+03	-1.909018068953216574e-05
2.108731400000000576e+03	1.562499413379492275e-05
2.108761530000000221e+03	4.034026345785951539e-05
2.108791660000000320e+03	4.005553278191992250e-05
2.108821800000000167e+03	2.477070760525251769e-05
2.108851930000000266e+03	-5.140230706843218478e-07
2.108882060000000365e+03	-2.579875374662810028e-05
2.108912200000000212e+03	-3.108357892329244310e-05
2.108942330000000311e+03	-1.636830959923091244e-05
2.108972470000000158e+03	8.346865224106991832e-06
2.109002600000000257e+03	3.806213454816270714e-05
2.109032730000000356e+03	5.777740387222229934e-05
2.109062870000000203e+03	5.249257869556489542e-05
2.109093000000000302e+03	2.720784801961417809e-05
2.109123140000000149e+03	-8.076977157038534028e-06
2.109153270000000248e+03	-3.836170783298037401e-05
2.109183400000000347e+03	-5.364643850892802934e-05
2.109213540000000194e+03	-4.393126368558430972e-05
2.109243670000000293e+03	-1.921599436152665596e-05
2.109273800000000392e+03	1.049927496252905934e-05
2.109303940000000239e+03	3.521444978587390251e-05
2.109334070000000338e+03	4.492971910993043272e-05
2.109364210000000185e+03	3.464489393326802835e-05
2.109394340000000284e+03	1.436016325732925036e-05
2.109424470000000383e+03	-5.924567418609527625e-06
2.109454610000000230e+03	-2.120939259527693244e-05
2.109484740000000329e+03	-2.149412327121652533e-05
2.109514870000000428e+03	-1.177885394715999512e-05
2.109545010000000275e+03	-2.063679123823214390e-06
2.109575140000000374e+03	-2.348409799762807282e-06
2.109605280000000221e+03	-1.263323497643215054e-05
2.109635410000000320e+03	-3.291796565237092853e-05
2.109665540000000419e+03	-5.320269632830970652e-05
2.109695680000000266e+03	-6.848752150497711133e-05
2.109725810000000365e+03	-7.377225218091476577e-05
2.109755950000000212e+03	-5.905707735757298460e-05
2.109786080000000311e+03	-3.434180803351533084e-05
2.109816210000000410e+03	3.734612905384460113e-07
2.109846350000000257e+03	3.508863611387941228e-05
2.109876480000000356e+03	5.480390543793900449e-05
2.109906610000000455e+03	6.451917476199553469e-05
2.109936750000000302e+03	5.923434958534506967e-05
2.109966880000000401e+03	3.394961890939435234e-05
2.109997020000000248e+03	3.664793732732762876e-06
2.110027150000000347e+03	-2.661993694320213821e-05
2.110057280000000446e+03	-4.690466761914785510e-05
2.110087420000000293e+03	-4.718949279580719747e-05
2.110117550000000392e+03	-3.247422347174566681e-05
2.110147690000000239e+03	2.240951351581421669e-06
2.110177820000000338e+03	3.695622067564213742e-05
2.110207950000000437e+03	7.167148999970285317e-05
2.110238090000000284e+03	8.638666482303769545e-05
2.110268220000000383e+03	7.610193414710197946e-05
2.110298350000000482e+03	5.581720347116320147e-05
2.110328490000000329e+03	2.553237829449467311e-05
2.110358620000000428e+03	2.476476185508946770e-07
2.110388760000000275e+03	-2.003717755810763279e-05
2.110418890000000374e+03	-3.532190823404834923e-05
2.110449020000000473e+03	-4.560663890999100412e-05
2.110479160000000320e+03	-6.089146408665147003e-05
2.110509290000000419e+03	-8.117619476259718692e-05
2.110539420000000518e+03	-1.114609254385390269e-04
2.110569560000000365e+03	-1.317457506151975544e-04
2.110599690000000464e+03	-1.370304812911352088e-04
2.110629830000000311e+03	-1.223153064677934276e-04
2.110659960000000410e+03	-8.260003714374158923e-05
2.110690090000000509e+03	-3.788476781967781148e-05
2.110720230000000356e+03	6.830407003659277887e-06
2.110750360000000455e+03	3.154567632771693164e-05
2.110780500000000302e+03	3.626085115105565082e-05
2.110810630000000401e+03	2.597612047511299593e-05
2.110840760000000500e+03	5.691389799174217945e-06
2.110870900000000347e+03	-9.593435377493186866e-06
2.110901030000000446e+03	-1.987816605342890286e-05
2.110931160000000546e+03	-2.016289672936849575e-05
2.110961300000000392e+03	-2.044772190603477702e-05
2.110991430000000491e+03	-2.073245258197436991e-05
2.111021570000000338e+03	-2.601727775864565162e-05
2.111051700000000437e+03	-3.630200843458136761e-05
2.111081830000000537e+03	-5.158673911052208405e-05
2.111111970000000383e+03	-5.687156428718642687e-05
2.111142100000000482e+03	-5.715629496312601976e-05
2.111172240000000329e+03	-4.744112013978923903e-05
2.111202370000000428e+03	-3.772585081572576993e-05
2.111232500000000528e+03	-3.801058149167230171e-05
2.111262640000000374e+03	-4.329540666832970564e-05
2.111292770000000473e+03	-5.358013734427236052e-05
2.111322900000000573e+03	-6.886486802022001585e-05
2.111353040000000419e+03	-6.914969319687241933e-05
2.111383170000000518e+03	-5.943442387281588912e-05
2.111413310000000365e+03	-2.971924904947992330e-05
2.111443440000000464e+03	9.996020274585792897e-06
2.111473570000000564e+03	4.971128959863763130e-05
2.111503710000000410e+03	7.442646442197553558e-05
2.111533840000000509e+03	7.914173374604094313e-05
2.111563970000000154e+03	6.385700307010022669e-05
2.111594110000000455e+03	3.357217789343169834e-05
2.111624240000000555e+03	-6.712552782506264748e-06
2.111654380000000401e+03	-3.699737795917479311e-05
2.111684510000000500e+03	-5.728210863511357109e-05
2.111714640000000145e+03	-5.756683931105316399e-05
2.111744780000000446e+03	-3.785166448772026015e-05
2.111774910000000546e+03	-8.136395163657605956e-06
2.111805050000000392e+03	2.157877965967835987e-05
2.111835180000000491e+03	5.129404898373407518e-05
2.111865310000000136e+03	7.100931830780060627e-05
2.111895450000000437e+03	8.572449313113544855e-05
2.111925580000000537e+03	9.543976245519197876e-05
2.111955710000000181e+03	9.515503177925932476e-05
2.111985850000000482e+03	9.487020660259304350e-05
2.112015980000000582e+03	8.458547592665038861e-05
2.112046120000000428e+03	7.430065074999492314e-05
2.112076250000000528e+03	5.401592007404226736e-05
2.112106380000000172e+03	2.873118939811236672e-05
2.112136520000000473e+03	3.446364221448838805e-06
2.112166650000000573e+03	-1.683836645449687808e-05
2.112196780000000217e+03	-2.712309713043259407e-05
2.112226920000000518e+03	-2.240792230710081379e-05
2.112257050000000163e+03	-7.692652983039283132e-06
2.112287190000000464e+03	1.702252184029168225e-05
2.112317320000000564e+03	4.173779116435627490e-05
2.112347450000000208e+03	5.145306048841280511e-05
2.112377590000000509e+03	4.116823531175040074e-05
2.112407720000000154e+03	2.088350463581162275e-05
2.112437860000000455e+03	-9.401320540856905605e-06
2.112467990000000555e+03	-3.468605121679374514e-05
2.112498120000000199e+03	-4.497078189273640003e-05
2.112528260000000500e+03	-4.025560706940461975e-05
2.112558390000000145e+03	-2.054033774533808865e-05
2.112588520000000244e+03	4.174931578726504000e-06
2.112618660000000546e+03	2.389010640205940783e-05
2.112648790000000190e+03	3.360537572612287693e-05
2.112678930000000491e+03	2.832055054945853412e-05
2.112709060000000136e+03	8.035819873519756129e-06
2.112739190000000235e+03	-1.224891080241902186e-05
2.112769330000000537e+03	-2.753373597908642667e-05
2.112799460000000181e+03	-3.281846665502408111e-05
2.112829600000000482e+03	-2.810329183169230083e-05
2.112859730000000582e+03	-1.838802250762883173e-05
2.112889860000000226e+03	-8.672753183572301516e-06
2.112920000000000528e+03	-3.957578360233582337e-06
2.112950130000000172e+03	-9.242309036178175674e-06
2.112980260000000271e+03	-1.952703971211389167e-05
2.113010400000000573e+03	-2.981186488878323493e-05
2.113040530000000217e+03	-4.009659556471895092e-05
2.113070670000000518e+03	-4.538142074139023263e-05
2.113100800000000163e+03	-4.066615141732482508e-05
2.113130930000000262e+03	-3.095088209326829487e-05
2.113161070000000564e+03	-1.623570726993345259e-05
2.113191200000000208e+03	-1.520437945864983043e-06
2.113221330000000307e+03	8.194831378184608273e-06
2.113251470000000154e+03	1.291000620153026635e-05
2.113281600000000253e+03	1.762527552558873500e-05
2.113311740000000555e+03	1.734045034892245374e-05
2.113341870000000199e+03	1.205571967299173819e-05
2.113372000000000298e+03	6.770988997040205959e-06
2.113402140000000145e+03	-8.513836179613321065e-06
2.113432270000000244e+03	-2.879856685555903795e-05
2.113462410000000546e+03	-4.408339203221950386e-05
2.113492540000000190e+03	-6.436812270815828185e-05
2.113522670000000289e+03	-6.965285338410287519e-05
2.113552810000000136e+03	-6.993767856076915646e-05
2.113582940000000235e+03	-5.522240923670762580e-05
2.113613070000000334e+03	-3.050713991264997205e-05
2.113643210000000181e+03	-5.791965089312067771e-06
2.113673340000000280e+03	1.392330423474752443e-05
2.113703480000000582e+03	1.863847905807930472e-05
2.113733610000000226e+03	1.335374838214165027e-05
2.113763740000000325e+03	-1.930982293799066163e-06
2.113793880000000172e+03	-1.721580747045953208e-05
2.113824010000000271e+03	-2.250053814640412542e-05
2.113854150000000573e+03	-2.278536332307040668e-05
2.113884280000000217e+03	-1.807009399900499913e-05
2.113914410000000316e+03	-8.354824674948468921e-06
2.113944550000000163e+03	1.360350148395250702e-06
2.113974680000000262e+03	1.075619472448718916e-06
2.114004810000000361e+03	-4.209111203488935526e-06
2.114034950000000208e+03	-1.449393638014440100e-05
2.114065080000000307e+03	-1.977866705609593323e-05
2.114095220000000154e+03	-1.506349223275027516e-05
2.114125350000000253e+03	-5.348222908693744948e-06
2.114155480000000352e+03	4.367046415369724155e-06
2.114185620000000199e+03	4.082221238703442889e-06
2.114215750000000298e+03	-6.202509437239211998e-06
2.114245880000000398e+03	-3.148724011317605154e-05
2.114276020000000244e+03	-5.677206528984651834e-05
2.114306150000000343e+03	-8.205679596578335788e-05
2.114336290000000190e+03	-8.734162114244770070e-05
2.114366420000000289e+03	-8.262635181838923204e-05
2.114396550000000389e+03	-6.291108249432963984e-05
2.114426690000000235e+03	-3.819590767099867445e-05
2.114456820000000334e+03	-1.848063834693214336e-05
2.114486960000000181e+03	-1.376546352359342418e-05
2.114517090000000280e+03	-1.405019419953301707e-05
2.114547220000000380e+03	-1.933492487547761041e-05
2.114577360000000226e+03	-2.461975005214195322e-05
2.114607490000000325e+03	-1.990448072807654567e-05
2.114637620000000425e+03	-1.018921140402695436e-05
2.114667760000000271e+03	-4.740365806762958378e-07
2.114697890000000370e+03	4.241232743375233927e-06
2.114728030000000217e+03	-1.043592433282169996e-06
2.114758160000000316e+03	-6.328323109226763332e-06
2.114788290000000416e+03	-1.161305378517135667e-05
2.114818430000000262e+03	-1.689787896182876059e-05
2.114848560000000361e+03	-7.182609637772230382e-06
2.114878690000000461e+03	2.532659686284299827e-06
2.114908830000000307e+03	7.247834509623019006e-06
2.114938960000000407e+03	1.963103833685364563e-06
2.114969100000000253e+03	-8.321721342983978698e-06
2.114999230000000352e+03	-2.860645201892275669e-05
2.115029360000000452e+03	-4.389118269486347312e-05
2.115059500000000298e+03	-5.417600787152587749e-05
2.115089630000000398e+03	-4.446073854746934728e-05
2.115119770000000244e+03	-2.974556372412756611e-05
2.115149900000000343e+03	-1.503029440007297435e-05
2.115180030000000443e+03	-1.031502507601450569e-05
2.115210170000000289e+03	-2.059985025266997116e-05
2.115240300000000389e+03	-4.088458092861568804e-05
2.115270430000000488e+03	-6.616931160455946648e-05
2.115300570000000334e+03	-8.145413678121299350e-05
2.115330700000000434e+03	-8.673886745716452573e-05
2.115360840000000280e+03	-8.202369263381192876e-05
2.115390970000000380e+03	-6.730842330976427590e-05
2.115421100000000479e+03	-5.259315398570274525e-05
2.115451240000000325e+03	-3.787797916236096407e-05
2.115481370000000425e+03	-3.316270983830943431e-05
2.115511510000000271e+03	-3.344753501496877668e-05
2.115541640000000370e+03	-2.373226569090530758e-05
2.115571770000000470e+03	-1.401699636684877737e-05
2.115601910000000316e+03	5.698178456491065358e-06
2.115632040000000416e+03	2.541344778055065756e-05
2.115662170000000515e+03	4.012871710461218822e-05
2.115692310000000361e+03	4.984389192794203005e-05
2.115722440000000461e+03	4.955916125200243716e-05
2.115752580000000307e+03	4.427433607533809434e-05
2.115782710000000407e+03	2.898960539939737791e-05
2.115812840000000506e+03	1.370487472345666147e-05
2.115842980000000352e+03	-6.579950453208804895e-06
2.115873110000000452e+03	-2.686468112914758288e-05
2.115903240000000551e+03	-4.714941180508636087e-05
2.115933380000000398e+03	-6.243423698174682679e-05
2.115963510000000497e+03	-6.271896765769335857e-05
2.115993650000000343e+03	-4.800379283435157740e-05
2.116023780000000443e+03	-1.828852351029586210e-05
2.116053910000000542e+03	1.142674581375985321e-05
2.116084050000000389e+03	3.114192063710663483e-05
2.116114180000000488e+03	3.085718996116010304e-05
2.116144320000000334e+03	5.572364784503514024e-06
2.116174450000000434e+03	-3.971236589143944951e-05
2.116204580000000533e+03	-8.999709656738047459e-05
2.116234720000000380e+03	-1.202819217440420640e-04
2.116264850000000479e+03	-1.205666524199816569e-04
2.116294980000000578e+03	-9.585138309593094208e-05
2.116325120000000425e+03	-4.613620827258885226e-05
2.116355250000000524e+03	3.579061051472987032e-06
2.116385390000000370e+03	3.829423587480701441e-05
2.116415520000000470e+03	5.300950519886854506e-05
2.116445650000000569e+03	4.272477452292589017e-05
2.116475790000000416e+03	2.743994934625848536e-05
2.116505920000000515e+03	1.715521867032276937e-05
2.116536050000000159e+03	1.687048799438317648e-05
2.116566190000000461e+03	3.158566281771801876e-05
2.116596320000000560e+03	4.630093214177261052e-05
2.116626460000000407e+03	5.601610696511633014e-05
2.116656590000000506e+03	5.073137628917173680e-05
2.116686720000000150e+03	2.544664561323489727e-05
2.116716860000000452e+03	-4.838179563426692198e-06
2.116746990000000551e+03	-3.512291023936853218e-05
2.116777130000000398e+03	-5.540773541602705965e-05
2.116807260000000497e+03	-6.569246609197665343e-05
2.116837390000000141e+03	-6.097719676791124588e-05
2.116867530000000443e+03	-5.126202194457446515e-05
2.116897660000000542e+03	-4.154675262051099605e-05
2.116927790000000186e+03	-3.183148329645446584e-05
2.116957930000000488e+03	-2.211630847311768511e-05
2.116988060000000132e+03	-1.240103914906115490e-05
2.117018200000000434e+03	2.314135674273687382e-06
2.117048330000000533e+03	1.202940499833715648e-05
2.117078460000000177e+03	2.174467432239368669e-05
2.117108600000000479e+03	2.145984914572740543e-05
2.117138730000000578e+03	6.175118469786688991e-06
2.117168870000000425e+03	-9.109706706873776927e-06
2.117199000000000524e+03	-2.439443738281449336e-05
2.117229130000000168e+03	-2.967916805875908670e-05
2.117259270000000470e+03	-2.496399323542036752e-05
2.117289400000000569e+03	-1.024872391135883687e-05
2.117319530000000213e+03	4.466545412695754891e-06
2.117349670000000515e+03	9.181720236041412964e-06
2.117379800000000159e+03	-1.103010439901241924e-06
2.117409940000000461e+03	-2.138783561656670829e-05
2.117440070000000560e+03	-4.667256629250354782e-05
2.117470200000000204e+03	-7.195729696844038736e-05
2.117500340000000506e+03	-7.724212214510473018e-05
2.117530470000000150e+03	-6.252685282104319953e-05
2.117560600000000250e+03	-4.281158349698360732e-05
2.117590740000000551e+03	-1.809640867365264194e-05
2.117620870000000195e+03	1.618860650406950263e-06
2.117651010000000497e+03	1.334035473740668998e-06
2.117681140000000141e+03	-3.950695202196985445e-06
2.117711270000000241e+03	-1.923542587813770188e-05
2.117741410000000542e+03	-2.952025105480010625e-05
2.117771540000000186e+03	-3.480498173074469959e-05
2.117801680000000488e+03	-3.008980690740598041e-05
2.117831810000000132e+03	-2.537453758334751175e-05
2.117861940000000232e+03	-2.065926825928904309e-05
2.117892080000000533e+03	-2.094409343595532436e-05
2.117922210000000177e+03	-3.122882411188410146e-05
2.117952340000000277e+03	-4.151355478783369524e-05
2.117982480000000578e+03	-5.179837996449609960e-05
2.118012610000000222e+03	-5.708311064043375405e-05
2.118042750000000524e+03	-5.736793581710003531e-05
2.118072880000000168e+03	-5.265266649302768887e-05
2.118103010000000268e+03	-4.793739716897615910e-05
2.118133150000000569e+03	-4.822222234564244037e-05
2.118163280000000213e+03	-5.350695302157315592e-05
2.118193420000000515e+03	-6.379177819824249918e-05
2.118223550000000159e+03	-6.907650887418015362e-05
2.118253680000000259e+03	-6.936123955011974651e-05
2.118283820000000560e+03	-6.464606472678796623e-05
2.118313950000000204e+03	-5.493079540272449712e-05
2.118344080000000304e+03	-4.521552607866796691e-05
2.118374220000000150e+03	-3.550035125533118618e-05
2.118404350000000250e+03	-3.078508193127271753e-05
2.118434490000000551e+03	-2.606990710794093724e-05
2.118464620000000195e+03	-2.135463778387552969e-05
2.118494750000000295e+03	-1.663936845981706103e-05
2.118524890000000141e+03	-6.924193636480280301e-06
2.118555020000000241e+03	-7.208924312426812087e-06
2.118585150000000340e+03	-7.493654988366404979e-06
2.118615290000000186e+03	-1.277848016502380890e-05
2.118645420000000286e+03	-1.806321084096840224e-05
2.118675560000000132e+03	-1.334803601762274416e-05
2.118705690000000232e+03	1.367233306431847595e-06
2.118735820000000331e+03	2.608250263048950135e-05
2.118765960000000177e+03	5.579767745383240607e-05
2.118796090000000277e+03	7.051294677788699783e-05
2.118826230000000578e+03	7.522812160122571701e-05
2.118856360000000222e+03	5.994339092528500057e-05
2.118886490000000322e+03	2.965866024935009948e-05
2.118916630000000168e+03	-6.261649273184288766e-07
2.118946760000000268e+03	-2.091089560325720687e-05
2.118976890000000367e+03	-2.119562627919679976e-05
2.119007030000000213e+03	-6.480451455861957477e-06
2.119037160000000313e+03	1.323481786819763473e-05
2.119067300000000159e+03	3.294999269153053856e-05
2.119097430000000259e+03	4.266526201558706877e-05
2.119127560000000358e+03	3.238053133965135277e-05
2.119157700000000204e+03	1.709570616298394796e-05
2.119187830000000304e+03	1.810975487043231524e-06
2.119217960000000403e+03	-1.347375518889748491e-05
2.119248100000000250e+03	-1.875858036556182773e-05
2.119278230000000349e+03	-1.904331104150142062e-05
2.119308370000000195e+03	-2.432813621815882454e-05
2.119338500000000295e+03	-3.961286689409954098e-05
2.119368630000000394e+03	-6.489759757004331941e-05
2.119398770000000241e+03	-9.018242274670684733e-05
2.119428900000000340e+03	-1.154671534226436869e-04
2.119459040000000186e+03	-1.257519785993060912e-04
2.119489170000000286e+03	-1.110367092752445606e-04
2.119519300000000385e+03	-8.632143995119384572e-05
2.119549440000000232e+03	-4.660626512784787900e-05
2.119579570000000331e+03	-1.189099580378716325e-05
2.119609700000000430e+03	1.782427352026161316e-05
2.119639840000000277e+03	2.253944834360727123e-05
2.119669970000000376e+03	1.725471766766267789e-05
2.119700110000000222e+03	-3.030107509002788468e-06
2.119730240000000322e+03	-2.831483818493962801e-05
2.119760370000000421e+03	-5.359956886088340644e-05
2.119790510000000268e+03	-7.388439403754887280e-05
2.119820640000000367e+03	-8.416912471348458880e-05
2.119850780000000213e+03	-8.445394989014393117e-05
2.119880910000000313e+03	-7.973868056609240140e-05
2.119911040000000412e+03	-7.002341124202893230e-05
2.119941180000000259e+03	-6.030823641869215157e-05
2.119971310000000358e+03	-5.559296709464062181e-05
2.120001440000000457e+03	-5.087769777057521425e-05
2.120031580000000304e+03	-5.616252294723955707e-05
2.120061710000000403e+03	-6.144725362318415041e-05
2.120091850000000250e+03	-6.673207879983461543e-05
2.120121980000000349e+03	-6.201680947578308567e-05
2.120152110000000448e+03	-4.730154015172155502e-05
2.120182250000000295e+03	-3.758636532837783539e-05
2.120212380000000394e+03	-2.787109600432824408e-05
2.120242510000000493e+03	-2.315582668026977542e-05
2.120272650000000340e+03	-2.844065185692717934e-05
2.120302780000000439e+03	-3.872538253286289534e-05
2.120332920000000286e+03	-4.901020770953223860e-05
2.120363050000000385e+03	-4.429493838547376994e-05
2.120393180000000484e+03	-3.457966906141030083e-05
2.120423320000000331e+03	-1.486449423807739700e-05
2.120453450000000430e+03	-1.492249140158663501e-07
2.120483590000000277e+03	9.565949909313975486e-06
2.120513720000000376e+03	9.281219233374382593e-06
2.120543850000000475e+03	-6.003511442559394951e-06
2.120573990000000322e+03	-2.128833661922679976e-05
2.120604120000000421e+03	-3.157306729516945465e-05
2.120634250000000520e+03	-2.685779797111098599e-05
2.120664390000000367e+03	-1.714262314776726637e-05
2.120694520000000466e+03	-2.427353823712674608e-06
2.120724660000000313e+03	7.287820999624106122e-06
2.120754790000000412e+03	7.003090323684513230e-06
2.120784920000000511e+03	-8.281640352256203208e-06
2.120815060000000358e+03	-2.856646552891473068e-05
2.120845190000000457e+03	-4.885119620486044756e-05
2.120875320000000556e+03	-5.913592688080310245e-05
2.120905460000000403e+03	-4.942075205745938282e-05
2.120935590000000502e+03	-3.470548273340479106e-05
2.120965730000000349e+03	-9.990307910059947893e-06
2.120995860000000448e+03	4.724961413994643866e-06
2.121025990000000547e+03	9.440230738053112525e-06
2.121056130000000394e+03	-8.445944386092918421e-07
2.121086260000000493e+03	-1.612932511455000828e-05
2.121116400000000340e+03	-3.641415029121547464e-05
2.121146530000000439e+03	-4.669888096715119064e-05
2.121176660000000538e+03	-5.698361164309384552e-05
2.121206800000000385e+03	-6.226843681975818834e-05
2.121236930000000484e+03	-6.755316749570278168e-05
2.121267060000000129e+03	-7.283789817164043612e-05
2.121297200000000430e+03	-8.312272334830284048e-05
2.121327330000000529e+03	-9.340745402424549537e-05
2.121357470000000376e+03	-9.869227920090289929e-05
2.121387600000000475e+03	-9.397700987685136953e-05
2.121417730000000574e+03	-8.426174055278790043e-05
2.121447870000000421e+03	-6.454656572944805770e-05
2.121478000000000520e+03	-4.483129640539540439e-05
2.121508140000000367e+03	-3.011612158204668432e-05
2.121538270000000466e+03	-2.040085225799709301e-05
2.121568400000000565e+03	-1.568558293393168546e-05
2.121598540000000412e+03	-1.597040811059102783e-05
2.121628670000000511e+03	-6.255138786541436513e-06
2.121658800000000156e+03	3.460130537528971484e-06
2.121688940000000457e+03	1.817530536085687487e-05
2.121719070000000556e+03	3.289057468491840552e-05
2.121749210000000403e+03	4.260574950825518625e-05
2.121779340000000502e+03	4.232101883231559336e-05
2.121809470000000147e+03	3.703628815637793892e-05
2.121839610000000448e+03	2.175146297971053411e-05
2.121869740000000547e+03	-3.533267696233244326e-06
2.121899870000000192e+03	-2.381799837217202231e-05
2.121930010000000493e+03	-3.910282354883942713e-05
2.121960140000000138e+03	-4.938755422477514312e-05
2.121990280000000439e+03	-5.467237940143948594e-05
2.122020410000000538e+03	-5.995711007738407927e-05
2.122050540000000183e+03	-6.524184075332173371e-05
2.122080680000000484e+03	-7.052666592997913764e-05
2.122110810000000129e+03	-7.581139660592373097e-05
2.122140950000000430e+03	-7.609622178259001224e-05
2.122171080000000529e+03	-7.138095245852460469e-05
2.122201210000000174e+03	-5.166568313446501248e-05
2.122231350000000475e+03	-2.195050831112210776e-05
2.122261480000000574e+03	7.764761012926668649e-06
2.122291610000000219e+03	3.248003033699820019e-05
2.122321750000000520e+03	4.219520516032804203e-05
2.122351880000000165e+03	4.191047448438844913e-05
2.122382020000000466e+03	2.662564930772104432e-05
2.122412150000000565e+03	6.340918631782266335e-06
2.122442280000000210e+03	-1.894381204415457320e-05
2.122472420000000511e+03	-3.422863722082197802e-05
2.122502550000000156e+03	-4.951336789676269445e-05
2.122532690000000457e+03	-5.979819307342509882e-05
2.122562820000000556e+03	-6.508292374936969216e-05
2.122592950000000201e+03	-7.536765442530540815e-05
2.122623090000000502e+03	-8.065247960197668986e-05
2.122653220000000147e+03	-8.093721027790934386e-05
2.122683350000000246e+03	-6.622194095385475210e-05
2.122713490000000547e+03	-4.150676613051684782e-05
2.122743620000000192e+03	-6.791496806449193180e-06
2.122773760000000493e+03	3.292367801688289575e-05
2.122803890000000138e+03	6.263894734095248884e-05
2.122834020000000237e+03	7.235421666500208016e-05
2.122864160000000538e+03	6.706939148833773734e-05
2.122894290000000183e+03	4.678466081240589824e-05
2.122924420000000282e+03	2.149993013645518092e-05
2.122954560000000129e+03	1.215104959796653450e-06
2.122984690000000228e+03	-1.406962571614406299e-05
2.123014830000000529e+03	-1.435445089281034425e-05
2.123044960000000174e+03	-1.463918156874993715e-05
2.123075090000000273e+03	-1.492391224468953004e-05
2.123105230000000574e+03	-2.020873742135387285e-05
2.123135360000000219e+03	-3.549346809729458929e-05
2.123165500000000520e+03	-4.577829327395699366e-05
2.123195630000000165e+03	-5.106302394990158700e-05
2.123225760000000264e+03	-4.634775462583617944e-05
2.123255900000000565e+03	-3.163257980250133716e-05
2.123286030000000210e+03	-1.691731047844674540e-05
2.123316160000000309e+03	-7.202041154383276300e-06
2.123346300000000156e+03	-7.486866331042618672e-06
2.123376430000000255e+03	-1.777159700699221245e-05
2.123406570000000556e+03	-3.305642218365267837e-05
2.123436700000000201e+03	-5.334115285959145636e-05
2.123466830000000300e+03	-6.362588353553411125e-05
2.123496970000000147e+03	-6.891070871218457627e-05
2.123527100000000246e+03	-6.919543938813110806e-05
2.123557230000000345e+03	-6.448017006407263940e-05
2.123587370000000192e+03	-5.476499524073585867e-05
2.123617500000000291e+03	-4.504972591667238957e-05
2.123647640000000138e+03	-3.033455109333754729e-05
2.123677770000000237e+03	-1.061928176927795509e-05
2.123707900000000336e+03	9.095987554781637119e-06
2.123738040000000183e+03	2.381116237811647940e-05
2.123768170000000282e+03	2.352643170217688651e-05
2.123798310000000129e+03	8.241606525509481695e-06
2.123828440000000228e+03	-2.204312415043235829e-05
2.123858570000000327e+03	-5.732785482637225982e-05
2.123888710000000174e+03	-8.761268000303384929e-05
2.123918840000000273e+03	-9.289741067897844262e-05
2.123948970000000372e+03	-7.818214135491691197e-05
2.123979110000000219e+03	-3.346696653157982260e-05
2.124009240000000318e+03	1.624830279248201670e-05
2.124039380000000165e+03	5.096347761582298297e-05
2.124069510000000264e+03	6.567874693987757473e-05
2.124099640000000363e+03	5.039401626393685829e-05
2.124129780000000210e+03	1.510919108727720728e-05
2.124159910000000309e+03	-3.017553958866575625e-05
2.124190050000000156e+03	-6.046036476532734572e-05
2.124220180000000255e+03	-7.574509544126112326e-05
2.124250310000000354e+03	-7.102982611720959349e-05
2.124280450000000201e+03	-5.631465129386781232e-05
2.124310580000000300e+03	-4.159938196980628167e-05
2.124340710000000399e+03	-4.188411264575281345e-05
2.124370850000000246e+03	-5.716893782241327937e-05
2.124400980000000345e+03	-7.245366849835399581e-05
2.124431120000000192e+03	-8.273849367502333907e-05
2.124461250000000291e+03	-7.302322435095986997e-05
2.124491380000000390e+03	-4.330795502689721577e-05
2.124521520000000237e+03	-8.592780203570127284e-06
2.124551650000000336e+03	3.112248912049558891e-05
2.124581780000000435e+03	5.583775844455324266e-05
2.124611920000000282e+03	6.055293326788502295e-05
2.124642050000000381e+03	5.026820259194930696e-05
2.124672190000000228e+03	2.498337741528577904e-05
2.124702320000000327e+03	-3.013532606579993889e-07
2.124732450000000426e+03	-2.558608393659483893e-05
2.124762590000000273e+03	-3.587090911325724329e-05
2.124792720000000372e+03	-4.615563978919989818e-05
2.124822860000000219e+03	-5.144046496585730210e-05
2.124852990000000318e+03	-5.172519564180383389e-05
2.124883120000000417e+03	-5.200992631774342678e-05
2.124913260000000264e+03	-4.729475149439776871e-05
2.124943390000000363e+03	-4.257948217034623895e-05
2.124973520000000462e+03	-3.286421284628970874e-05
2.125003660000000309e+03	-2.814903802294405066e-05
2.125033790000000408e+03	-2.343376869888558200e-05
2.125063930000000255e+03	-2.871859387554992482e-05
2.125094060000000354e+03	-3.900332455149257971e-05
2.125124190000000453e+03	-4.928805522742829570e-05
2.125154330000000300e+03	-4.457288040409651542e-05
2.125184460000000399e+03	-3.485761108003998521e-05
2.125214590000000499e+03	-1.514234175598039300e-05
2.125244730000000345e+03	4.572833067359449721e-06
2.125274860000000444e+03	1.928810239141404148e-05
2.125305000000000291e+03	2.400327721475276066e-05
2.125335130000000390e+03	1.371854653881010577e-05
2.125365260000000490e+03	3.433815862874389779e-06
2.125395400000000336e+03	-1.851009313796891931e-06
2.125425530000000435e+03	-2.135739989736484823e-06
2.125455670000000282e+03	7.579434833607234800e-06
2.125485800000000381e+03	1.729470415766376501e-05
2.125515930000000481e+03	3.200997348171835677e-05
2.125546070000000327e+03	3.172514830505901440e-05
2.125576200000000426e+03	2.144041762912329840e-05
2.125606330000000526e+03	1.115568695317370462e-05
2.125636470000000372e+03	8.708617765251780440e-07
2.125666600000000471e+03	5.586131100576707809e-06
2.125696740000000318e+03	1.530130592391348854e-05
2.125726870000000417e+03	3.501657524798001964e-05
2.125757000000000517e+03	4.973184457202767250e-05
2.125787140000000363e+03	4.444701939537026858e-05
2.125817270000000462e+03	2.916228871942955214e-05
2.125847410000000309e+03	-6.122536457237037766e-06
2.125877540000000408e+03	-4.140726713317693930e-05
2.125907670000000508e+03	-6.669199780911377884e-05
2.125937810000000354e+03	-7.697682298578312210e-05
2.125967940000000453e+03	-6.226155366172159145e-05
2.125998070000000553e+03	-3.754628433765699880e-05
2.126028210000000399e+03	-1.783110951432409497e-05
2.126058340000000499e+03	-8.115840190267564758e-06
2.126088480000000345e+03	-2.340066536692803068e-05
2.126118610000000444e+03	-4.868539604287180911e-05
2.126148740000000544e+03	-8.397012671881171064e-05
2.126178880000000390e+03	-1.092549518954682997e-04
2.126209010000000490e+03	-1.195396825714178934e-04
2.126239140000000134e+03	-1.048244132473494239e-04
2.126269280000000435e+03	-8.010923842401845851e-05
2.126299410000000535e+03	-4.539396909995774276e-05
2.126329550000000381e+03	-2.567879427661790004e-05
2.126359680000000481e+03	-2.096352495255943138e-05
2.126389810000000580e+03	-2.624825562850402472e-05
2.126419950000000426e+03	-3.653308080515949019e-05
2.126450080000000526e+03	-4.681781148110214508e-05
2.126480220000000372e+03	-4.210263665776342590e-05
2.126510350000000471e+03	-2.238736733370383369e-05
2.126540480000000571e+03	2.327901990353820061e-06
2.126570620000000417e+03	1.704307681368866234e-05
2.126600750000000517e+03	1.675834613774906945e-05
2.126630880000000161e+03	1.473615461808353011e-06
2.126661020000000462e+03	-2.881120971486017535e-05
2.126691150000000562e+03	-5.909594039079507644e-05
2.126721290000000408e+03	-7.438076556746248125e-05
2.126751420000000508e+03	-7.466549624340207414e-05
2.126781550000000152e+03	-5.495022691934248193e-05
2.126811690000000453e+03	-2.523505209600651611e-05
2.126841820000000553e+03	-5.519782771946923905e-06
2.126871960000000399e+03	4.195392051389856825e-06
2.126902090000000499e+03	-1.089338624547797618e-06
2.126932220000000143e+03	-2.137406930048657561e-05
2.126962360000000444e+03	-4.165889447714510307e-05
2.126992490000000544e+03	-5.194362515309469686e-05
2.127022620000000188e+03	-4.722835582902235041e-05
2.127052760000000490e+03	-3.251318100569444702e-05
2.127082890000000134e+03	-7.797911681629854375e-06
2.127113030000000435e+03	1.191726314170304946e-05
2.127143160000000535e+03	2.163253246576651856e-05
2.127173290000000179e+03	2.134780178982692567e-05
2.127203430000000481e+03	1.606297661315564396e-05
2.127233560000000580e+03	1.577824593721605106e-05
2.127263690000000224e+03	1.049351526127839662e-05
2.127293830000000526e+03	1.520869008461017691e-05
2.127323960000000170e+03	1.492395940867058401e-05
2.127354100000000471e+03	4.639134232008179648e-06
2.127384230000000571e+03	-1.064559644393253679e-05
2.127414360000000215e+03	-3.093032711987131478e-05
2.127444500000000517e+03	-5.621515229654178158e-05
2.127474630000000161e+03	-7.149988297246862023e-05
2.127504770000000462e+03	-7.178470814913490150e-05
2.127534900000000562e+03	-6.206943882508531019e-05
2.127565030000000206e+03	-3.735416950102071754e-05
2.127595170000000508e+03	-1.263899467768281326e-05
2.127625300000000152e+03	1.207627464638177939e-05
2.127655430000000251e+03	2.179154397043830960e-05
2.127685570000000553e+03	2.150671879377202833e-05
2.127715700000000197e+03	1.622198811784131278e-05
2.127745840000000499e+03	1.093716294117003107e-05
2.127775970000000143e+03	5.652432265232376629e-06
2.127806100000000242e+03	5.367701589292783737e-06
2.127836240000000544e+03	1.508287641262956447e-05
2.127866370000000188e+03	1.979814573668803313e-05
2.127896500000000287e+03	2.451341506074650178e-05
2.127926640000000134e+03	2.422858988408022052e-05
2.127956770000000233e+03	1.394385920814450452e-05
2.127986910000000535e+03	-1.340965968522900287e-06
2.128017040000000179e+03	-1.162569664446555517e-05
2.128047170000000278e+03	-2.191042732040127117e-05
2.128077310000000580e+03	-2.719525249707255288e-05
2.128107440000000224e+03	-1.747998317300908377e-05
2.128137580000000526e+03	-7.764808349679241939e-06
2.128167710000000170e+03	1.195046097439422805e-05
2.128197840000000269e+03	2.166573029844381937e-05
2.128227980000000571e+03	2.638090512178253855e-05
2.128258110000000215e+03	2.109617444584488410e-05
2.128288240000000314e+03	1.081144376990916811e-05
2.128318380000000161e+03	-4.473381406751297806e-06
2.128348510000000260e+03	-1.475811208270089159e-05
2.128378650000000562e+03	-2.504293725935635706e-05
2.128408780000000206e+03	-2.532766793529594995e-05
2.128438910000000305e+03	-2.561239861123554284e-05
2.128469050000000152e+03	-2.589722378790182411e-05
2.128499180000000251e+03	-3.118195446384641745e-05
2.128529320000000553e+03	-3.146677964051269871e-05
2.128559450000000197e+03	-3.175151031645229160e-05
2.128589580000000296e+03	-3.203624099239188450e-05
2.128619720000000143e+03	-3.232106616905816576e-05
2.128649850000000242e+03	-2.760579684499275821e-05
2.128679980000000342e+03	-2.289052752093428955e-05
2.128710120000000188e+03	-2.317535269760057082e-05
2.128740250000000287e+03	-2.346008337354016371e-05
2.128770390000000134e+03	-2.874490855019756763e-05
2.128800520000000233e+03	-2.402963922613909897e-05
2.128830650000000333e+03	-1.431436990208950766e-05
2.128860790000000179e+03	5.400804921257273961e-06
2.128890920000000278e+03	3.011607424531492772e-05
2.128921050000000378e+03	5.483134356936564258e-05
2.128951190000000224e+03	6.454651839271630109e-05
2.128981320000000323e+03	6.426178771676976931e-05
2.129011460000000170e+03	4.897696254010930339e-05
2.129041590000000269e+03	3.369223186416858695e-05
2.129071720000000369e+03	2.340750118822593207e-05
2.129101860000000215e+03	2.312267601156658969e-05
2.129131990000000314e+03	3.783794533562118145e-05
2.129162130000000161e+03	6.255312015895908573e-05
2.129192260000000260e+03	8.726838948301673948e-05
2.129222390000000360e+03	9.698365880708020859e-05
2.129252530000000206e+03	9.669883363041392732e-05
2.129282660000000305e+03	7.641410295447514933e-05
2.129312790000000405e+03	4.612937227853330935e-05
2.129342930000000251e+03	1.084454710186671944e-05
2.129373060000000351e+03	-1.444018357407012010e-05
2.129403200000000197e+03	-2.972500875073058602e-05
2.129433330000000296e+03	-3.000973942667711780e-05
2.129463460000000396e+03	-2.529447010261864914e-05
2.129493600000000242e+03	-2.057929527927992996e-05
2.129523730000000342e+03	-1.586402595522146131e-05
2.129553870000000188e+03	-2.114885113187886523e-05
2.129584000000000287e+03	-2.643358180782345856e-05
2.129614130000000387e+03	-2.671831248376999035e-05
2.129644270000000233e+03	-2.700313766042239383e-05
2.129674400000000333e+03	-1.728786833636586362e-05
2.129704530000000432e+03	2.427400987693728585e-06
2.129734670000000278e+03	2.714257581103163286e-05
2.129764800000000378e+03	5.185784513508928661e-05
2.129794940000000224e+03	6.657301995842412889e-05
2.129825070000000323e+03	7.628828928248759800e-05
2.129855200000000423e+03	7.600355860654800511e-05
2.129885340000000269e+03	7.071873342988366229e-05
2.129915470000000369e+03	6.043400275394100740e-05
2.129945600000000468e+03	5.514927207800335296e-05
2.129975740000000314e+03	5.986444690133513324e-05
2.130005870000000414e+03	6.957971622539860235e-05
2.130036010000000260e+03	8.429489104873344463e-05
2.130066140000000360e+03	9.901016037278803639e-05
2.130096270000000459e+03	1.037254296968534439e-04
2.130126410000000305e+03	9.844060452018216223e-05
2.130156540000000405e+03	7.815587384424338424e-05
2.130186680000000251e+03	4.287104866758373323e-05
2.130216810000000351e+03	1.258631799164883214e-05
2.130246940000000450e+03	-1.769841268429994674e-05
2.130277080000000296e+03	-3.298323786096041266e-05
2.130307210000000396e+03	-3.326796853690000555e-05
2.130337340000000495e+03	-1.355269921284735224e-05
2.130367480000000342e+03	1.616247561050249137e-05
2.130397610000000441e+03	4.587774493455820668e-05
2.130427750000000287e+03	7.059291975789611095e-05
2.130457880000000387e+03	7.530818908195457961e-05
2.130488010000000486e+03	7.002345840600998628e-05
2.130518150000000333e+03	4.973863322935145881e-05
2.130548280000000432e+03	2.945390255341268082e-05
2.130578410000000531e+03	1.916917187746308704e-05
2.130608550000000378e+03	1.888434670080374467e-05
2.130638680000000477e+03	3.859961602486333687e-05
2.130668820000000323e+03	6.331479084820124115e-05
2.130698950000000423e+03	8.803006017225889490e-05
2.130729080000000522e+03	1.077453294963184871e-04
2.130759220000000369e+03	1.074605043196522058e-04
2.130789350000000468e+03	9.217577364371148940e-05
2.130819490000000314e+03	7.189094846705296193e-05
2.130849620000000414e+03	5.660621779110530660e-05
2.130879750000000513e+03	4.632148711516959061e-05
2.130909890000000360e+03	5.103666193850830979e-05
2.130940020000000459e+03	6.075193126256484000e-05
2.130970150000000558e+03	7.046720058662137021e-05
2.131000290000000405e+03	7.518237540996702828e-05
2.131030420000000504e+03	6.989764473402243494e-05
2.131060560000000351e+03	5.961281955736696947e-05
2.131090690000000450e+03	5.432808888141543724e-05
2.131120820000000549e+03	5.404335820547584435e-05
2.131150960000000396e+03	6.875853302881762552e-05
2.131181090000000495e+03	8.847380235287721773e-05
2.131211230000000342e+03	1.131889771762151220e-04
2.131241360000000441e+03	1.229042465002716522e-04
2.131271490000000540e+03	1.226195158243320593e-04
2.131301630000000387e+03	1.073346906476715934e-04
2.131331760000000486e+03	8.204995997172781497e-05
2.131361890000000130e+03	5.676522929579097543e-05
2.131392030000000432e+03	4.148040411912357062e-05
2.131422160000000531e+03	3.619567344318591617e-05
2.131452300000000378e+03	5.091084826651381956e-05
2.131482430000000477e+03	7.562611759057841221e-05
2.131512560000000576e+03	1.103413869146391280e-04
2.131542700000000423e+03	1.450565617379731553e-04
2.131572830000000522e+03	1.797718310620338711e-04
2.131602960000000166e+03	2.144871003860945868e-04
2.131633100000000468e+03	2.342022752094344296e-04
2.131663230000000567e+03	2.439175445334840209e-04
2.131693370000000414e+03	2.386327193568266170e-04
2.131723500000000513e+03	2.233479886808859005e-04
2.131753630000000157e+03	2.030632580049540614e-04
2.131783770000000459e+03	1.827784328282885951e-04
2.131813900000000558e+03	1.674937021523409397e-04
2.131844040000000405e+03	1.622088769756835358e-04
2.131874170000000504e+03	1.619241462997439429e-04
2.131904300000000148e+03	1.716394156238004731e-04
2.131934440000000450e+03	1.813545904471372539e-04
2.131964570000000549e+03	1.910698597712007230e-04
2.131994700000000194e+03	1.957851290952591916e-04
2.132024840000000495e+03	2.005003039185909719e-04
2.132054970000000139e+03	2.102155732426544410e-04
2.132085110000000441e+03	2.249307480659892833e-04
2.132115240000000540e+03	2.496460173900469370e-04
2.132145370000000185e+03	2.743612867141045908e-04
2.132175510000000486e+03	2.990764615374424951e-04
2.132205640000000130e+03	3.137917308615109646e-04
2.132235770000000230e+03	3.185070001855624944e-04
2.132265910000000531e+03	3.182221750088962131e-04
2.132296040000000175e+03	3.129374443329654976e-04
2.132326180000000477e+03	3.076526191562942159e-04
2.132356310000000576e+03	3.023678884803496225e-04
2.132386440000000221e+03	3.020831578044169685e-04
2.132416580000000522e+03	2.967983326277526257e-04
2.132446710000000166e+03	2.915136019518149713e-04
2.132476850000000468e+03	2.812287767751525669e-04
2.132506980000000567e+03	2.759440460992079736e-04
2.132537110000000212e+03	2.706593154232703191e-04
2.132567250000000513e+03	2.803744902466070998e-04
2.132597380000000157e+03	2.950897595706686305e-04
2.132627510000000257e+03	3.148050288947282227e-04
2.132657650000000558e+03	3.345202037180611265e-04
2.132687780000000203e+03	3.542354730421207187e-04
2.132717920000000504e+03	3.689506478654555610e-04
2.132748050000000148e+03	3.786659171895120912e-04
2.132778180000000248e+03	3.883811865135755603e-04
2.132808320000000549e+03	4.030963613369104026e-04
2.132838450000000194e+03	4.228116306609699948e-04
2.132868590000000495e+03	4.475268054843009602e-04
2.132898720000000139e+03	4.772420748083705533e-04
2.132928850000000239e+03	4.969573441324232066e-04
2.132958990000000540e+03	5.066725189557599873e-04
2.132989120000000185e+03	4.963877882798242713e-04
2.133019250000000284e+03	4.711030576038874318e-04
2.133049390000000130e+03	4.458182324272239039e-04
2.133079520000000230e+03	4.205335017512801254e-04
2.133109660000000531e+03	4.102486765746177211e-04
2.133139790000000175e+03	4.249639458986792517e-04
2.133169920000000275e+03	4.696792152227430295e-04
2.133200060000000576e+03	5.293943900460743035e-04
2.133230190000000221e+03	5.991096593701353279e-04
2.133260320000000320e+03	6.538249286941952287e-04
2.133290460000000166e+03	6.835401035175311946e-04
2.133320590000000266e+03	6.832553728415916017e-04
2.133350730000000567e+03	6.429705476649269502e-04
2.133380860000000212e+03	5.926858169889859251e-04
2.133410990000000311e+03	5.374010863130468385e-04
2.133441130000000157e+03	5.021162611363802486e-04
2.133471260000000257e+03	5.018315304604406557e-04
2.133501400000000558e+03	5.365467052837746831e-04
2.133531530000000203e+03	5.912619746078345839e-04
2.133561660000000302e+03	6.509772439318925463e-04
2.133591800000000148e+03	6.956924187552365746e-04
2.133621930000000248e+03	7.154076880792961668e-04
2.133652060000000347e+03	7.151229574033496350e-04
2.133682200000000194e+03	6.998381322266891691e-04
2.133712330000000293e+03	6.845534015507484527e-04
2.133742470000000139e+03	6.842685763740891103e-04
2.133772600000000239e+03	7.039838456981487025e-04
2.133802730000000338e+03	7.386991150222024793e-04
2.133832870000000185e+03	7.784142898455415072e-04
2.133863000000000284e+03	8.131295591696022229e-04
2.133893140000000130e+03	8.328447339929351267e-04
2.133923270000000230e+03	8.425600033169985958e-04
2.133953400000000329e+03	8.472752726410570645e-04
2.133983540000000175e+03	8.569904474643938452e-04
2.134013670000000275e+03	8.867057167884495605e-04
2.134043800000000374e+03	9.214209861125102763e-04
2.134073940000000221e+03	9.661361609358473657e-04
2.134104070000000320e+03	1.005851430259906143e-03
2.134134210000000166e+03	1.035566605083249048e-03
2.134164340000000266e+03	1.050281874407303639e-03
2.134194470000000365e+03	1.054997143731362108e-03
2.134224610000000212e+03	1.054712318554702766e-03
2.134254740000000311e+03	1.064427587878759296e-03
2.134284870000000410e+03	1.089142857202816950e-03
2.134315010000000257e+03	1.128858032026155978e-03
2.134345140000000356e+03	1.183573301350208939e-03
2.134375280000000203e+03	1.243288476173561030e-03
2.134405410000000302e+03	1.308003745497610115e-03
2.134435540000000401e+03	1.372719014821673078e-03
2.134465680000000248e+03	1.437434189645016291e-03
2.134495810000000347e+03	1.502149458969065376e-03
2.134525950000000194e+03	1.571864633792406651e-03
2.134556080000000293e+03	1.646579903116465737e-03
2.134586210000000392e+03	1.716295172440526762e-03
2.134616350000000239e+03	1.786010347263861098e-03
2.134646480000000338e+03	1.855725616587922122e-03
2.134676610000000437e+03	1.920440885911985085e-03
2.134706750000000284e+03	1.990156060735319421e-03
2.134736880000000383e+03	2.064871330059378507e-03
2.134767020000000230e+03	2.154586504882712028e-03
2.134797150000000329e+03	2.249301774206770299e-03
2.134827280000000428e+03	2.349017043530833571e-03
2.134857420000000275e+03	2.448732218354163215e-03
2.134887550000000374e+03	2.533447487678225363e-03
2.134917680000000473e+03	2.608162757002284449e-03
2.134947820000000320e+03	2.667877931825629600e-03
2.134977950000000419e+03	2.717593201149677562e-03
2.135008090000000266e+03	2.757308375973023529e-03
2.135038220000000365e+03	2.802023645297080368e-03
2.135068350000000464e+03	2.841738914621132206e-03
2.135098490000000311e+03	2.881454089444485112e-03
2.135128620000000410e+03	2.911169358768533888e-03
2.135158760000000257e+03	2.925884533591875669e-03
2.135188890000000356e+03	2.925599802915936076e-03
2.135219020000000455e+03	2.910315072239988421e-03
2.135249160000000302e+03	2.895030247063327955e-03
2.135279290000000401e+03	2.884745516387392239e-03
2.135309420000000500e+03	2.884460785711445707e-03
2.135339560000000347e+03	2.904175960534785550e-03
2.135369690000000446e+03	2.928891229858843204e-03
2.135399830000000293e+03	2.958606404682179170e-03
2.135429960000000392e+03	2.983321674006236823e-03
2.135460090000000491e+03	3.008036943330301416e-03
2.135490230000000338e+03	3.027752118153634320e-03
2.135520360000000437e+03	3.057467387477696974e-03
2.135550500000000284e+03	3.102182562301034063e-03
2.135580630000000383e+03	3.166897831625090087e-03
2.135610760000000482e+03	3.251613100949145296e-03
2.135640900000000329e+03	3.346328275772490757e-03
2.135671030000000428e+03	3.441043545096542089e-03
2.135701160000000527e+03	3.525758814420604237e-03
2.135731300000000374e+03	3.595473989243945512e-03
2.135761430000000473e+03	3.650189258567998474e-03
2.135791570000000320e+03	3.704904433391345564e-03
2.135821700000000419e+03	3.759619702715398526e-03
2.135851830000000518e+03	3.839334972039455673e-03
2.135881970000000365e+03	3.934050146862801134e-03
2.135912100000000464e+03	4.043765416186853590e-03
2.135942230000000563e+03	4.158480685510911046e-03
2.135972370000000410e+03	4.263195860334252629e-03
2.136002500000000509e+03	4.362911129658315901e-03
2.136032640000000356e+03	4.452626304481649422e-03
2.136062770000000455e+03	4.542341573805709631e-03
2.136092900000000554e+03	4.632056843129769841e-03
2.136123040000000401e+03	4.741772017953102547e-03
2.136153170000000500e+03	4.866487287277163065e-03
2.136183310000000347e+03	5.006202462100498018e-03
2.136213440000000446e+03	5.160917731424553845e-03
2.136243570000000545e+03	5.310633000748618548e-03
2.136273710000000392e+03	5.455348175571951563e-03
2.136303840000000491e+03	5.590063444896008205e-03
2.136333970000000136e+03	5.714778714220068723e-03
2.136364110000000437e+03	5.839493889043409491e-03
2.136394240000000536e+03	5.974209158367466133e-03
2.136424380000000383e+03	6.123924333190804148e-03
2.136454510000000482e+03	6.293639602514868037e-03
2.136484640000000581e+03	6.478354871838919171e-03
2.136514780000000428e+03	6.678070046662265558e-03
2.136544910000000527e+03	6.882785315986322816e-03
2.136575040000000172e+03	7.097500585310390075e-03
2.136605180000000473e+03	7.317215760133721769e-03
2.136635310000000572e+03	7.556931029457779336e-03
2.136665450000000419e+03	7.816646204281116339e-03
2.136695580000000518e+03	8.096361473605179215e-03
2.136725710000000163e+03	8.401076742929239338e-03
2.136755850000000464e+03	8.725791917752571958e-03
2.136785980000000563e+03	9.060507187076634328e-03
2.136816120000000410e+03	9.415222361899962256e-03
2.136846250000000509e+03	9.784937631224024934e-03
2.136876380000000154e+03	1.017465290054808680e-02
2.136906520000000455e+03	1.058936807537141922e-02
2.136936650000000554e+03	1.102908334469548252e-02
2.136966780000000199e+03	1.149879861401954112e-02
2.136996920000000500e+03	1.199851378884287528e-02
2.137027050000000145e+03	1.253822905816694144e-02
2.137057190000000446e+03	1.314294423299027653e-02
2.137087320000000545e+03	1.384765950231432730e-02
2.137117450000000190e+03	1.470237477163839623e-02
2.137147590000000491e+03	1.575208994646173227e-02
2.137177720000000136e+03	1.703680521578580104e-02
2.137207860000000437e+03	1.858152039060913252e-02
2.137237990000000536e+03	2.040123565993318816e-02
2.137268120000000181e+03	2.249095092925725015e-02
2.137298260000000482e+03	2.486066610408058791e-02
2.137328390000000581e+03	2.752038137340464402e-02
2.137358520000000226e+03	3.050509664272870597e-02
2.137388660000000527e+03	3.386481181755204156e-02
2.137418790000000172e+03	3.766452708687609979e-02
2.137448930000000473e+03	4.197924226169943290e-02
2.137479060000000572e+03	4.689895753102349407e-02
2.137509190000000217e+03	5.250367280034755335e-02
2.137539330000000518e+03	5.888338797517089079e-02
2.137569460000000163e+03	6.613810324449495570e-02
2.137599590000000262e+03	7.437281851381900843e-02
2.137629730000000563e+03	8.368253368864234099e-02
2.137659860000000208e+03	9.416724895796640959e-02
2.137690000000000509e+03	1.058969641327897337e-01
2.137720130000000154e+03	1.189216794021138029e-01
2.137750260000000253e+03	1.332313946714378528e-01
2.137780400000000554e+03	1.487661098462612075e-01
2.137810530000000199e+03	1.653908251155852549e-01
2.137840670000000500e+03	1.828905402904086042e-01
2.137870800000000145e+03	2.009602555597326812e-01
2.137900930000000244e+03	2.192299708290567084e-01
2.137931070000000545e+03	2.372546860038800554e-01
2.137961200000000190e+03	2.545644012732041217e-01
2.137991330000000289e+03	2.706941165425281737e-01
2.138021470000000136e+03	2.852238317173515503e-01
2.138051600000000235e+03	2.978335469866755791e-01
2.138081740000000536e+03	3.083232621614989122e-01
2.138111870000000181e+03	3.166029774308229960e-01
2.138142000000000280e+03	3.226826927001469891e-01
2.138172140000000581e+03	3.266474078749703192e-01
2.138202270000000226e+03	3.286071231442944107e-01
2.138232410000000527e+03	3.286968383191177789e-01
2.138262540000000172e+03	3.270415535884418357e-01
2.138292670000000271e+03	3.237812688577659248e-01
2.138322810000000572e+03	3.190559840325891683e-01
2.138352940000000217e+03	3.130106993019132755e-01
2.138383070000000316e+03	3.058004145712373001e-01
2.138413210000000163e+03	2.975651297460606970e-01
2.138443340000000262e+03	2.884398450153847215e-01
2.138473480000000563e+03	2.785495601902080454e-01
2.138503610000000208e+03	2.680142754595321031e-01
2.138533740000000307e+03	2.569689907288561503e-01
2.138563880000000154e+03	2.455437059036795211e-01
2.138594010000000253e+03	2.338834211730035917e-01
2.138624140000000352e+03	2.221381364423276328e-01
2.138654280000000199e+03	2.104528516171509656e-01
2.138684410000000298e+03	1.989475668864750246e-01
2.138714550000000145e+03	1.877272820612983506e-01
2.138744680000000244e+03	1.768669973306224441e-01
2.138774810000000343e+03	1.664217125999464808e-01
2.138804950000000190e+03	1.564264277747698384e-01
2.138835080000000289e+03	1.469011430440939070e-01
2.138865220000000136e+03	1.378808582189172127e-01
2.138895350000000235e+03	1.293805734882412795e-01
2.138925480000000334e+03	1.214302887575653411e-01
2.138955620000000181e+03	1.140300039323886849e-01
2.138985750000000280e+03	1.071747192017127315e-01
2.139015880000000379e+03	1.008344344710367935e-01
2.139046020000000226e+03	9.495914964586013585e-02
2.139076150000000325e+03	8.949386491518418474e-02
2.139106290000000172e+03	8.438858009000753391e-02
2.139136420000000271e+03	7.961329535933159285e-02
2.139166550000000370e+03	7.515301062865564763e-02
2.139196690000000217e+03	7.099772580347898931e-02
2.139226820000000316e+03	6.715744107280303965e-02
2.139256950000000415e+03	6.361215634212710746e-02
2.139287090000000262e+03	6.034187151695044604e-02
2.139317220000000361e+03	5.731658678627450654e-02
2.139347360000000208e+03	5.449630196109784414e-02
2.139377490000000307e+03	5.184601723042189803e-02
2.139407620000000406e+03	4.935073249974596121e-02
2.139437760000000253e+03	4.698544767456929588e-02
2.139467890000000352e+03	4.476016294389335848e-02
2.139498030000000199e+03	4.267487811871668868e-02
2.139528160000000298e+03	4.072459338804074874e-02
2.139558290000000397e+03	3.889930865736480892e-02
2.139588430000000244e+03	3.719402383218814445e-02
2.139618560000000343e+03	3.558873910151220954e-02
2.139648690000000443e+03	3.407845437083626555e-02
2.139678830000000289e+03	3.265816954565960162e-02
2.139708960000000388e+03	3.131788481498366111e-02
2.139739100000000235e+03	3.005759998980699760e-02
2.139769230000000334e+03	2.888231525913106251e-02
2.139799360000000434e+03	2.777203052845511611e-02
2.139829500000000280e+03	2.672674570327845250e-02
2.139859630000000379e+03	2.574146097260251315e-02
2.139889770000000226e+03	2.480617614742585547e-02
2.139919900000000325e+03	2.392589141674991704e-02
2.139950030000000424e+03	2.310060668607397116e-02
2.139980170000000271e+03	2.233532186089731003e-02
2.140010300000000370e+03	2.162003713022137008e-02
2.140040430000000470e+03	2.096475239954542075e-02
2.140070570000000316e+03	2.034946757436876391e-02
2.140100700000000415e+03	1.976918284369282713e-02
2.140130840000000262e+03	1.922389801851615704e-02
2.140160970000000361e+03	1.869861328784021975e-02
2.140191100000000461e+03	1.820332855716427778e-02
2.140221240000000307e+03	1.773804373198761136e-02
2.140251370000000406e+03	1.731275900131167694e-02
2.140281500000000506e+03	1.692747427063573396e-02
2.140311640000000352e+03	1.658718944545906765e-02
2.140341770000000452e+03	1.628190471478312834e-02
2.140371910000000298e+03	1.600661988960647153e-02
2.140402040000000397e+03	1.574633515893052171e-02
2.140432170000000497e+03	1.548605042825458578e-02
2.140462310000000343e+03	1.522076560307792509e-02
2.140492440000000443e+03	1.495548087240197721e-02
2.140522580000000289e+03	1.470019604722532652e-02
2.140552710000000388e+03	1.446491131654938089e-02
2.140582840000000488e+03	1.426962658587344057e-02
2.140612980000000334e+03	1.410434176069677581e-02
2.140643110000000434e+03	1.397405703002083110e-02
2.140673240000000533e+03	1.386877229934489059e-02
2.140703380000000379e+03	1.377348747416823338e-02
2.140733510000000479e+03	1.367320274349229092e-02
2.140763650000000325e+03	1.356791791831563065e-02
2.140793780000000424e+03	1.346263318763969014e-02
2.140823910000000524e+03	1.336734845696374574e-02
2.140854050000000370e+03	1.328706363178708272e-02
2.140884180000000470e+03	1.322677890111114557e-02
2.140914310000000569e+03	1.318149417043520261e-02
2.140944450000000415e+03	1.314620934525853602e-02
2.140974580000000515e+03	1.311092461458259611e-02
2.141004720000000361e+03	1.307063978940593146e-02
2.141034850000000461e+03	1.302035505872999044e-02
2.141064980000000560e+03	1.296507032805405135e-02
2.141095120000000406e+03	1.291978550287738864e-02
2.141125250000000506e+03	1.288950077220144680e-02
2.141155390000000352e+03	1.287921594702478439e-02
2.141185520000000452e+03	1.287893121634884480e-02
2.141215650000000551e+03	1.288364648567290327e-02
2.141245790000000397e+03	1.287836166049624587e-02
2.141275920000000497e+03	1.286307692982029821e-02
2.141306050000000141e+03	1.283279219914437025e-02
2.141336190000000443e+03	1.279750737396770366e-02
2.141366320000000542e+03	1.277222264329175294e-02
2.141396460000000388e+03	1.277193781811509360e-02
2.141426590000000488e+03	1.279665308743915819e-02
2.141456720000000132e+03	1.283636835676321697e-02
2.141486860000000434e+03	1.287608353158654906e-02
2.141516990000000533e+03	1.289579880091060865e-02
2.141547130000000379e+03	1.289051397573394431e-02
2.141577260000000479e+03	1.286022924505800247e-02
2.141607390000000578e+03	1.282994451438206757e-02
2.141637530000000424e+03	1.281465968920540016e-02
2.141667660000000524e+03	1.284437495852946282e-02
2.141697790000000168e+03	1.292909022785351802e-02
2.141727930000000470e+03	1.305880540267685685e-02
2.141758060000000569e+03	1.322352067200091574e-02
2.141788200000000415e+03	1.339823584682425794e-02
2.141818330000000515e+03	1.357295111614830602e-02
2.141848460000000159e+03	1.374266638547237684e-02
2.141878600000000461e+03	1.391238156029570711e-02
2.141908730000000560e+03	1.411209682961976630e-02
2.141938860000000204e+03	1.435181209894383081e-02
2.141969000000000506e+03	1.465152727376716618e-02
2.141999130000000150e+03	1.502124254309122886e-02
2.142029270000000452e+03	1.545095771791456241e-02
2.142059400000000551e+03	1.593067298723861713e-02
2.142089530000000195e+03	1.644538825656268605e-02
2.142119670000000497e+03	1.698510343138601858e-02
2.142149800000000141e+03	1.756481870071008311e-02
2.142179940000000443e+03	1.822453387553341769e-02
2.142210070000000542e+03	1.900924914485747214e-02
2.142240200000000186e+03	1.997396441418153312e-02
2.142270340000000488e+03	2.114867958900486927e-02
2.142300470000000132e+03	2.253339485832892702e-02
2.142330600000000231e+03	2.411811012765299050e-02
2.142360740000000533e+03	2.586782530247632578e-02
2.142390870000000177e+03	2.780254057180038540e-02
2.142421010000000479e+03	2.998225574662372050e-02
2.142451140000000578e+03	3.255697101594777487e-02
2.142481270000000222e+03	3.572168628527183643e-02
2.142511410000000524e+03	3.968640146009518033e-02
2.142541540000000168e+03	4.463611672941923680e-02
2.142571680000000470e+03	5.072083190424257065e-02
2.142601810000000569e+03	5.815054717356663017e-02
2.142631940000000213e+03	6.732526244289069317e-02
2.142662080000000515e+03	7.898997761771403558e-02
2.142692210000000159e+03	9.438469288703810189e-02
2.142722340000000258e+03	1.153244081563621626e-01
2.142752480000000560e+03	1.441891233311854981e-01
2.142782610000000204e+03	1.839238386005095371e-01
2.142812750000000506e+03	2.379935537753328778e-01
2.142842880000000150e+03	3.100032690446569150e-01
2.142873010000000249e+03	4.013929843139810161e-01
2.142903150000000551e+03	5.007226994888043237e-01
2.142933280000000195e+03	5.564974147581284170e-01
2.142963410000000295e+03	5.100021300274524272e-01
2.142993550000000141e+03	4.062368452022757648e-01
2.143023680000000240e+03	3.053765604715998894e-01
2.143053820000000542e+03	2.242062756464231754e-01
2.143083950000000186e+03	1.626659909157472661e-01
2.143114080000000286e+03	1.175207061850713081e-01
2.143144220000000132e+03	8.537542135989464875e-02
2.143174350000000231e+03	6.317013662921870665e-02
2.143204490000000533e+03	4.817985180404204398e-02
2.143234620000000177e+03	3.804956707336611121e-02
2.143264750000000276e+03	3.090428234269016264e-02
2.143294890000000578e+03	2.542899751751349913e-02
2.143325020000000222e+03	2.090871278683756329e-02
2.143355150000000322e+03	1.708342805616161475e-02
2.143385290000000168e+03	1.395814323098495957e-02
2.143415420000000267e+03	1.158285850030901787e-02
2.143445560000000569e+03	9.902573675132350650e-03
2.143475690000000213e+03	8.747288944456414750e-03
2.143505820000000313e+03	7.882004213780470503e-03
2.143535960000000159e+03	7.101719388603808247e-03
2.143566090000000258e+03	6.306434657927864618e-03
2.143596220000000358e+03	5.501149927251924865e-03
2.143626360000000204e+03	4.765865102075259041e-03
2.143656490000000304e+03	4.180580371399324202e-03
2.143686630000000150e+03	3.775295546222662280e-03
2.143716760000000249e+03	3.520010815546717464e-03
2.143746890000000349e+03	3.334726084870773266e-03
2.143777030000000195e+03	3.139441259694120134e-03
2.143807160000000295e+03	2.894156529018171442e-03
2.143837300000000141e+03	2.603871703841520446e-03
2.143867430000000240e+03	2.308586973165570322e-03
2.143897560000000340e+03	2.058302242489623568e-03
2.143927700000000186e+03	1.888017417312974622e-03
2.143957830000000286e+03	1.797732686637028288e-03
2.143987960000000385e+03	1.767447955961086448e-03
2.144018100000000231e+03	1.757163130784424043e-03
2.144048230000000331e+03	1.721878400108477203e-03
2.144078370000000177e+03	1.646593574931819182e-03
2.144108500000000276e+03	1.531308844255882540e-03
2.144138630000000376e+03	1.396024113579939774e-03
2.144168770000000222e+03	1.260739288403277258e-03
2.144198900000000322e+03	1.150454557727338678e-03
2.144229040000000168e+03	1.070169732550668718e-03
2.144259170000000267e+03	1.024885001874732693e-03
2.144289300000000367e+03	1.004600271198793915e-03
2.144319440000000213e+03	9.893154460221265101e-04
2.144349570000000313e+03	9.640307153461827316e-04
2.144379700000000412e+03	9.287459846702428301e-04
2.144409840000000258e+03	8.784611594935820555e-04
2.144439970000000358e+03	8.281764288176410305e-04
2.144470110000000204e+03	7.828916036409783175e-04
2.144500240000000304e+03	7.576068729650414779e-04
2.144530370000000403e+03	7.373221422890957610e-04
2.144560510000000249e+03	7.170373171124372336e-04
2.144590640000000349e+03	6.817525864364973320e-04
2.144620770000000448e+03	6.264678557605513065e-04
2.144650910000000295e+03	5.511830305838932853e-04
2.144681040000000394e+03	4.708982999079500131e-04
2.144711180000000240e+03	4.056134747312881150e-04
2.144741310000000340e+03	3.753287440553532139e-04
2.144771440000000439e+03	3.800440133794047437e-04
2.144801580000000286e+03	4.097591882027476484e-04
2.144831710000000385e+03	4.394744575268033637e-04
2.144861850000000231e+03	4.541896323501382060e-04
2.144891980000000331e+03	4.289049016742013665e-04
2.144922110000000430e+03	3.786201709982603414e-04
2.144952250000000276e+03	3.183353458215965048e-04
2.144982380000000376e+03	2.630506151456504793e-04
2.145012510000000475e+03	2.377658844697136398e-04
2.145042650000000322e+03	2.524810592930484821e-04
2.145072780000000421e+03	2.871963286171091978e-04
2.145102920000000267e+03	3.369115034404512876e-04
2.145133050000000367e+03	3.816267727645011876e-04
2.145163180000000466e+03	3.963420420885627182e-04
2.145193320000000313e+03	3.860572169119003139e-04
2.145223450000000412e+03	3.457724862359554119e-04
2.145253590000000258e+03	2.954876610593015762e-04
2.145283720000000358e+03	2.402029303833555507e-04
2.145313850000000457e+03	1.999181997074175876e-04
2.145343990000000304e+03	1.746333745307609986e-04
2.145374120000000403e+03	1.693486438548094664e-04
2.145404250000000502e+03	1.790639131788729355e-04
2.145434390000000349e+03	1.937790880022147166e-04
2.145464520000000448e+03	2.084943573262762473e-04
2.145494660000000295e+03	2.132095321496080276e-04
2.145524790000000394e+03	2.029248014736653727e-04
2.145554920000000493e+03	1.826400707977265947e-04
2.145585060000000340e+03	1.623552456210611283e-04
2.145615190000000439e+03	1.520705149451254123e-04
2.145645320000000538e+03	1.567857842691838810e-04
2.145675460000000385e+03	1.765009590925167848e-04
2.145705590000000484e+03	2.062162284165794390e-04
2.145735730000000331e+03	2.409314032399134664e-04
2.145765860000000430e+03	2.706466725639691817e-04
2.145795990000000529e+03	2.903619418880287739e-04
2.145826130000000376e+03	3.000771167113655546e-04
2.145856260000000475e+03	3.047923860354240233e-04
2.145886400000000322e+03	2.995075608587666194e-04
2.145916530000000421e+03	2.942228301828289649e-04
2.145946660000000520e+03	2.789380995068813096e-04
2.145976800000000367e+03	2.636532743302208437e-04
2.146006930000000466e+03	2.433685436542820657e-04
2.146037060000000565e+03	2.280838129783344104e-04
2.146067200000000412e+03	2.127989878016808833e-04
2.146097330000000511e+03	2.075142571257362900e-04
2.146127470000000358e+03	2.072294319490769476e-04
2.146157600000000457e+03	2.169447012731334778e-04
2.146187730000000556e+03	2.266599705971900081e-04
2.146217870000000403e+03	2.263751454205306657e-04
2.146248000000000502e+03	2.210904147445930112e-04
2.146278130000000147e+03	2.108056840686503564e-04
2.146308270000000448e+03	1.955208588919829515e-04
2.146338400000000547e+03	1.852361282160472356e-04
2.146368540000000394e+03	1.749513030393778923e-04
2.146398670000000493e+03	1.796665723634432998e-04
2.146428800000000138e+03	1.793818416875037070e-04
2.146458940000000439e+03	1.840970165108354872e-04
2.146489070000000538e+03	1.838122858348958943e-04
2.146519210000000385e+03	1.785274606582384904e-04
2.146549340000000484e+03	1.682427299822888966e-04
2.146579470000000128e+03	1.579579993063531806e-04
2.146609610000000430e+03	1.526731741296888378e-04
2.146639740000000529e+03	1.473884434537442445e-04
2.146669870000000174e+03	1.471037127778115905e-04
2.146700010000000475e+03	1.518188876011433708e-04
2.146730140000000574e+03	1.515341569252037779e-04
2.146760280000000421e+03	1.612493317485474975e-04
2.146790410000000520e+03	1.709646010725970888e-04
2.146820540000000165e+03	1.906798703966636199e-04
2.146850680000000466e+03	2.053950452199984622e-04
2.146880810000000565e+03	2.251103145440580544e-04
2.146910950000000412e+03	2.298254893673967736e-04
2.146941080000000511e+03	2.295407586914571807e-04
2.146971210000000156e+03	2.192560280155145258e-04
2.147001350000000457e+03	1.989712028388490594e-04
2.147031480000000556e+03	1.786864721629102815e-04
2.147061610000000201e+03	1.684017414869676266e-04
2.147091750000000502e+03	1.681169163103013453e-04
2.147121880000000147e+03	1.778321856343648144e-04
2.147152020000000448e+03	1.925473604576996567e-04
2.147182150000000547e+03	2.122626297817592489e-04
2.147212280000000192e+03	2.269778991058207795e-04
2.147242420000000493e+03	2.266930739291544983e-04
2.147272550000000138e+03	2.114083432532207207e-04
2.147302680000000237e+03	1.911236125772819427e-04
2.147332820000000538e+03	1.658387874006114759e-04
2.147362950000000183e+03	1.505540567246707595e-04
2.147393090000000484e+03	1.502692315480114171e-04
2.147423220000000128e+03	1.649845008720729478e-04
2.147453350000000228e+03	1.996997701961336635e-04
2.147483490000000529e+03	2.344149450194676909e-04
2.147513620000000174e+03	2.591302143435322836e-04
2.147543760000000475e+03	2.738453891668601869e-04
2.147573890000000574e+03	2.635606584909244710e-04
2.147604020000000219e+03	2.482759278149837545e-04
2.147634160000000520e+03	2.279911026383182882e-04
2.147664290000000165e+03	2.127063719623775717e-04
2.147694420000000264e+03	2.074216412864399173e-04
2.147724560000000565e+03	2.121368161097716976e-04
2.147754690000000210e+03	2.168520854338301662e-04
2.147784830000000511e+03	2.165672602571638850e-04
2.147814960000000156e+03	2.012825295812231685e-04
2.147845090000000255e+03	1.759977989052863290e-04
2.147875230000000556e+03	1.457129737286178006e-04
2.147905360000000201e+03	1.154282430526898384e-04
2.147935490000000300e+03	1.051435123767402446e-04
2.147965630000000147e+03	1.098586872000789638e-04
2.147995760000000246e+03	1.295739565241454949e-04
2.148025900000000547e+03	1.492891313474783987e-04
2.148056030000000192e+03	1.640044006715468683e-04
2.148086160000000291e+03	1.587196699955953361e-04
2.148116300000000138e+03	1.384348448189368086e-04
2.148146430000000237e+03	1.081501141429949686e-04
2.148176570000000538e+03	7.786528896633337915e-05
2.148206700000000183e+03	6.258055829039266271e-05
2.148236830000000282e+03	6.229582761445306982e-05
2.148266970000000128e+03	8.701100243778403520e-05
2.148297100000000228e+03	1.267262717618497514e-04
2.148327230000000327e+03	1.764415410859046518e-04
2.148357370000000174e+03	2.161567159092436796e-04
2.148387500000000273e+03	2.458719852332993949e-04
2.148417640000000574e+03	2.555871600566361757e-04
2.148447770000000219e+03	2.453024293806935208e-04
2.148477900000000318e+03	2.200176987047566812e-04
2.148508040000000165e+03	1.847328735280970302e-04
2.148538170000000264e+03	1.544481428521482513e-04
2.148568310000000565e+03	1.341633176754827850e-04
2.148598440000000210e+03	1.238785869995540079e-04
2.148628570000000309e+03	1.285938563236055376e-04
2.148658710000000156e+03	1.333090311469511957e-04
2.148688840000000255e+03	1.380243004710027255e-04
2.148718970000000354e+03	1.377395697950631326e-04
2.148749110000000201e+03	1.274547446184076671e-04
2.148779240000000300e+03	1.171700139424580733e-04
2.148809380000000147e+03	1.068851887658026079e-04
2.148839510000000246e+03	1.066004580898630150e-04
2.148869640000000345e+03	1.163157274139195452e-04
2.148899780000000192e+03	1.360309022372524490e-04
2.148929910000000291e+03	1.607461715613170417e-04
2.148960040000000390e+03	1.704614408853735719e-04
2.148990180000000237e+03	1.701766157087072906e-04
2.149020310000000336e+03	1.598918850327715746e-04
2.149050450000000183e+03	1.346070598561011078e-04
2.149080580000000282e+03	1.193223291801673303e-04
2.149110710000000381e+03	1.140375985042227369e-04
2.149140850000000228e+03	1.237527733275595176e-04
2.149170980000000327e+03	1.534680426516221718e-04
2.149201120000000174e+03	1.931832174749611997e-04
2.149231250000000273e+03	2.278984867990149765e-04
2.149261380000000372e+03	2.526137561230726303e-04
2.149291520000000219e+03	2.523289309464132879e-04
2.149321650000000318e+03	2.320442002704745099e-04
2.149351780000000417e+03	1.967594695945276695e-04
2.149381920000000264e+03	1.564746444178768958e-04
2.149412050000000363e+03	1.261899137419281169e-04
2.149442190000000210e+03	1.159050885652726515e-04
2.149472320000000309e+03	1.306203578893272432e-04
2.149502450000000408e+03	1.603356272133829585e-04
2.149532590000000255e+03	2.000508020367219864e-04
2.149562720000000354e+03	2.297660713607846406e-04
2.149592860000000201e+03	2.444812461841194828e-04
2.149622990000000300e+03	2.291965155081787664e-04
2.149653120000000399e+03	1.939117848322388649e-04
2.149683260000000246e+03	1.536269596555742134e-04
2.149713390000000345e+03	1.133422289796362503e-04
2.149743520000000444e+03	9.805749830369553388e-05
2.149773660000000291e+03	1.077726731270253757e-04
2.149803790000000390e+03	1.324879424510899684e-04
2.149833930000000237e+03	1.672031172744309346e-04
2.149864060000000336e+03	1.969183865984797110e-04
2.149894190000000435e+03	2.016336559225451186e-04
2.149924330000000282e+03	1.863488307458846527e-04
2.149954460000000381e+03	1.560641000699358738e-04
2.149984590000000480e+03	1.307793693939990343e-04
2.150014730000000327e+03	1.204945442173366299e-04
2.150044860000000426e+03	1.352098135413912217e-04
2.150075000000000273e+03	1.699249883647391268e-04
2.150105130000000372e+03	2.096402576887909652e-04
2.150135260000000471e+03	2.443555270128516810e-04
2.150165400000000318e+03	2.640707018361915237e-04
2.150195530000000417e+03	2.637859711602449919e-04
2.150225670000000264e+03	2.385011459835884029e-04
2.150255800000000363e+03	2.082164153076465629e-04
2.150285930000000462e+03	1.779316846317047229e-04
2.150316070000000309e+03	1.576468594550392566e-04
2.150346200000000408e+03	1.423621287791054790e-04
2.150376330000000507e+03	1.370773981031608857e-04
2.150406470000000354e+03	1.417925729264996049e-04
2.150436600000000453e+03	1.515078422505561351e-04
2.150466740000000300e+03	1.662230170738909774e-04
2.150496870000000399e+03	1.909382863979486311e-04
2.150527000000000498e+03	2.156535557220132238e-04
2.150557140000000345e+03	2.403687305453441891e-04
2.150587270000000444e+03	2.550839998694057198e-04
2.150617400000000544e+03	2.547992691934661269e-04
2.150647540000000390e+03	2.445144440168037225e-04
2.150677670000000489e+03	2.142297133408618826e-04
2.150707810000000336e+03	1.839448881642002931e-04
2.150737940000000435e+03	1.586601574882634536e-04
2.150768070000000534e+03	1.483754268123138598e-04
2.150798210000000381e+03	1.530906016356595178e-04
2.150828340000000480e+03	1.678058709597141096e-04
2.150858480000000327e+03	1.925210457830589528e-04
2.150888610000000426e+03	2.172363151071166065e-04
2.150918740000000525e+03	2.369515844311692598e-04
2.150948880000000372e+03	2.416667592545079790e-04
2.150979010000000471e+03	2.363820285785703246e-04
2.151009140000000571e+03	2.260972979026276697e-04
2.151039280000000417e+03	2.058124727259622033e-04
2.151069410000000516e+03	1.905277420500284258e-04
2.151099550000000363e+03	1.802429168733590825e-04
2.151129680000000462e+03	1.849581861974175512e-04
2.151159810000000562e+03	1.996734555214790818e-04
2.151189950000000408e+03	2.143886303448139241e-04
2.151220080000000507e+03	2.341038996688735163e-04
2.151250220000000354e+03	2.388190744922122355e-04
2.151280350000000453e+03	2.285343438162695806e-04
2.151310480000000553e+03	2.082496131403308026e-04
2.151340620000000399e+03	1.779647879636692132e-04
2.151370750000000498e+03	1.576800572877234963e-04
2.151400880000000143e+03	1.523953266117927807e-04
2.151431020000000444e+03	1.721105014351256846e-04
2.151461150000000544e+03	2.118257707591844619e-04
2.151491290000000390e+03	2.565409455825284901e-04
2.151521420000000489e+03	2.962562149065803285e-04
2.151551550000000134e+03	3.159714842306468596e-04
2.151581690000000435e+03	3.106866590539825168e-04
2.151611820000000534e+03	2.954019283780418004e-04
2.151641950000000179e+03	2.751171977021030224e-04
2.151672090000000480e+03	2.648323725254336791e-04
2.151702220000000580e+03	2.645476418494940862e-04
2.151732360000000426e+03	2.792628166728289285e-04
2.151762490000000525e+03	3.039780859968865823e-04
2.151792620000000170e+03	3.186933553209481129e-04
2.151822760000000471e+03	3.234085301442798932e-04
2.151852890000000571e+03	3.231237994683403003e-04
2.151883030000000417e+03	3.178389742916759575e-04
2.151913160000000516e+03	3.175542436157363646e-04
2.151943290000000161e+03	3.222695129397948333e-04
2.151973430000000462e+03	3.369846877631296755e-04
2.152003560000000562e+03	3.566999570871892677e-04
2.152033690000000206e+03	3.664152264112527368e-04
2.152063830000000507e+03	3.761304012345964565e-04
2.152093960000000152e+03	3.808456705586549251e-04
2.152124100000000453e+03	3.855608453819867054e-04
2.152154230000000553e+03	3.952761147060501745e-04
2.152184360000000197e+03	4.199913840301078283e-04
2.152214500000000498e+03	4.497065588534507330e-04
2.152244630000000143e+03	4.794218281775064483e-04
2.152274760000000242e+03	5.041370975015710409e-04
2.152304900000000544e+03	5.188522723249058832e-04
2.152335030000000188e+03	5.135675416489612899e-04
2.152365170000000489e+03	5.032827164722988855e-04
2.152395300000000134e+03	4.929979857963562306e-04
2.152425430000000233e+03	4.877132551204185762e-04
2.152455570000000534e+03	4.924284299437503565e-04
2.152485700000000179e+03	5.071436992678118871e-04
2.152515840000000480e+03	5.368588740911478530e-04
2.152545970000000580e+03	5.715741434152085687e-04
2.152576100000000224e+03	6.112894127392673460e-04
2.152606240000000525e+03	6.610045875626024969e-04
2.152636370000000170e+03	7.107198568866643362e-04
2.152666500000000269e+03	7.604351262107192366e-04
2.152696640000000571e+03	8.001503010340582644e-04
2.152726770000000215e+03	8.298655703581209186e-04
2.152756910000000516e+03	8.445807451814557609e-04
2.152787040000000161e+03	8.442960145055231069e-04
2.152817170000000260e+03	8.440112838295765751e-04
2.152847310000000562e+03	8.487264586529083554e-04
2.152877440000000206e+03	8.634417279769768250e-04
2.152907580000000507e+03	8.881569028003147293e-04
2.152937710000000152e+03	9.228721721243754450e-04
2.152967840000000251e+03	9.625874414484342223e-04
2.152997980000000553e+03	9.973026162717682497e-04
2.153028110000000197e+03	1.037017885595827027e-03
2.153058240000000296e+03	1.071733154919887743e-03
2.153088380000000143e+03	1.106448329743221770e-03
2.153118510000000242e+03	1.151163599067278609e-03
2.153148650000000544e+03	1.195878773890615698e-03
2.153178780000000188e+03	1.240594043214672537e-03
2.153208910000000287e+03	1.275309312538733253e-03
2.153239050000000134e+03	1.300024487362078096e-03
2.153269180000000233e+03	1.309739756686127687e-03
2.153299310000000332e+03	1.314455026010193095e-03
2.153329450000000179e+03	1.314170200833533753e-03
2.153359580000000278e+03	1.318885470157585282e-03
2.153389720000000580e+03	1.318600644980919001e-03
2.153419850000000224e+03	1.318315914304986347e-03
2.153449980000000323e+03	1.313031183629048693e-03
2.153480120000000170e+03	1.297746358452388227e-03
2.153510250000000269e+03	1.277461627776442510e-03
2.153540390000000571e+03	1.252176802599772043e-03
2.153570520000000215e+03	1.221892071923844081e-03
2.153600650000000314e+03	1.191607341247902241e-03
2.153630790000000161e+03	1.156322516071235651e-03
2.153660920000000260e+03	1.111037785395292687e-03
2.153691050000000359e+03	1.050753054719355539e-03
2.153721190000000206e+03	9.754682295426905791e-04
2.153751320000000305e+03	8.901834988667492454e-04
2.153781460000000152e+03	8.098986736900862238e-04
2.153811590000000251e+03	7.446139430141440751e-04
2.153841720000000350e+03	6.993292123382011116e-04
2.153871860000000197e+03	6.740443871615375837e-04
2.153901990000000296e+03	6.637596564856018677e-04
2.153932130000000143e+03	6.634748313089425253e-04
2.153962260000000242e+03	6.681901006329940551e-04
2.153992390000000341e+03	6.729053699570525238e-04
2.154022530000000188e+03	6.626205447803970583e-04
2.154052660000000287e+03	6.473358141044563419e-04
2.154082790000000386e+03	6.170510834285075630e-04
2.154112930000000233e+03	5.717662582518517889e-04
2.154143060000000332e+03	5.114815275759077018e-04
2.154173200000000179e+03	4.461967023992527426e-04
2.154203330000000278e+03	3.909119717233067171e-04
2.154233460000000377e+03	3.556272410473668155e-04
2.154263600000000224e+03	3.503424158707024727e-04
2.154293730000000323e+03	3.750576851947670654e-04
2.154323860000000423e+03	4.197729545188169653e-04
2.154354000000000269e+03	4.644881293421609936e-04
2.154384130000000368e+03	4.842033986662205858e-04
2.154414270000000215e+03	4.689185734895531810e-04
2.154444400000000314e+03	4.136338428136140943e-04
2.154474530000000414e+03	3.233491121376746991e-04
2.154504670000000260e+03	2.280642869610105539e-04
2.154534800000000359e+03	1.477795562850672817e-04
2.154564940000000206e+03	9.249473110840844559e-05
2.154595070000000305e+03	7.721000043246079025e-05
2.154625200000000405e+03	9.692526975652038246e-05
2.154655340000000251e+03	1.416404445798644107e-04
2.154685470000000350e+03	1.963557139039173727e-04
2.154715600000000450e+03	2.410709832279742115e-04
2.154745740000000296e+03	2.707861580513171162e-04
2.154775870000000396e+03	2.705014273753705845e-04
2.154806010000000242e+03	2.452166021987209343e-04
2.154836140000000341e+03	2.049318715227690935e-04
2.154866270000000441e+03	1.496471408468300068e-04
2.154896410000000287e+03	9.936231567017617117e-05
2.154926540000000386e+03	6.907758499422739229e-05
2.154956670000000486e+03	6.379285431828973785e-05
2.154986810000000332e+03	6.850802914162845703e-05
2.155016940000000432e+03	8.822329846568804923e-05
2.155047080000000278e+03	9.293847328901982952e-05
2.155077210000000377e+03	8.265374261308411352e-05
2.155107340000000477e+03	5.236901193714227354e-05
2.155137480000000323e+03	1.708418676047568363e-05
2.155167610000000423e+03	-1.820054391546421790e-05
2.155197750000000269e+03	-2.848536909212662227e-05
2.155227880000000368e+03	-1.377009976807203051e-05
2.155258010000000468e+03	2.094516955598868524e-05
2.155288150000000314e+03	5.066034437932465107e-05
2.155318280000000414e+03	6.537561370338618172e-05
2.155348410000000513e+03	5.009088302744546528e-05
2.155378550000000359e+03	1.480605785077887537e-05
2.155408680000000459e+03	-3.047867282515714926e-05
2.155438820000000305e+03	-6.076349800181873873e-05
2.155468950000000405e+03	-6.104822867775833162e-05
2.155499080000000504e+03	-3.133295935370261631e-05
2.155529220000000350e+03	2.338221546964447395e-05
2.155559350000000450e+03	6.809748479369437391e-05
2.155589490000000296e+03	9.281265961703921707e-05
2.155619620000000396e+03	8.752792894109462374e-05
2.155649750000000495e+03	5.724319826515278375e-05
2.155679890000000341e+03	2.195837308849313274e-05
2.155710020000000441e+03	-8.326357587448707243e-06
2.155740150000000540e+03	-8.611088263395239029e-06
2.155770290000000386e+03	1.610408655994266525e-05
2.155800420000000486e+03	5.081935588400338100e-05
2.155830560000000332e+03	8.553453070733740837e-05
2.155860690000000432e+03	1.002498000313989390e-04
2.155890820000000531e+03	8.496506935545822259e-05
2.155920960000000377e+03	5.468024417879663313e-05
2.155951090000000477e+03	1.939551350285673159e-05
2.155981220000000576e+03	-1.088921717308510839e-05
2.156011360000000423e+03	-2.617404234975251320e-05
2.156041490000000522e+03	-2.645877302569210610e-05
2.156071630000000368e+03	-1.174359820235032492e-05
2.156101760000000468e+03	2.971671121704266838e-06
2.156131890000000567e+03	1.268694044576079705e-05
2.156162030000000414e+03	1.740211526910645512e-05
2.156192160000000513e+03	2.211738459315798488e-05
2.156222300000000359e+03	1.683255941650751986e-05
2.156252430000000459e+03	1.654782874056098807e-05
2.156282560000000558e+03	1.126309806461639473e-05
2.156312700000000405e+03	5.978272887958990811e-06
2.156342830000000504e+03	5.693542212012459025e-06
2.156372960000000148e+03	5.408811536079805027e-06
2.156403100000000450e+03	1.512398635941658576e-05
2.156433230000000549e+03	3.483925568347617796e-05
2.156463370000000396e+03	5.955443050680714334e-05
2.156493500000000495e+03	7.926969983086673555e-05
2.156523630000000139e+03	8.898496915493020465e-05
2.156553770000000441e+03	7.370014397826279984e-05
2.156583900000000540e+03	3.341541330232483675e-05
2.156614030000000184e+03	-1.686931737361618833e-05
2.156644170000000486e+03	-6.715414255028390178e-05
2.156674300000000130e+03	-9.243887322622074132e-05
2.156704440000000432e+03	-8.772369840288896103e-05
2.156734570000000531e+03	-5.300842907882824528e-05
2.156764700000000175e+03	1.706840245231655562e-06
2.156794840000000477e+03	5.642201506857180693e-05
2.156824970000000576e+03	9.113728439262558378e-05
2.156855110000000423e+03	9.585245921596430296e-05
2.156885240000000522e+03	7.056772854002746342e-05
2.156915370000000166e+03	3.028299786408950034e-05
2.156945510000000468e+03	-5.001827312570150674e-06
2.156975640000000567e+03	-3.528655798851892955e-05
2.157005770000000211e+03	-4.557128866444770665e-05
2.157035910000000513e+03	-4.585611384111398792e-05
2.157066040000000157e+03	-5.114084451705858125e-05
2.157096180000000459e+03	-7.142566969372404762e-05
2.157126310000000558e+03	-1.017104003696658876e-04
2.157156440000000202e+03	-1.369951310455988502e-04
2.157186580000000504e+03	-1.622799562222693170e-04
2.157216710000000148e+03	-1.625646868982089099e-04
2.157246850000000450e+03	-1.378495120748710057e-04
2.157276980000000549e+03	-8.813424275081610526e-05
2.157307110000000193e+03	-2.341897342675314242e-05
2.157337250000000495e+03	4.629620139658119360e-05
2.157367380000000139e+03	1.060114707206460949e-04
2.157397510000000239e+03	1.457267400446979333e-04
2.157427650000000540e+03	1.604419148680327756e-04
2.157457780000000184e+03	1.551571841921020600e-04
2.157487920000000486e+03	1.348723590154365937e-04
2.157518050000000130e+03	1.045876283395016926e-04
2.157548180000000229e+03	6.430289766355679060e-05
2.157578320000000531e+03	3.401807248688826224e-05
2.157608450000000175e+03	1.873334181095448470e-05
2.157638580000000275e+03	1.844861113500795291e-05
2.157668720000000576e+03	3.316378595834279519e-05
2.157698850000000220e+03	6.287905528241238828e-05
2.157728990000000522e+03	8.759423010574335366e-05
2.157759120000000166e+03	9.730949942980682277e-05
2.157789250000000266e+03	8.202476875386610633e-05
2.157819390000000567e+03	4.673994357719951642e-05
2.157849520000000211e+03	1.455212901263491787e-06
2.157879660000000513e+03	-3.882961227540809857e-05
2.157909790000000157e+03	-6.411434295134493810e-05
2.157939920000000257e+03	-6.439907362728453100e-05
2.157970060000000558e+03	-4.968389880394968872e-05
2.158000190000000202e+03	-1.996862947988703452e-05
2.158030320000000302e+03	4.746639844170619238e-06
2.158060460000000148e+03	1.446181466750739997e-05
2.158090590000000248e+03	9.177083991562806631e-06
2.158120730000000549e+03	-1.107741185099597736e-06
2.158150860000000193e+03	-1.392471861032251734e-06
2.158180990000000293e+03	8.322797463017339581e-06
2.158211130000000139e+03	2.803797228636412120e-05
2.158241260000000239e+03	5.275324161042177495e-05
2.158271400000000540e+03	6.746841643375661723e-05
2.158301530000000184e+03	6.218368575781896279e-05
2.158331660000000284e+03	3.689895508187518436e-05
2.158361800000000130e+03	-3.385870094782528206e-06
2.158391930000000229e+03	-4.867060077072549173e-05
2.158422060000000329e+03	-7.895533144666733172e-05
2.158452200000000175e+03	-8.924015662332973609e-05
2.158482330000000275e+03	-8.452488729927126743e-05
2.158512470000000576e+03	-6.480971247593836360e-05
2.158542600000000220e+03	-4.509444315187877139e-05
2.158572730000000320e+03	-3.037917382781724074e-05
2.158602870000000166e+03	-3.066399900448352200e-05
2.158633000000000266e+03	-3.094872968042311490e-05
2.158663130000000365e+03	-3.623346035636076934e-05
2.158693270000000211e+03	-3.651828553302705060e-05
2.158723400000000311e+03	-2.680301620896358150e-05
2.158753540000000157e+03	-7.087841385623738777e-06
2.158783670000000257e+03	2.262742793843197653e-05
2.158813800000000356e+03	4.734269726248963028e-05
2.158843940000000202e+03	6.205787208583141146e-05
2.158874070000000302e+03	6.677314140988988012e-05
2.158904210000000148e+03	4.648831623323135265e-05
2.158934340000000248e+03	1.620358555728951266e-05
2.158964470000000347e+03	-1.908114511865732776e-05
2.158994610000000193e+03	-5.436597029531697878e-05
2.159024740000000293e+03	-6.965070097125769522e-05
2.159054870000000392e+03	-6.993543164720422700e-05
2.159085010000000239e+03	-5.022025682386438428e-05
2.159115140000000338e+03	-2.050498749980173008e-05
2.159145280000000184e+03	4.210187323529235304e-06
2.159175410000000284e+03	2.392545664759576640e-05
2.159205540000000383e+03	2.864072597165423506e-05
2.159235680000000229e+03	1.335590079498683025e-05
2.159265810000000329e+03	-1.192882988095000929e-05
2.159295940000000428e+03	-3.221356055688878728e-05
2.159326080000000275e+03	-4.749838573355619209e-05
2.159356210000000374e+03	-4.778311640949578498e-05
2.159386350000000220e+03	-4.306794158615706580e-05
2.159416480000000320e+03	-2.835267226210247404e-05
2.159446610000000419e+03	-1.863740293804594383e-05
2.159476750000000266e+03	-1.392222811470028576e-05
2.159506880000000365e+03	-1.420695879064681755e-05
2.159537020000000211e+03	-9.491783967301159475e-06
2.159567150000000311e+03	-4.776514643249629710e-06
2.159597280000000410e+03	4.938754680813839393e-06
2.159627420000000257e+03	1.965392950415562057e-05
2.159657550000000356e+03	2.936919882820521188e-05
2.159687680000000455e+03	2.908446815226561899e-05
2.159717820000000302e+03	1.879964297561015352e-05
2.159747950000000401e+03	3.514912299669437079e-06
2.159778090000000248e+03	-2.176991287700102973e-05
2.159808220000000347e+03	-4.705464355293786927e-05
2.159838350000000446e+03	-6.233937422887858570e-05
2.159868490000000293e+03	-7.762419940554599052e-05
2.159898620000000392e+03	-8.290893008148364496e-05
2.159928760000000239e+03	-8.319375525814992622e-05
2.159958890000000338e+03	-7.347848593408645712e-05
2.159989020000000437e+03	-5.876321661003186536e-05
2.160019160000000284e+03	-3.904804178669202264e-05
2.160049290000000383e+03	-9.332772462636307331e-06
2.160079420000000482e+03	2.038249686142634687e-05
2.160109560000000329e+03	4.009767168475925070e-05
2.160139690000000428e+03	4.981294100882271980e-05
2.160169830000000275e+03	4.452811583215837699e-05
2.160199960000000374e+03	2.424338515621959900e-05
2.160230090000000473e+03	-1.041345519724179436e-06
2.160260230000000320e+03	-2.132617069638270690e-05
2.160290360000000419e+03	-3.661090137232342334e-05
2.160320490000000518e+03	-4.189563204826801668e-05
2.160350630000000365e+03	-3.718045722492235861e-05
2.160380760000000464e+03	-2.746518790087276729e-05
2.160410900000000311e+03	-2.275001307752710922e-05
2.160441030000000410e+03	-2.303474375346670211e-05
2.160471160000000509e+03	-2.831947442941823434e-05
2.160501300000000356e+03	-4.360429960607176136e-05
2.160531430000000455e+03	-5.388903028201441625e-05
2.160561570000000302e+03	-6.417385545868375951e-05
2.160591700000000401e+03	-6.945858613462141395e-05
2.160621830000000500e+03	-6.474331681056294530e-05
2.160651970000000347e+03	-5.502814198722616457e-05
2.160682100000000446e+03	-4.031287266316463391e-05
2.160712230000000545e+03	-1.559760333910698016e-05
2.160742370000000392e+03	9.117571484230924117e-06
2.160772500000000491e+03	3.883284080828663942e-05
2.160802640000000338e+03	6.354801563163148259e-05
2.160832770000000437e+03	7.826328495567913546e-05
2.160862900000000536e+03	8.797855427974260456e-05
2.160893040000000383e+03	8.269372910308520064e-05
2.160923170000000482e+03	6.740899842713754531e-05
2.160953310000000329e+03	4.712417325048595673e-05
2.160983440000000428e+03	2.183944257453523941e-05
2.161013570000000527e+03	6.554711898601461861e-06
2.161043710000000374e+03	-3.730113278060942505e-06
2.161073840000000473e+03	-4.014843954007474292e-06
2.161103970000000572e+03	7.004253700509943670e-07
2.161134110000000419e+03	1.041560019339471399e-05
2.161164240000000518e+03	1.513086951745318265e-05
2.161194380000000365e+03	1.984604434078496293e-05
2.161224510000000464e+03	2.456131366485037049e-05
2.161254640000000563e+03	2.927658298890883914e-05
2.161284780000000410e+03	2.899175781224255788e-05
2.161314910000000509e+03	2.370702713630490344e-05
2.161345040000000154e+03	1.342229646036224855e-05
2.161375180000000455e+03	-1.862528716305156262e-06
2.161405310000000554e+03	-2.714725939224199580e-05
2.161435450000000401e+03	-5.243208456890552371e-05
2.161465580000000500e+03	-7.271681524485124060e-05
2.161495710000000145e+03	-8.300154592078695659e-05
2.161525850000000446e+03	-7.328637109745711475e-05
2.161555980000000545e+03	-4.857110177339252211e-05
2.161586120000000392e+03	-1.385592695005155583e-05
2.161616250000000491e+03	3.085934237400528302e-05
2.161646380000000136e+03	6.557461169806599877e-05
2.161676520000000437e+03	8.028978652140777994e-05
2.161706650000000536e+03	8.000505584546124815e-05
2.161736780000000181e+03	5.972032516952940906e-05
2.161766920000000482e+03	2.443549999286281915e-05
2.161797050000000581e+03	-1.084923068308402128e-05
2.161827190000000428e+03	-4.113405585974561074e-05
2.161857320000000527e+03	-5.641878653567938828e-05
2.161887450000000172e+03	-5.170351721162091962e-05
2.161917590000000473e+03	-3.698834238828607734e-05
2.161947720000000572e+03	-1.727307306422648514e-05
2.161977850000000217e+03	-2.557803740164954487e-06
2.162007990000000518e+03	2.157371083166825798e-06
2.162038120000000163e+03	-3.127359592770828645e-06
2.162068260000000464e+03	-2.341218476944323390e-05
2.162098390000000563e+03	-4.369691544538201189e-05
2.162128520000000208e+03	-5.898164612131578943e-05
2.162158660000000509e+03	-6.426647129798707114e-05
2.162188790000000154e+03	-5.455120197391666315e-05
2.162218930000000455e+03	-3.483602715058375932e-05
2.162249060000000554e+03	-1.512075782653110601e-05
2.162279190000000199e+03	4.594511497535425093e-06
2.162309330000000500e+03	1.930968632087026737e-05
2.162339460000000145e+03	2.402495564493567493e-05
2.162369590000000244e+03	2.374022496898914314e-05
2.162399730000000545e+03	2.345539979232286187e-05
2.162429860000000190e+03	2.817066911639520832e-05
2.162460000000000491e+03	2.788584393972892705e-05
2.162490130000000136e+03	2.760111326378933416e-05
2.162520260000000235e+03	1.231638258784861772e-05
2.162550400000000536e+03	-1.296844258882184908e-05
2.162580530000000181e+03	-4.825317326476175062e-05
2.162610670000000482e+03	-7.853799844142334008e-05
2.162640800000000581e+03	-9.882272911736211807e-05
2.162670930000000226e+03	-1.091074597933047730e-04
2.162701070000000527e+03	-9.439228496996993067e-05
2.162731200000000172e+03	-7.467701564591033847e-05
2.162761330000000271e+03	-5.496174632185074627e-05
2.162791470000000572e+03	-4.024657149851590399e-05
2.162821600000000217e+03	-3.553130217445743533e-05
2.162851740000000518e+03	-2.581612735112065460e-05
2.162881870000000163e+03	-1.610085802705718550e-05
2.162912000000000262e+03	8.614411297000468259e-06
2.162942140000000563e+03	4.332958612034143453e-05
2.162972270000000208e+03	8.304485544440021183e-05
2.163002400000000307e+03	1.077601247684578656e-04
2.163032540000000154e+03	1.174752995918015852e-04
2.163062670000000253e+03	1.021905689158539299e-04
2.163092810000000554e+03	7.190574373919234041e-05
2.163122940000000199e+03	4.162101306325743932e-05
2.163153070000000298e+03	1.633628238731366089e-05
2.163183210000000145e+03	1.105145721064931807e-05
2.163213340000000244e+03	1.076672653470972518e-05
2.163243480000000545e+03	1.548190135804150547e-05
2.163273610000000190e+03	1.519717068210191258e-05
2.163303740000000289e+03	4.912440006166196582e-06
2.163333880000000136e+03	-1.537238517049926978e-05
2.163364010000000235e+03	-2.565711584644192467e-05
2.163394140000000334e+03	-2.094184652238345601e-05
2.163424280000000181e+03	-6.226671699048613728e-06
2.163454410000000280e+03	2.348859762501404047e-05
2.163484550000000581e+03	5.320377244834306740e-05
2.163514680000000226e+03	6.791904177240459806e-05
2.163544810000000325e+03	5.763431109646888206e-05
2.163574950000000172e+03	3.734948591981035459e-05
2.163605080000000271e+03	7.064755243868514611e-06
2.163635210000000370e+03	-1.321997543207720227e-05
2.163665350000000217e+03	-1.850480060872766730e-05
2.163695480000000316e+03	-3.789531284680014434e-06
2.163725620000000163e+03	2.092564353866482874e-05
2.163755750000000262e+03	4.064091286272442094e-05
2.163785880000000361e+03	5.035618218677401225e-05
2.163816020000000208e+03	4.507135701011660833e-05
2.163846150000000307e+03	2.478662633417783034e-05
2.163876290000000154e+03	9.501801157510425533e-06
2.163906420000000253e+03	-5.782929518430290905e-06
2.163936550000000352e+03	-6.067660194369883797e-06
2.163966690000000199e+03	-6.352485371036165063e-06
2.163996820000000298e+03	-1.637216046970757510e-06
2.164026950000000397e+03	-6.921946722915350847e-06
2.164057090000000244e+03	-1.220677189957969366e-05
2.164087220000000343e+03	-1.749150257551734811e-05
2.164117360000000190e+03	-1.277632775217862893e-05
2.164147490000000289e+03	1.938941571875962833e-06
2.164177620000000388e+03	3.165421089593861703e-05
2.164207760000000235e+03	6.636938571927958330e-05
2.164237890000000334e+03	9.108465504333029816e-05
2.164268030000000181e+03	1.007998298666809567e-04
2.164298160000000280e+03	9.051509919073136290e-05
2.164328290000000379e+03	7.023036851478564602e-05
2.164358430000000226e+03	4.494554333812905700e-05
2.164388560000000325e+03	2.966081266218834056e-05
2.164418690000000424e+03	2.437608198624374722e-05
2.164448830000000271e+03	2.909125680958940530e-05
2.164478960000000370e+03	3.880652613363899661e-05
2.164509100000000217e+03	3.352170095698159269e-05
2.164539230000000316e+03	1.823697028104087625e-05
2.164569360000000415e+03	-2.047760394897901737e-06
2.164599500000000262e+03	-3.233258557156643009e-05
2.164629630000000361e+03	-4.761731624750714653e-05
2.164659760000000460e+03	-4.290204692344173898e-05
2.164689900000000307e+03	-2.318687210010883515e-05
2.164720030000000406e+03	6.528397223953819051e-06
2.164750170000000253e+03	3.124357204728478443e-05
2.164780300000000352e+03	4.095884137134131464e-05
2.164810430000000451e+03	3.567411069540366020e-05
2.164840570000000298e+03	1.038928551874013229e-05
2.164870700000000397e+03	-1.489544515720364615e-05
2.164900840000000244e+03	-3.518027033386217362e-05
2.164930970000000343e+03	-3.546500100980176651e-05
2.164961100000000442e+03	-1.074973168574411275e-05
2.164991240000000289e+03	2.896544313759491507e-05
2.165021370000000388e+03	6.368071246165563082e-05
2.165051500000000487e+03	8.339598178570828413e-05
2.165081640000000334e+03	7.811115660905781910e-05
2.165111770000000433e+03	5.282642593310710177e-05
2.165141910000000280e+03	7.541600756451327658e-06
2.165172040000000379e+03	-3.274312991948663543e-05
2.165202170000000478e+03	-5.302786059543929120e-05
2.165232310000000325e+03	-4.331268577209557158e-05
2.165262440000000424e+03	-1.859741644803791782e-05
2.165292580000000271e+03	2.611775837529917155e-05
2.165322710000000370e+03	6.083302769935988730e-05
2.165352840000000469e+03	8.054829702341947950e-05
2.165382980000000316e+03	7.526347184675513668e-05
2.165413110000000415e+03	5.497874117081635870e-05
2.165443240000000515e+03	2.469401049487451871e-05
2.165473380000000361e+03	-5.908146817890091995e-07
2.165503510000000460e+03	-5.875545357733602536e-06
2.165533650000000307e+03	3.839629465610117087e-06
2.165563780000000406e+03	3.355489878965889350e-05
2.165593910000000506e+03	5.827016811372348615e-05
2.165624050000000352e+03	7.298534293706526732e-05
2.165654180000000451e+03	7.270061226111873554e-05
2.165684310000000551e+03	5.241588158517995755e-05
2.165714450000000397e+03	2.713105640851642963e-05
2.165744580000000497e+03	-3.153674267418471455e-06
2.165774720000000343e+03	-1.843849944407893737e-05
2.165804850000000442e+03	-2.372323012003046960e-05
2.165834980000000542e+03	-1.400796079596700050e-05
2.165865120000000388e+03	-4.292785972623280877e-06
2.165895250000000487e+03	1.042248335143131088e-05
2.165925390000000334e+03	2.513765817476615316e-05
2.165955520000000433e+03	3.485292749882962227e-05
2.165985650000000533e+03	3.956819682288809092e-05
2.166015790000000379e+03	4.928337164622487165e-05
2.166045920000000478e+03	5.899864097028140186e-05
2.166076050000000578e+03	6.371391029433987052e-05
2.166106190000000424e+03	6.842908511767858970e-05
2.166136320000000524e+03	6.314435444173399636e-05
2.166166460000000370e+03	4.285952926506853000e-05
2.166196590000000469e+03	1.757479858913169046e-05
2.166226720000000569e+03	-1.270993208681014952e-05
2.166256860000000415e+03	-4.799475726347673943e-05
2.166286990000000515e+03	-6.827948793941551742e-05
2.166317120000000159e+03	-8.356421861535623385e-05
2.166347260000000460e+03	-8.884904379201363778e-05
2.166377390000000560e+03	-7.913377446795710757e-05
2.166407530000000406e+03	-5.941859964461726484e-05
2.166437660000000506e+03	-3.470333032055961109e-05
2.166467790000000150e+03	-9.988060996495018440e-06
2.166497930000000451e+03	1.972711382684094739e-05
2.166528060000000551e+03	3.944238315089360070e-05
2.166558200000000397e+03	4.915755797423732032e-05
2.166588330000000497e+03	4.887282729829772743e-05
2.166618460000000141e+03	3.858809662235507254e-05
2.166648600000000442e+03	1.830327144568960618e-05
2.166678730000000542e+03	3.018540769748889740e-06
2.166708860000000186e+03	-7.266189906186826253e-06
2.166739000000000487e+03	-1.255101508285116907e-05
2.166769130000000132e+03	-7.835745758792700411e-06
2.166799270000000433e+03	1.879429064537141425e-06
2.166829400000000533e+03	6.594698388602548977e-06
2.166859530000000177e+03	1.130996771266101764e-05
2.166889670000000478e+03	1.025142535991674375e-06
2.166919800000000578e+03	-9.259588139944041618e-06
2.166949940000000424e+03	-2.454441331660450754e-05
2.166980070000000524e+03	-2.982914399254910087e-05
2.167010200000000168e+03	-3.011387466848175487e-05
2.167040340000000469e+03	-2.539869984514997459e-05
2.167070470000000569e+03	-1.068343052109538283e-05
2.167100600000000213e+03	-5.968161197029975273e-06
2.167130740000000515e+03	-1.252986373698194988e-06
2.167160870000000159e+03	-6.537717049628910537e-06
2.167191010000000460e+03	-1.182254222629325335e-05
2.167221140000000560e+03	-2.210727290224284713e-05
2.167251270000000204e+03	-2.239200357817550113e-05
2.167281410000000506e+03	-1.267682875483872040e-05
2.167311540000000150e+03	2.038440569222810250e-06
2.167341670000000249e+03	2.175370989328240245e-05
2.167371810000000551e+03	4.146888471661530629e-05
2.167401940000000195e+03	5.618415404067683694e-05
2.167432080000000497e+03	5.589932886401055567e-05
2.167462210000000141e+03	4.561459818806790079e-05
2.167492340000000240e+03	3.032986751212718435e-05
2.167522480000000542e+03	1.504504233545977954e-05
2.167552610000000186e+03	9.760311659522125094e-06
2.167582750000000487e+03	1.447548648285390538e-05
2.167612880000000132e+03	2.419075580692431338e-05
2.167643010000000231e+03	3.890602513097890514e-05
2.167673150000000533e+03	4.862119995430874697e-05
2.167703280000000177e+03	4.833646927837609297e-05
2.167733410000000276e+03	3.805173860244037698e-05
2.167763550000000578e+03	1.776691342577491062e-05
2.167793680000000222e+03	7.482182749832255730e-06
2.167823820000000524e+03	1.219735757316403602e-05
2.167853950000000168e+03	3.191262689723750601e-05
2.167884080000000267e+03	6.662789622129822176e-05
2.167914220000000569e+03	1.063430710446303107e-04
2.167944350000000213e+03	1.360583403686860260e-04
2.167974480000000312e+03	1.557736096927525571e-04
2.168004620000000159e+03	1.554887845160862758e-04
2.168034750000000258e+03	1.352040538401405589e-04
2.168064890000000560e+03	1.149192286634750926e-04
2.168095020000000204e+03	8.963449798753825304e-05
2.168125150000000303e+03	7.934976731159559815e-05
2.168155290000000150e+03	7.906494213492931689e-05
2.168185420000000249e+03	8.378021145899472444e-05
2.168215560000000551e+03	9.849538628232956672e-05
2.168245690000000195e+03	1.032106556063880354e-04
2.168275820000000294e+03	9.792592493045038093e-05
2.168305960000000141e+03	8.764109975378797657e-05
2.168336090000000240e+03	6.735636907784919858e-05
2.168366220000000339e+03	4.707163840190348170e-05
2.168396360000000186e+03	3.178681322524301578e-05
2.168426490000000285e+03	2.650208254930536134e-05
2.168456630000000132e+03	2.621725737264601896e-05
2.168486760000000231e+03	3.093252669670448762e-05
2.168516890000000330e+03	3.564779602075601739e-05
2.168547030000000177e+03	3.536297084409667502e-05
2.168577160000000276e+03	2.507824016816095902e-05
2.168607300000000578e+03	4.793414991488553767e-06
2.168637430000000222e+03	-1.549131568445022422e-05
2.168667560000000321e+03	-4.077604636038706376e-05
2.168697700000000168e+03	-5.106087153705640702e-05
2.168727830000000267e+03	-5.134560221299599991e-05
2.168757960000000367e+03	-3.163033288892946882e-05
2.168788100000000213e+03	3.084841934397619667e-06
2.168818230000000312e+03	3.280011125846027387e-05
2.168848370000000159e+03	6.251528608180317859e-05
2.168878500000000258e+03	7.223055540585276990e-05
2.168908630000000358e+03	7.694582472991817745e-05
2.168938770000000204e+03	7.166099955325383464e-05
2.168968900000000303e+03	6.637626887730924130e-05
2.168999030000000403e+03	6.609153820136964841e-05
2.169029170000000249e+03	7.080671302470836759e-05
2.169059300000000349e+03	7.052198234876183580e-05
2.169089440000000195e+03	7.023715717210943232e-05
2.169119570000000294e+03	5.995242649616677744e-05
2.169149700000000394e+03	3.966769582022799945e-05
2.169179840000000240e+03	2.438287064356753353e-05
2.169209970000000339e+03	9.098139967619878199e-06
2.169240110000000186e+03	1.381331479095859738e-05
2.169270240000000285e+03	2.852858411502012803e-05
2.169300370000000385e+03	5.324385343908472068e-05
2.169330510000000231e+03	7.795902826241568606e-05
2.169360640000000330e+03	9.267429758647721671e-05
2.169390770000000430e+03	9.738956691053568537e-05
2.169420910000000276e+03	8.710474173387328101e-05
2.169451040000000376e+03	7.682001105793062612e-05
2.169481180000000222e+03	6.653518588126128286e-05
2.169511310000000321e+03	6.125045520532362842e-05
2.169541440000000421e+03	6.596572452938209707e-05
2.169571580000000267e+03	7.568089935271887780e-05
2.169601710000000367e+03	8.539616867678234691e-05
2.169631850000000213e+03	9.011134350012106609e-05
2.169661980000000312e+03	9.482661282417259585e-05
2.169692110000000412e+03	9.454188214823300296e-05
2.169722250000000258e+03	8.925705697157559904e-05
2.169752380000000358e+03	7.897232629563294415e-05
2.169782510000000457e+03	6.868759561969028926e-05
2.169812650000000303e+03	5.840277044303482379e-05
2.169842780000000403e+03	5.311803976709023045e-05
2.169872920000000249e+03	5.783321459042894963e-05
2.169903050000000349e+03	6.754848391449241873e-05
2.169933180000000448e+03	8.226375323854701049e-05
2.169963320000000294e+03	9.197892806188379122e-05
2.169993450000000394e+03	9.669419738594225988e-05
2.170023580000000493e+03	9.140946670999766654e-05
2.170053720000000339e+03	7.612464153333720063e-05
2.170083850000000439e+03	5.583991085739842264e-05
2.170113990000000285e+03	4.055508568073101783e-05
2.170144120000000385e+03	4.027035500479142494e-05
2.170174250000000484e+03	5.998562432885101714e-05
2.170204390000000330e+03	8.470079915218892141e-05
2.170234520000000430e+03	1.094160684762465752e-04
2.170264660000000276e+03	1.191312432995902948e-04
2.170294790000000376e+03	1.138465126236387626e-04
2.170324920000000475e+03	8.856178194770192302e-05
2.170355060000000321e+03	5.327695677104227201e-05
2.170385190000000421e+03	2.299222609509349313e-05
2.170415320000000520e+03	1.270749541915777714e-05
2.170445460000000367e+03	2.742267024249955831e-05
2.170475590000000466e+03	6.713793956655139672e-05
2.170505730000000312e+03	1.168531143899004254e-04
2.170535860000000412e+03	1.665683837139553258e-04
2.170565990000000511e+03	1.962836530380110411e-04
2.170596130000000358e+03	2.109988278613528223e-04
2.170626260000000457e+03	1.957140971854051670e-04
2.170656390000000556e+03	1.704293665094683274e-04
2.170686530000000403e+03	1.351445413328086764e-04
2.170716660000000502e+03	1.098598106568648980e-04
2.170746800000000349e+03	8.957498548019943163e-05
2.170776930000000448e+03	8.429025480426177719e-05
2.170807060000000547e+03	8.900552412832024585e-05
2.170837200000000394e+03	9.872069895165702658e-05
2.170867330000000493e+03	9.843596827571743368e-05
2.170897470000000339e+03	9.815114309905115242e-05
2.170927600000000439e+03	8.286641242311043598e-05
2.170957730000000538e+03	6.758168174716971954e-05
2.170987870000000385e+03	5.229685657050231473e-05
2.171018000000000484e+03	4.701212589456466029e-05
2.171048130000000583e+03	5.172739521862312895e-05
2.171078270000000430e+03	6.144257004196684857e-05
2.171108400000000529e+03	7.615783936602144033e-05
2.171138540000000376e+03	8.587301418935822106e-05
2.171168670000000475e+03	8.058828351342056662e-05
2.171198800000000574e+03	5.530355283747678818e-05
2.171228940000000421e+03	3.001872766082019917e-05
2.171259070000000520e+03	4.733996984876420733e-06
2.171289210000000367e+03	-5.550828191785983634e-06
2.171319340000000466e+03	4.164441132277485469e-06
2.171349470000000565e+03	3.387971045633320077e-05
2.171379610000000412e+03	8.359488527966835170e-05
2.171409740000000511e+03	1.333101546037301910e-04
2.171439870000000155e+03	1.680254239277909067e-04
2.171470010000000457e+03	1.927405987511288110e-04
2.171500140000000556e+03	1.924558680751892181e-04
2.171530280000000403e+03	1.821710428985198749e-04
2.171560410000000502e+03	1.568863122225830353e-04
2.171590540000000146e+03	1.366015815466373184e-04
2.171620680000000448e+03	1.113167563699737905e-04
2.171650810000000547e+03	9.603202569403307409e-05
2.171680940000000192e+03	8.574729501809735810e-05
2.171711080000000493e+03	8.546246984143107683e-05
2.171741210000000137e+03	9.517773916549454594e-05
2.171771350000000439e+03	1.148929139888274498e-04
2.171801480000000538e+03	1.346081833128801031e-04
2.171831610000000182e+03	1.593234526369516346e-04
2.171861750000000484e+03	1.740386274602864769e-04
2.171891880000000583e+03	1.787538967843449456e-04
2.171922020000000430e+03	1.734690716076875416e-04
2.171952150000000529e+03	1.531843409317418248e-04
2.171982280000000173e+03	1.278996102558049852e-04
2.172012420000000475e+03	1.026147850791414573e-04
2.172042550000000574e+03	9.233005440319880242e-05
2.172072680000000219e+03	8.704532372726114797e-05
2.172102820000000520e+03	9.176049855059292826e-05
2.172132950000000164e+03	1.014757678746563974e-04
2.172163090000000466e+03	1.061909426979881776e-04
2.172193220000000565e+03	1.009062120220505232e-04
2.172223350000000210e+03	9.562148134610592987e-05
2.172253490000000511e+03	9.533665616943964860e-05
2.172283620000000155e+03	9.505192549350005571e-05
2.172313750000000255e+03	1.047671948175635248e-04
2.172343890000000556e+03	1.244823696408964286e-04
2.172374020000000201e+03	1.391976389649579593e-04
2.172404160000000502e+03	1.439128137882897396e-04
2.172434290000000146e+03	1.336280831123609625e-04
2.172464420000000246e+03	1.083433524364102452e-04
2.172494560000000547e+03	7.805852725975559459e-05
2.172524690000000192e+03	5.277379658381181615e-05
2.172554830000000493e+03	4.248897140714941179e-05
2.172584960000000137e+03	5.220424073121288089e-05
2.172615090000000237e+03	8.191951005526859619e-05
2.172645230000000538e+03	1.266346848786056856e-04
2.172675360000000182e+03	1.663499542026714018e-04
2.172705490000000282e+03	2.010652235267321175e-04
2.172735630000000583e+03	2.157803983500600209e-04
2.172765760000000228e+03	2.154956676741204280e-04
2.172795900000000529e+03	2.102108424974560852e-04
2.172826030000000173e+03	1.999261118215203692e-04
2.172856160000000273e+03	1.896413811455777143e-04
2.172886300000000574e+03	1.843565559689133715e-04
2.172916430000000219e+03	1.790718252929757170e-04
2.172946570000000520e+03	1.687870001163063738e-04
2.172976700000000164e+03	1.535022694403656573e-04
2.173006830000000264e+03	1.332175387644268794e-04
2.173036970000000565e+03	1.079327135877633514e-04
2.173067100000000210e+03	9.264798291182957390e-05
2.173097230000000309e+03	8.236325223587998012e-05
2.173127370000000155e+03	8.707842705921869930e-05
2.173157500000000255e+03	1.017936963832802300e-04
2.173187640000000556e+03	1.265088712066181342e-04
2.173217770000000201e+03	1.462241405306846653e-04
2.173247900000000300e+03	1.659394098547373186e-04
2.173278040000000146e+03	1.706545846780760378e-04
2.173308170000000246e+03	1.603698540021403218e-04
2.173338300000000345e+03	1.400851233261946049e-04
2.173368440000000192e+03	1.098002981495330155e-04
2.173398570000000291e+03	8.451556747358923705e-05
2.173428710000000137e+03	6.923074229692877113e-05
2.173458840000000237e+03	6.894601162098917824e-05
2.173488970000000336e+03	8.366128094504377000e-05
2.173519110000000182e+03	1.183764557683777974e-04
2.173549240000000282e+03	1.530917250924385131e-04
2.173579380000000583e+03	1.778068999157764174e-04
2.173609510000000228e+03	1.925221692398379481e-04
2.173639640000000327e+03	1.922374385638983552e-04
2.173669780000000173e+03	1.769526133872378892e-04
2.173699910000000273e+03	1.616678827112902339e-04
2.173730040000000372e+03	1.463831520353495175e-04
2.173760180000000219e+03	1.460983268586901751e-04
2.173790310000000318e+03	1.508135961827417049e-04
2.173820450000000164e+03	1.555287710060943018e-04
2.173850580000000264e+03	1.602440403301458316e-04
2.173880710000000363e+03	1.499593096542031767e-04
2.173910850000000210e+03	1.346744844775496497e-04
2.173940980000000309e+03	1.143897538015969939e-04
2.173971120000000155e+03	1.091049286249395900e-04
2.174001250000000255e+03	1.188201979490030591e-04
2.174031380000000354e+03	1.435354672730607128e-04
2.174061520000000201e+03	1.832506420963928018e-04
2.174091650000000300e+03	2.179659114204535175e-04
2.174121780000000399e+03	2.426811807445181102e-04
2.174151920000000246e+03	2.423963555678518289e-04
2.174182050000000345e+03	2.171116248919080505e-04
2.174212190000000192e+03	1.818267997152414606e-04
2.174242320000000291e+03	1.465420690393015590e-04
2.174272450000000390e+03	1.212573383633647195e-04
2.174302590000000237e+03	1.059725131866973147e-04
2.174332720000000336e+03	1.006877825107596602e-04
2.174362850000000435e+03	1.054030518348181289e-04
2.174392990000000282e+03	1.101182266581499092e-04
2.174423120000000381e+03	1.198334959822133783e-04
2.174453260000000228e+03	1.295486708055570979e-04
2.174483390000000327e+03	1.442639401296116897e-04
2.174513520000000426e+03	1.689792094536693434e-04
2.174543660000000273e+03	1.886943842770091861e-04
2.174573790000000372e+03	2.084096536010687784e-04
2.174603930000000219e+03	2.181248284244124980e-04
2.174634060000000318e+03	2.128400977484679046e-04
2.174664190000000417e+03	1.925553670725221878e-04
2.174694330000000264e+03	1.672705418958655987e-04
2.174724460000000363e+03	1.419858112199218203e-04
2.174754590000000462e+03	1.267010805439811039e-04
2.174784730000000309e+03	1.314162553673198230e-04
2.174814860000000408e+03	1.411315246913763533e-04
2.174845000000000255e+03	1.558466995147111955e-04
2.174875130000000354e+03	1.655619688387746646e-04
2.174905260000000453e+03	1.602772381628370102e-04
2.174935400000000300e+03	1.499924129861676669e-04
2.174965530000000399e+03	1.297076823102288889e-04
2.174995660000000498e+03	1.144229516342881725e-04
2.175025800000000345e+03	1.041381264576188292e-04
2.175055930000000444e+03	1.038533957816792364e-04
2.175086070000000291e+03	1.135685706050229560e-04
2.175116200000000390e+03	1.232838399290794862e-04
2.175146330000000489e+03	1.329991092531360164e-04
2.175176470000000336e+03	1.377142840764747356e-04
2.175206600000000435e+03	1.424295534005332042e-04
2.175236740000000282e+03	1.521447282238769239e-04
2.175266870000000381e+03	1.668599975479315156e-04
2.175297000000000480e+03	1.915752668719891694e-04
2.175327140000000327e+03	2.212904416953320741e-04
2.175357270000000426e+03	2.460057110193897278e-04
2.175387400000000525e+03	2.607209803434443196e-04
2.175417540000000372e+03	2.654361551667899777e-04
2.175447670000000471e+03	2.601514244908453843e-04
2.175477810000000318e+03	2.448665993141849184e-04
2.175507940000000417e+03	2.295818686382442020e-04
2.175538070000000516e+03	2.192971379623015471e-04
2.175568210000000363e+03	2.090123127856391427e-04
2.175598340000000462e+03	1.937275821096984263e-04
2.175628480000000309e+03	1.834427569330290830e-04
2.175658610000000408e+03	1.631580262570903050e-04
2.175688740000000507e+03	1.478732955811495886e-04
2.175718880000000354e+03	1.375884704044871842e-04
2.175749010000000453e+03	1.423037397285456529e-04
2.175779140000000552e+03	1.570190090526071836e-04
2.175809280000000399e+03	1.817341838759381489e-04
2.175839410000000498e+03	2.114494532000008031e-04
2.175869550000000345e+03	2.261646280233425843e-04
2.175899680000000444e+03	2.308798973474010530e-04
2.175929810000000543e+03	2.205951666714514592e-04
2.175959950000000390e+03	2.103103414947959937e-04
2.175990080000000489e+03	2.000256108188533388e-04
2.176020210000000134e+03	2.047408801429256853e-04
2.176050350000000435e+03	2.144560549662555271e-04
2.176080480000000534e+03	2.341713242903081804e-04
2.176110620000000381e+03	2.438864991136519000e-04
2.176140750000000480e+03	2.386017684377142456e-04
2.176170880000000579e+03	2.233170377617665903e-04
2.176201020000000426e+03	1.930322125851050008e-04
2.176231150000000525e+03	1.677474819091681613e-04
2.176261290000000372e+03	1.474626567325026949e-04
2.176291420000000471e+03	1.471779260565631020e-04
2.176321550000000570e+03	1.618931953806176938e-04
2.176351690000000417e+03	1.866083702039555980e-04
2.176381820000000516e+03	2.113236395280132518e-04
2.176411950000000161e+03	2.260389088520747825e-04
2.176442090000000462e+03	2.357540836754115632e-04
2.176472220000000561e+03	2.304693529994669698e-04
2.176502360000000408e+03	2.201845278228115044e-04
2.176532490000000507e+03	2.148997971468599721e-04
2.176562620000000152e+03	2.096150664709292566e-04
2.176592760000000453e+03	2.143302412942610369e-04
2.176622890000000552e+03	2.140455106183145051e-04
2.176653030000000399e+03	2.137606854416621016e-04
2.176683160000000498e+03	2.084759547657175083e-04
2.176713290000000143e+03	1.981912240897887312e-04
2.176743430000000444e+03	1.879063989131193879e-04
2.176773560000000543e+03	1.776216682371697941e-04
2.176803690000000188e+03	1.723369375612390786e-04
2.176833830000000489e+03	1.720521123845727973e-04
2.176863960000000134e+03	1.817673817086362664e-04
2.176894100000000435e+03	1.864825565319680467e-04
2.176924230000000534e+03	1.961978258560315158e-04
2.176954360000000179e+03	2.059130951800880460e-04
2.176984500000000480e+03	2.206282700034228883e-04
2.177014630000000579e+03	2.303435393274863574e-04
2.177044760000000224e+03	2.450588086515409492e-04
2.177074900000000525e+03	2.597739834748757914e-04
2.177105030000000170e+03	2.744892527989373221e-04
2.177135170000000471e+03	2.892044276222721644e-04
2.177165300000000570e+03	2.939196969463306330e-04
2.177195430000000215e+03	2.936349662703910401e-04
2.177225570000000516e+03	2.783501410937305742e-04
2.177255700000000161e+03	2.580654104177917962e-04
2.177285840000000462e+03	2.277805852411302068e-04
2.177315970000000561e+03	2.074958545651844899e-04
2.177346100000000206e+03	1.922111238892507123e-04
2.177376240000000507e+03	1.919262987125913700e-04
2.177406370000000152e+03	2.066415680366459617e-04
2.177436500000000251e+03	2.213568373607074924e-04
2.177466640000000552e+03	2.310720121840442731e-04
2.177496770000000197e+03	2.307872815081046802e-04
2.177526910000000498e+03	2.155024563314372754e-04
2.177557040000000143e+03	1.852177256554954354e-04
2.177587170000000242e+03	1.599329949795585959e-04
2.177617310000000543e+03	1.396481698028931295e-04
2.177647440000000188e+03	1.343634391269554751e-04
2.177677570000000287e+03	1.440787084510120053e-04
2.177707710000000134e+03	1.687938832743429707e-04
2.177737840000000233e+03	1.935091525984075633e-04
2.177767980000000534e+03	2.182243274217385287e-04
2.177798110000000179e+03	2.329395967458000594e-04
2.177828240000000278e+03	2.426548660698635285e-04
2.177858380000000579e+03	2.373700408931922468e-04
2.177888510000000224e+03	2.270853102172634697e-04
2.177918650000000525e+03	2.068004850405980033e-04
2.177948780000000170e+03	1.765157543646631022e-04
2.177978910000000269e+03	1.462310236887143233e-04
2.178009050000000570e+03	1.209461985120507954e-04
2.178039180000000215e+03	1.106614678361150794e-04
2.178069310000000314e+03	1.203767371601716096e-04
2.178099450000000161e+03	1.550919119835125759e-04
2.178129580000000260e+03	2.048071813075744152e-04
2.178159720000000561e+03	2.595223561309076277e-04
2.178189850000000206e+03	2.992376254549664050e-04
2.178219980000000305e+03	3.139528947790279356e-04
2.178250120000000152e+03	2.936680696023624693e-04
2.178280250000000251e+03	2.483833389264195057e-04
2.178310390000000552e+03	1.980985137497517923e-04
2.178340520000000197e+03	1.578137830738138292e-04
2.178370650000000296e+03	1.425290523978731128e-04
2.178400790000000143e+03	1.572442272212148939e-04
2.178430920000000242e+03	1.919594965452686708e-04
2.178461050000000341e+03	2.316747658693274481e-04
2.178491190000000188e+03	2.563899406926722913e-04
2.178521320000000287e+03	2.561052100167257595e-04
2.178551460000000134e+03	2.408203848400722324e-04
2.178581590000000233e+03	2.055356541641253920e-04
2.178611720000000332e+03	1.852509234881796751e-04
2.178641860000000179e+03	1.799660983115292101e-04
2.178671990000000278e+03	1.996813676355818634e-04
2.178702120000000377e+03	2.393966369596406407e-04
2.178732260000000224e+03	2.841118117829777301e-04
2.178762390000000323e+03	3.238270811070365074e-04
2.178792530000000170e+03	3.385422559303782886e-04
2.178822660000000269e+03	3.282575252544356337e-04
2.178852790000000368e+03	3.029727945784987941e-04
2.178882930000000215e+03	2.626879694018272038e-04
2.178913060000000314e+03	2.274032387258873023e-04
2.178943200000000161e+03	2.021184135492237743e-04
2.178973330000000260e+03	1.968336828732861199e-04
2.179003460000000359e+03	2.065489521973426501e-04
2.179033600000000206e+03	2.212641270206774924e-04
2.179063730000000305e+03	2.409793963447370846e-04
2.179093860000000404e+03	2.506946656688005537e-04
2.179124000000000251e+03	2.504098404921342724e-04
2.179154130000000350e+03	2.451251098161896791e-04
2.179184270000000197e+03	2.348402846395342136e-04
2.179214400000000296e+03	2.195555539635934972e-04
2.179244530000000395e+03	2.092708232876508423e-04
2.179274670000000242e+03	1.989859981109884379e-04
2.179304800000000341e+03	1.987012674350488450e-04
2.179334930000000440e+03	1.984165367591023132e-04
2.179365070000000287e+03	2.081317115824529718e-04
2.179395200000000386e+03	2.228469809065006246e-04
2.179425340000000233e+03	2.425621557298404674e-04
2.179455470000000332e+03	2.672774250539050600e-04
2.179485600000000431e+03	2.969926943779607753e-04
2.179515740000000278e+03	3.217078692012986796e-04
2.179545870000000377e+03	3.364231385253602102e-04
2.179576010000000224e+03	3.411383133486919905e-04
2.179606140000000323e+03	3.258535826727512741e-04
2.179636270000000422e+03	3.055688519968124961e-04
2.179666410000000269e+03	2.752840268201439677e-04
2.179696540000000368e+03	2.549992961442051898e-04
2.179726670000000468e+03	2.497145654682675353e-04
2.179756810000000314e+03	2.544297402915993156e-04
2.179786940000000413e+03	2.691450096156608462e-04
2.179817080000000260e+03	2.838601844390026274e-04
2.179847210000000359e+03	2.935754537630591576e-04
2.179877340000000459e+03	2.882907230871145643e-04
2.179907480000000305e+03	2.680058979104560368e-04
2.179937610000000404e+03	2.477211672345103199e-04
2.179967750000000251e+03	2.324363420578567929e-04
2.179997880000000350e+03	2.221516113819141380e-04
2.180028010000000450e+03	2.218668807059745451e-04
2.180058150000000296e+03	2.265820555293132643e-04
2.180088280000000395e+03	2.362973248533628556e-04
2.180118410000000495e+03	2.410125941774282632e-04
2.180148550000000341e+03	2.457277690007669824e-04
2.180178680000000440e+03	2.504430383248254510e-04
2.180208820000000287e+03	2.551582131481641702e-04
2.180238950000000386e+03	2.698734824722187620e-04
2.180269080000000486e+03	2.845887517962802926e-04
2.180299220000000332e+03	2.943039266196170733e-04
2.180329350000000431e+03	2.990191959436755420e-04
2.180359480000000531e+03	2.887344652677398260e-04
2.180389620000000377e+03	2.734496400910724212e-04
2.180419750000000477e+03	2.631649094151297663e-04
2.180449890000000323e+03	2.678800842384615466e-04
2.180480020000000422e+03	2.925953535625261392e-04
2.180510150000000522e+03	3.323106228865849165e-04
2.180540290000000368e+03	3.770257977099220059e-04
2.180570420000000468e+03	4.067410670339777212e-04
2.180600560000000314e+03	4.014562418573203173e-04
2.180630690000000413e+03	3.711715111813784773e-04
2.180660820000000513e+03	3.158867805054324518e-04
2.180690960000000359e+03	2.656019553287716772e-04
2.180721090000000459e+03	2.303172246528317757e-04
2.180751220000000558e+03	2.300324939768852439e-04
2.180781360000000404e+03	2.547476688002370260e-04
2.180811490000000504e+03	2.994629381242869259e-04
2.180841630000000350e+03	3.391781129476328926e-04
2.180871760000000450e+03	3.588933822716924849e-04
2.180901890000000549e+03	3.486086515957428911e-04
2.180932030000000395e+03	3.183238264190882405e-04
2.180962160000000495e+03	2.780390957431433385e-04
2.180992300000000341e+03	2.527542705664798106e-04
2.181022430000000440e+03	2.524695398905402177e-04
2.181052560000000540e+03	2.671848092146017484e-04
2.181082700000000386e+03	3.018999840379357757e-04
2.181112830000000486e+03	3.266152533619934295e-04
2.181142960000000130e+03	3.413305226860549602e-04
2.181173100000000431e+03	3.360456975093906173e-04
2.181203230000000531e+03	3.157609668334518394e-04
2.181233370000000377e+03	2.954761416567863730e-04
2.181263500000000477e+03	2.801914109808456566e-04
2.181293630000000576e+03	2.799066803049060637e-04
2.181323770000000422e+03	2.946218551282409059e-04
2.181353900000000522e+03	3.093371244522954977e-04
2.181384030000000166e+03	3.240523937763639672e-04
2.181414170000000468e+03	3.237675685996976860e-04
2.181444300000000567e+03	3.134828379237619700e-04
2.181474440000000413e+03	2.981980127471015041e-04
2.181504570000000513e+03	2.879132820711519103e-04
2.181534700000000157e+03	2.876285513952192563e-04
2.181564840000000459e+03	3.023437262185540986e-04
2.181594970000000558e+03	3.270589955426117523e-04
2.181625110000000404e+03	3.617741703659457797e-04
2.181655240000000504e+03	3.864894396900103724e-04
2.181685370000000148e+03	3.962047090140669026e-04
2.181715510000000450e+03	3.859198838374044982e-04
2.181745640000000549e+03	3.606351531614607198e-04
2.181775770000000193e+03	3.253504224855208182e-04
2.181805910000000495e+03	2.900655973088542283e-04
2.181836040000000139e+03	2.597808666329193272e-04
2.181866180000000440e+03	2.494960414562499840e-04
2.181896310000000540e+03	2.492113107803103911e-04
2.181926440000000184e+03	2.589265801043738602e-04
2.181956580000000486e+03	2.736417549277087025e-04
2.181986710000000130e+03	2.833570242517721716e-04
2.182016840000000229e+03	2.930722935758356407e-04
2.182046980000000531e+03	3.027874683991654825e-04
2.182077110000000175e+03	3.075027377232308901e-04
2.182107250000000477e+03	3.172179125465607319e-04
2.182137380000000576e+03	3.319331818706222625e-04
2.182167510000000220e+03	3.466484511946907321e-04
2.182197650000000522e+03	3.613636260180255744e-04
2.182227780000000166e+03	3.610788953420859815e-04
2.182257920000000468e+03	3.507940701654166382e-04
2.182288050000000567e+03	3.255093394894797987e-04
2.182318180000000211e+03	3.002246088135360202e-04
2.182348320000000513e+03	2.749397836368724923e-04
2.182378450000000157e+03	2.696550529609348379e-04
2.182408580000000256e+03	2.843703222849894297e-04
2.182438720000000558e+03	3.090854971083273339e-04
2.182468850000000202e+03	3.488007664323861112e-04
2.182498990000000504e+03	3.835159412557201386e-04
2.182529120000000148e+03	4.032312105797797308e-04
2.182559250000000247e+03	4.029464799038401379e-04
2.182589390000000549e+03	3.826616547271746716e-04
2.182619520000000193e+03	3.523769240512397705e-04
2.182649660000000495e+03	3.220920988745781810e-04
2.182679790000000139e+03	2.968073681986344026e-04
2.182709920000000238e+03	2.865226375226986866e-04
2.182740060000000540e+03	2.862378123460324053e-04
2.182770190000000184e+03	2.909530816700978129e-04
2.182800320000000283e+03	3.056683509941524046e-04
2.182830460000000130e+03	3.153835258174891853e-04
2.182860590000000229e+03	3.300987951415507160e-04
2.182890730000000531e+03	3.498139699648836198e-04
2.182920860000000175e+03	3.645292392889451505e-04
2.182950990000000274e+03	3.842445086130047427e-04
2.182981130000000576e+03	3.989596834363395850e-04
2.183011260000000220e+03	4.086749527604030541e-04
2.183041390000000320e+03	4.033902220844584607e-04
2.183071530000000166e+03	3.881053969077979948e-04
2.183101660000000265e+03	3.678206662318522779e-04
2.183131800000000567e+03	3.425358410551887500e-04
2.183161930000000211e+03	3.222511103792499720e-04
2.183192060000000311e+03	3.069663797033092556e-04
2.183222200000000157e+03	2.966815545266537901e-04
2.183252330000000256e+03	2.963968238507072583e-04
2.183282470000000558e+03	2.961119986740409771e-04
2.183312600000000202e+03	3.058272679981044462e-04
2.183342730000000302e+03	3.205425373221590379e-04
2.183372870000000148e+03	3.402577121455058196e-04
2.183403000000000247e+03	3.699729814695615349e-04
2.183433130000000347e+03	3.996882507936172502e-04
2.183463270000000193e+03	4.244034256169620933e-04
2.183493400000000292e+03	4.391186949410166851e-04
2.183523540000000139e+03	4.388338697643573427e-04
2.183553670000000238e+03	4.285491390884146878e-04
2.183583800000000338e+03	4.132644084124739714e-04
2.183613940000000184e+03	3.929795832358085050e-04
2.183644070000000283e+03	3.726948525598697270e-04
2.183674200000000383e+03	3.674101218839320726e-04
2.183704340000000229e+03	3.621252967072607909e-04
2.183734470000000329e+03	3.618405660313211980e-04
2.183764610000000175e+03	3.565557408546568552e-04
2.183794740000000274e+03	3.412710101787161387e-04
2.183824870000000374e+03	3.259862795027754223e-04
2.183855010000000220e+03	3.007014543261118944e-04
2.183885140000000320e+03	2.854167236501711780e-04
2.183915280000000166e+03	2.751318984735157125e-04
2.183945410000000265e+03	2.748471677975691807e-04
2.183975540000000365e+03	2.895624371216307114e-04
2.184005680000000211e+03	3.142776119449686156e-04
2.184035810000000311e+03	3.439928812690312698e-04
2.184065940000000410e+03	3.737081505930800462e-04
2.184096080000000256e+03	3.984233254164318283e-04
2.184126210000000356e+03	4.181385947404844816e-04
2.184156350000000202e+03	4.278537695638212623e-04
2.184186480000000302e+03	4.225690388878836079e-04
2.184216610000000401e+03	4.122843082119340141e-04
2.184246750000000247e+03	3.969994830352804871e-04
2.184276880000000347e+03	3.767147523593417091e-04
2.184307020000000193e+03	3.614299271826743043e-04
2.184337150000000292e+03	3.561451965067297110e-04
2.184367280000000392e+03	3.558604658307901181e-04
2.184397420000000238e+03	3.605756406541288372e-04
2.184427550000000338e+03	3.652909099781873059e-04
2.184457680000000437e+03	3.750061793022507750e-04
2.184487820000000283e+03	3.797213541255825553e-04
2.184517950000000383e+03	3.794366234496429624e-04
2.184548090000000229e+03	3.691517982729805580e-04
2.184578220000000329e+03	3.588670675970379031e-04
2.184608350000000428e+03	3.385823369210991252e-04
2.184638490000000274e+03	3.232975117444386592e-04
2.184668620000000374e+03	3.130127810684890655e-04
2.184698750000000473e+03	3.177280503925475341e-04
2.184728890000000320e+03	3.324432252158893153e-04
2.184759020000000419e+03	3.621584945399450306e-04
2.184789160000000265e+03	3.968736693632929358e-04
2.184819290000000365e+03	4.265889386873486511e-04
2.184849420000000464e+03	4.363042080114051813e-04
2.184879560000000311e+03	4.260193828347497158e-04
2.184909690000000410e+03	4.007346521587989985e-04
2.184939830000000256e+03	3.604498269821412859e-04
2.184969960000000356e+03	3.251650963062013844e-04
2.185000090000000455e+03	3.098803656302606679e-04
2.185030230000000302e+03	3.195955404535974487e-04
2.185060360000000401e+03	3.593108097776562260e-04
2.185090490000000500e+03	4.090260791017180653e-04
2.185120630000000347e+03	4.537412539250482157e-04
2.185150760000000446e+03	4.784565232491128084e-04
2.185180900000000292e+03	4.681716980724434651e-04
2.185211030000000392e+03	4.378869673965016251e-04
2.185241160000000491e+03	3.976022367205636621e-04
2.185271300000000338e+03	3.623174115438970722e-04
2.185301430000000437e+03	3.420326808679582942e-04
2.185331570000000283e+03	3.467478556912970133e-04
2.185361700000000383e+03	3.664631250153635444e-04
2.185391830000000482e+03	3.961783943394123209e-04
2.185421970000000329e+03	4.158935691627521636e-04
2.185452100000000428e+03	4.156088384868125707e-04
2.185482230000000527e+03	4.053241078108699158e-04
2.185512370000000374e+03	3.900392826342163888e-04
2.185542500000000473e+03	3.847545519582717954e-04
2.185572640000000320e+03	3.894697267816105146e-04
2.185602770000000419e+03	4.041849961056720453e-04
2.185632900000000518e+03	4.289002654297227601e-04
2.185663040000000365e+03	4.486154402530626029e-04
2.185693170000000464e+03	4.483307095771230100e-04
2.185723300000000563e+03	4.230459789011792315e-04
2.185753440000000410e+03	3.727611537245184570e-04
2.185783570000000509e+03	3.174764230485793703e-04
2.185813710000000356e+03	2.771915978719147189e-04
2.185843840000000455e+03	2.569068671959759409e-04
2.185873970000000554e+03	2.766221365200355331e-04
2.185904110000000401e+03	3.263373113433706840e-04
2.185934240000000500e+03	3.910525806674267080e-04
2.185964380000000347e+03	4.607677554907679829e-04
2.185994510000000446e+03	5.104830248148228833e-04
2.186024640000000545e+03	5.251982941388844139e-04
2.186054780000000392e+03	5.049134689622258865e-04
2.186084910000000491e+03	4.596287382862759840e-04
2.186115040000000135e+03	4.043440076103438363e-04
2.186145180000000437e+03	3.590591824336811233e-04
2.186175310000000536e+03	3.337744517577304060e-04
2.186205450000000383e+03	3.334896265810780025e-04
2.186235580000000482e+03	3.482048959051325943e-04
2.186265710000000581e+03	3.679201652291921865e-04
2.186295850000000428e+03	3.826353400525339676e-04
2.186325980000000527e+03	3.873506093765924363e-04
2.186356110000000172e+03	3.770658787006567203e-04
2.186386250000000473e+03	3.567810535239912539e-04
2.186416380000000572e+03	3.464963228480485991e-04
2.186446520000000419e+03	3.462114976713823178e-04
2.186476650000000518e+03	3.609267669954438484e-04
2.186506780000000163e+03	3.906420363194995637e-04
2.186536920000000464e+03	4.203572111428355296e-04
2.186567050000000563e+03	4.450724804669001222e-04
2.186597190000000410e+03	4.547876552902299641e-04
2.186627320000000509e+03	4.495029246142923096e-04
2.186657450000000154e+03	4.292181939383535316e-04
2.186687590000000455e+03	4.089333687616880653e-04
2.186717720000000554e+03	3.836486380857442868e-04
2.186747850000000199e+03	3.683639074098035704e-04
2.186777990000000500e+03	3.530790822331500434e-04
2.186808120000000145e+03	3.427943515572073885e-04
2.186838260000000446e+03	3.375095263805430457e-04
2.186868390000000545e+03	3.322247957045984523e-04
2.186898520000000190e+03	3.369400650286638599e-04
2.186928660000000491e+03	3.516552398520056411e-04
2.186958790000000135e+03	3.663705091760602328e-04
2.186988930000000437e+03	3.860856839993931366e-04
2.187019060000000536e+03	4.058009533234596677e-04
2.187049190000000181e+03	4.155162226475161980e-04
2.187079330000000482e+03	4.152313974708499167e-04
2.187109460000000581e+03	4.099466667949122622e-04
2.187139590000000226e+03	4.046619361189746078e-04
2.187169730000000527e+03	4.043771109423083265e-04
2.187199860000000172e+03	4.140923802663648567e-04
2.187230000000000473e+03	4.388075550897027610e-04
2.187260130000000572e+03	4.635228244137604148e-04
2.187290260000000217e+03	4.832380937378200070e-04
2.187320400000000518e+03	4.929532685611567877e-04
2.187350530000000163e+03	4.876685378852191333e-04
2.187380660000000262e+03	4.623838072092753548e-04
2.187410800000000563e+03	4.370989820326118269e-04
2.187440930000000208e+03	4.068142513566769258e-04
2.187471070000000509e+03	3.865294261800114595e-04
2.187501200000000154e+03	3.812446955040738050e-04
2.187531330000000253e+03	3.909599648281303352e-04
2.187561470000000554e+03	4.106751396514632391e-04
2.187591600000000199e+03	4.403904089755328322e-04
2.187621740000000500e+03	4.601055837988657360e-04
2.187651870000000145e+03	4.748208531229272666e-04
2.187682000000000244e+03	4.695361224469896122e-04
2.187712140000000545e+03	4.542512972703222074e-04
2.187742270000000190e+03	4.289665665943784290e-04
2.187772400000000289e+03	3.986818359184435279e-04
2.187802540000000135e+03	3.683970107417749995e-04
2.187832670000000235e+03	3.531122800658342831e-04
2.187862810000000536e+03	3.478274548891699403e-04
2.187892940000000181e+03	3.575427242132264705e-04
2.187923070000000280e+03	3.722579935372880011e-04
2.187953210000000581e+03	3.969731683606259054e-04
2.187983340000000226e+03	4.216884376846835591e-04
2.188013470000000325e+03	4.414037070087431514e-04
2.188043610000000172e+03	4.661188818320879945e-04
2.188073740000000271e+03	4.908341511561387094e-04
2.188103880000000572e+03	5.105493259794716132e-04
2.188134010000000217e+03	5.252645953035400828e-04
2.188164140000000316e+03	5.299798646275985514e-04
2.188194280000000163e+03	5.246950394509411475e-04
2.188224410000000262e+03	5.044103087749954306e-04
2.188254550000000563e+03	4.691254835983288407e-04
2.188284680000000208e+03	4.338407529223958781e-04
2.188314810000000307e+03	3.985560222464559765e-04
2.188344950000000154e+03	3.832711970697885717e-04
2.188375080000000253e+03	3.829864663938489788e-04
2.188405210000000352e+03	3.927017357179124479e-04
2.188435350000000199e+03	4.174169105412434133e-04
2.188465480000000298e+03	4.321321798653049440e-04
2.188495620000000145e+03	4.418473546886347858e-04
2.188525750000000244e+03	4.365626240126971314e-04
2.188555880000000343e+03	4.212778933367564149e-04
2.188586020000000190e+03	4.009930681600909486e-04
2.188616150000000289e+03	3.957083374841532941e-04
2.188646290000000135e+03	4.004235123074920133e-04
2.188676420000000235e+03	4.201387816315446666e-04
2.188706550000000334e+03	4.498540509556073208e-04
2.188736690000000181e+03	4.795692257789502255e-04
2.188766820000000280e+03	4.942844951030048173e-04
2.188796950000000379e+03	4.939997644270582855e-04
2.188827090000000226e+03	4.737149392503997580e-04
2.188857220000000325e+03	4.534302085744609800e-04
2.188887360000000172e+03	4.331453833978024526e-04
2.188917490000000271e+03	4.228606527218667366e-04
2.188947620000000370e+03	4.275759220459182663e-04
2.188977760000000217e+03	4.422910968692600475e-04
2.189007890000000316e+03	4.570063661933215782e-04
2.189038020000000415e+03	4.617216355173731079e-04
2.189068160000000262e+03	4.464368103407126420e-04
2.189098290000000361e+03	4.161520796647708020e-04
2.189128430000000208e+03	3.758672544881061506e-04
2.189158560000000307e+03	3.405825238121662490e-04
2.189188690000000406e+03	3.302977931362305331e-04
2.189218830000000253e+03	3.450129679595584364e-04
2.189248960000000352e+03	3.947282372836202757e-04
2.189279100000000199e+03	4.694434121069596122e-04
2.189309230000000298e+03	5.441586814310186981e-04
2.189339360000000397e+03	6.038739507550766605e-04
2.189369500000000244e+03	6.285891255784145648e-04
2.189399630000000343e+03	6.133043949024669095e-04
2.189429760000000442e+03	5.630196642265328233e-04
2.189459900000000289e+03	4.877348390498678632e-04
2.189490030000000388e+03	4.174501083739276530e-04
2.189520170000000235e+03	3.621652831972688169e-04
2.189550300000000334e+03	3.468805525213281005e-04
2.189580430000000433e+03	3.615958218453826922e-04
2.189610570000000280e+03	4.063109966687267205e-04
2.189640700000000379e+03	4.610262659927796824e-04
2.189670840000000226e+03	5.107414408161217723e-04
2.189700970000000325e+03	5.354567101401794260e-04
2.189731100000000424e+03	5.401719794642448336e-04
2.189761240000000271e+03	5.198871542875724283e-04
2.189791370000000370e+03	4.896024236116375272e-04
2.189821500000000469e+03	4.543176929356976257e-04
2.189851640000000316e+03	4.290328677590271589e-04
2.189881770000000415e+03	4.137481370830933813e-04
2.189911910000000262e+03	4.134633119064271001e-04
2.189942040000000361e+03	4.181785812304855687e-04
2.189972170000000460e+03	4.228938505545440374e-04
2.190002310000000307e+03	4.276090253778758177e-04
2.190032440000000406e+03	4.273242947019362248e-04
2.190062570000000505e+03	4.270395640259966319e-04
2.190092710000000352e+03	4.317547388493353511e-04
2.190122840000000451e+03	4.414700081733918813e-04
2.190152980000000298e+03	4.611851829967317240e-04
2.190183110000000397e+03	4.809004523207913162e-04
2.190213240000000496e+03	5.056157216448489700e-04
2.190243380000000343e+03	5.203308964681907511e-04
2.190273510000000442e+03	5.250461657922492198e-04
2.190303650000000289e+03	5.197613406155918159e-04
2.190333780000000388e+03	5.044766099396510994e-04
2.190363910000000487e+03	4.841918792637053826e-04
2.190394050000000334e+03	4.689070540870449166e-04
2.190424180000000433e+03	4.636223234111072622e-04
2.190454310000000532e+03	4.683375927351587920e-04
2.190484450000000379e+03	4.780527675584955727e-04
2.190514580000000478e+03	4.877680368825590418e-04
2.190544720000000325e+03	4.974832117058958225e-04
2.190574850000000424e+03	4.971984810299562296e-04
2.190604980000000523e+03	4.919137503540116363e-04
2.190635120000000370e+03	4.866289251773472935e-04
2.190665250000000469e+03	4.863441945014077006e-04
2.190695380000000569e+03	4.910594638254661692e-04
2.190725520000000415e+03	5.057746386488010115e-04
2.190755650000000514e+03	5.254899079728606037e-04
2.190785790000000361e+03	5.352050827962043233e-04
2.190815920000000460e+03	5.349203521202577916e-04
2.190846050000000560e+03	5.196356214443170751e-04
2.190876190000000406e+03	4.893507962676554857e-04
2.190906320000000505e+03	4.590660655917136457e-04
2.190936460000000352e+03	4.287812404150589951e-04
2.190966590000000451e+03	4.184965097391094013e-04
2.190996720000000550e+03	4.182117790631698084e-04
2.191026860000000397e+03	4.329269538865115896e-04
2.191056990000000496e+03	4.476422232105661814e-04
2.191087120000000141e+03	4.523574925346315889e-04
2.191117260000000442e+03	4.470726673579672461e-04
2.191147390000000541e+03	4.317879366820265297e-04
2.191177530000000388e+03	4.115031115053610633e-04
2.191207660000000487e+03	4.012183808294253473e-04
2.191237790000000132e+03	4.059336501534838160e-04
2.191267930000000433e+03	4.306488249768147814e-04
2.191298060000000532e+03	4.653640943008754971e-04
2.191328200000000379e+03	5.000792691242095245e-04
2.191358330000000478e+03	5.247945384482741171e-04
2.191388460000000578e+03	5.345098077723306473e-04
2.191418600000000424e+03	5.292249825956663045e-04
2.191448730000000523e+03	5.189402519197236496e-04
2.191478860000000168e+03	5.136555212437859952e-04
2.191509000000000469e+03	5.133706960671266528e-04
2.191539130000000569e+03	5.130859653911801210e-04
2.191569270000000415e+03	5.128011402145207787e-04
2.191599400000000514e+03	5.025164095385781238e-04
2.191629530000000159e+03	4.722316788626432227e-04
2.191659670000000460e+03	4.369468536859835717e-04
2.191689800000000560e+03	4.016621230100367312e-04
2.191719930000000204e+03	3.813773923341048921e-04
2.191750070000000505e+03	3.860925671574366724e-04
2.191780200000000150e+03	4.208078364814973882e-04
2.191810340000000451e+03	4.705230113048325391e-04
2.191840470000000550e+03	5.202382806288943784e-04
2.191870600000000195e+03	5.549535499529550941e-04
2.191900740000000496e+03	5.596687247762868744e-04
2.191930870000000141e+03	5.393839941003480964e-04
2.191961010000000442e+03	4.940991689236784445e-04
2.191991140000000541e+03	4.538144382477404815e-04
2.192021270000000186e+03	4.285297075718036419e-04
2.192051410000000487e+03	4.232448823951323602e-04
2.192081540000000132e+03	4.379601517191938909e-04
2.192111670000000231e+03	4.676754210432565451e-04
2.192141810000000532e+03	4.923905958665875104e-04
2.192171940000000177e+03	5.021058651906579184e-04
2.192202080000000478e+03	4.968210400139866367e-04
2.192232210000000578e+03	4.765363093380409198e-04
2.192262340000000222e+03	4.562515786621090808e-04
2.192292480000000523e+03	4.409667534854416759e-04
2.192322610000000168e+03	4.356820228095109604e-04
2.192352750000000469e+03	4.503971976328458027e-04
2.192382880000000569e+03	4.801124669569015180e-04
2.192413010000000213e+03	5.148277362809691726e-04
2.192443150000000514e+03	5.445429111042981996e-04
2.192473280000000159e+03	5.692581804283627922e-04
2.192503410000000258e+03	5.889734497524223844e-04
2.192533550000000560e+03	5.986886245757522262e-04
2.192563680000000204e+03	6.034038938998176338e-04
2.192593820000000505e+03	6.031190687231513525e-04
2.192623950000000150e+03	5.978343380472067592e-04
2.192654080000000249e+03	5.875496073712710432e-04
2.192684220000000550e+03	5.772647821946016999e-04
2.192714350000000195e+03	5.569800515186629219e-04
2.192744480000000294e+03	5.416953208427222055e-04
2.192774620000000141e+03	5.264104956660617396e-04
2.192804750000000240e+03	5.111257649901210232e-04
2.192834890000000541e+03	5.008409398134516799e-04
2.192865020000000186e+03	4.905562091375159639e-04
2.192895150000000285e+03	4.902714784615694321e-04
2.192925290000000132e+03	4.999866532849200906e-04
2.192955420000000231e+03	5.147019226089746824e-04
2.192985560000000532e+03	5.344170974323075862e-04
2.193015690000000177e+03	5.541323667563741173e-04
2.193045820000000276e+03	5.638476360804306475e-04
2.193075960000000578e+03	5.685628109037693667e-04
2.193106090000000222e+03	5.632780802278317123e-04
2.193136220000000321e+03	5.529933495518890574e-04
2.193166360000000168e+03	5.427085243752266530e-04
2.193196490000000267e+03	5.474237936992851217e-04
2.193226630000000569e+03	5.571389685226149635e-04
2.193256760000000213e+03	5.768542378466745557e-04
2.193286890000000312e+03	5.865695071707380248e-04
2.193317030000000159e+03	5.812846819940736820e-04
2.193347160000000258e+03	5.559999513181299036e-04
2.193377290000000357e+03	5.207152206421900020e-04
2.193407430000000204e+03	4.804303954655253506e-04
2.193437560000000303e+03	4.601456647895865726e-04
2.193467700000000150e+03	4.648608396129252918e-04
2.193497830000000249e+03	4.995761089369860075e-04
2.193527960000000348e+03	5.442913782610428464e-04
2.193558100000000195e+03	5.890065530843799357e-04
2.193588230000000294e+03	6.087218224084395279e-04
2.193618370000000141e+03	5.984369972317840625e-04
2.193648500000000240e+03	5.581522665558460994e-04
2.193678630000000339e+03	5.128675358798961970e-04
2.193708770000000186e+03	4.725827107032384844e-04
2.193738900000000285e+03	4.522979800272997064e-04
2.193769030000000384e+03	4.620132493513492977e-04
2.193799170000000231e+03	4.967284241746902640e-04
2.193829300000000330e+03	5.364436934987559802e-04
2.193859440000000177e+03	5.711588683220830687e-04
2.193889570000000276e+03	5.858741376461445993e-04
2.193919700000000375e+03	5.805894069702069449e-04
2.193949840000000222e+03	5.603045817935414785e-04
2.193979970000000321e+03	5.350198511176046390e-04
2.194010110000000168e+03	5.097350259409341722e-04
2.194040240000000267e+03	5.044502952649965177e-04
2.194070370000000366e+03	5.091655645890549864e-04
2.194100510000000213e+03	5.238807394123967676e-04
2.194130640000000312e+03	5.485960087364474824e-04
2.194160770000000412e+03	5.683112780605070746e-04
2.194190910000000258e+03	5.780264528838507943e-04
2.194221040000000357e+03	5.827417222079023240e-04
2.194251180000000204e+03	5.824568970312499205e-04
2.194281310000000303e+03	5.771721663553053272e-04
2.194311440000000403e+03	5.768874356793657343e-04
2.194341580000000249e+03	5.816026105027044535e-04
2.194371710000000348e+03	5.963178798267590452e-04
2.194401840000000448e+03	6.160331491508186375e-04
2.194431980000000294e+03	6.407483239741634806e-04
2.194462110000000393e+03	6.554635932982180724e-04
2.194492250000000240e+03	6.701787681215529147e-04
2.194522380000000339e+03	6.798940374456163838e-04
2.194552510000000439e+03	6.846093067696748524e-04
2.194582650000000285e+03	6.843244815930085712e-04
2.194612780000000384e+03	6.840397509170689783e-04
2.194642920000000231e+03	6.787549257404046354e-04
2.194673050000000330e+03	6.634701950644639190e-04
2.194703180000000430e+03	6.481854643885232026e-04
2.194733320000000276e+03	6.229006392118596747e-04
2.194763450000000375e+03	6.026159085359208967e-04
2.194793580000000475e+03	5.923311778599782418e-04
2.194823720000000321e+03	5.920463526833119605e-04
2.194853850000000421e+03	6.017616220073754296e-04
2.194883990000000267e+03	6.164767968307172108e-04
2.194914120000000366e+03	6.311920661547718026e-04
2.194944250000000466e+03	6.259073354788272092e-04
2.194974390000000312e+03	6.106225103021667433e-04
2.195004520000000412e+03	5.853377796262299038e-04
2.195034650000000511e+03	5.600530489502791864e-04
2.195064790000000357e+03	5.547682237736287214e-04
2.195094920000000457e+03	5.694834930976833132e-04
2.195125060000000303e+03	5.991986679210262179e-04
2.195155190000000403e+03	6.439139372450830567e-04
2.195185320000000502e+03	6.786292065691368336e-04
2.195215460000000348e+03	7.033443813924816768e-04
2.195245590000000448e+03	7.080596507165401454e-04
2.195275730000000294e+03	6.977748255398708022e-04
2.195305860000000393e+03	6.774900948639320242e-04
2.195335990000000493e+03	6.472053641879901842e-04
2.195366130000000339e+03	6.219205390113266563e-04
2.195396260000000439e+03	6.016358083353878783e-04
2.195426390000000538e+03	5.813510776594491003e-04
2.195456530000000384e+03	5.710662524827797570e-04
2.195486660000000484e+03	5.607815218068440410e-04
2.195516800000000330e+03	5.654966966301827602e-04
2.195546930000000430e+03	5.752119659542392904e-04
2.195577060000000529e+03	5.949272352782988826e-04
2.195607200000000375e+03	6.246424101016348485e-04
2.195637330000000475e+03	6.543576794256905638e-04
2.195667470000000321e+03	6.740728542490373454e-04
2.195697600000000421e+03	6.937881235730899987e-04
2.195727730000000520e+03	7.035033928971534678e-04
2.195757870000000366e+03	7.082185677204921870e-04
2.195788000000000466e+03	6.979338370445495321e-04
2.195818130000000565e+03	6.876491063686068772e-04
2.195848270000000412e+03	6.623642811919502882e-04
2.195878400000000511e+03	6.370795505160065098e-04
2.195908540000000357e+03	6.117947253393429818e-04
2.195938670000000457e+03	5.965099946634022654e-04
2.195968800000000556e+03	5.962252639874626725e-04
2.195998940000000403e+03	6.109404388107975148e-04
2.196029070000000502e+03	6.406557081348532301e-04
2.196059200000000146e+03	6.753709774589139458e-04
2.196089340000000448e+03	7.050861522822499117e-04
2.196119470000000547e+03	7.148014216063133808e-04
2.196149610000000393e+03	7.095165964296420991e-04
2.196179740000000493e+03	6.942318657537083215e-04
2.196209870000000137e+03	6.789471350777676051e-04
2.196240010000000439e+03	6.686623099010982618e-04
2.196270140000000538e+03	6.683775792251586689e-04
2.196300280000000384e+03	6.680927540484993266e-04
2.196330410000000484e+03	6.678080233725597337e-04
2.196360540000000583e+03	6.575232926966170788e-04
2.196390680000000430e+03	6.322384675199535509e-04
2.196420810000000529e+03	6.069537368440167113e-04
2.196450940000000173e+03	5.866690061680848722e-04
2.196481080000000475e+03	5.813841809914135905e-04
2.196511210000000574e+03	6.010994503154731827e-04
2.196541350000000421e+03	6.358146251388072101e-04
2.196571480000000520e+03	6.805298944628709878e-04
2.196601610000000164e+03	7.152451637869317036e-04
2.196631750000000466e+03	7.399603386102626690e-04
2.196661880000000565e+03	7.446756079343280765e-04
2.196692020000000412e+03	7.293907827576606717e-04
2.196722150000000511e+03	7.091060520817218937e-04
2.196752280000000155e+03	6.888213214057831157e-04
2.196782420000000457e+03	6.685364962291107105e-04
2.196812550000000556e+03	6.582517655531749945e-04
2.196842680000000200e+03	6.529670348772373401e-04
2.196872820000000502e+03	6.576822097005691203e-04
2.196902950000000146e+03	6.673974790246325894e-04
2.196933090000000448e+03	6.871126538479724322e-04
2.196963220000000547e+03	7.068279231720250855e-04
2.196993350000000191e+03	7.265431924960916166e-04
2.197023490000000493e+03	7.462583673194245204e-04
2.197053620000000137e+03	7.609736366434929900e-04
2.197083750000000236e+03	7.656889059675445197e-04
2.197113890000000538e+03	7.604040807908801769e-04
2.197144020000000182e+03	7.451193501149463994e-04
2.197174160000000484e+03	7.248345249382809330e-04
2.197204290000000583e+03	6.995497942623302157e-04
2.197234420000000227e+03	6.692650635864022535e-04
2.197264560000000529e+03	6.439802384097317867e-04
2.197294690000000173e+03	6.236955077337930087e-04
2.197324830000000475e+03	6.134106825571306043e-04
2.197354960000000574e+03	6.231259518811871345e-04
2.197385090000000218e+03	6.378412212052486652e-04
2.197415230000000520e+03	6.575563960285815690e-04
2.197445360000000164e+03	6.822716653526461617e-04
2.197475490000000264e+03	6.969869346767007534e-04
2.197505630000000565e+03	6.967021095000344721e-04
2.197535760000000209e+03	6.864173788240987562e-04
2.197565900000000511e+03	6.711325536474313513e-04
2.197596030000000155e+03	6.558478229714975738e-04
2.197626160000000255e+03	6.505630922955529805e-04
2.197656300000000556e+03	6.602782671188897612e-04
2.197686430000000200e+03	6.799935364429562923e-04
2.197716560000000300e+03	7.097088057670120076e-04
2.197746700000000146e+03	7.294239805903518503e-04
2.197776830000000245e+03	7.391392499144083805e-04
2.197806970000000547e+03	7.288544247377459762e-04
2.197837100000000191e+03	6.985696940618110751e-04
2.197867230000000291e+03	6.632849633858711735e-04
2.197897370000000137e+03	6.330001382092026452e-04
2.197927500000000236e+03	6.127154075332638672e-04
2.197957640000000538e+03	6.124305823565975859e-04
2.197987770000000182e+03	6.221458516806541161e-04
2.198017900000000282e+03	6.468611210047187088e-04
2.198048040000000583e+03	6.665762958280516126e-04
2.198078170000000227e+03	6.812915651521131433e-04
2.198108300000000327e+03	6.810068344761735504e-04
2.198138440000000173e+03	6.757220092995092076e-04
2.198168570000000273e+03	6.704372786235646142e-04
2.198198710000000574e+03	6.701524534468983330e-04
2.198228840000000218e+03	6.748677227709637405e-04
2.198258970000000318e+03	6.945829920950233327e-04
2.198289110000000164e+03	7.142981669183631754e-04
2.198319240000000264e+03	7.340134362424227676e-04
2.198349380000000565e+03	7.487286110657576099e-04
2.198379510000000209e+03	7.584438803898210790e-04
2.198409640000000309e+03	7.581591497138745472e-04
2.198439780000000155e+03	7.578743245372152049e-04
2.198469910000000255e+03	7.475895938612794889e-04
2.198500040000000354e+03	7.373048631853298951e-04
2.198530180000000200e+03	7.220200380086694292e-04
2.198560310000000300e+03	7.067353073327356516e-04
2.198590450000000146e+03	6.864504821560632464e-04
2.198620580000000245e+03	6.761657514801275304e-04
2.198650710000000345e+03	6.758810208041879375e-04
2.198680850000000191e+03	6.855961956275177793e-04
2.198710980000000291e+03	7.003114649515793100e-04
2.198741110000000390e+03	7.200267342756389022e-04
2.198771250000000236e+03	7.297419090989756829e-04
2.198801380000000336e+03	7.294571784230360900e-04
2.198831520000000182e+03	7.191723532463736857e-04
2.198861650000000282e+03	6.988876225704279688e-04
2.198891780000000381e+03	6.736028918944911292e-04
2.198921920000000227e+03	6.583180667178306633e-04
2.198952050000000327e+03	6.530333360418860700e-04
2.198982190000000173e+03	6.577485108652317281e-04
2.199012320000000273e+03	6.674637801892882583e-04
2.199042450000000372e+03	6.821790495133359111e-04
2.199072590000000218e+03	6.918942243366865696e-04
2.199102720000000318e+03	7.016094936607430999e-04
2.199132850000000417e+03	7.113247629847996301e-04
2.199162990000000264e+03	7.160399378081383492e-04
2.199193120000000363e+03	7.307552071321929410e-04
2.199223260000000209e+03	7.404703819555366606e-04
2.199253390000000309e+03	7.501856512795931908e-04
2.199283520000000408e+03	7.549009206036585984e-04
2.199313660000000255e+03	7.546160954269923171e-04
2.199343790000000354e+03	7.543313647510527242e-04
2.199373920000000453e+03	7.490466340751081309e-04
2.199404060000000300e+03	7.437618088984437881e-04
2.199434190000000399e+03	7.284770782225030716e-04
2.199464330000000245e+03	7.131922530458356668e-04
2.199494460000000345e+03	6.879075223698988273e-04
2.199524590000000444e+03	6.576227916939569873e-04
2.199554730000000291e+03	6.273379665172953978e-04
2.199584860000000390e+03	6.170532358413527430e-04
2.199615000000000236e+03	6.267684106646964626e-04
2.199645130000000336e+03	6.564836799887521779e-04
2.199675260000000435e+03	7.061989493128070783e-04
2.199705400000000282e+03	7.509141241361511065e-04
2.199735530000000381e+03	7.806293934602068219e-04
2.199765660000000480e+03	7.803446627842602901e-04
2.199795800000000327e+03	7.500598376076125784e-04
2.199825930000000426e+03	6.997751069316646144e-04
2.199856070000000273e+03	6.444902817550057783e-04
2.199886200000000372e+03	6.042055510790608763e-04
2.199916330000000471e+03	5.939208204031182214e-04
2.199946470000000318e+03	6.086359952264600026e-04
2.199976600000000417e+03	6.483512645505187799e-04
2.200006740000000264e+03	6.880664393738508688e-04
2.200036870000000363e+03	7.177817086979135230e-04
2.200067000000000462e+03	7.274969780219700533e-04
2.200097140000000309e+03	7.172121528453076489e-04
2.200127270000000408e+03	6.969274221693688709e-04
2.200157400000000507e+03	6.766426914934300929e-04
2.200187540000000354e+03	6.713578663167588112e-04
2.200217670000000453e+03	6.810731356408222803e-04
2.200247810000000300e+03	6.957883104641640615e-04
2.200277940000000399e+03	7.205035797882147763e-04
2.200308070000000498e+03	7.352188491122763070e-04
2.200338210000000345e+03	7.349340239356169646e-04
2.200368340000000444e+03	7.296492932596723713e-04
2.200398470000000543e+03	7.093645625837335933e-04
2.200428610000000390e+03	6.890797374070750658e-04
2.200458740000000489e+03	6.737950067311274105e-04
2.200488880000000336e+03	6.635101815544719450e-04
2.200519010000000435e+03	6.632254508785254132e-04
2.200549140000000534e+03	6.629407202025858203e-04
2.200579280000000381e+03	6.626558950259264780e-04
2.200609410000000480e+03	6.573711643499888235e-04
2.200639550000000327e+03	6.420863391733214187e-04
2.200669680000000426e+03	6.268016084973807023e-04
2.200699810000000525e+03	6.165168778214449863e-04
2.200729950000000372e+03	6.112320526447737046e-04
2.200760080000000471e+03	6.209473219688371737e-04
2.200790210000000570e+03	6.406625912928967659e-04
2.200820350000000417e+03	6.603777661162296697e-04
2.200850480000000516e+03	6.750930354402912004e-04
2.200880620000000363e+03	6.848082102636279811e-04
2.200910750000000462e+03	6.795234795876833878e-04
2.200940880000000561e+03	6.642387489117426713e-04
2.200971020000000408e+03	6.489539237350822054e-04
2.201001150000000507e+03	6.386691930591395505e-04
2.201031290000000354e+03	6.383843678824802081e-04
2.201061420000000453e+03	6.430996372065386768e-04
2.201091550000000552e+03	6.428149065305921450e-04
2.201121690000000399e+03	6.425300813539328026e-04
2.201151820000000498e+03	6.322453506779970867e-04
2.201181950000000143e+03	6.169606200020563702e-04
2.201212090000000444e+03	5.966757948253978427e-04
2.201242220000000543e+03	5.913910641494463105e-04
2.201272360000000390e+03	5.961062389727919686e-04
2.201302490000000489e+03	6.208215082968496223e-04
2.201332620000000134e+03	6.605367776209083996e-04
2.201362760000000435e+03	6.952519524442424270e-04
2.201392890000000534e+03	7.199672217683070197e-04
2.201423020000000179e+03	7.246824910923654883e-04
2.201453160000000480e+03	7.043976659157000220e-04
2.201483290000000579e+03	6.791129352397631824e-04
2.201513430000000426e+03	6.438281100630965925e-04
2.201543560000000525e+03	6.185433793871528141e-04
2.201573690000000170e+03	6.132586487112151596e-04
2.201603830000000471e+03	6.279738235345500019e-04
2.201633960000000570e+03	6.576890928586057172e-04
2.201664100000000417e+03	6.924042676819466835e-04
2.201694230000000516e+03	7.221195370060023988e-04
2.201724360000000161e+03	7.368348063300708684e-04
2.201754500000000462e+03	7.365499811534045871e-04
2.201784630000000561e+03	7.212652504774569318e-04
2.201814760000000206e+03	6.959805198015270311e-04
2.201844900000000507e+03	6.706956946248565643e-04
2.201875030000000152e+03	6.454109639489266637e-04
2.201905170000000453e+03	6.301261387722592588e-04
2.201935300000000552e+03	6.198414080963096651e-04
2.201965430000000197e+03	6.095566774203808880e-04
2.201995570000000498e+03	6.042718522437165451e-04
2.202025700000000143e+03	5.939871215677738903e-04
2.202055830000000242e+03	5.887023908918362358e-04
2.202085970000000543e+03	5.884175657151699546e-04
2.202116100000000188e+03	6.031328350392314852e-04
2.202146240000000489e+03	6.278480098625624506e-04
2.202176370000000134e+03	6.675632791866212279e-04
2.202206500000000233e+03	7.022785485106819436e-04
2.202236640000000534e+03	7.269937233340198479e-04
2.202266770000000179e+03	7.317089926580783166e-04
2.202296910000000480e+03	7.264241674814139738e-04
2.202327040000000579e+03	7.061394368054682569e-04
2.202357170000000224e+03	6.858547061295294789e-04
2.202387310000000525e+03	6.705698809528690130e-04
2.202417440000000170e+03	6.702851502769363590e-04
2.202447570000000269e+03	6.800004196009928892e-04
2.202477710000000570e+03	6.897155944243296699e-04
2.202507840000000215e+03	6.894308637483900770e-04
2.202537980000000516e+03	6.791460385717207338e-04
2.202568110000000161e+03	6.638613078957869562e-04
2.202598240000000260e+03	6.535765772198512402e-04
2.202628380000000561e+03	6.482917520431799585e-04
2.202658510000000206e+03	6.680070213672464896e-04
2.202688650000000507e+03	6.977221961905755165e-04
2.202718780000000152e+03	7.274374655146381707e-04
2.202748910000000251e+03	7.471527348386977629e-04
2.202779050000000552e+03	7.468679096620314817e-04
2.202809180000000197e+03	7.215831789860946421e-04
2.202839310000000296e+03	6.812984483101497402e-04
2.202869450000000143e+03	6.410136231334850887e-04
2.202899580000000242e+03	6.107288924575432487e-04
2.202929720000000543e+03	5.904440672808777824e-04
2.202959850000000188e+03	5.851593366049401279e-04
2.202989980000000287e+03	5.898746059289985966e-04
2.203020120000000134e+03	5.945897807523442546e-04
2.203050250000000233e+03	5.993050500764027233e-04
2.203080380000000332e+03	5.940203194004581300e-04
2.203110520000000179e+03	5.937354942237987876e-04
2.203140650000000278e+03	5.984507635478572563e-04
2.203170790000000579e+03	6.031659383711890365e-04
2.203200920000000224e+03	6.128812076952594445e-04
2.203231050000000323e+03	6.275964770193140363e-04
2.203261190000000170e+03	6.323116518426527555e-04
2.203291320000000269e+03	6.420269211667092857e-04
2.203321460000000570e+03	6.517420959900460664e-04
2.203351590000000215e+03	6.714573653141056586e-04
2.203381720000000314e+03	6.911726346381652508e-04
2.203411860000000161e+03	7.108878094614981547e-04
2.203441990000000260e+03	7.206030787855616238e-04
2.203472120000000359e+03	7.153183481096239693e-04
2.203502260000000206e+03	7.000335229329565645e-04
2.203532390000000305e+03	6.747487922570127861e-04
2.203562530000000152e+03	6.494639670803561970e-04
2.203592660000000251e+03	6.391792364044066033e-04
2.203622790000000350e+03	6.538945057284681339e-04
2.203652930000000197e+03	6.886096805518091002e-04
2.203683060000000296e+03	7.283249498758609386e-04
2.203713190000000395e+03	7.630402191999216543e-04
2.203743330000000242e+03	7.777553940232634355e-04
2.203773460000000341e+03	7.624706633473157802e-04
2.203803600000000188e+03	7.271858381706630681e-04
2.203833730000000287e+03	6.769011074947220430e-04
2.203863860000000386e+03	6.366163768187771410e-04
2.203894000000000233e+03	6.063315516421224904e-04
2.203924130000000332e+03	5.910468209661748351e-04
2.203954270000000179e+03	5.957619957895135543e-04
2.203984400000000278e+03	6.104772651135750849e-04
2.204014530000000377e+03	6.201925344376385540e-04
2.204044670000000224e+03	6.249077092609703343e-04
2.204074800000000323e+03	6.196229785850326799e-04
2.204104930000000422e+03	6.143382479090880866e-04
2.204135070000000269e+03	6.140534227324218053e-04
2.204165200000000368e+03	6.137686920564822124e-04
2.204195340000000215e+03	6.184838668798209316e-04
2.204225470000000314e+03	6.281991362038774618e-04
2.204255600000000413e+03	6.429144055279389924e-04
2.204285740000000260e+03	6.526295803512757732e-04
2.204315870000000359e+03	6.673448496753303649e-04
2.204346010000000206e+03	6.820600244986721461e-04
2.204376140000000305e+03	6.867752938227236759e-04
2.204406270000000404e+03	6.964905631467871450e-04
2.204436410000000251e+03	6.912057379701297410e-04
2.204466540000000350e+03	6.859210072941851477e-04
2.204496670000000449e+03	6.756362766182424928e-04
2.204526810000000296e+03	6.603514514415820269e-04
2.204556940000000395e+03	6.550667207656443725e-04
2.204587080000000242e+03	6.547818955889850301e-04
2.204617210000000341e+03	6.644971649130415603e-04
2.204647340000000440e+03	6.842124342370942136e-04
2.204677480000000287e+03	7.039276090604409952e-04
2.204707610000000386e+03	7.236428783845005874e-04
2.204737740000000485e+03	7.333581477085501787e-04
2.204767880000000332e+03	7.380733225318958368e-04
2.204798010000000431e+03	7.327885918559512435e-04
2.204828150000000278e+03	7.175037666792838387e-04
2.204858280000000377e+03	7.022190360033500611e-04
2.204888410000000476e+03	6.869343053274093447e-04
2.204918550000000323e+03	6.766494801507400014e-04
2.204948680000000422e+03	6.713647494748023470e-04
2.204978820000000269e+03	6.760799242981410662e-04
2.205008950000000368e+03	6.857951936221975964e-04
2.205039080000000467e+03	7.055104629462571886e-04
2.205069220000000314e+03	7.302256377695950929e-04
2.205099350000000413e+03	7.449409070936496846e-04
2.205129480000000513e+03	7.496561764177081533e-04
2.205159620000000359e+03	7.393713512410526878e-04
2.205189750000000458e+03	7.190866205651069709e-04
2.205219890000000305e+03	6.888017953884523203e-04
2.205250020000000404e+03	6.585170647125035415e-04
2.205280150000000503e+03	6.432323340365697639e-04
2.205310290000000350e+03	6.429475088599104216e-04
2.205340420000000449e+03	6.576627781839580744e-04
2.205370560000000296e+03	6.773779530072979171e-04
2.205400690000000395e+03	6.970932223313644482e-04
2.205430820000000494e+03	7.118084916554190400e-04
2.205460960000000341e+03	7.115236664787527587e-04
2.205491090000000440e+03	7.012389358028170427e-04
2.205521220000000540e+03	6.909542051268743879e-04
2.205551360000000386e+03	6.806693799502119835e-04
2.205581490000000485e+03	6.853846492742704521e-04
2.205611630000000332e+03	6.950998240976072329e-04
2.205641760000000431e+03	7.148150934216668251e-04
2.205671890000000531e+03	7.295303627457283557e-04
2.205702030000000377e+03	7.342455375690601360e-04
2.205732160000000476e+03	7.389608068931186047e-04
2.205762290000000576e+03	7.286760762171828887e-04
2.205792430000000422e+03	7.183912510405204843e-04
2.205822560000000522e+03	7.081065203645708905e-04
2.205852700000000368e+03	7.028216951879134866e-04
2.205882830000000467e+03	7.075369645119719553e-04
2.205912960000000567e+03	7.172522338360284855e-04
2.205943100000000413e+03	7.319674086593772055e-04
2.205973230000000513e+03	7.516826779834298589e-04
2.206003370000000359e+03	7.713978528067697016e-04
2.206033500000000458e+03	7.861131221308312322e-04
2.206063630000000558e+03	7.958283914548808236e-04
2.206093770000000404e+03	7.905435662782234196e-04
2.206123900000000503e+03	7.702588356022846416e-04
2.206154030000000148e+03	7.349741049263447401e-04
2.206184170000000449e+03	6.946892797496800886e-04
2.206214300000000549e+03	6.544045490737421256e-04
2.206244440000000395e+03	6.241197238970735972e-04
2.206274570000000494e+03	6.088349932211328808e-04
2.206304700000000139e+03	6.185502625451963499e-04
2.206334840000000440e+03	6.382654373685292537e-04
2.206364970000000540e+03	6.779807066925880310e-04
2.206395100000000184e+03	7.226959760166518087e-04
2.206425240000000485e+03	7.624111508399838977e-04
2.206455370000000130e+03	7.971264201640515523e-04
2.206485510000000431e+03	8.118415949873863946e-04
2.206515640000000531e+03	8.115568643114398628e-04
2.206545770000000175e+03	7.962721336355060853e-04
2.206575910000000476e+03	7.659873084588375569e-04
2.206606040000000576e+03	7.357025777828887780e-04
2.206636180000000422e+03	7.054177526062410664e-04
2.206666310000000522e+03	6.851330219302953495e-04
2.206696440000000166e+03	6.798482912543576950e-04
2.206726580000000467e+03	6.795634660776914138e-04
2.206756710000000567e+03	6.892787354017548829e-04
2.206786840000000211e+03	6.889940047258152900e-04
2.206816980000000513e+03	6.887091795491490087e-04
2.206847110000000157e+03	6.784244488732063538e-04
2.206877250000000458e+03	6.681396236965439495e-04
2.206907380000000558e+03	6.628548930205993561e-04
2.206937510000000202e+03	6.625701623446597632e-04
2.206967650000000503e+03	6.722853371679965440e-04
2.206997780000000148e+03	6.820006064920600131e-04
2.207027920000000449e+03	6.917157813153898549e-04
2.207058050000000549e+03	7.014310506394533240e-04
2.207088180000000193e+03	7.011463199635137311e-04
2.207118320000000494e+03	7.008614947868474498e-04
2.207148450000000139e+03	7.055767641109128574e-04
2.207178580000000238e+03	7.152920334349693876e-04
2.207208720000000540e+03	7.250072082583061683e-04
2.207238850000000184e+03	7.347224775823696374e-04
2.207268990000000485e+03	7.344376524057033562e-04
2.207299120000000130e+03	7.191529217297695786e-04
2.207329250000000229e+03	6.988681910538238617e-04
2.207359390000000531e+03	6.835833658771633958e-04
2.207389520000000175e+03	6.732986352012207409e-04
2.207419650000000274e+03	6.830139045252842100e-04
2.207449790000000576e+03	7.077290793486151754e-04
2.207479920000000220e+03	7.374443486726778296e-04
2.207510060000000522e+03	7.571595234960107335e-04
2.207540190000000166e+03	7.568747928200711406e-04
2.207570320000000265e+03	7.365900621441323626e-04
2.207600460000000567e+03	6.963052369674677111e-04
2.207630590000000211e+03	6.560205062915228091e-04
2.207660730000000513e+03	6.307356811148592812e-04
2.207690860000000157e+03	6.354509504389177499e-04
2.207720990000000256e+03	6.651662197629804041e-04
2.207751130000000558e+03	7.098813945863174935e-04
2.207781260000000202e+03	7.545966639103812712e-04
2.207811390000000301e+03	7.893119332344350481e-04
2.207841530000000148e+03	7.990271080577787677e-04
2.207871660000000247e+03	7.887423773818361128e-04
2.207901800000000549e+03	7.734575522051687080e-04
2.207931930000000193e+03	7.581728215292349304e-04
2.207962060000000292e+03	7.528880908532903371e-04
2.207992200000000139e+03	7.626032656766340567e-04
2.208022330000000238e+03	7.823185350006936489e-04
2.208052470000000540e+03	7.970337098240284912e-04
2.208082600000000184e+03	8.117489791480830830e-04
2.208112730000000283e+03	8.114642484721434901e-04
2.208142870000000130e+03	7.961794232954830242e-04
2.208173000000000229e+03	7.708946926195392457e-04
2.208203130000000328e+03	7.456099619436024062e-04
2.208233270000000175e+03	7.203251367669319394e-04
2.208263400000000274e+03	7.000404060909931614e-04
2.208293540000000576e+03	6.797555809143276950e-04
2.208323670000000220e+03	6.644708502383869786e-04
2.208353800000000319e+03	6.541861195624512626e-04
2.208383940000000166e+03	6.539012943857919202e-04
2.208414070000000265e+03	6.636165637098415115e-04
2.208444200000000365e+03	6.883318330339061042e-04
2.208474340000000211e+03	7.130470078572440085e-04
2.208504470000000310e+03	7.427622771812997238e-04
2.208534610000000157e+03	7.624774520046465054e-04
2.208564740000000256e+03	7.671927213286980352e-04
2.208594870000000356e+03	7.519079906527573187e-04
2.208625010000000202e+03	7.266231654761007297e-04
2.208655140000000301e+03	6.963384348001519508e-04
2.208685280000000148e+03	6.810536096234914849e-04
2.208715410000000247e+03	6.757688789475538305e-04
2.208745540000000346e+03	6.854841482716172996e-04
2.208775680000000193e+03	7.001993230949521418e-04
2.208805810000000292e+03	7.049145924190106105e-04
2.208835940000000392e+03	7.046298617430710176e-04
2.208866080000000238e+03	6.893450365664036128e-04
2.208896210000000337e+03	6.740603058904628964e-04
2.208926350000000184e+03	6.687754807137985535e-04
2.208956480000000283e+03	6.784907500378550838e-04
2.208986610000000383e+03	7.032060193619196764e-04
2.209016750000000229e+03	7.329211941852556422e-04
2.209046880000000328e+03	7.626364635093113575e-04
2.209077010000000428e+03	7.723517328333748266e-04
2.209107150000000274e+03	7.670669076567035449e-04
2.209137280000000374e+03	7.467821769807647669e-04
2.209167420000000220e+03	7.164973518041101164e-04
2.209197550000000319e+03	6.912126211281663379e-04
2.209227680000000419e+03	6.809278904522236830e-04
2.209257820000000265e+03	6.806430652755643407e-04
2.209287950000000365e+03	6.903583345996208709e-04
2.209318090000000211e+03	7.000735094229645905e-04
2.209348220000000310e+03	7.147887787470261212e-04
2.209378350000000410e+03	7.345040480710787745e-04
2.209408490000000256e+03	7.542192228944186172e-04
2.209438620000000356e+03	7.839344922184812714e-04
2.209468750000000455e+03	8.136497615425300478e-04
2.209498890000000301e+03	8.333649363658698905e-04
2.209529020000000401e+03	8.330802056899302976e-04
2.209559160000000247e+03	8.077953805132667697e-04
2.209589290000000346e+03	7.625106498373238062e-04
2.209619420000000446e+03	7.022259191613866580e-04
2.209649560000000292e+03	6.519410939847189446e-04
2.209679690000000392e+03	6.216563633087840435e-04
2.209709830000000238e+03	6.263715381321158238e-04
2.209739960000000337e+03	6.610868074561765395e-04
2.209770090000000437e+03	7.108020767802383788e-04
2.209800230000000283e+03	7.605172516035735297e-04
2.209830360000000383e+03	7.952325209276273066e-04
2.209860490000000482e+03	7.999477902516927141e-04
2.209890630000000328e+03	7.746629650750291862e-04
2.209920760000000428e+03	7.293782343990862227e-04
2.209950900000000274e+03	6.840934092224304486e-04
2.209981030000000374e+03	6.488086785464836082e-04
2.210011160000000473e+03	6.335239478705428917e-04
2.210041300000000319e+03	6.382391226938885498e-04
2.210071430000000419e+03	6.629543920179392646e-04
2.210101560000000518e+03	6.976696613419999804e-04
2.210131700000000365e+03	7.323848361653409467e-04
2.210161830000000464e+03	7.571001054893986004e-04
2.210191970000000310e+03	7.718152803127334427e-04
2.210222100000000410e+03	7.665305496367957883e-04
2.210252230000000509e+03	7.562458189608531334e-04
2.210282370000000356e+03	7.359609937841876670e-04
2.210312500000000455e+03	7.156762631082488890e-04
2.210342640000000301e+03	7.053914379315864847e-04
2.210372770000000401e+03	7.001067072556418913e-04
2.210402900000000500e+03	6.998219765797022984e-04
2.210433040000000346e+03	7.145371514030371407e-04
2.210463170000000446e+03	7.292524207270986714e-04
2.210493300000000545e+03	7.389676900511621405e-04
2.210523440000000392e+03	7.436828648744939207e-04
2.210553570000000491e+03	7.433981341985543279e-04
2.210583710000000337e+03	7.331133090218919235e-04
2.210613840000000437e+03	7.178285783459581459e-04
2.210643970000000536e+03	7.025438476700104906e-04
2.210674110000000383e+03	6.972590224933461478e-04
2.210704240000000482e+03	7.019742918174115553e-04
2.210734370000000581e+03	7.166895611414661471e-04
2.210764510000000428e+03	7.364047359648129287e-04
2.210794640000000527e+03	7.461200052888625200e-04
2.210824780000000374e+03	7.458351801122031777e-04
2.210854910000000473e+03	7.305504494362624612e-04
2.210885040000000572e+03	6.952657187603156208e-04
2.210915180000000419e+03	6.599808935836559698e-04
2.210945310000000518e+03	6.346961629077191303e-04
2.210975450000000365e+03	6.294113377310547874e-04
2.211005580000000464e+03	6.541266070551124412e-04
2.211035710000000563e+03	6.988418763791762189e-04
2.211065850000000410e+03	7.585570512025074930e-04
2.211095980000000509e+03	8.082723205265693323e-04
2.211126110000000153e+03	8.329875898506269860e-04
2.211156250000000455e+03	8.227027646739645816e-04
2.211186380000000554e+03	7.824180339980196797e-04
2.211216520000000401e+03	7.221332088213627820e-04
2.211246650000000500e+03	6.618484781454186949e-04
2.211276780000000144e+03	6.215637474694807318e-04
2.211306920000000446e+03	6.012789222928152655e-04
2.211337050000000545e+03	6.109941916168717957e-04
2.211367190000000392e+03	6.407093664402216393e-04
2.211397320000000491e+03	6.804246357642734777e-04
2.211427450000000135e+03	7.251399050883372555e-04
2.211457590000000437e+03	7.548550799116732213e-04
2.211487720000000536e+03	7.695703492357278130e-04
2.211517850000000180e+03	7.742856185597932206e-04
2.211547990000000482e+03	7.740007933831269393e-04
2.211578120000000581e+03	7.637160627071912233e-04
2.211608260000000428e+03	7.534312375305218801e-04
2.211638390000000527e+03	7.381465068545811636e-04
2.211668520000000171e+03	7.278617761786454476e-04
2.211698660000000473e+03	7.125769510019780428e-04
2.211728790000000572e+03	6.972922203260373264e-04
2.211758920000000217e+03	6.820074896500966100e-04
2.211789060000000518e+03	6.617226644734311436e-04
2.211819190000000162e+03	6.414379337974923656e-04
2.211849330000000464e+03	6.211531086208268992e-04
2.211879460000000563e+03	6.108683779448842444e-04
2.211909590000000208e+03	6.105836472689446515e-04
2.211939730000000509e+03	6.152988220922833706e-04
2.211969860000000153e+03	6.300140914163449013e-04
2.212000000000000455e+03	6.497292662396778051e-04
2.212030130000000554e+03	6.644445355637393358e-04
2.212060260000000198e+03	6.691598048878047433e-04
2.212090400000000500e+03	6.638749797111404005e-04
2.212120530000000144e+03	6.585902490352027461e-04
2.212150660000000244e+03	6.533055183592650916e-04
2.212180800000000545e+03	6.530206931825988104e-04
2.212210930000000189e+03	6.577359625066572790e-04
2.212241070000000491e+03	6.674511373299940598e-04
2.212271200000000135e+03	6.821664066540486515e-04
2.212301330000000235e+03	6.868816759781140591e-04
2.212331470000000536e+03	6.815968508014427774e-04
2.212361600000000180e+03	6.663121201255089998e-04
2.212391740000000482e+03	6.510272949488415950e-04
2.212421870000000581e+03	6.407425642728989401e-04
2.212452000000000226e+03	6.454578335969574088e-04
2.212482140000000527e+03	6.651730084202972515e-04
2.212512270000000171e+03	6.948882777443529668e-04
2.212542400000000271e+03	7.196035470684175595e-04
2.212572540000000572e+03	7.393187218917504633e-04
2.212602670000000217e+03	7.390339912158178093e-04
2.212632810000000518e+03	7.237491660391504045e-04
2.212662940000000162e+03	6.984644353632135649e-04
2.212693070000000262e+03	6.781797046872678481e-04
2.212723210000000563e+03	6.678948795106054437e-04
2.212753340000000208e+03	6.776101488346689128e-04
2.212783470000000307e+03	6.973254181587285050e-04
2.212813610000000153e+03	7.170405929820683477e-04
2.212843740000000253e+03	7.267558623061248779e-04
2.212873880000000554e+03	7.164710371294624736e-04
2.212904010000000198e+03	6.911863064535186951e-04
2.212934140000000298e+03	6.509015757775807320e-04
2.212964280000000144e+03	6.106167506009160806e-04
2.212994410000000244e+03	5.853320199249723021e-04
2.213024550000000545e+03	5.800471947483079593e-04
2.213054680000000189e+03	5.947624640723694900e-04
2.213084810000000289e+03	6.244777333964321442e-04
2.213114950000000135e+03	6.541929082197681100e-04
2.213145080000000235e+03	6.789081775438257638e-04
2.213175210000000334e+03	6.886234468678822940e-04
2.213205350000000180e+03	6.883386216912229516e-04
2.213235480000000280e+03	6.780538910152802967e-04
2.213265620000000581e+03	6.677690658386109535e-04
2.213295750000000226e+03	6.624843351626802379e-04
2.213325880000000325e+03	6.571996044867356446e-04
2.213356020000000171e+03	6.619147793100813026e-04
2.213386150000000271e+03	6.566300486341367093e-04
2.213416280000000370e+03	6.513453179581921160e-04
2.213446420000000217e+03	6.360604927815316501e-04
2.213476550000000316e+03	6.207757621055909336e-04
2.213506690000000162e+03	6.054909369289304677e-04
2.213536820000000262e+03	6.002062062529858744e-04
2.213566950000000361e+03	6.099214755770493435e-04
2.213597090000000208e+03	6.246366504003841857e-04
2.213627220000000307e+03	6.443519197244437779e-04
2.213657360000000153e+03	6.640670945477766818e-04
2.213687490000000253e+03	6.837823638718362740e-04
2.213717620000000352e+03	6.884976331959016815e-04
2.213747760000000198e+03	6.882128080192354003e-04
2.213777890000000298e+03	6.829280773432908069e-04
2.213808020000000397e+03	6.726433466673550909e-04
2.213838160000000244e+03	6.573585214906876861e-04
2.213868290000000343e+03	6.470737908147450312e-04
2.213898430000000189e+03	6.367889656380895658e-04
2.213928560000000289e+03	6.265042349621469109e-04
2.213958690000000388e+03	6.112195042861992555e-04
2.213988830000000235e+03	5.959346791095387896e-04
2.214018960000000334e+03	5.806499484336050121e-04
2.214049100000000180e+03	5.703651232569426077e-04
2.214079230000000280e+03	5.700803925810030148e-04
2.214109360000000379e+03	5.847956619050576066e-04
2.214139500000000226e+03	6.095108367283955109e-04
2.214169630000000325e+03	6.342261060524601035e-04
2.214199760000000424e+03	6.589413753765108184e-04
2.214229900000000271e+03	6.736565501998525995e-04
2.214260030000000370e+03	6.633718195239099447e-04
2.214290170000000217e+03	6.430869943472444783e-04
2.214320300000000316e+03	6.128022636713095772e-04
2.214350430000000415e+03	5.825175329953677372e-04
2.214380570000000262e+03	5.722327078186983940e-04
2.214410700000000361e+03	5.719479771427588011e-04
2.214440830000000460e+03	5.916632464668183933e-04
2.214470970000000307e+03	6.163784212901562976e-04
2.214501100000000406e+03	6.360936906142158898e-04
2.214531240000000253e+03	6.458088654375596094e-04
2.214561370000000352e+03	6.405241347616080771e-04
2.214591500000000451e+03	6.302394040856723612e-04
2.214621640000000298e+03	6.199545789090099568e-04
2.214651770000000397e+03	6.246698482330614866e-04
2.214681910000000244e+03	6.443850230564152071e-04
2.214712040000000343e+03	6.691002923804659219e-04
2.214742170000000442e+03	6.938155617045166368e-04
2.214772310000000289e+03	7.035307365278672953e-04
2.214802440000000388e+03	6.982460058519227020e-04
2.214832570000000487e+03	6.729612751759789235e-04
2.214862710000000334e+03	6.426764499993242730e-04
2.214892840000000433e+03	6.123917193233824330e-04
2.214922980000000280e+03	5.971068941467150282e-04
2.214953110000000379e+03	6.018221634707734968e-04
2.214983240000000478e+03	6.115374327948369659e-04
2.215013380000000325e+03	6.312526076181698698e-04
2.215043510000000424e+03	6.459678769422314004e-04
2.215073640000000523e+03	6.456831462662918075e-04
2.215103780000000370e+03	6.403983210896274647e-04
2.215133910000000469e+03	6.301135904136848098e-04
2.215164050000000316e+03	6.098287652370193435e-04
2.215194180000000415e+03	5.895440345610805655e-04
2.215224310000000514e+03	5.692593038851417875e-04
2.215254450000000361e+03	5.489744787084763211e-04
2.215284580000000460e+03	5.286897480325306042e-04
2.215314720000000307e+03	5.134049228558770772e-04
2.215344850000000406e+03	5.081201921799324839e-04
2.215374980000000505e+03	5.178354615039890141e-04
2.215405120000000352e+03	5.325506363273307953e-04
2.215435250000000451e+03	5.522659056513903875e-04
2.215465380000000550e+03	5.719811749754430408e-04
2.215495520000000397e+03	5.866963497987917608e-04
2.215525650000000496e+03	5.814116191228402286e-04
2.215555790000000343e+03	5.661267939461867016e-04
2.215585920000000442e+03	5.458420632702479236e-04
2.215616050000000541e+03	5.305573325943002683e-04
2.215646190000000388e+03	5.302725074176409259e-04
2.215676320000000487e+03	5.549877767416985797e-04
2.215706460000000334e+03	5.897029515650326070e-04
2.215736590000000433e+03	6.344182208890963848e-04
2.215766720000000532e+03	6.691334902131571005e-04
2.215796860000000379e+03	6.788486650364869424e-04
2.215826990000000478e+03	6.685639343605512264e-04
2.215857120000000577e+03	6.332792036846113248e-04
2.215887260000000424e+03	5.829943785079436114e-04
2.215917390000000523e+03	5.377096478320006478e-04
2.215947530000000370e+03	5.024248226553409968e-04
2.215977660000000469e+03	4.871400919793933415e-04
2.216007790000000568e+03	4.918553613034587491e-04
2.216037930000000415e+03	5.015705361267955298e-04
2.216068060000000514e+03	5.162858054508501215e-04
2.216098190000000159e+03	5.210010747749155291e-04
2.216128330000000460e+03	5.107162495982531247e-04
2.216158460000000559e+03	5.004315189223104698e-04
2.216188600000000406e+03	4.901466937456550044e-04
2.216218730000000505e+03	4.898619630697084726e-04
2.216248860000000150e+03	5.045772323937769421e-04
2.216279000000000451e+03	5.342924072171059691e-04
2.216309130000000550e+03	5.690076765411666848e-04
2.216339270000000397e+03	5.937228513645045891e-04
2.216369400000000496e+03	5.984381206885630577e-04
2.216399530000000141e+03	5.781533900126242798e-04
2.216429670000000442e+03	5.278685648359565663e-04
2.216459800000000541e+03	4.675838341600194181e-04
2.216489930000000186e+03	4.122991034840803315e-04
2.216520070000000487e+03	3.770142783074137416e-04
2.216550200000000132e+03	3.767295476314741487e-04
2.216580340000000433e+03	4.064447224548031756e-04
2.216610470000000532e+03	4.661599917788680769e-04
2.216640600000000177e+03	5.408752611029271629e-04
2.216670740000000478e+03	6.055904359262564984e-04
2.216700870000000577e+03	6.503057052503202762e-04
2.216731010000000424e+03	6.700208800736601189e-04
2.216761140000000523e+03	6.597361493977244029e-04
2.216791270000000168e+03	6.344514187217806245e-04
2.216821410000000469e+03	5.991665935451140346e-04
2.216851540000000568e+03	5.638818628691741330e-04
2.216881670000000213e+03	5.435971321932422939e-04
2.216911810000000514e+03	5.383123070165779511e-04
2.216941940000000159e+03	5.480275763406344813e-04
2.216972080000000460e+03	5.577427511639712621e-04
2.217002210000000559e+03	5.674580204880277923e-04
2.217032340000000204e+03	5.671732898120881994e-04
2.217062480000000505e+03	5.568884646354257950e-04
2.217092610000000150e+03	5.416037339594850786e-04
2.217122740000000249e+03	5.213190032835463006e-04
2.217152880000000550e+03	5.060341781068788958e-04
2.217183010000000195e+03	5.057494474309393029e-04
2.217213150000000496e+03	5.154646222542760836e-04
2.217243280000000141e+03	5.401798915783337374e-04
2.217273410000000240e+03	5.598951609023933296e-04
2.217303550000000541e+03	5.746103357257281719e-04
2.217333680000000186e+03	5.743256050497955179e-04
2.217363820000000487e+03	5.590407798731281130e-04
2.217393950000000132e+03	5.337560491971912735e-04
2.217424080000000231e+03	5.084713185212474951e-04
2.217454220000000532e+03	4.981864933445850907e-04
2.217484350000000177e+03	5.079017626686485598e-04
2.217514480000000276e+03	5.326170319927062136e-04
2.217544620000000577e+03	5.723322068160383025e-04
2.217574750000000222e+03	6.120474761401040187e-04
2.217604890000000523e+03	6.367626509634419230e-04
2.217635020000000168e+03	6.314779202874973296e-04
2.217665150000000267e+03	6.011931896115624285e-04
2.217695290000000568e+03	5.509083644348947151e-04
2.217725420000000213e+03	4.956236337589556284e-04
2.217755550000000312e+03	4.453389030830146034e-04
2.217785690000000159e+03	4.150540779063460750e-04
2.217815820000000258e+03	4.097693472304084206e-04
2.217845960000000559e+03	4.294845220537413244e-04
2.217876090000000204e+03	4.641997913778020401e-04
2.217906220000000303e+03	4.989150607018627559e-04
2.217936360000000150e+03	5.236302355252075991e-04
2.217966490000000249e+03	5.283455048492591288e-04
2.217996630000000550e+03	5.180606796725897856e-04
2.218026760000000195e+03	4.977759489966579465e-04
2.218056890000000294e+03	4.774912183207122296e-04
2.218087030000000141e+03	4.672063931440567641e-04
2.218117160000000240e+03	4.619216624681121708e-04
2.218147290000000339e+03	4.666369317921706394e-04
2.218177430000000186e+03	4.763521066155143591e-04
2.218207560000000285e+03	4.810673759395658888e-04
2.218237700000000132e+03	4.857825507629115469e-04
2.218267830000000231e+03	4.854978200869719540e-04
2.218297960000000330e+03	4.852130894110323611e-04
2.218328100000000177e+03	4.949282642343622030e-04
2.218358230000000276e+03	5.046435335584256721e-04
2.218388370000000577e+03	5.143587083817555139e-04
2.218418500000000222e+03	5.240739777058189830e-04
2.218448630000000321e+03	5.237892470298793901e-04
2.218478770000000168e+03	5.135044218532100468e-04
2.218508900000000267e+03	4.982196911772693304e-04
2.218539030000000366e+03	4.829349605013355529e-04
2.218569170000000213e+03	4.676501353246681481e-04
2.218599300000000312e+03	4.623654046487235547e-04
2.218629440000000159e+03	4.620805794720642123e-04
2.218659570000000258e+03	4.667958487961226810e-04
2.218689700000000357e+03	4.615111181201780877e-04
2.218719840000000204e+03	4.562262929435206837e-04
2.218749970000000303e+03	4.459415622675849677e-04
2.218780100000000402e+03	4.406568315916334355e-04
2.218810240000000249e+03	4.403720064149740931e-04
2.218840370000000348e+03	4.550872757390356238e-04
2.218870510000000195e+03	4.848024505623785285e-04
2.218900640000000294e+03	5.145177198864411827e-04
2.218930770000000393e+03	5.392329892104918976e-04
2.218960910000000240e+03	5.539481640338336788e-04
2.218991040000000339e+03	5.486634333578890854e-04
2.219021180000000186e+03	5.333786081812286195e-04
2.219051310000000285e+03	5.080938775052848411e-04
2.219081440000000384e+03	4.828091468293480015e-04
2.219111580000000231e+03	4.625243216526825352e-04
2.219141710000000330e+03	4.522395909767398803e-04
2.219171840000000429e+03	4.469548603008022258e-04
2.219201980000000276e+03	4.566700351241320677e-04
2.219232110000000375e+03	4.663853044481955368e-04
2.219262250000000222e+03	4.761004792715392564e-04
2.219292380000000321e+03	4.858157485955888477e-04
2.219322510000000420e+03	4.905310179196473164e-04
2.219352650000000267e+03	4.952461927429929744e-04
2.219382780000000366e+03	4.949614620670464427e-04
2.219412910000000466e+03	4.946767313911068498e-04
2.219443050000000312e+03	4.993919062144455689e-04
2.219473180000000411e+03	5.041071755384970987e-04
2.219503320000000258e+03	5.138223503618477572e-04
2.219533450000000357e+03	5.185376196858992870e-04
2.219563580000000456e+03	5.182528890099596941e-04
2.219593720000000303e+03	5.179680638333003517e-04
2.219623850000000402e+03	5.076833331573576968e-04
2.219653990000000249e+03	4.973985079806952925e-04
2.219684120000000348e+03	4.821137773047545760e-04
2.219714250000000447e+03	4.768290466288169216e-04
2.219744390000000294e+03	4.815442214521487019e-04
2.219774520000000393e+03	4.862594907762071705e-04
2.219804650000000493e+03	4.909747601002725781e-04
2.219834790000000339e+03	4.906899349236062968e-04
2.219864920000000438e+03	4.854052042476617035e-04
2.219895060000000285e+03	4.651203790709962371e-04
2.219925190000000384e+03	4.348356483950613360e-04
2.219955320000000484e+03	4.045509177191194961e-04
2.219985460000000330e+03	3.792660925424559681e-04
2.220015590000000429e+03	3.739813618665113748e-04
2.220045730000000276e+03	3.836965366898550944e-04
2.220075860000000375e+03	4.134118060139108097e-04
2.220105990000000475e+03	4.531270753379695870e-04
2.220136130000000321e+03	4.978422501613066764e-04
2.220166260000000420e+03	5.375575194853654537e-04
2.220196390000000520e+03	5.622727888094231075e-04
2.220226530000000366e+03	5.669879636327687655e-04
2.220256660000000466e+03	5.517032329568211102e-04
2.220286800000000312e+03	5.214184077801664596e-04
2.220316930000000411e+03	4.811336771042215577e-04
2.220347060000000511e+03	4.408489464282766557e-04
2.220377200000000357e+03	4.055641212516170047e-04
2.220407330000000456e+03	3.852793905756782267e-04
2.220437460000000556e+03	3.799946598997336333e-04
2.220467600000000402e+03	3.897098347230704141e-04
2.220497730000000502e+03	4.094251040471300063e-04
2.220527870000000348e+03	4.341402788704679105e-04
2.220558000000000447e+03	4.538555481945275027e-04
2.220588130000000547e+03	4.585708175185859714e-04
2.220618270000000393e+03	4.532859923419216286e-04
2.220648400000000493e+03	4.280012616659847891e-04
2.220678540000000339e+03	3.977164364893231996e-04
2.220708670000000438e+03	3.724317058133794212e-04
2.220738800000000538e+03	3.521469751374337043e-04
2.220768940000000384e+03	3.518621499607743619e-04
2.220799070000000484e+03	3.715774192848339541e-04
2.220829200000000583e+03	4.112926886088927314e-04
2.220859340000000429e+03	4.510078634322317592e-04
2.220889470000000529e+03	4.857231327562855361e-04
2.220919610000000375e+03	5.054383075796323177e-04
2.220949740000000475e+03	5.151535769036888479e-04
2.220979870000000574e+03	5.098688462277442546e-04
2.221010010000000420e+03	4.995840210510887891e-04
2.221040140000000520e+03	4.892992903751461342e-04
2.221070280000000366e+03	4.840144651984817914e-04
2.221100410000000466e+03	4.737297345225391365e-04
2.221130540000000565e+03	4.634450038466034205e-04
2.221160680000000411e+03	4.431601786699379542e-04
2.221190810000000511e+03	4.128754479939961142e-04
2.221220940000000155e+03	3.875907173180592746e-04
2.221251080000000456e+03	3.723058921413918698e-04
2.221281210000000556e+03	3.770211614654503385e-04
2.221311350000000402e+03	4.017363362887813039e-04
2.221341480000000502e+03	4.414516056128470201e-04
2.221371610000000146e+03	4.811668749369057974e-04
2.221401750000000447e+03	5.158820497602398247e-04
2.221431880000000547e+03	5.255973190842963549e-04
2.221462010000000191e+03	5.203125884083587005e-04
2.221492150000000493e+03	5.000277632317001730e-04
2.221522280000000137e+03	4.797430325557613950e-04
2.221552420000000438e+03	4.644582073790939902e-04
2.221582550000000538e+03	4.591734767031563358e-04
2.221612680000000182e+03	4.638887460272148044e-04
2.221642820000000484e+03	4.636039208505554621e-04
2.221672950000000583e+03	4.533191901746128072e-04
2.221703090000000429e+03	4.380343649979523413e-04
2.221733220000000529e+03	4.177496343220135633e-04
2.221763350000000173e+03	4.074649036460709084e-04
2.221793490000000475e+03	4.071800784694046271e-04
2.221823620000000574e+03	4.268953477934642193e-04
2.221853750000000218e+03	4.616106171175249351e-04
2.221883890000000520e+03	4.963257919408589625e-04
2.221914020000000164e+03	5.260410612649216167e-04
2.221944160000000466e+03	5.357562360882514585e-04
2.221974290000000565e+03	5.204715054123107421e-04
2.222004420000000209e+03	4.851867747363777794e-04
2.222034560000000511e+03	4.349019495597100660e-04
2.222064690000000155e+03	3.796172188837779182e-04
2.222094820000000254e+03	3.393324882078260774e-04
2.222124960000000556e+03	3.090476630311644879e-04
2.222155090000000200e+03	3.037629323552268334e-04
2.222185230000000502e+03	3.134781071785636142e-04
2.222215360000000146e+03	3.431933765026332073e-04
2.222245490000000245e+03	3.829086458266850457e-04
2.222275630000000547e+03	4.226238206500171346e-04
2.222305760000000191e+03	4.573390899740847892e-04
2.222335900000000493e+03	4.770542647974176931e-04
2.222366030000000137e+03	4.817695341214831006e-04
2.222396160000000236e+03	4.614848034455373837e-04
2.222426300000000538e+03	4.261999782688707938e-04
2.222456430000000182e+03	3.859152475929328308e-04
2.222486560000000281e+03	3.456305169169948677e-04
2.222516700000000583e+03	3.153456917403263393e-04
2.222546830000000227e+03	3.050609610643906233e-04
2.222576970000000529e+03	3.097761358877224036e-04
2.222607100000000173e+03	3.344914052117800574e-04
2.222637230000000272e+03	3.642066745358427116e-04
2.222667370000000574e+03	3.939218493591786774e-04
2.222697500000000218e+03	4.086371186832402080e-04
2.222727640000000520e+03	4.133522935065719883e-04
2.222757770000000164e+03	3.980675628306382108e-04
2.222787900000000263e+03	3.827828321546905554e-04
2.222818040000000565e+03	3.624980069780250891e-04
2.222848170000000209e+03	3.572132763020943735e-04
2.222878300000000309e+03	3.719285456261489653e-04
2.222908440000000155e+03	3.966437204494938085e-04
2.222938570000000254e+03	4.313589897735475853e-04
2.222968710000000556e+03	4.660741645968816127e-04
2.222998840000000200e+03	4.857894339209481438e-04
2.223028970000000299e+03	4.905047032450066125e-04
2.223059110000000146e+03	4.802198780683442081e-04
2.223089240000000245e+03	4.699351473924015532e-04
2.223119370000000345e+03	4.496504167164627752e-04
2.223149510000000191e+03	4.393655915398003708e-04
2.223179640000000290e+03	4.290808608638577160e-04
2.223209780000000137e+03	4.187960356871883727e-04
2.223239910000000236e+03	4.035113050112545952e-04
2.223270040000000336e+03	3.832265743353088783e-04
2.223300180000000182e+03	3.679417491586484124e-04
2.223330310000000281e+03	3.576570184827057575e-04
2.223360450000000583e+03	3.573721933060394762e-04
2.223390580000000227e+03	3.670874626301029453e-04
2.223420710000000327e+03	3.768027319541594755e-04
2.223450850000000173e+03	3.815179067774981947e-04
2.223480980000000272e+03	3.762331761015605402e-04
2.223511110000000372e+03	3.659484454256178854e-04
2.223541250000000218e+03	3.556636202489554810e-04
2.223571380000000318e+03	3.553788895730158881e-04
2.223601520000000164e+03	3.700940643963576693e-04
2.223631650000000263e+03	3.948093337204153230e-04
2.223661780000000363e+03	4.245246030444710383e-04
2.223691920000000209e+03	4.442397778678108811e-04
2.223722050000000309e+03	4.389550471918732266e-04
2.223752190000000155e+03	4.136702220152027598e-04
2.223782320000000254e+03	3.733854913392647967e-04
2.223812450000000354e+03	3.431007606633298956e-04
2.223842590000000200e+03	3.278159354866624908e-04
2.223872720000000299e+03	3.375312048107190210e-04
2.223902850000000399e+03	3.672464741347816752e-04
2.223932990000000245e+03	4.069616489581137642e-04
2.223963120000000345e+03	4.316769182821783568e-04
2.223993260000000191e+03	4.363920931055101371e-04
2.224023390000000290e+03	4.211073624295694207e-04
2.224053520000000390e+03	4.008226317536306427e-04
2.224083660000000236e+03	3.855378065769701768e-04
2.224113790000000336e+03	3.902530759010217065e-04
2.224143920000000435e+03	4.149683452250862992e-04
2.224174060000000281e+03	4.396835200484242034e-04
2.224204190000000381e+03	4.543987893724787952e-04
2.224234330000000227e+03	4.441139641958233297e-04
2.224264460000000327e+03	4.088292335198764893e-04
2.224294590000000426e+03	3.585445028439424031e-04
2.224324730000000272e+03	3.182596776672777517e-04
2.224354860000000372e+03	2.979749469913320348e-04
2.224385000000000218e+03	3.026901218146776928e-04
2.224415130000000318e+03	3.374053911387384086e-04
2.224445260000000417e+03	3.771206604627971859e-04
2.224475400000000263e+03	4.068358352861262128e-04
2.224505530000000363e+03	4.165511046101896819e-04
2.224535660000000462e+03	4.012663739342489655e-04
2.224565800000000309e+03	3.759815487575854376e-04
2.224595930000000408e+03	3.506968180816416591e-04
2.224626070000000254e+03	3.404119929049792548e-04
2.224656200000000354e+03	3.501272622290357850e-04
2.224686330000000453e+03	3.748425315531003776e-04
2.224716470000000299e+03	3.995577063764313430e-04
2.224746600000000399e+03	4.142729757004928737e-04
2.224776730000000498e+03	4.139882450245532808e-04
2.224806870000000345e+03	3.887034198478897529e-04
2.224837000000000444e+03	3.584186891719479129e-04
2.224867140000000290e+03	3.231338639952882619e-04
2.224897270000000390e+03	2.978491333193514223e-04
2.224927400000000489e+03	2.825644026434037670e-04
2.224957540000000336e+03	2.722795774667413626e-04
2.224987670000000435e+03	2.619948467908056466e-04
2.225017810000000281e+03	2.517100216141432423e-04
2.225047940000000381e+03	2.364252909382025258e-04
2.225078070000000480e+03	2.261405602622598709e-04
2.225108210000000327e+03	2.258557350856005286e-04
2.225138340000000426e+03	2.355710044096570588e-04
2.225168470000000525e+03	2.652862737337127741e-04
2.225198610000000372e+03	3.050014485570518019e-04
2.225228740000000471e+03	3.447167178811105792e-04
2.225258880000000318e+03	3.744318927044465450e-04
2.225289010000000417e+03	3.841471620285100141e-04
2.225319140000000516e+03	3.738624313525673593e-04
2.225349280000000363e+03	3.485776061759038313e-04
2.225379410000000462e+03	3.182928754999619914e-04
2.225409550000000309e+03	2.930080503233054023e-04
2.225439680000000408e+03	2.777233196473577470e-04
2.225469810000000507e+03	2.824385889714162157e-04
2.225499950000000354e+03	2.971537637947579968e-04
2.225530080000000453e+03	3.118690331188125886e-04
2.225560210000000552e+03	3.215843024428691188e-04
2.225590350000000399e+03	3.212994772662097764e-04
2.225620480000000498e+03	3.160147465902651831e-04
2.225650620000000345e+03	3.107299214136147181e-04
2.225680750000000444e+03	3.104451907376681863e-04
2.225710880000000543e+03	3.201604600617247165e-04
2.225741020000000390e+03	3.448756348850695597e-04
2.225771150000000489e+03	3.645909042091222130e-04
2.225801280000000133e+03	3.793061735331906825e-04
2.225831420000000435e+03	3.790213483565244013e-04
2.225861550000000534e+03	3.537366176805806228e-04
2.225891690000000381e+03	3.184517925039140329e-04
2.225921820000000480e+03	2.781670618279760698e-04
2.225951950000000579e+03	2.428823311520361683e-04
2.225982090000000426e+03	2.275975059753687635e-04
2.226012220000000525e+03	2.273127752994291706e-04
2.226042360000000372e+03	2.320279501227678898e-04
2.226072490000000471e+03	2.467432194468224815e-04
2.226102620000000570e+03	2.514584887708878891e-04
2.226132760000000417e+03	2.511736635942216078e-04
2.226162890000000516e+03	2.508889329182820149e-04
2.226193020000000161e+03	2.506042022423424220e-04
2.226223160000000462e+03	2.553193770656811412e-04
2.226253290000000561e+03	2.650346463897307325e-04
2.226283430000000408e+03	2.697498212130763906e-04
2.226313560000000507e+03	2.644650905371317973e-04
2.226343690000000151e+03	2.491803598611980197e-04
2.226373830000000453e+03	2.188955346845364303e-04
2.226403960000000552e+03	1.886108040085876514e-04
2.226434090000000197e+03	1.633260733326577507e-04
2.226464230000000498e+03	1.630412481559914695e-04
2.226494360000000142e+03	1.877565174800491232e-04
2.226524500000000444e+03	2.274716923033881510e-04
2.226554630000000543e+03	2.721869616274449899e-04
2.226584760000000188e+03	3.069022309515057056e-04
2.226614900000000489e+03	3.166174057748424864e-04
2.226645030000000133e+03	3.063326750988998315e-04
2.226675170000000435e+03	2.810478499222363036e-04
2.226705300000000534e+03	2.507631192462944636e-04
2.226735430000000179e+03	2.304783885703556856e-04
2.226765570000000480e+03	2.201935633936863423e-04
2.226795700000000579e+03	2.299088327177498114e-04
2.226825830000000224e+03	2.446241020418113421e-04
2.226855970000000525e+03	2.593392768651392455e-04
2.226886100000000170e+03	2.690545461892096535e-04
2.226916240000000471e+03	2.737697210125414338e-04
2.226946370000000570e+03	2.684849903365968404e-04
2.226976500000000215e+03	2.532002596606630629e-04
2.227006640000000516e+03	2.379154344839956581e-04
2.227036770000000161e+03	2.226307038080688194e-04
2.227066910000000462e+03	1.973458786313983526e-04
2.227097040000000561e+03	1.770611479554526357e-04
2.227127170000000206e+03	1.567764172795207966e-04
2.227157310000000507e+03	1.464915921028514534e-04
2.227187440000000151e+03	1.412068614269137989e-04
2.227217570000000251e+03	1.459221307509722676e-04
2.227247710000000552e+03	1.556373055743090483e-04
2.227277840000000197e+03	1.603525748983675170e-04
2.227307980000000498e+03	1.600677497217012357e-04
2.227338110000000142e+03	1.447830190457605193e-04
2.227368240000000242e+03	1.244982883698217413e-04
2.227398380000000543e+03	1.042134631931562749e-04
2.227428510000000188e+03	9.392873251722055894e-05
2.227458640000000287e+03	9.364400184128096605e-05
2.227488780000000133e+03	1.133591766646208088e-04
2.227518910000000233e+03	1.380744459886715236e-04
2.227549050000000534e+03	1.627896208120024890e-04
2.227579180000000179e+03	1.775048901360709586e-04
2.227609310000000278e+03	1.722201594601263652e-04
2.227639450000000579e+03	1.619353342834639609e-04
2.227669580000000224e+03	1.466506036075301833e-04
2.227699720000000525e+03	1.363657784308608401e-04
2.227729850000000170e+03	1.460810477549312481e-04
2.227759980000000269e+03	1.657963170789839014e-04
2.227790120000000570e+03	2.005114919023248676e-04
2.227820250000000215e+03	2.302267612263805829e-04
2.227850380000000314e+03	2.499420305504401751e-04
2.227880520000000161e+03	2.396572053737777708e-04
2.227910650000000260e+03	2.093724746978359308e-04
2.227940790000000561e+03	1.590876495211682173e-04
2.227970920000000206e+03	1.088029188452341312e-04
2.228001050000000305e+03	6.851818816928922917e-05
2.228031190000000151e+03	4.823336299262376281e-05
2.228061320000000251e+03	4.794863231668416992e-05
2.228091460000000552e+03	6.766380714001707375e-05
2.228121590000000197e+03	9.737907646407972795e-05
2.228151720000000296e+03	1.320943457881404437e-04
2.228181860000000142e+03	1.568095206114783480e-04
2.228211990000000242e+03	1.715247899355398786e-04
2.228242120000000341e+03	1.812400592595964088e-04
2.228272260000000188e+03	1.759552340829390049e-04
2.228302390000000287e+03	1.656705034069963500e-04
2.228332530000000133e+03	1.453856782303378226e-04
2.228362660000000233e+03	1.151009475543959826e-04
2.228392790000000332e+03	8.981621687845220414e-05
2.228422930000000179e+03	6.453139170178867623e-05
2.228453060000000278e+03	5.424666102585296024e-05
2.228483190000000377e+03	5.396193034990642845e-05
2.228513330000000224e+03	7.367710517324627117e-05
2.228543460000000323e+03	9.839237449730392493e-05
2.228573600000000170e+03	1.281075493206398908e-04
2.228603730000000269e+03	1.528228186446975445e-04
2.228633860000000368e+03	1.575380879687629521e-04
2.228664000000000215e+03	1.522532627920916704e-04
2.228694130000000314e+03	1.369685321161578928e-04
2.228724270000000161e+03	1.266837069394885495e-04
2.228754400000000260e+03	1.213989762635508951e-04
2.228784530000000359e+03	1.311142455876074253e-04
2.228814670000000206e+03	1.458294204109492065e-04
2.228844800000000305e+03	1.605446897350037982e-04
2.228874930000000404e+03	1.652599590590622669e-04
2.228905070000000251e+03	1.599751338824048630e-04
2.228935200000000350e+03	1.346904032064610846e-04
2.228965340000000197e+03	9.940557802980837243e-05
2.228995470000000296e+03	6.412084735386153200e-05
2.229025600000000395e+03	3.383611667791275313e-05
2.229055740000000242e+03	2.355129150125728765e-05
2.229085870000000341e+03	2.826656082531575631e-05
2.229116000000000440e+03	3.798183014937228652e-05
2.229146140000000287e+03	5.769700497271212924e-05
2.229176270000000386e+03	7.241227429677365990e-05
2.229206410000000233e+03	8.212744912011044063e-05
2.229236540000000332e+03	8.184271844417084774e-05
2.229266670000000431e+03	7.655798776823319329e-05
2.229296810000000278e+03	6.127316259156578848e-05
2.229326940000000377e+03	4.598843191562507204e-05
2.229357080000000224e+03	2.570360673895960568e-05
2.229387210000000323e+03	1.541887606301695079e-05
2.229417340000000422e+03	5.134145387081234801e-06
2.229447480000000269e+03	4.849320210414953536e-06
2.229477610000000368e+03	4.564589534475360644e-06
2.229507740000000467e+03	9.279858858533829302e-06
2.229537880000000314e+03	1.399503368186560959e-05
2.229568010000000413e+03	1.371030300592601670e-05
2.229598150000000260e+03	1.342547782926667432e-05
2.229628280000000359e+03	8.140747153329019881e-06
2.229658410000000458e+03	1.285601647738054965e-05
2.229688550000000305e+03	2.257119130072426927e-05
2.229718680000000404e+03	4.228646062478386147e-05
2.229748820000000251e+03	6.700163544812176575e-05
2.229778950000000350e+03	9.171690477218635840e-05
2.229809080000000449e+03	1.114321740962390117e-04
2.229839220000000296e+03	1.161473489195777309e-04
2.229869350000000395e+03	1.108626182436400764e-04
2.229899480000000494e+03	9.057788756769435956e-05
2.229929620000000341e+03	6.529306239103083165e-05
2.229959750000000440e+03	4.500833171509205366e-05
2.229989890000000287e+03	3.472350653842964929e-05
2.230020020000000386e+03	3.443877586249005640e-05
2.230050150000000485e+03	4.415404518654658661e-05
2.230080290000000332e+03	4.886922000987836689e-05
2.230110420000000431e+03	5.358448933394377445e-05
2.230140550000000530e+03	5.329975865800418156e-05
2.230170690000000377e+03	3.801493348133677674e-05
2.230200820000000476e+03	1.273020280539299831e-05
2.230230960000000323e+03	-7.554622371265529157e-06
2.230261090000000422e+03	-2.783935304721124604e-05
2.230291220000000521e+03	-3.812408372314696203e-05
2.230321360000000368e+03	-3.840890889980630440e-05
2.230351490000000467e+03	-2.369363957575865154e-05
2.230381630000000314e+03	1.021535247593130524e-06
2.230411760000000413e+03	3.073680457164884583e-05
2.230441890000000512e+03	5.045207389570843803e-05
2.230472030000000359e+03	6.016724871904521876e-05
2.230502160000000458e+03	5.488251804310062543e-05
2.230532290000000557e+03	3.459778736716184744e-05
2.230562430000000404e+03	4.312962190500257975e-06
2.230592560000000503e+03	-2.597176848544158201e-05
2.230622700000000350e+03	-4.625659366210704837e-05
2.230652830000000449e+03	-4.654132433804664126e-05
2.230682960000000548e+03	-3.182605501398511061e-05
2.230713100000000395e+03	-2.110880190649144783e-06
2.230743230000000494e+03	2.760438913341350942e-05
2.230773360000000139e+03	5.731965845746922472e-05
2.230803500000000440e+03	7.203483328080406700e-05
2.230833630000000539e+03	7.175010260486447411e-05
2.230863770000000386e+03	5.646527742819706930e-05
2.230893900000000485e+03	3.618054675225829131e-05
2.230924030000000130e+03	1.589581607631951332e-05
2.230954170000000431e+03	-4.389009100345953041e-06
2.230984300000000530e+03	-1.467373977628860793e-05
2.231014440000000377e+03	-1.995856495294601185e-05
2.231044570000000476e+03	-2.524329562888366629e-05
2.231074700000000576e+03	-2.552802630483019808e-05
2.231104840000000422e+03	-2.581285148148954045e-05
2.231134970000000521e+03	-2.109758215743107179e-05
2.231165100000000166e+03	-2.138231283336372579e-05
2.231195240000000467e+03	-1.666713801003194551e-05
2.231225370000000567e+03	-1.695186868597847729e-05
2.231255510000000413e+03	-2.223669386263588121e-05
2.231285640000000512e+03	-3.752142453857659765e-05
2.231315770000000157e+03	-4.780615521451231364e-05
2.231345910000000458e+03	-6.309098039117971846e-05
2.231376040000000557e+03	-6.337571106711931135e-05
2.231406180000000404e+03	-5.866053624378753106e-05
2.231436310000000503e+03	-4.394526691972600041e-05
2.231466440000000148e+03	-2.922999759566446976e-05
2.231496580000000449e+03	-1.451482277232962748e-05
2.231526710000000548e+03	-1.479955344826922037e-05
2.231556840000000193e+03	-2.508428412421187526e-05
2.231586980000000494e+03	-4.536910930087734162e-05
2.231617110000000139e+03	-6.065383997681111916e-05
2.231647250000000440e+03	-7.093866515347352353e-05
2.231677380000000539e+03	-7.122339582942005531e-05
2.231707510000000184e+03	-7.150812650535270931e-05
2.231737650000000485e+03	-7.179295168201899058e-05
2.231767780000000130e+03	-7.707768235795664502e-05
2.231797910000000229e+03	-9.736241303390236190e-05
2.231828050000000530e+03	-1.176472382105678283e-04
2.231858180000000175e+03	-1.329319688865016058e-04
2.231888320000000476e+03	-1.332167940631678871e-04
2.231918450000000576e+03	-1.135015247391152338e-04
2.231948580000000220e+03	-8.378625541504564067e-05
2.231978720000000521e+03	-5.907108059171467529e-05
2.232008850000000166e+03	-4.435581126765314464e-05
2.232038990000000467e+03	-4.964063644431748745e-05
2.232069120000000567e+03	-7.992536712025932744e-05
2.232099250000000211e+03	-1.202100977961972905e-04
2.232129390000000512e+03	-1.504949229728658189e-04
2.232159520000000157e+03	-1.607796536488015349e-04
2.232189650000000256e+03	-1.460643843247400042e-04
2.232219790000000557e+03	-1.113492095014059768e-04
2.232249920000000202e+03	-8.163394017735026154e-05
2.232280060000000503e+03	-6.191876535401735770e-05
2.232310190000000148e+03	-7.220349602994613480e-05
2.232340320000000247e+03	-9.748822670589685213e-05
2.232370460000000548e+03	-1.277730518825515027e-04
2.232400590000000193e+03	-1.430577825584922191e-04
2.232430730000000494e+03	-1.333426077351623773e-04
2.232460860000000139e+03	-9.362733841108972221e-05
2.232490990000000238e+03	-4.391206908704176071e-05
2.232521130000000539e+03	-4.196894263695793992e-06
2.232551260000000184e+03	1.551837506036379821e-05
2.232581390000000283e+03	5.233644384421143325e-06
2.232611530000000130e+03	-3.005118079224544658e-05
2.232641660000000229e+03	-7.533591146818147122e-05
2.232671800000000530e+03	-1.056207366448499996e-04
2.232701930000000175e+03	-1.159054673207857156e-04
2.232732060000000274e+03	-9.619019799672612336e-05
2.232762200000000576e+03	-6.647502317339709643e-05
2.232792330000000220e+03	-3.175975384933638068e-05
2.232822460000000319e+03	-1.704448452527485003e-05
2.232852600000000166e+03	-1.732930970194113129e-05
2.232882730000000265e+03	-4.261404037787797083e-05
2.232912870000000567e+03	-6.789886555454843764e-05
2.232943000000000211e+03	-9.818359623048333873e-05
2.232973130000000310e+03	-1.184683269064221167e-04
2.233003270000000157e+03	-1.287531520830845211e-04
2.233033400000000256e+03	-1.340378827590221755e-04
2.233063540000000557e+03	-1.443227079356915188e-04
2.233093670000000202e+03	-1.496074386116291732e-04
2.233123800000000301e+03	-1.498921692875687661e-04
2.233153940000000148e+03	-1.451769944642300469e-04
2.233184070000000247e+03	-1.254617251401704547e-04
2.233214200000000346e+03	-9.574645581611473943e-05
2.233244340000000193e+03	-6.603128099277183471e-05
2.233274470000000292e+03	-4.631601166871224251e-05
2.233304610000000139e+03	-4.160083684538046223e-05
2.233334740000000238e+03	-6.188556752131924021e-05
2.233364870000000337e+03	-9.217029819726108020e-05
2.233395010000000184e+03	-1.324551233739257317e-04
2.233425140000000283e+03	-1.677398540498656332e-04
2.233455270000000382e+03	-1.880245847258044112e-04
2.233485410000000229e+03	-1.933094099024687540e-04
2.233515540000000328e+03	-1.835941405784122238e-04
2.233545680000000175e+03	-1.638789657550723811e-04
2.233575810000000274e+03	-1.491636964310177893e-04
2.233605940000000373e+03	-1.344484271069562586e-04
2.233636080000000220e+03	-1.297332522836175395e-04
2.233666210000000319e+03	-1.300179829595640713e-04
2.233696350000000166e+03	-1.303028081362164747e-04
2.233726480000000265e+03	-1.255875388121580061e-04
2.233756610000000364e+03	-1.208722694881064763e-04
2.233786750000000211e+03	-1.161570946647608182e-04
2.233816880000000310e+03	-1.164418253407073500e-04
2.233847010000000409e+03	-1.217265560166450045e-04
2.233877150000000256e+03	-1.320113811933074088e-04
2.233907280000000355e+03	-1.422961118692500637e-04
2.233937420000000202e+03	-1.525809370459124681e-04
2.233967550000000301e+03	-1.578656677218501225e-04
2.233997680000000400e+03	-1.481503983977935923e-04
2.234027820000000247e+03	-1.334352235744587500e-04
2.234057950000000346e+03	-1.137199542503991578e-04
2.234088090000000193e+03	-9.400477942705931511e-05
2.234118220000000292e+03	-7.928951010300472335e-05
2.234148350000000391e+03	-7.957424077894431624e-05
2.234178490000000238e+03	-8.985906595560672061e-05
2.234208620000000337e+03	-1.151437966315504990e-04
2.234238750000000437e+03	-1.454285273074854001e-04
2.234268890000000283e+03	-1.707133524841558669e-04
2.234299020000000382e+03	-1.859980831600896445e-04
2.234329160000000229e+03	-1.862829083367489869e-04
2.234359290000000328e+03	-1.715676390126943951e-04
2.234389420000000428e+03	-1.468523696886367413e-04
2.234419560000000274e+03	-1.221371948652988371e-04
2.234449690000000373e+03	-1.074219255412373064e-04
2.234479820000000473e+03	-1.077066562171838382e-04
2.234509960000000319e+03	-1.179914813938393037e-04
2.234540090000000419e+03	-1.332762120697800201e-04
2.234570230000000265e+03	-1.485610372464404860e-04
2.234600360000000364e+03	-1.538457679223850794e-04
2.234630490000000464e+03	-1.441304985983285492e-04
2.234660630000000310e+03	-1.294153237749867680e-04
2.234690760000000409e+03	-1.047000544509291142e-04
2.234720900000000256e+03	-8.998487962759427194e-05
2.234751030000000355e+03	-9.026961030353386484e-05
2.234781160000000455e+03	-1.005543409794695808e-04
2.234811300000000301e+03	-1.208391661561419861e-04
2.234841430000000400e+03	-1.411238968320807641e-04
2.234871560000000500e+03	-1.614086275080195421e-04
2.234901700000000346e+03	-1.716934526846819464e-04
2.234931830000000446e+03	-1.669781833606234778e-04
2.234961970000000292e+03	-1.572630085372866970e-04
2.234992100000000391e+03	-1.425477392132321053e-04
2.235022230000000491e+03	-1.328324698891686362e-04
2.235052370000000337e+03	-1.181172950658268550e-04
2.235082500000000437e+03	-1.084020257417772637e-04
2.235112630000000536e+03	-9.368675641771573304e-05
2.235142770000000382e+03	-8.397158159437201341e-05
2.235172900000000482e+03	-7.925631227032048365e-05
2.235203040000000328e+03	-7.954113744697288713e-05
2.235233170000000428e+03	-8.982586812292248091e-05
2.235263300000000527e+03	-1.051105987988562585e-04
2.235293440000000373e+03	-1.253954239755217248e-04
2.235323570000000473e+03	-1.456801546514605028e-04
2.235353710000000319e+03	-1.509649798281248456e-04
2.235383840000000419e+03	-1.462497105040663770e-04
2.235413970000000518e+03	-1.315344411800048463e-04
2.235444110000000364e+03	-1.168192663566700040e-04
2.235474240000000464e+03	-1.021039970326084734e-04
2.235504370000000563e+03	-9.738872770855000471e-05
2.235534510000000409e+03	-1.026735528852143475e-04
2.235564640000000509e+03	-1.229582835611531255e-04
2.235594780000000355e+03	-1.432431087378185919e-04
2.235624910000000455e+03	-1.585278394137593083e-04
2.235655040000000554e+03	-1.588125700896989012e-04
2.235685180000000400e+03	-1.540973952663671209e-04
2.235715310000000500e+03	-1.443821259423036518e-04
2.235745450000000346e+03	-1.396669511189649326e-04
2.235775580000000446e+03	-1.399516817949045255e-04
2.235805710000000545e+03	-1.552364124708521809e-04
2.235835850000000391e+03	-1.705212376475126468e-04
2.235865980000000491e+03	-1.858059683234533632e-04
2.235896110000000135e+03	-1.860906989993929561e-04
2.235926250000000437e+03	-1.763755241760492365e-04
2.235956380000000536e+03	-1.566602548519965832e-04
2.235986520000000382e+03	-1.369450800286567405e-04
2.236016650000000482e+03	-1.222298107045952098e-04
2.236046780000000581e+03	-1.275145413805398031e-04
2.236076920000000428e+03	-1.477993665571983306e-04
2.236107050000000527e+03	-1.730840972331421090e-04
2.236137180000000171e+03	-2.033688279090770101e-04
2.236167320000000473e+03	-2.236536530857494154e-04
2.236197450000000572e+03	-2.289383837616870698e-04
2.236227590000000419e+03	-2.242232089383552895e-04
2.236257720000000518e+03	-2.095079396142937589e-04
2.236287850000000162e+03	-1.997926702902302898e-04
2.236317990000000464e+03	-1.950774954668985095e-04
2.236348120000000563e+03	-2.003622261428361639e-04
2.236378260000000409e+03	-2.106470513194985683e-04
2.236408390000000509e+03	-2.109317819954451001e-04
2.236438520000000153e+03	-2.062165126713727537e-04
2.236468660000000455e+03	-1.965013378480429118e-04
2.236498790000000554e+03	-1.817860685239883201e-04
2.236528920000000198e+03	-1.720707991999248510e-04
2.236559060000000500e+03	-1.723556243765911322e-04
2.236589190000000144e+03	-1.926403550525229713e-04
2.236619330000000446e+03	-2.129251802291884377e-04
2.236649460000000545e+03	-2.332099109051341546e-04
2.236679590000000189e+03	-2.434946415810629317e-04
2.236709730000000491e+03	-2.387794667577311514e-04
2.236739860000000135e+03	-2.140641974336734976e-04
2.236770000000000437e+03	-1.893490226103355933e-04
2.236800130000000536e+03	-1.646337532862779396e-04
2.236830260000000180e+03	-1.499184839622164089e-04
2.236860400000000482e+03	-1.502033091388826902e-04
2.236890530000000581e+03	-1.604880398148253451e-04
2.236920660000000225e+03	-1.757727704907660615e-04
2.236950800000000527e+03	-1.860575956674284659e-04
2.236980930000000171e+03	-1.913423263433661203e-04
2.237011070000000473e+03	-1.866271515200343400e-04
2.237041200000000572e+03	-1.819118821959758714e-04
2.237071330000000216e+03	-1.771966128719174027e-04
2.237101470000000518e+03	-1.724814380485786836e-04
2.237131600000000162e+03	-1.727661687245113376e-04
2.237161730000000261e+03	-1.730508994004578693e-04
2.237191870000000563e+03	-1.683357245771191502e-04
2.237222000000000207e+03	-1.636204552530606815e-04
2.237252140000000509e+03	-1.539052804297239008e-04
2.237282270000000153e+03	-1.541900111056565548e-04
2.237312400000000252e+03	-1.644747417815992097e-04
2.237342540000000554e+03	-1.747595669582616140e-04
2.237372670000000198e+03	-1.900442976342023305e-04
2.237402810000000500e+03	-2.003291228108716737e-04
2.237432940000000144e+03	-1.956138534868062662e-04
2.237463070000000243e+03	-1.808985841627516744e-04
2.237493210000000545e+03	-1.561834093394137701e-04
2.237523340000000189e+03	-1.314681400153561164e-04
2.237553470000000289e+03	-1.217528706912926473e-04
2.237583610000000135e+03	-1.320376958679619905e-04
2.237613740000000234e+03	-1.623224265438968916e-04
2.237643880000000536e+03	-2.026072517205684820e-04
2.237674010000000180e+03	-2.378919823965083835e-04
2.237704140000000280e+03	-2.631767130724452231e-04
2.237734280000000581e+03	-2.734615382491145663e-04
2.237764410000000225e+03	-2.737462689250472203e-04
2.237794540000000325e+03	-2.640309996009906901e-04
2.237824680000000171e+03	-2.493158247776489089e-04
2.237854810000000271e+03	-2.346005554535873783e-04
2.237884950000000572e+03	-2.198853806302525360e-04
2.237915080000000216e+03	-2.051701113061910053e-04
2.237945210000000316e+03	-1.804548419821333516e-04
2.237975350000000162e+03	-1.557396671587954473e-04
2.238005480000000261e+03	-1.310243978347308547e-04
2.238035620000000563e+03	-1.213092230114010128e-04
2.238065750000000207e+03	-1.315939536873367288e-04
2.238095880000000307e+03	-1.568786843632805073e-04
2.238126020000000153e+03	-2.021635095399432203e-04
2.238156150000000252e+03	-2.424482402158881222e-04
2.238186280000000352e+03	-2.777329708918280238e-04
2.238216420000000198e+03	-2.930177960684884897e-04
2.238246550000000298e+03	-2.833025267444319595e-04
2.238276690000000144e+03	-2.585873519210940552e-04
2.238306820000000243e+03	-2.288720825970383399e-04
2.238336950000000343e+03	-1.991568132729756857e-04
2.238367090000000189e+03	-1.744416384496377814e-04
2.238397220000000289e+03	-1.597263691255831897e-04
2.238427360000000135e+03	-1.550111943022375316e-04
2.238457490000000234e+03	-1.552959249781840634e-04
2.238487620000000334e+03	-1.605806556541286567e-04
2.238517760000000180e+03	-1.658654808307791217e-04
2.238547890000000280e+03	-1.711502115067237151e-04
2.238578020000000379e+03	-1.764349421826683084e-04
2.238608160000000225e+03	-1.817197673593257123e-04
2.238638290000000325e+03	-1.770044980352741826e-04
2.238668430000000171e+03	-1.672893232119304630e-04
2.238698560000000271e+03	-1.575740538878739327e-04
2.238728690000000370e+03	-1.428587845638124021e-04
2.238758830000000216e+03	-1.381436097404736829e-04
2.238788960000000316e+03	-1.484283404164163378e-04
2.238819090000000415e+03	-1.687130710923551158e-04
2.238849230000000261e+03	-1.989978962690236441e-04
2.238879360000000361e+03	-2.292826269449585452e-04
2.238909500000000207e+03	-2.445674521216259500e-04
2.238939630000000307e+03	-2.448521827975655429e-04
2.238969760000000406e+03	-2.301369134735040123e-04
2.238999900000000252e+03	-2.104217386501711085e-04
2.239030030000000352e+03	-1.857064693261134547e-04
2.239060170000000198e+03	-1.759912945027697351e-04
2.239090300000000298e+03	-1.762760251787162669e-04
2.239120430000000397e+03	-1.865607558546589217e-04
2.239150570000000243e+03	-1.968455810313213261e-04
2.239180700000000343e+03	-2.021303117072589806e-04
2.239210830000000442e+03	-2.024150423832055123e-04
2.239240970000000289e+03	-1.926998675598617927e-04
2.239271100000000388e+03	-1.779845982358002621e-04
2.239301240000000234e+03	-1.682694234124634813e-04
2.239331370000000334e+03	-1.685541540884030742e-04
2.239361500000000433e+03	-1.738388847643476676e-04
2.239391640000000280e+03	-1.841237099410100719e-04
2.239421770000000379e+03	-1.994084406169507884e-04
2.239451910000000225e+03	-2.096932657936131927e-04
2.239482040000000325e+03	-2.149779964695508472e-04
2.239512170000000424e+03	-2.152627271454904401e-04
2.239542310000000271e+03	-2.155475523221567213e-04
2.239572440000000370e+03	-2.208322829981013147e-04
2.239602570000000469e+03	-2.211170136740409076e-04
2.239632710000000316e+03	-2.214018388507071888e-04
2.239662840000000415e+03	-2.216865695266467817e-04
2.239692980000000261e+03	-2.219713947033061241e-04
2.239723110000000361e+03	-2.222561253792526559e-04
2.239753240000000460e+03	-2.275408560551903103e-04
2.239783380000000307e+03	-2.378256812318457758e-04
2.239813510000000406e+03	-2.531104119077934311e-04
2.239843640000000505e+03	-2.683951425837341476e-04
2.239873780000000352e+03	-2.736799677603915515e-04
2.239903910000000451e+03	-2.689646984363400217e-04
2.239934050000000298e+03	-2.542495236129913017e-04
2.239964180000000397e+03	-2.295342542889405868e-04
2.239994310000000496e+03	-2.048189849648829330e-04
2.240024450000000343e+03	-1.901038101415411519e-04
2.240054580000000442e+03	-1.903885408174876837e-04
2.240084720000000289e+03	-2.056733659941481496e-04
2.240114850000000388e+03	-2.309580966700849891e-04
2.240144980000000487e+03	-2.562428273460218286e-04
2.240175120000000334e+03	-2.765276525226872950e-04
2.240205250000000433e+03	-2.818123831986318883e-04
2.240235380000000532e+03	-2.720971138745684192e-04
2.240265520000000379e+03	-2.573819390512335770e-04
2.240295650000000478e+03	-2.376666697271739848e-04
2.240325790000000325e+03	-2.179514949038410809e-04
2.240355920000000424e+03	-2.032362255797795503e-04
2.240386050000000523e+03	-1.885209562557180196e-04
2.240416190000000370e+03	-1.788057814323881778e-04
2.240446320000000469e+03	-1.740905121083297091e-04
2.240476450000000568e+03	-1.893752427842634867e-04
2.240506590000000415e+03	-2.146600679609270146e-04
2.240536720000000514e+03	-2.549447986368719166e-04
2.240566860000000361e+03	-3.052296238135326911e-04
2.240596990000000460e+03	-3.405143544894725927e-04
2.240627120000000559e+03	-3.557990851654202480e-04
2.240657260000000406e+03	-3.460839103420695895e-04
2.240687390000000505e+03	-3.063686410180177511e-04
2.240717530000000352e+03	-2.566534661946756612e-04
2.240747660000000451e+03	-2.169381968706168839e-04
2.240777790000000550e+03	-1.972229275465642306e-04
2.240807930000000397e+03	-2.075077527232196961e-04
2.240838060000000496e+03	-2.427924833991595976e-04
2.240868190000000141e+03	-2.830772140750975607e-04
2.240898330000000442e+03	-3.183620392517641506e-04
2.240928460000000541e+03	-3.236467699277087440e-04
2.240958600000000388e+03	-2.989315951043708397e-04
2.240988730000000487e+03	-2.592163257803120624e-04
2.241018860000000132e+03	-2.095010564562502231e-04
2.241049000000000433e+03	-1.647858816329200726e-04
2.241079130000000532e+03	-1.450706123088604804e-04
2.241109270000000379e+03	-1.503554374855178843e-04
2.241139400000000478e+03	-1.656401681614655397e-04
2.241169530000000577e+03	-1.959248988374004408e-04
2.241199670000000424e+03	-2.212097240140639687e-04
2.241229800000000523e+03	-2.464944546900077471e-04
2.241259930000000168e+03	-2.617791853659415247e-04
2.241290070000000469e+03	-2.770640105426089295e-04
2.241320200000000568e+03	-2.873487412185515844e-04
2.241350340000000415e+03	-2.876335663952039878e-04
2.241380470000000514e+03	-2.729182970711563350e-04
2.241410600000000159e+03	-2.432030277470867419e-04
2.241440740000000460e+03	-2.084878529237527145e-04
2.241470870000000559e+03	-1.737725835996989376e-04
2.241501000000000204e+03	-1.490573142756343450e-04
2.241531140000000505e+03	-1.543421394522986878e-04
2.241561270000000150e+03	-1.846268701282405278e-04
2.241591410000000451e+03	-2.349116953049013024e-04
2.241621540000000550e+03	-2.901964259808403890e-04
2.241651670000000195e+03	-3.354811566567833525e-04
2.241681810000000496e+03	-3.557659818334488189e-04
2.241711940000000141e+03	-3.460507125093922887e-04
2.241742080000000442e+03	-3.113355376860582613e-04
2.241772210000000541e+03	-2.666202683619944835e-04
2.241802340000000186e+03	-2.169049990379326442e-04
2.241832480000000487e+03	-1.821898242145986169e-04
2.241862610000000132e+03	-1.624745548905320858e-04
2.241892740000000231e+03	-1.577592855664805560e-04
2.241922880000000532e+03	-1.630441107431379599e-04
2.241953010000000177e+03	-1.733288414190806148e-04
2.241983150000000478e+03	-1.836136665957430192e-04
2.242013280000000577e+03	-1.988983972716837356e-04
2.242043410000000222e+03	-2.191831279476225136e-04
2.242073550000000523e+03	-2.444679531242860415e-04
2.242103680000000168e+03	-2.797526838002259431e-04
2.242133810000000267e+03	-3.150374144761658446e-04
2.242163950000000568e+03	-3.403222396528293725e-04
2.242194080000000213e+03	-3.506069703287720274e-04
2.242224220000000514e+03	-3.408917955054352467e-04
2.242254350000000159e+03	-3.161765261813775929e-04
2.242284480000000258e+03	-2.764612568573118767e-04
2.242314620000000559e+03	-2.317460820339817262e-04
2.242344750000000204e+03	-1.970308127099210105e-04
2.242374890000000505e+03	-1.723156378865831062e-04
2.242405020000000150e+03	-1.626003685625265760e-04
2.242435150000000249e+03	-1.678850992384642304e-04
2.242465290000000550e+03	-1.831699244151316353e-04
2.242495420000000195e+03	-2.034546550910634743e-04
2.242525550000000294e+03	-2.237393857670091912e-04
2.242555690000000141e+03	-2.390242109436696571e-04
2.242585820000000240e+03	-2.493089416196123120e-04
2.242615960000000541e+03	-2.495937667962785933e-04
2.242646090000000186e+03	-2.398784974722081853e-04
2.242676220000000285e+03	-2.201632281481555320e-04
2.242706360000000132e+03	-1.954480533248176277e-04
2.242736490000000231e+03	-1.807327840007560971e-04
2.242766630000000532e+03	-1.760176091774173779e-04
2.242796760000000177e+03	-1.913023398533580943e-04
2.242826890000000276e+03	-2.265870705292979959e-04
2.242857030000000577e+03	-2.718718957059676478e-04
2.242887160000000222e+03	-3.121566263819056108e-04
2.242917290000000321e+03	-3.424413570578474508e-04
2.242947430000000168e+03	-3.427261822345137321e-04
2.242977560000000267e+03	-3.130109129104510779e-04
2.243007700000000568e+03	-2.632957380871159270e-04
2.243037830000000213e+03	-2.135804687630540877e-04
2.243067960000000312e+03	-1.788651994389933719e-04
2.243098100000000159e+03	-1.691500246156565912e-04
2.243128230000000258e+03	-1.894347552916023081e-04
2.243158360000000357e+03	-2.247194859675422096e-04
2.243188500000000204e+03	-2.650043111441999222e-04
2.243218630000000303e+03	-2.902890418201506395e-04
2.243248770000000150e+03	-2.955738669968011045e-04
2.243278900000000249e+03	-2.858585976727445743e-04
2.243309030000000348e+03	-2.661433283486919210e-04
2.243339170000000195e+03	-2.564281535253482014e-04
2.243369300000000294e+03	-2.617128842012927947e-04
2.243399440000000141e+03	-2.769977093779532606e-04
2.243429570000000240e+03	-3.022824400538901002e-04
2.243459700000000339e+03	-3.225671707298288782e-04
2.243489840000000186e+03	-3.228519959064951594e-04
2.243519970000000285e+03	-2.981367265824375057e-04
2.243550100000000384e+03	-2.584214572583787284e-04
2.243580240000000231e+03	-2.137062824350416390e-04
2.243610370000000330e+03	-1.739910131109828617e-04
2.243640510000000177e+03	-1.542758382876499579e-04
2.243670640000000276e+03	-1.595605689635876123e-04
2.243700770000000375e+03	-1.748452996395283288e-04
2.243730910000000222e+03	-2.051301248161968571e-04
2.243761040000000321e+03	-2.354148554921317582e-04
2.243791180000000168e+03	-2.506996806687922241e-04
2.243821310000000267e+03	-2.609844113447418179e-04
2.243851440000000366e+03	-2.612691420206814108e-04
2.243881580000000213e+03	-2.615539671973407532e-04
2.243911710000000312e+03	-2.568386978732753456e-04
2.243941840000000411e+03	-2.571234285492218774e-04
2.243971980000000258e+03	-2.574082537258812198e-04
2.244002110000000357e+03	-2.526929844018227511e-04
2.244032250000000204e+03	-2.479778095784840319e-04
2.244062380000000303e+03	-2.332625402544225013e-04
2.244092510000000402e+03	-2.185472709303679095e-04
2.244122650000000249e+03	-2.038320961070261284e-04
2.244152780000000348e+03	-1.891168267829645977e-04
2.244182910000000447e+03	-1.844015574589130679e-04
2.244213050000000294e+03	-1.796863826355743488e-04
2.244243180000000393e+03	-1.899711133115100647e-04
2.244273320000000240e+03	-2.052559384881774696e-04
2.244303450000000339e+03	-2.255406691641162475e-04
2.244333580000000438e+03	-2.458253998400619644e-04
2.244363720000000285e+03	-2.561102250167243688e-04
2.244393850000000384e+03	-2.613949556926620232e-04
2.244423990000000231e+03	-2.516797808693321814e-04
2.244454120000000330e+03	-2.369645115452706507e-04
2.244484250000000429e+03	-2.272492422212071816e-04
2.244514390000000276e+03	-2.275340673978665240e-04
2.244544520000000375e+03	-2.428187980738141794e-04
2.244574650000000474e+03	-2.631035287497529573e-04
2.244604790000000321e+03	-2.933883539264145468e-04
2.244634920000000420e+03	-3.086730846023622021e-04
2.244665060000000267e+03	-2.989579097790115436e-04
2.244695190000000366e+03	-2.742426404549608288e-04
2.244725320000000465e+03	-2.295273711308970510e-04
2.244755460000000312e+03	-1.898121963075580232e-04
2.244785590000000411e+03	-1.650969269835073083e-04
2.244815720000000510e+03	-1.653816576594469012e-04
2.244845860000000357e+03	-1.856664828361054287e-04
2.244875990000000456e+03	-2.209512135120453302e-04
2.244906130000000303e+03	-2.412360386887107966e-04
2.244936260000000402e+03	-2.415207693646503895e-04
2.244966390000000501e+03	-2.168055000405927357e-04
2.244996530000000348e+03	-1.720903252172556464e-04
2.245026660000000447e+03	-1.373750558931949306e-04
2.245056800000000294e+03	-1.276598810698650888e-04
2.245086930000000393e+03	-1.529446117458019283e-04
2.245117060000000492e+03	-2.132293424217390765e-04
2.245147200000000339e+03	-2.835141675984059750e-04
2.245177330000000438e+03	-3.487988982743481237e-04
2.245207460000000538e+03	-3.790836289502899636e-04
2.245237600000000384e+03	-3.793684541269562449e-04
2.245267730000000483e+03	-3.496531848028935907e-04
2.245297870000000330e+03	-3.149380099795526244e-04
2.245328000000000429e+03	-2.852227406554899702e-04
2.245358130000000529e+03	-2.755074713314403789e-04
2.245388270000000375e+03	-2.807922965080977828e-04
2.245418400000000474e+03	-2.910770271840334988e-04
2.245448540000000321e+03	-2.963618523606978417e-04
2.245478670000000420e+03	-2.866465830366343726e-04
2.245508800000000520e+03	-2.569313137125855961e-04
2.245538940000000366e+03	-2.272161388892426914e-04
2.245569070000000465e+03	-2.025008695651780988e-04
2.245599200000000565e+03	-2.027856002411246306e-04
2.245629340000000411e+03	-2.230704254177900969e-04
2.245659470000000510e+03	-2.633551560937280600e-04
2.245689610000000357e+03	-3.036399812703927115e-04
2.245719740000000456e+03	-3.389247119463326130e-04
2.245749870000000556e+03	-3.542094426222733294e-04
2.245780010000000402e+03	-3.444942677989365487e-04
2.245810140000000501e+03	-3.197789984748788950e-04
2.245840270000000146e+03	-2.800637291508201177e-04
2.245870410000000447e+03	-2.403485543274810898e-04
2.245900540000000547e+03	-2.006332850034223125e-04
2.245930680000000393e+03	-1.659181101800813463e-04
2.245960810000000492e+03	-1.462028408560286930e-04
2.245990940000000137e+03	-1.414875715319632854e-04
2.246021080000000438e+03	-1.517723967086256898e-04
2.246051210000000538e+03	-1.770571273845764071e-04
2.246081350000000384e+03	-2.123419525612291192e-04
2.246111480000000483e+03	-2.476266832371759596e-04
2.246141610000000583e+03	-2.729114139131127992e-04
2.246171750000000429e+03	-2.881962390897732651e-04
2.246201880000000529e+03	-2.884809697657197969e-04
2.246232010000000173e+03	-2.837657004416543893e-04
2.246262150000000474e+03	-2.740505256183176086e-04
2.246292280000000574e+03	-2.693352562942591399e-04
2.246322420000000420e+03	-2.696200814709254212e-04
2.246352550000000520e+03	-2.749048121468630757e-04
2.246382680000000164e+03	-2.801895428228007301e-04
2.246412820000000465e+03	-2.904743679994700734e-04
2.246442950000000565e+03	-2.907590986754096662e-04
2.246473080000000209e+03	-2.960438293513473207e-04
2.246503220000000510e+03	-2.963286545280136020e-04
2.246533350000000155e+03	-2.966133852039531948e-04
2.246563490000000456e+03	-3.068982103806225381e-04
2.246593620000000556e+03	-3.121829410565601925e-04
2.246623750000000200e+03	-3.174676717324978470e-04
2.246653890000000501e+03	-3.127524969091591278e-04
2.246684020000000146e+03	-3.030372275850956587e-04
2.246714160000000447e+03	-2.833220527617627549e-04
2.246744290000000547e+03	-2.686067834377081631e-04
2.246774420000000191e+03	-2.538915141136466325e-04
2.246804560000000492e+03	-2.541763392903059748e-04
2.246834690000000137e+03	-2.594610699662436293e-04
2.246864820000000236e+03	-2.747458006421843457e-04
2.246894960000000538e+03	-2.950306258188498121e-04
2.246925090000000182e+03	-3.103153564947905285e-04
2.246955230000000483e+03	-3.206001816714529329e-04
2.246985360000000583e+03	-3.258849123473975262e-04
2.247015490000000227e+03	-3.211696430233321187e-04
2.247045630000000529e+03	-3.114544682000022768e-04
2.247075760000000173e+03	-2.917391988759426846e-04
2.247105900000000474e+03	-2.720240240526097808e-04
2.247136030000000574e+03	-2.523087547285432497e-04
2.247166160000000218e+03	-2.375934854044886579e-04
2.247196300000000520e+03	-2.328783105811499388e-04
2.247226430000000164e+03	-2.431630412570925936e-04
2.247256560000000263e+03	-2.634477719330313716e-04
2.247286700000000565e+03	-2.887325971096948996e-04
2.247316830000000209e+03	-3.040173277856286771e-04
2.247346970000000510e+03	-3.093021529622930199e-04
2.247377100000000155e+03	-2.945868836382384282e-04
2.247407230000000254e+03	-2.698716143141738355e-04
2.247437370000000556e+03	-2.401564394908448086e-04
2.247467500000000200e+03	-2.154411701667732770e-04
2.247497630000000299e+03	-2.107259008427217473e-04
2.247527770000000146e+03	-2.260107260193822132e-04
2.247557900000000245e+03	-2.512954566953190527e-04
2.247588040000000547e+03	-2.765802818719895195e-04
2.247618170000000191e+03	-2.968650125479282975e-04
2.247648300000000290e+03	-2.971497432238678904e-04
2.247678440000000137e+03	-2.774345684005349866e-04
2.247708570000000236e+03	-2.577192990764684555e-04
2.247738710000000538e+03	-2.380041242531355516e-04
2.247768840000000182e+03	-2.282888549290790214e-04
2.247798970000000281e+03	-2.385735856050147374e-04
2.247829110000000583e+03	-2.538584107816821422e-04
2.247859240000000227e+03	-2.691431414576228587e-04
2.247889370000000326e+03	-2.794278721335655136e-04
2.247919510000000173e+03	-2.797126973102248559e-04
2.247949640000000272e+03	-2.649974279861702642e-04
2.247979780000000574e+03	-2.452822531628373603e-04
2.248009910000000218e+03	-2.305669838387688908e-04
2.248040040000000317e+03	-2.258517145147104221e-04
2.248070180000000164e+03	-2.361365396913658876e-04
2.248100310000000263e+03	-2.514212703673135429e-04
2.248130450000000565e+03	-2.617060955439759473e-04
2.248160580000000209e+03	-2.669908262199136018e-04
2.248190710000000308e+03	-2.622755568958551331e-04
2.248220850000000155e+03	-2.425603820725152904e-04
2.248250980000000254e+03	-2.178451127484576366e-04
2.248281110000000353e+03	-2.031298434243961060e-04
2.248311250000000200e+03	-1.984146686010643257e-04
2.248341380000000299e+03	-2.036993992770019801e-04
2.248371520000000146e+03	-2.239842244536674465e-04
2.248401650000000245e+03	-2.442689551296062245e-04
2.248431780000000344e+03	-2.645536858055450025e-04
2.248461920000000191e+03	-2.698385109822162842e-04
2.248492050000000290e+03	-2.701232416581558771e-04
2.248522180000000390e+03	-2.654079723340904695e-04
2.248552320000000236e+03	-2.656927975107567508e-04
2.248582450000000335e+03	-2.759775281866994057e-04
2.248612590000000182e+03	-2.912623533633598716e-04
2.248642720000000281e+03	-3.115470840392986496e-04
2.248672850000000381e+03	-3.268318147152463049e-04
2.248702990000000227e+03	-3.271166398919056473e-04
2.248733120000000326e+03	-3.124013705678441166e-04
2.248763260000000173e+03	-2.826861957445012119e-04
2.248793390000000272e+03	-2.429709264204424346e-04
2.248823520000000372e+03	-2.182556570963917197e-04
2.248853660000000218e+03	-2.085404822730480001e-04
2.248883790000000317e+03	-2.188252129489906550e-04
2.248913920000000417e+03	-2.491099436249324950e-04
2.248944060000000263e+03	-2.743947688015960229e-04
2.248974190000000362e+03	-2.896794994775367393e-04
2.249004330000000209e+03	-2.849643246541980202e-04
2.249034460000000308e+03	-2.552490553301423049e-04
2.249064590000000408e+03	-2.155337860060765887e-04
2.249094730000000254e+03	-1.758186111827444997e-04
2.249124860000000353e+03	-1.511033418586868460e-04
2.249154990000000453e+03	-1.563880725346245004e-04
2.249185130000000299e+03	-1.816728977112880283e-04
2.249215260000000399e+03	-2.219576283872329303e-04
2.249245400000000245e+03	-2.622424535638906429e-04
2.249275530000000344e+03	-3.025271842398355449e-04
2.249305660000000444e+03	-3.228119149157743228e-04
2.249335800000000290e+03	-3.330967400924367272e-04
2.249365930000000390e+03	-3.283814707683782586e-04
2.249396070000000236e+03	-3.236662959450326005e-04
2.249426200000000335e+03	-3.189510266209810707e-04
2.249456330000000435e+03	-3.092357572969245405e-04
2.249486470000000281e+03	-3.045205824735788824e-04
2.249516600000000381e+03	-2.948053131495292911e-04
2.249546730000000480e+03	-2.850900438254658220e-04
2.249576870000000326e+03	-2.753748690021221024e-04
2.249607000000000426e+03	-2.706595996780636337e-04
2.249637140000000272e+03	-2.659444248547318534e-04
2.249667270000000372e+03	-2.712291555306695079e-04
2.249697400000000471e+03	-2.865138862066102243e-04
2.249727540000000317e+03	-2.967987113832795676e-04
2.249757670000000417e+03	-3.120834420592133451e-04
2.249787810000000263e+03	-3.173682672358846268e-04
2.249817940000000362e+03	-3.126529979118192193e-04
2.249848070000000462e+03	-2.929377285877596271e-04
2.249878210000000308e+03	-2.682225537644286617e-04
2.249908340000000408e+03	-2.435072844403640691e-04
2.249938470000000507e+03	-2.137920151163083538e-04
2.249968610000000353e+03	-1.990768402929735115e-04
2.249998740000000453e+03	-1.943615709689150428e-04
2.250028880000000299e+03	-2.046463961455705083e-04
2.250059010000000399e+03	-2.299311268215142867e-04
2.250089140000000498e+03	-2.702158574974591887e-04
2.250119280000000344e+03	-3.105006826741169013e-04
2.250149410000000444e+03	-3.457854133500568028e-04
2.250179540000000543e+03	-3.710701440260005812e-04
2.250209680000000390e+03	-3.763549692026579852e-04
2.250239810000000489e+03	-3.616396998786033934e-04
2.250269950000000335e+03	-3.269245250552624271e-04
2.250300080000000435e+03	-2.822092557311986494e-04
2.250330210000000534e+03	-2.374939864071487494e-04
2.250360350000000381e+03	-2.127788115838108451e-04
2.250390480000000480e+03	-2.080635422597454376e-04
2.250420620000000326e+03	-2.333483674364159044e-04
2.250450750000000426e+03	-2.686330981123558059e-04
2.250480880000000525e+03	-3.089178287882937690e-04
2.250511020000000372e+03	-3.342026539649572969e-04
2.250541150000000471e+03	-3.344873846408968898e-04
2.250571280000000570e+03	-3.147721153168372976e-04
2.250601420000000417e+03	-2.850569404935013318e-04
2.250631550000000516e+03	-2.553416711694456165e-04
2.250661690000000362e+03	-2.406264963461038353e-04
2.250691820000000462e+03	-2.459112270220484286e-04
2.250721950000000561e+03	-2.661959576979872066e-04
2.250752090000000408e+03	-2.914807828746507345e-04
2.250782220000000507e+03	-3.017655135505933894e-04
2.250812350000000151e+03	-3.020502442265260434e-04
2.250842490000000453e+03	-2.923350694031962016e-04
2.250872620000000552e+03	-2.826198000791327325e-04
2.250902760000000399e+03	-2.829046252557920749e-04
2.250932890000000498e+03	-2.981893559317397302e-04
2.250963020000000142e+03	-3.184740866076715693e-04
2.250993160000000444e+03	-3.387589117843370357e-04
2.251023290000000543e+03	-3.440436424602746901e-04
2.251053430000000390e+03	-3.343284676369448483e-04
2.251083560000000489e+03	-3.096131983128871945e-04
2.251113690000000133e+03	-2.798979289888245403e-04
2.251143830000000435e+03	-2.601827541654916365e-04
2.251173960000000534e+03	-2.604674848414312294e-04
2.251204090000000178e+03	-2.707522155173669454e-04
2.251234230000000480e+03	-2.960370406940374122e-04
2.251264360000000579e+03	-3.113217713699781286e-04
2.251294500000000426e+03	-3.166065965466424714e-04
2.251324630000000525e+03	-3.068913272225790023e-04
2.251354760000000169e+03	-2.921760578985174717e-04
2.251384900000000471e+03	-2.774608830751895683e-04
2.251415030000000570e+03	-2.677456137511260992e-04
2.251445170000000417e+03	-2.680304389277854415e-04
2.251475300000000516e+03	-2.733151696037230960e-04
2.251505430000000160e+03	-2.785999002796676893e-04
2.251535570000000462e+03	-2.738847254563289702e-04
2.251565700000000561e+03	-2.691694561322705015e-04
2.251595830000000205e+03	-2.644541868082050939e-04
2.251625970000000507e+03	-2.697390119848694368e-04
2.251656100000000151e+03	-2.850237426608101532e-04
2.251686240000000453e+03	-3.153085678374786816e-04
2.251716370000000552e+03	-3.405932985134155211e-04
2.251746500000000196e+03	-3.608780291893542991e-04
2.251776640000000498e+03	-3.661628543660186419e-04
2.251806770000000142e+03	-3.614475850419601732e-04
2.251836900000000242e+03	-3.467323157178986426e-04
2.251867040000000543e+03	-3.370171408945688007e-04
2.251897170000000187e+03	-3.323018715705033932e-04
2.251927310000000489e+03	-3.375866967471746749e-04
2.251957440000000133e+03	-3.428714274231123293e-04
2.251987570000000233e+03	-3.381561580990538607e-04
2.252017710000000534e+03	-3.184409832757209569e-04
2.252047840000000178e+03	-2.837257139516533022e-04
2.252077980000000480e+03	-2.340105391283181513e-04
2.252108110000000579e+03	-1.892952698042613124e-04
2.252138240000000224e+03	-1.595800004801986582e-04
2.252168380000000525e+03	-1.498648256568618775e-04
2.252198510000000169e+03	-1.601495563327975935e-04
2.252228640000000269e+03	-1.854342870087413719e-04
2.252258780000000570e+03	-2.157191121854099003e-04
2.252288910000000214e+03	-2.460038428613378625e-04
2.252319050000000516e+03	-2.712886680380083293e-04
2.252349180000000160e+03	-2.865733987139490457e-04
2.252379310000000260e+03	-2.918581293898867002e-04
2.252409450000000561e+03	-2.921429545665529814e-04
2.252439580000000205e+03	-2.824276852424895123e-04
2.252469720000000507e+03	-2.727125104191596705e-04
2.252499850000000151e+03	-2.629972410950962014e-04
2.252529980000000251e+03	-2.532819717710396712e-04
2.252560120000000552e+03	-2.385667969477048289e-04
2.252590250000000196e+03	-2.288515276236413598e-04
2.252620380000000296e+03	-2.241362582995828912e-04
2.252650520000000142e+03	-2.294210834762402951e-04
2.252680650000000242e+03	-2.447058141521879504e-04
2.252710790000000543e+03	-2.649906393288534168e-04
2.252740920000000187e+03	-2.952753700047883179e-04
2.252771050000000287e+03	-3.205601006807320963e-04
2.252801190000000133e+03	-3.308449258573875618e-04
2.252831320000000233e+03	-3.311296565333340935e-04
2.252861450000000332e+03	-3.164143872092725629e-04
2.252891590000000178e+03	-2.866992123859296582e-04
2.252921720000000278e+03	-2.519839430618758813e-04
2.252951860000000579e+03	-2.272687682385379770e-04
2.252981990000000224e+03	-2.125534989144764464e-04
2.253012120000000323e+03	-2.128382295904160393e-04
2.253042260000000169e+03	-2.281230547670834441e-04
2.253072390000000269e+03	-2.534077854430202836e-04
2.253102530000000570e+03	-2.786926106196907504e-04
2.253132660000000214e+03	-2.989773412956295284e-04
2.253162790000000314e+03	-3.042620719715671829e-04
2.253192930000000160e+03	-3.045468971482334641e-04
2.253223060000000260e+03	-2.948316278241769339e-04
2.253253190000000359e+03	-2.801163585001154033e-04
2.253283330000000205e+03	-2.604011836767824994e-04
2.253313460000000305e+03	-2.456859143527209688e-04
2.253343600000000151e+03	-2.309707395293791876e-04
2.253373730000000251e+03	-2.262554702053276579e-04
2.253403860000000350e+03	-2.265402008812672507e-04
2.253434000000000196e+03	-2.468250260579257782e-04
2.253464130000000296e+03	-2.721097567338626178e-04
2.253494260000000395e+03	-3.023944874098113966e-04
2.253524400000000242e+03	-3.376793125864710476e-04
2.253554530000000341e+03	-3.629640432624078872e-04
2.253584670000000187e+03	-3.782488684390683531e-04
2.253614800000000287e+03	-3.835335991150060075e-04
2.253644930000000386e+03	-3.738183297909564162e-04
2.253675070000000233e+03	-3.541031549676165735e-04
2.253705200000000332e+03	-3.293878856435519809e-04
2.253735340000000178e+03	-3.046727108202210155e-04
2.253765470000000278e+03	-2.749574414961583613e-04
2.253795600000000377e+03	-2.452421721721026460e-04
2.253825740000000224e+03	-2.255269973487628032e-04
2.253855870000000323e+03	-2.108117280247082115e-04
2.253886000000000422e+03	-2.060964587006428039e-04
2.253916140000000269e+03	-2.163812838773121472e-04
2.253946270000000368e+03	-2.366660145532509252e-04
2.253976410000000214e+03	-2.619508397299075142e-04
2.254006540000000314e+03	-2.872355704058582315e-04
2.254036670000000413e+03	-3.025203010817989480e-04
2.254066810000000260e+03	-3.078051262584563519e-04
2.254096940000000359e+03	-3.080898569344028837e-04
2.254127080000000205e+03	-2.933746821110541636e-04
2.254157210000000305e+03	-2.786594127869995718e-04
2.254187340000000404e+03	-2.689441434629499805e-04
2.254217480000000251e+03	-2.592289686395993220e-04
2.254247610000000350e+03	-2.545136993155477922e-04
2.254277740000000449e+03	-2.547984299914873851e-04
2.254307880000000296e+03	-2.500832551681486660e-04
2.254338010000000395e+03	-2.453679858440901973e-04
2.254368150000000242e+03	-2.406528110207514781e-04
2.254398280000000341e+03	-2.359375416966930095e-04
2.254428410000000440e+03	-2.362222723726326024e-04
2.254458550000000287e+03	-2.415070975492969452e-04
2.254488680000000386e+03	-2.617918282252357232e-04
2.254518810000000485e+03	-2.770765589011764396e-04
2.254548950000000332e+03	-2.923613840778438444e-04
2.254579080000000431e+03	-2.976461147537814989e-04
2.254609220000000278e+03	-2.879309399304447181e-04
2.254639350000000377e+03	-2.582156706063890028e-04
2.254669480000000476e+03	-2.235004012823282871e-04
2.254699620000000323e+03	-1.937852264589923212e-04
2.254729750000000422e+03	-1.790699571349307906e-04
2.254759890000000269e+03	-1.843547823115951334e-04
2.254790020000000368e+03	-2.146395129875300345e-04
2.254820150000000467e+03	-2.599242436634799369e-04
2.254850290000000314e+03	-3.102090688401407115e-04
2.254880420000000413e+03	-3.504937995160786746e-04
2.254910550000000512e+03	-3.707785301920243914e-04
2.254940690000000359e+03	-3.660633553686787334e-04
2.254970820000000458e+03	-3.463480860446260801e-04
2.255000960000000305e+03	-3.166329112212831753e-04
2.255031090000000404e+03	-2.869176418972205211e-04
2.255061220000000503e+03	-2.572023725731717447e-04
2.255091360000000350e+03	-2.374871977498249631e-04
2.255121490000000449e+03	-2.277719284257684329e-04
2.255151630000000296e+03	-2.280567536024347142e-04
2.255181760000000395e+03	-2.383414842783704302e-04
2.255211890000000494e+03	-2.536262149543111466e-04
2.255242030000000341e+03	-2.739110401309766130e-04
2.255272160000000440e+03	-2.941957708069153909e-04
2.255302290000000539e+03	-3.094805014828561074e-04
2.255332430000000386e+03	-3.147653266595273891e-04
2.255362560000000485e+03	-3.050500573354639200e-04
2.255392700000000332e+03	-2.853348825121240773e-04
2.255422830000000431e+03	-2.656196131880714240e-04
2.255452960000000530e+03	-2.409043438640068313e-04
2.255483100000000377e+03	-2.261891690406719890e-04
2.255513230000000476e+03	-2.264738997166185208e-04
2.255543360000000575e+03	-2.367586303925542368e-04
2.255573500000000422e+03	-2.570434555692127643e-04
2.255603630000000521e+03	-2.873281862451615432e-04
2.255633770000000368e+03	-3.126130114218111933e-04
2.255663900000000467e+03	-3.378977420977619106e-04
2.255694030000000566e+03	-3.531824727737026270e-04
2.255724170000000413e+03	-3.584672979503600310e-04
2.255754300000000512e+03	-3.537520286263085012e-04
2.255784440000000359e+03	-3.340368538029617196e-04
2.255814570000000458e+03	-3.093215844789040658e-04
2.255844700000000557e+03	-2.796063151548414116e-04
2.255874840000000404e+03	-2.498911403315123847e-04
2.255904970000000503e+03	-2.301758710074527925e-04
2.255935100000000148e+03	-2.154606016833912618e-04
2.255965240000000449e+03	-2.157454268600575431e-04
2.255995370000000548e+03	-2.260301575359932591e-04
2.256025510000000395e+03	-2.413149827126606639e-04
2.256055640000000494e+03	-2.565997133886013803e-04
2.256085770000000139e+03	-2.618844440645390348e-04
2.256115910000000440e+03	-2.621692692412053161e-04
2.256146040000000539e+03	-2.574539999171468474e-04
2.256176170000000184e+03	-2.527387305930883787e-04
2.256206310000000485e+03	-2.480235557697427207e-04
2.256236440000000130e+03	-2.483082864456823136e-04
2.256266580000000431e+03	-2.585931116223516568e-04
2.256296710000000530e+03	-2.738778422982923733e-04
2.256326840000000175e+03	-2.891625729742330897e-04
2.256356980000000476e+03	-2.994473981508885552e-04
2.256387110000000575e+03	-3.047321288268331485e-04
2.256417250000000422e+03	-2.950169540034963678e-04
2.256447380000000521e+03	-2.803016846794348371e-04
2.256477510000000166e+03	-2.555864153553771834e-04
2.256507650000000467e+03	-2.358712405320442795e-04
2.256537780000000566e+03	-2.211559712079827489e-04
2.256567910000000211e+03	-2.164407018839173413e-04
2.256598050000000512e+03	-2.317255270605847461e-04
2.256628180000000157e+03	-2.570102577365285246e-04
2.256658320000000458e+03	-2.822950829131920525e-04
2.256688450000000557e+03	-3.075798135891288920e-04
2.256718580000000202e+03	-3.178645442650715469e-04
2.256748720000000503e+03	-3.031493694417367046e-04
2.256778850000000148e+03	-2.734341001176740504e-04
2.256808990000000449e+03	-2.287189252943369611e-04
2.256839120000000548e+03	-1.890036559702851227e-04
2.256869250000000193e+03	-1.592883866462155296e-04
2.256899390000000494e+03	-1.545732118228837493e-04
2.256929520000000139e+03	-1.798579424988136499e-04
2.256959650000000238e+03	-2.201426731747585519e-04
2.256989790000000539e+03	-2.704274983514262654e-04
2.257019920000000184e+03	-3.207122290273603515e-04
2.257050060000000485e+03	-3.509970542040288799e-04
2.257080190000000130e+03	-3.662817848799695963e-04
2.257110320000000229e+03	-3.515665155559080657e-04
2.257140460000000530e+03	-3.218513407325720999e-04
2.257170590000000175e+03	-2.871360714085113841e-04
2.257200720000000274e+03	-2.474208020844526068e-04
2.257230860000000575e+03	-2.177056272611166410e-04
2.257260990000000220e+03	-2.079903579370601108e-04
2.257291130000000521e+03	-2.182751831137225151e-04
2.257321260000000166e+03	-2.435599137896662936e-04
2.257351390000000265e+03	-2.788446444656061951e-04
2.257381530000000566e+03	-3.091294696422677846e-04
2.257411660000000211e+03	-3.244142003182085010e-04
2.257441800000000512e+03	-3.246990254948747823e-04
2.257471930000000157e+03	-3.049837561708082512e-04
2.257502060000000256e+03	-2.802684868467575363e-04
2.257532200000000557e+03	-2.605533120234176936e-04
2.257562330000000202e+03	-2.508380426993542245e-04
2.257592460000000301e+03	-2.611227733752968794e-04
2.257622600000000148e+03	-2.814075985519554068e-04
2.257652730000000247e+03	-3.066923292278991853e-04
2.257682870000000548e+03	-3.269771544045646516e-04
2.257713000000000193e+03	-3.372618850805003676e-04
2.257743130000000292e+03	-3.375466157564399605e-04
2.257773270000000139e+03	-3.278314409331031798e-04
2.257803400000000238e+03	-3.181161716090397107e-04
2.257833530000000337e+03	-3.134009022849812420e-04
2.257863670000000184e+03	-3.136857274616475233e-04
2.257893800000000283e+03	-3.139704581375871162e-04
2.257923940000000130e+03	-3.092552833142553359e-04
2.257954070000000229e+03	-2.945400139901938052e-04
2.257984200000000328e+03	-2.748247446661342130e-04
2.258014340000000175e+03	-2.501095698428032477e-04
2.258044470000000274e+03	-2.303943005187367166e-04
2.258074610000000575e+03	-2.206791256954068747e-04
2.258104740000000220e+03	-2.259638563713445292e-04
2.258134870000000319e+03	-2.412485870472852456e-04
2.258165010000000166e+03	-2.565334122239457115e-04
2.258195140000000265e+03	-2.718181428998864280e-04
2.258225270000000364e+03	-2.771028735758310213e-04
2.258255410000000211e+03	-2.723876987524923021e-04
2.258285540000000310e+03	-2.626724294284288330e-04
2.258315680000000157e+03	-2.579572546050901138e-04
2.258345810000000256e+03	-2.632419852810277683e-04
2.258375940000000355e+03	-2.735267159569773621e-04
2.258406080000000202e+03	-2.888115411336378280e-04
2.258436210000000301e+03	-3.040962718095716055e-04
2.258466350000000148e+03	-3.093810969862428872e-04
2.258496480000000247e+03	-3.046658276621774797e-04
2.258526610000000346e+03	-2.949505583381209495e-04
2.258556750000000193e+03	-2.752353835147880456e-04
2.258586880000000292e+03	-2.655201141907245765e-04
2.258617010000000391e+03	-2.658048448666641694e-04
2.258647150000000238e+03	-2.810896700433315742e-04
2.258677280000000337e+03	-3.063744007192684138e-04
2.258707420000000184e+03	-3.266592258959338801e-04
2.258737550000000283e+03	-3.369439565718765350e-04
2.258767680000000382e+03	-3.322286872478180664e-04
2.258797820000000229e+03	-3.125135124244782237e-04
2.258827950000000328e+03	-2.827982431004225083e-04
2.258858080000000427e+03	-2.530829737763598541e-04
2.258888220000000274e+03	-2.383677989530180730e-04
2.258918350000000373e+03	-2.486525296289676668e-04
2.258948490000000220e+03	-2.739373548056173169e-04
2.258978620000000319e+03	-3.142220854815691577e-04
2.259008750000000418e+03	-3.495068161575090593e-04
2.259038890000000265e+03	-3.647916413341625863e-04
2.259069020000000364e+03	-3.550763720101129950e-04
2.259099160000000211e+03	-3.203611971867720287e-04
2.259129290000000310e+03	-2.756459278627082510e-04
2.259159420000000409e+03	-2.309306585386514121e-04
2.259189560000000256e+03	-2.062154837153135079e-04
2.259219690000000355e+03	-2.015002143912550392e-04
2.259249820000000454e+03	-2.167849450671957556e-04
2.259279960000000301e+03	-2.420697702438592835e-04
2.259310090000000400e+03	-2.623545009198050004e-04
2.259340230000000247e+03	-2.726393260964674048e-04
2.259370360000000346e+03	-2.679240567724089361e-04
2.259400490000000445e+03	-2.582087874483454670e-04
2.259430630000000292e+03	-2.534936126250136867e-04
2.259460760000000391e+03	-2.587783433009513412e-04
2.259490900000000238e+03	-2.790631684776098687e-04
2.259521030000000337e+03	-3.093478991535586475e-04
2.259551160000000436e+03	-3.296326298294974255e-04
2.259581300000000283e+03	-3.399174550061598299e-04
2.259611430000000382e+03	-3.252021856820982992e-04
2.259641560000000482e+03	-3.004869163580475844e-04
2.259671700000000328e+03	-2.607717415347016177e-04
2.259701830000000427e+03	-2.310564722106459024e-04
2.259731970000000274e+03	-2.163412973873041212e-04
2.259762100000000373e+03	-2.266260280632398372e-04
2.259792230000000473e+03	-2.519107587391905545e-04
2.259822370000000319e+03	-2.821955839158452051e-04
2.259852500000000418e+03	-3.174803145917851066e-04
2.259882630000000518e+03	-3.427650452677358239e-04
2.259912770000000364e+03	-3.530498704443912894e-04
2.259942900000000463e+03	-3.583346011203358827e-04
2.259973040000000310e+03	-3.586194262970021640e-04
2.260003170000000409e+03	-3.539041569729367565e-04
2.260033300000000509e+03	-3.441888876488802262e-04
2.260063440000000355e+03	-3.344737128255434455e-04
2.260093570000000454e+03	-3.197584435014819149e-04
2.260123710000000301e+03	-3.050432686781470726e-04
2.260153840000000400e+03	-2.853279993540874804e-04
2.260183970000000500e+03	-2.656127300300278882e-04
2.260214110000000346e+03	-2.558975552066911074e-04
2.260244240000000445e+03	-2.611822858826357008e-04
2.260274370000000545e+03	-2.764670165585764172e-04
2.260304510000000391e+03	-3.017518417352330062e-04
2.260334640000000491e+03	-3.270365724111837236e-04
2.260364780000000337e+03	-3.573213975878314352e-04
2.260394910000000436e+03	-3.776061282637771521e-04
2.260425040000000536e+03	-3.878908589397198070e-04
2.260455180000000382e+03	-3.881756841163791494e-04
2.260485310000000482e+03	-3.734604147923245576e-04
2.260515440000000581e+03	-3.487451454682669039e-04
2.260545580000000427e+03	-3.190299706449239991e-04
2.260575710000000527e+03	-2.943147013208663454e-04
2.260605850000000373e+03	-2.745995264975334416e-04
2.260635980000000473e+03	-2.648842571734699725e-04
2.260666110000000572e+03	-2.651689878494095653e-04
2.260696250000000418e+03	-2.754538130260789086e-04
2.260726380000000518e+03	-2.907385437020126862e-04
2.260756520000000364e+03	-3.060233688786800910e-04
2.260786650000000463e+03	-3.213080995546208074e-04
2.260816780000000563e+03	-3.315928302305634623e-04
2.260846920000000409e+03	-3.368776554072278051e-04
2.260877050000000509e+03	-3.371623860831673980e-04
2.260907180000000153e+03	-3.324471167591089293e-04
2.260937320000000454e+03	-3.177319419357740871e-04
2.260967450000000554e+03	-2.930166726117094944e-04
2.260997590000000400e+03	-2.583014977883685281e-04
2.261027720000000500e+03	-2.285862284643128128e-04
2.261057850000000144e+03	-2.038709591402482202e-04
2.261087990000000445e+03	-1.941557843169114395e-04
2.261118120000000545e+03	-2.094405149928590948e-04
2.261148260000000391e+03	-2.397253401695137454e-04
2.261178390000000491e+03	-2.750100708454536469e-04
2.261208520000000135e+03	-3.102948015213935484e-04
2.261238660000000436e+03	-3.305796266980590148e-04
2.261268790000000536e+03	-3.258643573740005461e-04
2.261298920000000180e+03	-3.061490880499409539e-04
2.261329060000000482e+03	-2.714339132266069265e-04
2.261359190000000581e+03	-2.367186439025462108e-04
2.261389330000000427e+03	-2.070034690792102450e-04
2.261419460000000527e+03	-2.022881997551517763e-04
2.261449590000000171e+03	-2.075729304310894308e-04
2.261479730000000473e+03	-2.278577556077548971e-04
2.261509860000000572e+03	-2.531424862836986756e-04
2.261539990000000216e+03	-2.784272169596355151e-04
2.261570130000000518e+03	-2.987120421363009815e-04
2.261600260000000162e+03	-3.089967728122366974e-04
2.261630400000000463e+03	-3.142815979889010403e-04
2.261660530000000563e+03	-3.145663286648475720e-04
2.261690660000000207e+03	-3.148510593407802260e-04
2.261720800000000509e+03	-3.201358845174515078e-04
2.261750930000000153e+03	-3.204206151933841618e-04
2.261781070000000454e+03	-3.207054403700504430e-04
2.261811200000000554e+03	-3.159901710459919744e-04
2.261841330000000198e+03	-3.012749017219235048e-04
2.261871470000000500e+03	-2.815597268985906010e-04
2.261901600000000144e+03	-2.518444575745348857e-04
2.261931730000000243e+03	-2.171291882504741699e-04
2.261961870000000545e+03	-1.874140134271382041e-04
2.261992000000000189e+03	-1.726987441030766735e-04
2.262022140000000491e+03	-1.829835692797460167e-04
2.262052270000000135e+03	-2.082682999556828563e-04
2.262082400000000234e+03	-2.585530306316238813e-04
2.262112540000000536e+03	-3.088378558082915948e-04
2.262142670000000180e+03	-3.541225864842276194e-04
2.262172800000000279e+03	-3.744073171601663974e-04
2.262202940000000581e+03	-3.696921423368346171e-04
2.262233070000000225e+03	-3.399768730127719629e-04
2.262263210000000527e+03	-3.002616981894398740e-04
2.262293340000000171e+03	-2.655464288653722194e-04
2.262323470000000270e+03	-2.508311595413176276e-04
2.262353610000000572e+03	-2.561159847179819704e-04
2.262383740000000216e+03	-2.814007153939188099e-04
2.262413880000000518e+03	-3.166855405705853999e-04
2.262444010000000162e+03	-3.519702712465183625e-04
2.262474140000000261e+03	-3.722550019224640794e-04
2.262504280000000563e+03	-3.725398270991234217e-04
2.262534410000000207e+03	-3.578245577750618911e-04
2.262564540000000306e+03	-3.331092884510042373e-04
2.262594680000000153e+03	-3.133941136276713335e-04
2.262624810000000252e+03	-2.886788443036067409e-04
2.262654950000000554e+03	-2.739636694802718986e-04
2.262685080000000198e+03	-2.592484001562173068e-04
2.262715210000000297e+03	-2.495331308321538377e-04
2.262745350000000144e+03	-2.398179560088170570e-04
2.262775480000000243e+03	-2.351026866847585883e-04
2.262805620000000545e+03	-2.303875118614268080e-04
2.262835750000000189e+03	-2.356722425373644625e-04
2.262865880000000288e+03	-2.409569732133021169e-04
2.262896020000000135e+03	-2.512417983899645213e-04
2.262926150000000234e+03	-2.615265290659071762e-04
2.262956280000000334e+03	-2.718112597418498311e-04
2.262986420000000180e+03	-2.770960849185072350e-04
2.263016550000000279e+03	-2.823808155944518283e-04
2.263046690000000581e+03	-2.826656407711181096e-04
2.263076820000000225e+03	-2.879503714470488251e-04
2.263106950000000325e+03	-2.882351021229953569e-04
2.263137090000000171e+03	-2.885199272996546993e-04
2.263167220000000270e+03	-2.788046579755912302e-04
2.263197350000000370e+03	-2.640893886515435773e-04
2.263227490000000216e+03	-2.443742138281967957e-04
2.263257620000000315e+03	-2.296589445041422040e-04
2.263287760000000162e+03	-2.199437696808054232e-04
2.263317890000000261e+03	-2.352285003567461397e-04
2.263348020000000361e+03	-2.605132310326829792e-04
2.263378160000000207e+03	-2.957980562093495691e-04
2.263408290000000306e+03	-3.210827868852933475e-04
2.263438430000000153e+03	-3.313676120619557519e-04
2.263468560000000252e+03	-3.166523427378942213e-04
2.263498690000000352e+03	-2.819370734138335055e-04
2.263528830000000198e+03	-2.372218985904964161e-04
2.263558960000000297e+03	-2.025066292664426393e-04
2.263589090000000397e+03	-1.877913599423811086e-04
2.263619230000000243e+03	-1.930761851190385125e-04
2.263649360000000343e+03	-2.233609157949872914e-04
2.263679500000000189e+03	-2.636457409716380651e-04
2.263709630000000288e+03	-2.939304716475868440e-04
2.263739760000000388e+03	-3.042152023235364378e-04
2.263769900000000234e+03	-2.945000275001857792e-04
2.263800030000000334e+03	-2.697847581761350644e-04
2.263830170000000180e+03	-2.450695833527902212e-04
2.263860300000000279e+03	-2.253543140287306290e-04
2.263890430000000379e+03	-2.206390447046790992e-04
2.263920570000000225e+03	-2.309238698813345647e-04
2.263950700000000325e+03	-2.462086005572752812e-04
2.263980830000000424e+03	-2.614933312332159976e-04
2.264010970000000270e+03	-2.717781564098853408e-04
2.264041100000000370e+03	-2.720628870858249337e-04
2.264071240000000216e+03	-2.723477122624912150e-04
2.264101370000000315e+03	-2.726324429384308079e-04
2.264131500000000415e+03	-2.829171736143665239e-04
2.264161640000000261e+03	-2.932019987910358672e-04
2.264191770000000361e+03	-3.134867294669746451e-04
2.264221900000000460e+03	-3.337714601429134231e-04
2.264252040000000306e+03	-3.490562853195808279e-04
2.264282170000000406e+03	-3.593410159955165439e-04
2.264312310000000252e+03	-3.646258411721808868e-04
2.264342440000000352e+03	-3.599105718481154792e-04
2.264372570000000451e+03	-3.501953025240658879e-04
2.264402710000000297e+03	-3.304801277007260452e-04
2.264432840000000397e+03	-3.007648583766633910e-04
2.264462980000000243e+03	-2.710496835533204862e-04
2.264493110000000343e+03	-2.463344142292628325e-04
2.264523240000000442e+03	-2.266191449052101792e-04
2.264553380000000288e+03	-2.269039700818695215e-04
2.264583510000000388e+03	-2.371887007578052375e-04
2.264613640000000487e+03	-2.574734314337509544e-04
2.264643780000000334e+03	-2.827582566104144823e-04
2.264673910000000433e+03	-2.980429872863551988e-04
2.264704050000000279e+03	-3.133278124630226036e-04
2.264734180000000379e+03	-3.136125431389621965e-04
2.264764310000000478e+03	-3.138972738149017894e-04
2.264794450000000325e+03	-3.141820989915680706e-04
2.264824580000000424e+03	-3.144668296675076635e-04
2.264854710000000523e+03	-3.147515603434472564e-04
2.264884850000000370e+03	-3.150363855201135377e-04
2.264914980000000469e+03	-3.103211161960481301e-04
2.264945120000000315e+03	-3.006059413727113494e-04
2.264975250000000415e+03	-2.858906720486567576e-04
2.265005380000000514e+03	-2.761754027245932885e-04
2.265035520000000361e+03	-2.714602279012545694e-04
2.265065650000000460e+03	-2.767449585771991627e-04
2.265095790000000306e+03	-2.920297837538526897e-04
2.265125920000000406e+03	-3.073145144298003451e-04
2.265156050000000505e+03	-3.225992451057410615e-04
2.265186190000000352e+03	-3.328840702823965270e-04
2.265216320000000451e+03	-3.381688009583480592e-04
2.265246450000000550e+03	-3.384535316342876521e-04
2.265276590000000397e+03	-3.437383568109450560e-04
2.265306720000000496e+03	-3.490230874868827105e-04
2.265336860000000343e+03	-3.443079126635509302e-04
2.265366990000000442e+03	-3.395926433394924615e-04
2.265397120000000541e+03	-3.248773740154309309e-04
2.265427260000000388e+03	-3.001621991920930266e-04
2.265457390000000487e+03	-2.704469298680373113e-04
2.265487530000000334e+03	-2.507317550447044074e-04
2.265517660000000433e+03	-2.460164857206389999e-04
2.265547790000000532e+03	-2.563012163965816548e-04
2.265577930000000379e+03	-2.765860415732471211e-04
2.265608060000000478e+03	-3.068707722491889611e-04
2.265638190000000577e+03	-3.271555029251277391e-04
2.265668330000000424e+03	-3.324403281017920819e-04
2.265698460000000523e+03	-3.127250587777324897e-04
2.265728600000000370e+03	-2.730098839543934619e-04
2.265758730000000469e+03	-2.282946146303296842e-04
2.265788860000000568e+03	-1.835793453062797842e-04
2.265819000000000415e+03	-1.538641704829368795e-04
2.265849130000000514e+03	-1.491489011588784108e-04
2.265879260000000158e+03	-1.644336318348121884e-04
2.265909400000000460e+03	-1.897184570114757163e-04
2.265939530000000559e+03	-2.250031876874225567e-04
2.265969670000000406e+03	-2.502880128640791457e-04
2.265999800000000505e+03	-2.705727435400179237e-04
2.266029930000000149e+03	-2.808574742159605786e-04
2.266060070000000451e+03	-2.811422993926268599e-04
2.266090200000000550e+03	-2.764270300685683912e-04
2.266120340000000397e+03	-2.717118552452296720e-04
2.266150470000000496e+03	-2.669965859211712034e-04
2.266180600000000140e+03	-2.572813165971146732e-04
2.266210740000000442e+03	-2.525661417737759540e-04
2.266240870000000541e+03	-2.528508724497155469e-04
2.266271000000000186e+03	-2.581356031256601402e-04
2.266301140000000487e+03	-2.684204283023225446e-04
2.266331270000000131e+03	-2.787051589782582606e-04
2.266361410000000433e+03	-2.939899841549256654e-04
2.266391540000000532e+03	-3.042747148308683203e-04
2.266421670000000177e+03	-2.995594455068029127e-04
2.266451810000000478e+03	-2.848442706834680704e-04
2.266481940000000577e+03	-2.601290013594173556e-04
2.266512070000000222e+03	-2.354137320353458240e-04
2.266542210000000523e+03	-2.206985572120109818e-04
2.266572340000000167e+03	-2.209832878879436358e-04
2.266602480000000469e+03	-2.462681130646141026e-04
2.266632610000000568e+03	-2.765528437405559425e-04
2.266662740000000213e+03	-3.168375744164939056e-04
2.266692880000000514e+03	-3.521223995931604955e-04
2.266723010000000158e+03	-3.724071302690992735e-04
2.266753150000000460e+03	-3.776919554457636163e-04
2.266783280000000559e+03	-3.679766861217070861e-04
2.266813410000000204e+03	-3.482614167976405550e-04
2.266843550000000505e+03	-3.235462419743095897e-04
2.266873680000000149e+03	-3.038309726502499974e-04
2.266903810000000249e+03	-2.791157033261854048e-04
2.266933950000000550e+03	-2.644005285028575014e-04
2.266964080000000195e+03	-2.496852591787959708e-04
2.266994220000000496e+03	-2.349700843554611285e-04
2.267024350000000140e+03	-2.302548150313957209e-04
2.267054480000000240e+03	-2.305395457073422527e-04
2.267084620000000541e+03	-2.358243708840065955e-04
2.267114750000000186e+03	-2.461091015599423115e-04
2.267144890000000487e+03	-2.613939267366027774e-04
2.267175020000000131e+03	-2.766786574125365550e-04
2.267205150000000231e+03	-2.969633880884822719e-04
2.267235290000000532e+03	-3.172482132651407993e-04
2.267265420000000177e+03	-3.275329439410834542e-04
2.267295550000000276e+03	-3.328176746170211087e-04
2.267325690000000577e+03	-3.281024997936893284e-04
2.267355820000000222e+03	-3.183872304696258593e-04
2.267385960000000523e+03	-2.986720556462929554e-04
2.267416090000000167e+03	-2.839567863222314248e-04
2.267446220000000267e+03	-2.692415169981768330e-04
2.267476360000000568e+03	-2.695263421748431143e-04
2.267506490000000213e+03	-2.748110728507807687e-04
2.267536620000000312e+03	-2.800958035267184232e-04
2.267566760000000158e+03	-2.903806287033877664e-04
2.267596890000000258e+03	-2.906653593793273593e-04
2.267627030000000559e+03	-2.859501845559886402e-04
2.267657160000000204e+03	-2.862349152319282330e-04
2.267687290000000303e+03	-2.865196459078678259e-04
2.267717430000000149e+03	-2.968044710845302303e-04
2.267747560000000249e+03	-3.170892017604690083e-04
2.267777700000000550e+03	-3.423740269371394751e-04
2.267807830000000195e+03	-3.576587576130732526e-04
2.267837960000000294e+03	-3.579434882890128455e-04
2.267868100000000140e+03	-3.382283134656730028e-04
2.267898230000000240e+03	-3.035130441416122871e-04
2.267928360000000339e+03	-2.687977748175585102e-04
2.267958500000000186e+03	-2.340825999942175439e-04
2.267988630000000285e+03	-2.093673306701598902e-04
2.268018770000000131e+03	-2.096521558468261714e-04
2.268048900000000231e+03	-2.199368865227688263e-04
2.268079030000000330e+03	-2.452216171987056659e-04
2.268109170000000177e+03	-2.755064423753741942e-04
2.268139300000000276e+03	-3.007911730513110338e-04
2.268169440000000577e+03	-3.260759982279745617e-04
2.268199570000000222e+03	-3.363607289039172166e-04
2.268229700000000321e+03	-3.416454595798548710e-04
2.268259840000000167e+03	-3.269302847565130898e-04
2.268289970000000267e+03	-3.072150154324604365e-04
2.268320100000000366e+03	-2.774997461084047212e-04
2.268350240000000213e+03	-2.527845712850598781e-04
2.268380370000000312e+03	-2.380693019610052863e-04
2.268410510000000158e+03	-2.333541271376596282e-04
2.268440640000000258e+03	-2.436388578136092220e-04
2.268470770000000357e+03	-2.539235884895518769e-04
2.268500910000000204e+03	-2.692084136662054039e-04
2.268531040000000303e+03	-2.744931443421499973e-04
2.268561170000000402e+03	-2.797778750180945906e-04
2.268591310000000249e+03	-2.800627001947539330e-04
2.268621440000000348e+03	-2.853474308706985263e-04
2.268651580000000195e+03	-2.956322560473539918e-04
2.268681710000000294e+03	-3.059169867232966467e-04
2.268711840000000393e+03	-3.112017173992343011e-04
2.268741980000000240e+03	-3.014865425759044593e-04
2.268772110000000339e+03	-2.767712732518398666e-04
2.268802250000000186e+03	-2.420560984285058392e-04
2.268832380000000285e+03	-2.073408291044451235e-04
2.268862510000000384e+03	-1.926255597803905317e-04
2.268892650000000231e+03	-1.979103849570548745e-04
2.268922780000000330e+03	-2.231951156329917141e-04
2.268952910000000429e+03	-2.634798463089366161e-04
2.268983050000000276e+03	-2.937646714855982055e-04
2.269013180000000375e+03	-3.040494021615408604e-04
2.269043320000000222e+03	-2.843342273382010177e-04
2.269073450000000321e+03	-2.546189580141383635e-04
2.269103580000000420e+03	-2.199036886900845866e-04
2.269133720000000267e+03	-2.001885138667447439e-04
2.269163850000000366e+03	-2.004732445426843368e-04
2.269193980000000465e+03	-2.157579752186319921e-04
2.269224120000000312e+03	-2.460428003952797038e-04
2.269254250000000411e+03	-2.613275310712273591e-04
2.269284390000000258e+03	-2.666123562478917020e-04
2.269314520000000357e+03	-2.568970869238282329e-04
2.269344650000000456e+03	-2.421818175997736411e-04
2.269374790000000303e+03	-2.324666427764368604e-04
2.269404920000000402e+03	-2.427513734523725764e-04
2.269435060000000249e+03	-2.680361986290430432e-04
2.269465190000000348e+03	-3.083209293049810062e-04
2.269495320000000447e+03	-3.436056599809209078e-04
2.269525460000000294e+03	-3.738904851575824972e-04
2.269555590000000393e+03	-3.841752158335251521e-04
2.269585720000000492e+03	-3.794599465094666835e-04
2.269615860000000339e+03	-3.647447716861318412e-04
2.269645990000000438e+03	-3.450295023620722490e-04
2.269676130000000285e+03	-3.253143275387324063e-04
2.269706260000000384e+03	-3.105990582146778145e-04
2.269736390000000483e+03	-3.008837888906143454e-04
2.269766530000000330e+03	-2.911686140672775647e-04
2.269796660000000429e+03	-2.864533447432190960e-04
2.269826800000000276e+03	-2.817381699198734379e-04
2.269856930000000375e+03	-2.820229005958199697e-04
2.269887060000000474e+03	-2.873076312717645631e-04
2.269917200000000321e+03	-2.925924564484219670e-04
2.269947330000000420e+03	-2.928771871243684988e-04
2.269977460000000519e+03	-2.931619178003080917e-04
2.270007600000000366e+03	-2.834467429769643720e-04
2.270037730000000465e+03	-2.687314736529097803e-04
2.270067870000000312e+03	-2.590162988295729996e-04
2.270098000000000411e+03	-2.493010295055095304e-04
2.270128130000000510e+03	-2.495857601814491233e-04
2.270158270000000357e+03	-2.648705853581165282e-04
2.270188400000000456e+03	-2.851553160340553061e-04
2.270218530000000555e+03	-3.054400467099940841e-04
2.270248670000000402e+03	-3.207248718866614889e-04
2.270278800000000501e+03	-3.310096025626041438e-04
2.270308940000000348e+03	-3.262944277392654246e-04
2.270339070000000447e+03	-3.065791584152058324e-04
2.270369200000000546e+03	-2.868638890911462402e-04
2.270399340000000393e+03	-2.621487142678152749e-04
2.270429470000000492e+03	-2.474334449437537442e-04
2.270459610000000339e+03	-2.427182701204150250e-04
2.270489740000000438e+03	-2.530030007963507410e-04
2.270519870000000537e+03	-2.682877314722983964e-04
2.270550010000000384e+03	-2.835725566489588623e-04
2.270580140000000483e+03	-2.988572873248995787e-04
2.270610270000000583e+03	-3.041420180008441720e-04
2.270640410000000429e+03	-3.044268431774965755e-04
2.270670540000000528e+03	-2.997115738534450458e-04
2.270700680000000375e+03	-2.899963990301013261e-04
2.270730810000000474e+03	-2.902811297060409190e-04
2.270760940000000573e+03	-2.955658603819855124e-04
2.270791080000000420e+03	-3.058506855586479167e-04
2.270821210000000519e+03	-3.161354162345836327e-04
2.270851350000000366e+03	-3.164202414112499140e-04
2.270881480000000465e+03	-3.067049720871933838e-04
2.270911610000000564e+03	-2.919897027631318531e-04
2.270941750000000411e+03	-2.672745279398008877e-04
2.270971880000000510e+03	-2.475592586157412955e-04
2.271002010000000155e+03	-2.378439892916778264e-04
2.271032150000000456e+03	-2.481288144683471697e-04
2.271062280000000555e+03	-2.734135451442840092e-04
2.271092420000000402e+03	-3.036983703209455987e-04
2.271122550000000501e+03	-3.339831009968874387e-04
2.271152680000000146e+03	-3.542678316728192778e-04
2.271182820000000447e+03	-3.495526568494874975e-04
2.271212950000000546e+03	-3.298373875254348442e-04
2.271243080000000191e+03	-2.901221182013691280e-04
2.271273220000000492e+03	-2.554069433780351006e-04
2.271303350000000137e+03	-2.256916740539655075e-04
2.271333490000000438e+03	-2.209764992306337272e-04
2.271363620000000537e+03	-2.362612299065813826e-04
2.271393750000000182e+03	-2.715459605825143452e-04
2.271423890000000483e+03	-3.118307857591789967e-04
2.271454020000000583e+03	-3.471155164351188982e-04
2.271484160000000429e+03	-3.724003416117824261e-04
2.271514290000000528e+03	-3.776850722877270194e-04
2.271544420000000173e+03	-3.679698029636635503e-04
2.271574560000000474e+03	-3.432546281403325850e-04
2.271604690000000573e+03	-3.235393588162660539e-04
2.271634820000000218e+03	-2.988240894922084001e-04
2.271664960000000519e+03	-2.791089146688754963e-04
2.271695090000000164e+03	-2.593936453448159041e-04
2.271725230000000465e+03	-2.396784705214830002e-04
2.271755360000000564e+03	-2.249632011974214696e-04
2.271785490000000209e+03	-2.202479318733630009e-04
2.271815630000000510e+03	-2.255327570500273437e-04
2.271845760000000155e+03	-2.458174877259591828e-04
2.271875890000000254e+03	-2.711022184019029613e-04
2.271906030000000555e+03	-3.063870435785626123e-04
2.271936160000000200e+03	-3.266717742545013903e-04
2.271966300000000501e+03	-3.369565994311707335e-04
2.271996430000000146e+03	-3.322413301071053260e-04
2.272026560000000245e+03	-3.125260607830457338e-04
2.272056700000000546e+03	-2.928108859597128300e-04
2.272086830000000191e+03	-2.830956166356493608e-04
2.272116970000000492e+03	-2.833804418123156421e-04
2.272147100000000137e+03	-2.936651724882582970e-04
2.272177230000000236e+03	-3.089499031641920745e-04
2.272207370000000537e+03	-3.192347283408614178e-04
2.272237500000000182e+03	-3.245194590167990722e-04
2.272267630000000281e+03	-3.248041896927386651e-04
2.272297770000000583e+03	-3.250890148694049464e-04
2.272327900000000227e+03	-3.353737455453476013e-04
2.272358040000000528e+03	-3.506585707220150061e-04
2.272388170000000173e+03	-3.709433013979537841e-04
2.272418300000000272e+03	-3.912280320738925621e-04
2.272448440000000573e+03	-3.965128572505569049e-04
2.272478570000000218e+03	-3.867975879264934358e-04
2.272508710000000519e+03	-3.570824131031574700e-04
2.272538840000000164e+03	-3.173671437790986927e-04
2.272568970000000263e+03	-2.876518744550360385e-04
2.272599110000000564e+03	-2.679366996317031346e-04
2.272629240000000209e+03	-2.632214303076377271e-04
2.272659370000000308e+03	-2.735061609835803820e-04
2.272689510000000155e+03	-2.887909861602408479e-04
2.272719640000000254e+03	-2.940757168361785023e-04
2.272749780000000555e+03	-2.943605420128447836e-04
2.272779910000000200e+03	-2.796452726887832529e-04
2.272810040000000299e+03	-2.599300033647236607e-04
2.272840180000000146e+03	-2.402148285413907569e-04
2.272870310000000245e+03	-2.254995592173292263e-04
2.272900440000000344e+03	-2.257842898932688191e-04
2.272930580000000191e+03	-2.310691150699401009e-04
2.272960710000000290e+03	-2.313538457458796938e-04
2.272990850000000137e+03	-2.266386709225409746e-04
2.273020980000000236e+03	-2.169234015984844444e-04
2.273051110000000335e+03	-2.072081322744209753e-04
2.273081250000000182e+03	-1.924929574510791941e-04
2.273111380000000281e+03	-1.927776881270257259e-04
2.273141520000000583e+03	-1.980625133036970076e-04
2.273171650000000227e+03	-2.133472439796238462e-04
2.273201780000000326e+03	-2.286319746555715016e-04
2.273231920000000173e+03	-2.489167998322230901e-04
2.273262050000000272e+03	-2.542015305081746224e-04
2.273292180000000371e+03	-2.494862611841092148e-04
2.273322320000000218e+03	-2.397710863607724341e-04
2.273352450000000317e+03	-2.250558170367178423e-04
2.273382590000000164e+03	-2.153406422133741227e-04
2.273412720000000263e+03	-2.106253728893156540e-04
2.273442850000000362e+03	-2.159101035652533085e-04
2.273472990000000209e+03	-2.361949287419257137e-04
2.273503120000000308e+03	-2.614796594178625533e-04
2.273533250000000407e+03	-2.917643900938043933e-04
2.273563390000000254e+03	-3.170492152704679212e-04
2.273593520000000353e+03	-3.423339459464047607e-04
2.273623660000000200e+03	-3.476187711230760424e-04
2.273653790000000299e+03	-3.429035017990106349e-04
2.273683920000000398e+03	-3.331882324749541047e-04
2.273714060000000245e+03	-3.134730576516212008e-04
2.273744190000000344e+03	-2.937577883275616086e-04
2.273774330000000191e+03	-2.890426135042159506e-04
2.273804460000000290e+03	-2.893273441801624823e-04
2.273834590000000389e+03	-2.996120748561051372e-04
2.273864730000000236e+03	-3.098969000327675416e-04
2.273894860000000335e+03	-3.101816307087071345e-04
2.273924990000000435e+03	-3.054663613846486658e-04
2.273955130000000281e+03	-2.857511865613088231e-04
2.273985260000000380e+03	-2.610359172372511694e-04
2.274015400000000227e+03	-2.463207424139093882e-04
2.274045530000000326e+03	-2.466054730898489811e-04
2.274075660000000425e+03	-2.668902037657946980e-04
2.274105800000000272e+03	-3.021750289424543490e-04
2.274135930000000371e+03	-3.524597596183953740e-04
2.274166070000000218e+03	-3.877445847950619640e-04
2.274196200000000317e+03	-4.130293154709988035e-04
2.274226330000000416e+03	-4.083140461469403348e-04
2.274256470000000263e+03	-3.835988713236024306e-04
2.274286600000000362e+03	-3.488836019995417148e-04
2.274316730000000462e+03	-3.141683326754879380e-04
2.274346870000000308e+03	-2.894531578521500337e-04
2.274377000000000407e+03	-2.797378885280935035e-04
2.274407140000000254e+03	-2.850227137047509074e-04
2.274437270000000353e+03	-2.953074443806935623e-04
2.274467400000000453e+03	-3.005921750566381556e-04
2.274497540000000299e+03	-3.008770002332974980e-04
2.274527670000000398e+03	-2.911617309092409678e-04
2.274557800000000498e+03	-2.764464615851794371e-04
2.274587940000000344e+03	-2.667312867618426564e-04
2.274618070000000444e+03	-2.620160174377841877e-04
2.274648210000000290e+03	-2.573008426144385297e-04
2.274678340000000389e+03	-2.625855732903831230e-04
2.274708470000000489e+03	-2.678703039663277163e-04
2.274738610000000335e+03	-2.681551291429870587e-04
2.274768740000000435e+03	-2.684398598189335905e-04
2.274798880000000281e+03	-2.687246849955929329e-04
2.274829010000000380e+03	-2.740094156715305873e-04
2.274859140000000480e+03	-2.892941463474713037e-04
2.274889280000000326e+03	-3.095789715241367701e-04
2.274919410000000425e+03	-3.298637022000755481e-04
2.274949540000000525e+03	-3.551484328760123876e-04
2.274979680000000371e+03	-3.704332580526797924e-04
2.275009810000000471e+03	-3.657179887286213238e-04
2.275039950000000317e+03	-3.510028139052864815e-04
2.275070080000000416e+03	-3.162875445812257658e-04
2.275100210000000516e+03	-2.765722752571669885e-04
2.275130350000000362e+03	-2.418571004338329611e-04
2.275160480000000462e+03	-2.171418311097753073e-04
2.275190620000000308e+03	-2.174266562864346497e-04
2.275220750000000407e+03	-2.327113869623753661e-04
2.275250880000000507e+03	-2.579961176383191446e-04
2.275281020000000353e+03	-2.882809428149807340e-04
2.275311150000000453e+03	-3.135656734909175736e-04
2.275341280000000552e+03	-3.238504041668671674e-04
2.275371420000000398e+03	-3.291352293435176324e-04
2.275401550000000498e+03	-3.294199600194641642e-04
2.275431690000000344e+03	-3.297047851961235065e-04
2.275461820000000444e+03	-3.299895158720630994e-04
2.275491950000000543e+03	-3.402742465480057543e-04
2.275522090000000389e+03	-3.505590717246681587e-04
2.275552220000000489e+03	-3.508438024006077516e-04
2.275582350000000133e+03	-3.461285330765492829e-04
2.275612490000000435e+03	-3.364133582532125022e-04
2.275642620000000534e+03	-3.216980889291509715e-04
2.275672760000000380e+03	-3.169829141058191913e-04
2.275702890000000480e+03	-3.222676447817568457e-04
2.275733020000000579e+03	-3.325523754576995006e-04
2.275763160000000425e+03	-3.478372006343669054e-04
2.275793290000000525e+03	-3.481219313103064983e-04
2.275823430000000371e+03	-3.334067564869647171e-04
2.275853560000000471e+03	-2.986914871629109403e-04
2.275883690000000570e+03	-2.639762178388502245e-04
2.275913830000000416e+03	-2.392610430155053813e-04
2.275943960000000516e+03	-2.345457736914538516e-04
2.275974090000000160e+03	-2.498305043673876291e-04
2.276004230000000462e+03	-2.901153295440522806e-04
2.276034360000000561e+03	-3.304000602200041214e-04
2.276064500000000407e+03	-3.606848853966518331e-04
2.276094630000000507e+03	-3.759696160725994885e-04
2.276124760000000151e+03	-3.712543467485340809e-04
2.276154900000000453e+03	-3.565391719251992386e-04
2.276185030000000552e+03	-3.468239026011427084e-04
2.276215160000000196e+03	-3.421086332770773009e-04
2.276245300000000498e+03	-3.423934584537435821e-04
2.276275430000000142e+03	-3.476781891296812366e-04
2.276305570000000444e+03	-3.479630143063475178e-04
2.276335700000000543e+03	-3.382477449822909876e-04
2.276365830000000187e+03	-3.235324756582294570e-04
2.276395970000000489e+03	-3.038173008348965531e-04
2.276426100000000133e+03	-2.891020315108350225e-04
2.276456240000000435e+03	-2.843868566875032422e-04
2.276486370000000534e+03	-2.946715873634389582e-04
2.276516500000000178e+03	-3.149563180393777362e-04
2.276546640000000480e+03	-3.302411432160451410e-04
2.276576770000000579e+03	-3.455258738919858574e-04
2.276606900000000223e+03	-3.458106045679254503e-04
2.276637040000000525e+03	-3.460954297445847927e-04
2.276667170000000169e+03	-3.413801604205263240e-04
2.276697310000000471e+03	-3.416649855971926053e-04
2.276727440000000570e+03	-3.369497162731341366e-04
2.276757570000000214e+03	-3.322344469490687291e-04
2.276787710000000516e+03	-3.275192721257300099e-04
2.276817840000000160e+03	-3.128040028016684793e-04
2.276847980000000462e+03	-2.980888279783336370e-04
2.276878110000000561e+03	-2.833735586542721063e-04
2.276908240000000205e+03	-2.736582893302155761e-04
2.276938380000000507e+03	-2.739431145068818574e-04
2.276968510000000151e+03	-2.742278451828214503e-04
2.276998640000000250e+03	-2.845125758587571663e-04
2.277028780000000552e+03	-2.947974010354265095e-04
2.277058910000000196e+03	-3.050821317113691644e-04
2.277089050000000498e+03	-3.103669568880335072e-04
2.277119180000000142e+03	-3.206516875639692232e-04
2.277149310000000241e+03	-3.209364182399088161e-04
2.277179450000000543e+03	-3.162212434165770358e-04
2.277209580000000187e+03	-3.065059740925135667e-04
2.277239710000000287e+03	-2.817907047684559130e-04
2.277269850000000133e+03	-2.520755299451130083e-04
2.277299980000000232e+03	-2.223602606210572930e-04
2.277330120000000534e+03	-1.926450857977213271e-04
2.277360250000000178e+03	-1.779298164736528576e-04
2.277390380000000278e+03	-1.832145471496043898e-04
2.277420520000000579e+03	-2.084993723262679177e-04
2.277450650000000223e+03	-2.387841030022028188e-04
2.277480790000000525e+03	-2.790689281788674703e-04
2.277510920000000169e+03	-3.093536588548093103e-04
2.277541050000000268e+03	-3.296383895307480882e-04
2.277571190000000570e+03	-3.349232147074124311e-04
2.277601320000000214e+03	-3.252079453833489620e-04
2.277631450000000314e+03	-3.154926760592924317e-04
2.277661590000000160e+03	-3.057775012359556510e-04
2.277691720000000259e+03	-3.060622319118952439e-04
2.277721860000000561e+03	-3.163470570885645872e-04
2.277751990000000205e+03	-3.316317877645053036e-04
2.277782120000000305e+03	-3.469165184404460200e-04
2.277812260000000151e+03	-3.522013436171034240e-04
2.277842390000000250e+03	-3.474860742930518942e-04
2.277872520000000350e+03	-3.277708049689853631e-04
2.277902660000000196e+03	-2.980556301456493973e-04
2.277932790000000296e+03	-2.733403608215917435e-04
2.277962930000000142e+03	-2.536251859982449619e-04
2.277993060000000241e+03	-2.489099166741934321e-04
2.278023190000000341e+03	-2.591946473501360870e-04
2.278053330000000187e+03	-2.794794725267946145e-04
2.278083460000000287e+03	-2.997642032027403314e-04
2.278113600000000133e+03	-3.200490283793988588e-04
2.278143730000000232e+03	-3.303337590553345748e-04
2.278173860000000332e+03	-3.306184897312811066e-04
2.278204000000000178e+03	-3.259033149079423874e-04
2.278234130000000278e+03	-3.211880455838839188e-04
2.278264260000000377e+03	-3.114727762598204497e-04
2.278294400000000223e+03	-3.067576014364886694e-04
2.278324530000000323e+03	-2.920423321124271387e-04
2.278354670000000169e+03	-2.773271572890922965e-04
2.278384800000000268e+03	-2.626118879650307658e-04
2.278414930000000368e+03	-2.528966186409742356e-04
2.278445070000000214e+03	-2.531814438176405169e-04
2.278475200000000314e+03	-2.734661744935792949e-04
2.278505340000000160e+03	-3.037509996702408843e-04
2.278535470000000259e+03	-3.340357303461827243e-04
2.278565600000000359e+03	-3.593204610221265027e-04
2.278595740000000205e+03	-3.646052861987839067e-04
2.278625870000000305e+03	-3.498900168747223760e-04
2.278656000000000404e+03	-3.251747475506716611e-04
2.278686140000000250e+03	-2.954595727273287564e-04
2.278716270000000350e+03	-2.807443034032672258e-04
2.278746410000000196e+03	-2.910291285799296301e-04
2.278776540000000296e+03	-3.163138592558664697e-04
2.278806670000000395e+03	-3.515985899318133101e-04
2.278836810000000241e+03	-3.768834151084768380e-04
2.278866940000000341e+03	-3.821681457844144925e-04
2.278897070000000440e+03	-3.674528764603599007e-04
2.278927210000000287e+03	-3.377377016370169960e-04
2.278957340000000386e+03	-2.980224323129582187e-04
2.278987480000000232e+03	-2.683072574896222529e-04
2.279017610000000332e+03	-2.535919881655676611e-04
2.279047740000000431e+03	-2.488767188415022535e-04
2.279077880000000278e+03	-2.541615440181735353e-04
2.279108010000000377e+03	-2.594462746941111897e-04
2.279138150000000223e+03	-2.647310998707755325e-04
2.279168280000000323e+03	-2.650158305467151254e-04
2.279198410000000422e+03	-2.703005612226527798e-04
2.279228550000000268e+03	-2.805853863993151842e-04
2.279258680000000368e+03	-2.958701170752628395e-04
2.279288810000000467e+03	-3.111548477512035560e-04
2.279318950000000314e+03	-3.214396729278590215e-04
2.279349080000000413e+03	-3.167244036038074917e-04
2.279379220000000259e+03	-2.970092287804607101e-04
2.279409350000000359e+03	-2.722939594564030563e-04
2.279439480000000458e+03	-2.475786901323454026e-04
2.279469620000000305e+03	-2.378635153090086218e-04
2.279499750000000404e+03	-2.381482459849551536e-04
2.279529890000000250e+03	-2.534330711616086806e-04
2.279560020000000350e+03	-2.787178018375524591e-04
2.279590150000000449e+03	-2.990025325134912371e-04
2.279620290000000296e+03	-3.092873576901536414e-04
2.279650420000000395e+03	-2.995720883660971112e-04
2.279680550000000494e+03	-2.748568190420325186e-04
2.279710690000000341e+03	-2.451416442187034916e-04
2.279740820000000440e+03	-2.204263748946388990e-04
2.279770960000000287e+03	-2.007112000713059952e-04
2.279801090000000386e+03	-2.059959307472505885e-04
2.279831220000000485e+03	-2.262806614231893665e-04
2.279861360000000332e+03	-2.565654865998509560e-04
2.279891490000000431e+03	-2.918502172757908575e-04
2.279921620000000530e+03	-3.171349479517346359e-04
2.279951760000000377e+03	-3.274197731283970403e-04
2.279981890000000476e+03	-3.177045038043405101e-04
2.280012030000000323e+03	-3.029893289809987289e-04
2.280042160000000422e+03	-2.832740596569391367e-04
2.280072290000000521e+03	-2.735587903328826065e-04
2.280102430000000368e+03	-2.738436155095419489e-04
2.280132560000000467e+03	-2.941283461854807268e-04
2.280162700000000314e+03	-3.144131713621392543e-04
2.280192830000000413e+03	-3.246979020380819092e-04
2.280222960000000512e+03	-3.249826327140284410e-04
2.280253100000000359e+03	-3.052674578906885983e-04
2.280283230000000458e+03	-2.655521885666298210e-04
2.280313360000000557e+03	-2.308369192425760441e-04
2.280343500000000404e+03	-2.011217444192331394e-04
2.280373630000000503e+03	-1.964064750951746707e-04
2.280403770000000350e+03	-2.116913002718420755e-04
2.280433900000000449e+03	-2.519760309477800386e-04
2.280464030000000548e+03	-2.972607616237160633e-04
2.280494170000000395e+03	-3.375455868003876536e-04
2.280524300000000494e+03	-3.578303174763264316e-04
2.280554430000000139e+03	-3.631150481522640860e-04
2.280584570000000440e+03	-3.433998733289311822e-04
2.280614700000000539e+03	-3.136846040048685280e-04
2.280644840000000386e+03	-2.789694291815275617e-04
2.280674970000000485e+03	-2.542541598574768469e-04
2.280705100000000130e+03	-2.445388905334064389e-04
2.280735240000000431e+03	-2.548237157100757821e-04
2.280765370000000530e+03	-2.751084463860214990e-04
2.280795510000000377e+03	-3.053932715626761496e-04
2.280825640000000476e+03	-3.256780022386218665e-04
2.280855770000000575e+03	-3.359627329145575825e-04
2.280885910000000422e+03	-3.362475580912169248e-04
2.280916040000000521e+03	-3.215322887671623331e-04
2.280946170000000166e+03	-3.018170194430958020e-04
2.280976310000000467e+03	-2.921018446197659602e-04
2.281006440000000566e+03	-2.973865752957036146e-04
2.281036580000000413e+03	-3.176714004723690810e-04
2.281066710000000512e+03	-3.429561311483128594e-04
2.281096840000000157e+03	-3.682408618242496989e-04
2.281126980000000458e+03	-3.835256870009171037e-04
2.281157110000000557e+03	-3.738104176768536346e-04
2.281187250000000404e+03	-3.540952428535207308e-04
2.281217380000000503e+03	-3.243799735294580766e-04
2.281247510000000148e+03	-2.996647042054004229e-04
2.281277650000000449e+03	-2.849495293820655806e-04
2.281307780000000548e+03	-2.852342600580051735e-04
2.281337910000000193e+03	-2.905189907339428279e-04
2.281368050000000494e+03	-2.858038159106110476e-04
2.281398180000000139e+03	-2.710885465865425781e-04
2.281428320000000440e+03	-2.463733717632116127e-04
2.281458450000000539e+03	-2.166581024391489585e-04
2.281488580000000184e+03	-1.919428331150913047e-04
2.281518720000000485e+03	-1.922276582917506471e-04
2.281548850000000130e+03	-2.075123889676913636e-04
2.281578980000000229e+03	-2.427971196436312651e-04
2.281609120000000530e+03	-2.830819448202959165e-04
2.281639250000000175e+03	-3.133666754962377565e-04
2.281669390000000476e+03	-3.286515006728982224e-04
2.281699520000000575e+03	-3.239362313488397538e-04
2.281729650000000220e+03	-3.142209620247832236e-04
2.281759790000000521e+03	-3.045057872014464428e-04
2.281789920000000166e+03	-2.997905178773879742e-04
2.281820060000000467e+03	-3.100753430540503786e-04
2.281850190000000566e+03	-3.303600737299891565e-04
2.281880320000000211e+03	-3.506448044059348734e-04
2.281910460000000512e+03	-3.609296295825972778e-04
2.281940590000000157e+03	-3.612143602585368707e-04
2.281970720000000256e+03	-3.464990909344753400e-04
2.282000860000000557e+03	-3.217839161111443746e-04
2.282030990000000202e+03	-2.970686467870728431e-04
2.282061130000000503e+03	-2.723534719637418777e-04
2.282091260000000148e+03	-2.576382026396803471e-04
2.282121390000000247e+03	-2.529229333156218784e-04
2.282151530000000548e+03	-2.532077584922881597e-04
2.282181660000000193e+03	-2.584924891682188752e-04
2.282211790000000292e+03	-2.737772198441665306e-04
2.282241930000000139e+03	-2.840620450208289349e-04
2.282272060000000238e+03	-2.943467756967646509e-04
2.282302200000000539e+03	-2.996316008734289937e-04
2.282332330000000184e+03	-3.049163315493735871e-04
2.282362460000000283e+03	-3.052010622253131800e-04
2.282392600000000130e+03	-3.054858874019794612e-04
2.282422730000000229e+03	-3.007706180779140537e-04
2.282452870000000530e+03	-2.960554432545822734e-04
2.282483000000000175e+03	-2.863401739305257432e-04
2.282513130000000274e+03	-2.816249046064603356e-04
2.282543270000000575e+03	-2.769097297831285553e-04
2.282573400000000220e+03	-2.721944604590700867e-04
2.282603530000000319e+03	-2.774791911350077411e-04
2.282633670000000166e+03	-2.827640163116651451e-04
2.282663800000000265e+03	-2.980487469876128004e-04
2.282693940000000566e+03	-3.133335721642802052e-04
2.282724070000000211e+03	-3.286183028402139827e-04
2.282754200000000310e+03	-3.389030335161566376e-04
2.282784340000000157e+03	-3.441878586928140416e-04
2.282814470000000256e+03	-3.394725893687555729e-04
2.282844610000000557e+03	-3.247574145454276695e-04
2.282874740000000202e+03	-3.100421452213592000e-04
2.282904870000000301e+03	-2.903268758973065466e-04
2.282935010000000148e+03	-2.756117010739647655e-04
2.282965140000000247e+03	-2.658964317499012964e-04
2.282995270000000346e+03	-2.611811624258428277e-04
2.283025410000000193e+03	-2.564659876025110474e-04
2.283055540000000292e+03	-2.517507182784456399e-04
2.283085680000000139e+03	-2.520355434551119211e-04
2.283115810000000238e+03	-2.573202741310565145e-04
2.283145940000000337e+03	-2.676050048069922305e-04
2.283176080000000184e+03	-2.828898299836596353e-04
2.283206210000000283e+03	-2.981745606596003517e-04
2.283236340000000382e+03	-3.134592913355410682e-04
2.283266480000000229e+03	-3.237441165122034725e-04
2.283296610000000328e+03	-3.290288471881480659e-04
2.283326750000000175e+03	-3.243136723648024078e-04
2.283356880000000274e+03	-3.145984030407528165e-04
2.283387010000000373e+03	-3.048831337166893474e-04
2.283417150000000220e+03	-3.001679588933506282e-04
2.283447280000000319e+03	-2.954526895692921595e-04
2.283477420000000166e+03	-2.957375147459515019e-04
2.283507550000000265e+03	-2.960222454218910948e-04
2.283537680000000364e+03	-3.013069760978356881e-04
2.283567820000000211e+03	-3.065918012744930921e-04
2.283597950000000310e+03	-3.068765319504326849e-04
2.283628080000000409e+03	-3.021612626263811552e-04
2.283658220000000256e+03	-2.874460878030393740e-04
2.283688350000000355e+03	-2.677308184789797818e-04
2.283718490000000202e+03	-2.480156436556468780e-04
2.283748620000000301e+03	-2.333003743315853473e-04
2.283778750000000400e+03	-2.285851050075268787e-04
2.283808890000000247e+03	-2.338699301841912215e-04
2.283839020000000346e+03	-2.541546608601299995e-04
2.283869160000000193e+03	-2.844394860367985278e-04
2.283899290000000292e+03	-3.247242167127364909e-04
2.283929420000000391e+03	-3.550089473886783309e-04
2.283959560000000238e+03	-3.802937725653349199e-04
2.283989690000000337e+03	-3.905785032412845137e-04
2.284019820000000436e+03	-3.908632339172241066e-04
2.284049960000000283e+03	-3.761480590938823254e-04
2.284080090000000382e+03	-3.514327897698246717e-04
2.284110230000000229e+03	-3.217176149464817669e-04
2.284140360000000328e+03	-2.970023456224241132e-04
2.284170490000000427e+03	-2.672870762983753368e-04
2.284200630000000274e+03	-2.525719014750266167e-04
2.284230760000000373e+03	-2.428566321509700865e-04
2.284260890000000472e+03	-2.481413628269146798e-04
2.284291030000000319e+03	-2.684261880035732073e-04
2.284321160000000418e+03	-2.987109186795150473e-04
2.284351300000000265e+03	-3.289957438561766367e-04
2.284381430000000364e+03	-3.442804745321173532e-04
2.284411560000000463e+03	-3.445652052080569461e-04
2.284441700000000310e+03	-3.248500303847240422e-04
2.284471830000000409e+03	-2.901347610606633265e-04
2.284501970000000256e+03	-2.504195862373312376e-04
2.284532100000000355e+03	-2.257043169132666449e-04
2.284562230000000454e+03	-2.259890475892062378e-04
2.284592370000000301e+03	-2.512738727658767046e-04
2.284622500000000400e+03	-2.915586034418146677e-04
2.284652630000000499e+03	-3.318433341177526308e-04
2.284682770000000346e+03	-3.521281592944180971e-04
2.284712900000000445e+03	-3.474128899703596285e-04
2.284743040000000292e+03	-3.176977151470167238e-04
2.284773170000000391e+03	-2.729824458229598849e-04
2.284803300000000490e+03	-2.332671764989011076e-04
2.284833440000000337e+03	-2.185520016755662653e-04
2.284863570000000436e+03	-2.288367323515019813e-04
2.284893700000000536e+03	-2.591214630274507602e-04
2.284923840000000382e+03	-2.894062882041054108e-04
2.284953970000000481e+03	-3.146910188800491892e-04
2.284984110000000328e+03	-3.149758440567085316e-04
2.285014240000000427e+03	-2.952605747326489394e-04
2.285044370000000526e+03	-2.555453054085971010e-04
2.285074510000000373e+03	-2.208301305852561347e-04
2.285104640000000472e+03	-2.011148612611965425e-04
2.285134780000000319e+03	-2.063996864378608853e-04
2.285164910000000418e+03	-2.416844171138007868e-04
2.285195040000000517e+03	-2.919691477897418119e-04
2.285225180000000364e+03	-3.472539729664075869e-04
2.285255310000000463e+03	-3.925387036423436116e-04
2.285285440000000563e+03	-4.128234343182823896e-04
2.285315580000000409e+03	-4.081082594949506093e-04
2.285345710000000508e+03	-3.733929901708898935e-04
2.285375850000000355e+03	-3.286778153475458653e-04
2.285405980000000454e+03	-2.839625460234959653e-04
2.285436110000000554e+03	-2.492472766994352495e-04
2.285466250000000400e+03	-2.395321018760915299e-04
2.285496380000000499e+03	-2.548168325520391853e-04
2.285526520000000346e+03	-2.801016577286957743e-04
2.285556650000000445e+03	-3.153863884046426147e-04
2.285586780000000545e+03	-3.356711190805813927e-04
2.285616920000000391e+03	-3.359559442572407351e-04
2.285647050000000490e+03	-3.062406749331850198e-04
2.285677180000000135e+03	-2.615254056091212420e-04
2.285707320000000436e+03	-2.068102307857880295e-04
2.285737450000000536e+03	-1.720949614617273138e-04
2.285767590000000382e+03	-1.573797866383924715e-04
2.285797720000000481e+03	-1.776645173143312495e-04
2.285827850000000581e+03	-2.179492479902692126e-04
2.285857990000000427e+03	-2.682340731669369260e-04
2.285888120000000526e+03	-3.185188038428779511e-04
2.285918250000000171e+03	-3.488035345188128522e-04
2.285948390000000472e+03	-3.590883596954821955e-04
2.285978520000000572e+03	-3.593730903714217884e-04
2.286008660000000418e+03	-3.546579155480900081e-04
2.286038790000000517e+03	-3.549426462240296010e-04
2.286068920000000162e+03	-3.552273768999691939e-04
2.286099060000000463e+03	-3.555122020766354751e-04
2.286129190000000563e+03	-3.507969327525700676e-04
2.286159330000000409e+03	-3.310817579292302248e-04
2.286189460000000508e+03	-2.963664886051695091e-04
2.286219590000000153e+03	-2.516512192811126702e-04
2.286249730000000454e+03	-2.119360444577805813e-04
2.286279860000000554e+03	-1.872207751337159887e-04
2.286309990000000198e+03	-1.825055058096575200e-04
2.286340130000000499e+03	-2.027903309863160475e-04
2.286370260000000144e+03	-2.380750616622559490e-04
2.286400400000000445e+03	-2.833598868389186620e-04
2.286430530000000545e+03	-3.236446175148635640e-04
2.286460660000000189e+03	-3.489293481908004035e-04
2.286490800000000490e+03	-3.542141733674647464e-04
2.286520930000000135e+03	-3.444989040434082161e-04
2.286551070000000436e+03	-3.247837292200753123e-04
2.286581200000000536e+03	-2.900684598960145966e-04
2.286611330000000180e+03	-2.653531905719500039e-04
2.286641470000000481e+03	-2.456380157486171001e-04
2.286671600000000581e+03	-2.459227464245566930e-04
2.286701730000000225e+03	-2.612074771004974094e-04
2.286731870000000526e+03	-2.964923022771639993e-04
2.286762000000000171e+03	-3.367770329530950235e-04
2.286792140000000472e+03	-3.720618581297616134e-04
2.286822270000000572e+03	-3.973465888057123307e-04
2.286852400000000216e+03	-3.976313194816449847e-04
2.286882540000000517e+03	-3.829161446583101425e-04
2.286912670000000162e+03	-3.482008753342424878e-04
2.286942800000000261e+03	-3.134856060101887110e-04
2.286972940000000563e+03	-2.887704311868508067e-04
2.287003070000000207e+03	-2.790551618627873376e-04
2.287033210000000508e+03	-2.843399870394516804e-04
2.287063340000000153e+03	-3.046247177153904584e-04
2.287093470000000252e+03	-3.249094483913292364e-04
2.287123610000000554e+03	-3.401942735679966412e-04
2.287153740000000198e+03	-3.404790042439362341e-04
2.287183880000000499e+03	-3.307638294206063923e-04
2.287214010000000144e+03	-3.110485600965468000e-04
2.287244140000000243e+03	-2.913332907724802689e-04
2.287274280000000545e+03	-2.866181159491484887e-04
2.287304410000000189e+03	-2.969028466250911436e-04
2.287334540000000288e+03	-3.171875773010299215e-04
2.287364680000000135e+03	-3.424724024776865106e-04
2.287394810000000234e+03	-3.627571331536322274e-04
2.287424950000000536e+03	-3.680419583303035092e-04
2.287455080000000180e+03	-3.583266890062331012e-04
2.287485210000000279e+03	-3.336114196821823863e-04
2.287515350000000581e+03	-3.088962448588444820e-04
2.287545480000000225e+03	-2.891809755347779509e-04
2.287575610000000324e+03	-2.944657062107156054e-04
2.287605750000000171e+03	-3.147505313873810717e-04
2.287635880000000270e+03	-3.450352620633229117e-04
2.287666020000000572e+03	-3.703200872399864396e-04
2.287696150000000216e+03	-3.806048179159221556e-04
2.287726280000000315e+03	-3.658895485918606250e-04
2.287756420000000162e+03	-3.261743737685285360e-04
2.287786550000000261e+03	-2.714591044444686352e-04
2.287816690000000563e+03	-2.217439296211334843e-04
2.287846820000000207e+03	-1.970286602970758305e-04
2.287876950000000306e+03	-1.973133909730154234e-04
2.287907090000000153e+03	-2.275982161496839518e-04
2.287937220000000252e+03	-2.778829468256180379e-04
2.287967350000000351e+03	-3.281676775015590630e-04
2.287997490000000198e+03	-3.584525026782275914e-04
2.288027620000000297e+03	-3.737372333541683078e-04
2.288057760000000144e+03	-3.640220585308245882e-04
2.288087890000000243e+03	-3.393067892067738733e-04
2.288118020000000342e+03	-3.145915198827092807e-04
2.288148160000000189e+03	-2.998763450593674995e-04
2.288178290000000288e+03	-2.951610757353090309e-04
2.288208430000000135e+03	-3.004459009119664348e-04
2.288238560000000234e+03	-3.157306315879140901e-04
2.288268690000000333e+03	-3.210153622638586834e-04
2.288298830000000180e+03	-3.213001874405180258e-04
2.288328960000000279e+03	-3.115849181164545567e-04
2.288359090000000378e+03	-2.968696487923999650e-04
2.288389230000000225e+03	-2.871544739690631842e-04
2.288419360000000324e+03	-2.824392046449977767e-04
2.288449500000000171e+03	-2.827240298216640579e-04
2.288479630000000270e+03	-2.830087604976036508e-04
2.288509760000000369e+03	-2.882934911735482442e-04
2.288539900000000216e+03	-2.935783163502125870e-04
2.288570030000000315e+03	-2.938630470261521799e-04
2.288600160000000415e+03	-2.991477777020898343e-04
2.288630300000000261e+03	-3.044326028787541771e-04
2.288660430000000360e+03	-3.197173335546948936e-04
2.288690570000000207e+03	-3.250021587313592364e-04
2.288720700000000306e+03	-3.302868894073038297e-04
2.288750830000000406e+03	-3.205716200832403606e-04
2.288780970000000252e+03	-2.958564452599024563e-04
2.288811100000000351e+03	-2.611411759358486795e-04
2.288841240000000198e+03	-2.214260011125027128e-04
2.288871370000000297e+03	-1.917107317884469975e-04
2.288901500000000397e+03	-1.819954624643904673e-04
2.288931640000000243e+03	-2.022802876410489947e-04
2.288961770000000342e+03	-2.475650183169919583e-04
2.288991900000000442e+03	-3.028497489929310449e-04
2.289022040000000288e+03	-3.631345741695879425e-04
2.289052170000000388e+03	-4.034193048455397834e-04
2.289082310000000234e+03	-4.187041300222002493e-04
2.289112440000000333e+03	-4.089888606981367802e-04
2.289142570000000433e+03	-3.792735913740741260e-04
2.289172710000000279e+03	-3.395584165507420371e-04
2.289202840000000378e+03	-3.048431472266813214e-04
2.289232970000000478e+03	-2.801278779026236676e-04
2.289263110000000324e+03	-2.704127030792868869e-04
2.289293240000000424e+03	-2.756974337552245413e-04
2.289323380000000270e+03	-2.909822589318919461e-04
2.289353510000000369e+03	-3.062669896078326626e-04
2.289383640000000469e+03	-3.265517202837714406e-04
2.289413780000000315e+03	-3.368365454604407838e-04
2.289443910000000415e+03	-3.471212761363764998e-04
2.289474050000000261e+03	-3.474061013130358422e-04
2.289504180000000360e+03	-3.426908319889843124e-04
2.289534310000000460e+03	-3.379755626649258438e-04
2.289564450000000306e+03	-3.332603878415871246e-04
2.289594580000000406e+03	-3.235451185175236555e-04
2.289624710000000505e+03	-3.188298491934721257e-04
2.289654850000000351e+03	-3.091146743701214672e-04
2.289684980000000451e+03	-3.043994050460699374e-04
2.289715120000000297e+03	-3.046842302227292798e-04
2.289745250000000397e+03	-3.049689608986688727e-04
2.289775380000000496e+03	-3.052536915746154045e-04
2.289805520000000342e+03	-3.155385167512708700e-04
2.289835650000000442e+03	-3.208232474272154633e-04
2.289865790000000288e+03	-3.311080726038778677e-04
2.289895920000000388e+03	-3.363928032798224610e-04
2.289926050000000487e+03	-3.366775339557620539e-04
2.289956190000000333e+03	-3.269623591324252732e-04
2.289986320000000433e+03	-3.172470898083618041e-04
2.290016450000000532e+03	-3.075318204843052738e-04
2.290046590000000378e+03	-3.028166456609734936e-04
2.290076720000000478e+03	-3.031013763369130865e-04
2.290106860000000324e+03	-3.083862015135704904e-04
2.290136990000000424e+03	-3.186709321895131453e-04
2.290167120000000523e+03	-3.239556628654577386e-04
2.290197260000000369e+03	-3.292404880421151425e-04
2.290227390000000469e+03	-3.345252187180597359e-04
2.290257520000000568e+03	-3.298099493940012672e-04
2.290287660000000415e+03	-3.300947745706606096e-04
2.290317790000000514e+03	-3.203795052466040794e-04
2.290347930000000360e+03	-3.156643304232584213e-04
2.290378060000000460e+03	-3.009490610992038295e-04
2.290408190000000559e+03	-2.862337917751422989e-04
2.290438330000000406e+03	-2.715186169518074566e-04
2.290468460000000505e+03	-2.618033476277509264e-04
2.290498600000000351e+03	-2.570881728044122072e-04
2.290528730000000451e+03	-2.573729034803518001e-04
2.290558860000000550e+03	-2.676576341562875161e-04
2.290589000000000397e+03	-2.829424593329549209e-04
2.290619130000000496e+03	-2.932271900088975758e-04
2.290649260000000140e+03	-2.985119206848352302e-04
2.290679400000000442e+03	-2.937967458615034499e-04
2.290709530000000541e+03	-2.890814765374380424e-04
2.290739670000000388e+03	-2.843663017141062621e-04
2.290769800000000487e+03	-2.846510323900458550e-04
2.290799930000000131e+03	-2.899357630659835094e-04
2.290830070000000433e+03	-3.002205882426528527e-04
2.290860200000000532e+03	-3.105053189185955076e-04
2.290890340000000378e+03	-3.107901440952548500e-04
2.290920470000000478e+03	-3.010748747711913809e-04
2.290950600000000577e+03	-2.913596054471348507e-04
2.290980740000000424e+03	-2.816444306237980699e-04
2.291010870000000523e+03	-2.769291612997396013e-04
2.291041000000000167e+03	-2.772138919756791942e-04
2.291071140000000469e+03	-2.874987171523346596e-04
2.291101270000000568e+03	-2.927834478282792530e-04
2.291131410000000415e+03	-2.930682730049385953e-04
2.291161540000000514e+03	-2.933530036808781882e-04
2.291191670000000158e+03	-2.836377343568216580e-04
2.291221810000000460e+03	-2.789225595334898777e-04
2.291251940000000559e+03	-2.792072902094294706e-04
2.291282070000000203e+03	-2.894920208853651866e-04
2.291312210000000505e+03	-2.947768460620295294e-04
2.291342340000000149e+03	-3.000615767379741228e-04
2.291372480000000451e+03	-2.953464019146354036e-04
2.291402610000000550e+03	-2.856311325905788734e-04
2.291432740000000194e+03	-2.709158632665173427e-04
2.291462880000000496e+03	-2.612006884431875009e-04
2.291493010000000140e+03	-2.614854191191201549e-04
2.291523150000000442e+03	-2.667702442957844977e-04
2.291553280000000541e+03	-2.820549749717321530e-04
2.291583410000000185e+03	-2.923397056476609301e-04
2.291613550000000487e+03	-2.876245308243291499e-04
2.291643680000000131e+03	-2.779092615002587419e-04
2.291673810000000231e+03	-2.581939921762060886e-04
2.291703950000000532e+03	-2.384788173528731847e-04
2.291734080000000176e+03	-2.337635480288077772e-04
2.291764220000000478e+03	-2.490483732054751820e-04
2.291794350000000577e+03	-2.793331038814170220e-04
2.291824480000000221e+03	-3.196178345573549850e-04
2.291854620000000523e+03	-3.599026597340196365e-04
2.291884750000000167e+03	-3.901873904099545376e-04
2.291914880000000267e+03	-4.004721210858971925e-04
2.291945020000000568e+03	-3.907569462625604118e-04
2.291975150000000212e+03	-3.760416769385058200e-04
2.292005290000000514e+03	-3.613265021151709777e-04
2.292035420000000158e+03	-3.416112327911113855e-04
2.292065550000000258e+03	-3.218959634670517933e-04
2.292095690000000559e+03	-3.021807886437119506e-04
2.292125820000000203e+03	-2.724655193196562353e-04
2.292155960000000505e+03	-2.427503444963202694e-04
2.292186090000000149e+03	-2.130350751722506764e-04
2.292216220000000249e+03	-1.983198058482030235e-04
2.292246360000000550e+03	-1.936046310248643043e-04
2.292276490000000194e+03	-2.138893617007961434e-04
2.292306620000000294e+03	-2.541740923767479843e-04
2.292336760000000140e+03	-2.994589175533968195e-04
2.292366890000000240e+03	-3.397436482293417215e-04
2.292397030000000541e+03	-3.650284734060121883e-04
2.292427160000000185e+03	-3.703132040819429038e-04
2.292457290000000285e+03	-3.555979347578883121e-04
2.292487430000000131e+03	-3.258827599345523462e-04
2.292517560000000231e+03	-2.961674906104896920e-04
2.292547700000000532e+03	-2.714523157871587267e-04
2.292577830000000176e+03	-2.567370464630971960e-04
2.292607960000000276e+03	-2.520217771390317885e-04
2.292638100000000577e+03	-2.573066023157030702e-04
2.292668230000000221e+03	-2.575913329916426631e-04
2.292698360000000321e+03	-2.628760636675803175e-04
2.292728500000000167e+03	-2.731608888442496608e-04
2.292758630000000267e+03	-2.834456195201853768e-04
2.292788770000000568e+03	-2.987304446968527816e-04
2.292818900000000212e+03	-3.240151753727896211e-04
2.292849030000000312e+03	-3.542999060487314611e-04
2.292879170000000158e+03	-3.745847312253899886e-04
2.292909300000000258e+03	-3.848694619013326434e-04
2.292939430000000357e+03	-3.751541925772761132e-04
2.292969570000000203e+03	-3.554390177539362705e-04
2.292999700000000303e+03	-3.207237484298755548e-04
2.293029840000000149e+03	-2.910085736065326500e-04
2.293059970000000249e+03	-2.712933042824730578e-04
2.293090100000000348e+03	-2.565780349584184661e-04
2.293120240000000194e+03	-2.568628601350778085e-04
2.293150370000000294e+03	-2.671475908110204633e-04
2.293180510000000140e+03	-2.724324159876848062e-04
2.293210640000000240e+03	-2.777171466636293995e-04
2.293240770000000339e+03	-2.780018773395689924e-04
2.293270910000000185e+03	-2.682867025162322117e-04
2.293301040000000285e+03	-2.585714331921687426e-04
2.293331170000000384e+03	-2.538561638681102739e-04
2.293361310000000231e+03	-2.491409890447784936e-04
2.293391440000000330e+03	-2.494257197207180865e-04
2.293421580000000176e+03	-2.547105448973824293e-04
2.293451710000000276e+03	-2.599952755733200838e-04
2.293481840000000375e+03	-2.652800062492646771e-04
2.293511980000000221e+03	-2.755648314259201426e-04
2.293542110000000321e+03	-2.808495621018716748e-04
2.293572240000000420e+03	-2.861342927778093292e-04
2.293602380000000267e+03	-2.914191179544667332e-04
2.293632510000000366e+03	-2.867038486304152034e-04
2.293662650000000212e+03	-2.869886738070676069e-04
2.293692780000000312e+03	-2.822734044830160771e-04
2.293722910000000411e+03	-2.825581351589556700e-04
2.293753050000000258e+03	-2.828429603356150124e-04
2.293783180000000357e+03	-2.931276910115576673e-04
2.293813320000000203e+03	-3.084125161882181332e-04
2.293843450000000303e+03	-3.186972468641538492e-04
2.293873580000000402e+03	-3.289819775400965041e-04
2.293903720000000249e+03	-3.292668027167627853e-04
2.293933850000000348e+03	-3.245515333927043167e-04
2.293963980000000447e+03	-3.098362640686427860e-04
2.293994120000000294e+03	-2.951210892453079437e-04
2.294024250000000393e+03	-2.854058199212514135e-04
2.294054390000000240e+03	-2.856906450979176948e-04
2.294084520000000339e+03	-2.959753757738534108e-04
2.294114650000000438e+03	-3.112601064497941272e-04
2.294144790000000285e+03	-3.315449316264595936e-04
2.294174920000000384e+03	-3.468296623024003100e-04
2.294205060000000231e+03	-3.571144874790557755e-04
2.294235190000000330e+03	-3.573992181550023073e-04
2.294265320000000429e+03	-3.576839488309419002e-04
2.294295460000000276e+03	-3.579687740076012425e-04
2.294325590000000375e+03	-3.532535046835427739e-04
2.294355720000000474e+03	-3.485382353594912441e-04
2.294385860000000321e+03	-3.388230605361475245e-04
2.294415990000000420e+03	-3.191077912120879323e-04
2.294446130000000267e+03	-2.993926163887480896e-04
2.294476260000000366e+03	-2.796773470646884974e-04
2.294506390000000465e+03	-2.699620777406319672e-04
2.294536530000000312e+03	-2.652469029172932480e-04
2.294566660000000411e+03	-2.705316335932309024e-04
2.294596790000000510e+03	-2.858163642691785578e-04
2.294626930000000357e+03	-3.011011894458390237e-04
2.294657060000000456e+03	-3.063859201217766781e-04
2.294687200000000303e+03	-3.016707452984448978e-04
2.294717330000000402e+03	-2.869554759743833672e-04
2.294747460000000501e+03	-2.722402066503218365e-04
2.294777600000000348e+03	-2.625250318269919947e-04
2.294807730000000447e+03	-2.678097625029296491e-04
2.294837870000000294e+03	-2.880945876795881766e-04
2.294868000000000393e+03	-3.183793183555369555e-04
2.294898130000000492e+03	-3.436640490314737950e-04
2.294928270000000339e+03	-3.539488742081361994e-04
2.294958400000000438e+03	-3.492336048840846696e-04
2.294988530000000537e+03	-3.245183355600200770e-04
2.295018670000000384e+03	-2.948031607366841111e-04
2.295048800000000483e+03	-2.700878914126264574e-04
2.295078940000000330e+03	-2.603727165892827378e-04
2.295109070000000429e+03	-2.606574472652292696e-04
2.295139200000000528e+03	-2.709421779411649855e-04
2.295169340000000375e+03	-2.762270031178223895e-04
2.295199470000000474e+03	-2.715117337937708597e-04
2.295229610000000321e+03	-2.567965589704290785e-04
2.295259740000000420e+03	-2.370812896463694863e-04
2.295289870000000519e+03	-2.223660203223079557e-04
2.295320010000000366e+03	-2.276508454989792374e-04
2.295350140000000465e+03	-2.429355761749130149e-04
2.295380270000000564e+03	-2.732203068508548549e-04
2.295410410000000411e+03	-3.035051320275233833e-04
2.295440540000000510e+03	-3.187898627034640997e-04
2.295470680000000357e+03	-3.190746878801303810e-04
2.295500810000000456e+03	-3.043594185560688503e-04
2.295530940000000555e+03	-2.796441492320042577e-04
2.295561080000000402e+03	-2.599289744086713538e-04
2.295591210000000501e+03	-2.552137050846128852e-04
2.295621340000000146e+03	-2.654984357605555401e-04
2.295651480000000447e+03	-2.907832609372190680e-04
2.295681610000000546e+03	-3.210679916131609080e-04
2.295711750000000393e+03	-3.363528167898144350e-04
2.295741880000000492e+03	-3.366375474657540279e-04
2.295772010000000137e+03	-3.219222781416994361e-04
2.295802150000000438e+03	-2.922071033183565314e-04
2.295832280000000537e+03	-2.624918339943008161e-04
2.295862420000000384e+03	-2.477766591709590349e-04
2.295892550000000483e+03	-2.530613898469036283e-04
2.295922680000000582e+03	-2.783461205228474067e-04
2.295952820000000429e+03	-3.136309456995070577e-04
2.295982950000000528e+03	-3.489156763754469592e-04
2.296013080000000173e+03	-3.742004070513837988e-04
2.296043220000000474e+03	-3.794852322280550805e-04
2.296073350000000573e+03	-3.647699629039935498e-04
2.296103490000000420e+03	-3.350547880806575840e-04
2.296133620000000519e+03	-3.003395187565968683e-04
2.296163750000000164e+03	-2.806242494325372760e-04
2.296193890000000465e+03	-2.759090746092054958e-04
2.296224020000000564e+03	-2.911938052851462122e-04
2.296254150000000209e+03	-3.164785359610830517e-04
2.296284290000000510e+03	-3.417633611377465797e-04
2.296314420000000155e+03	-3.620480918136853576e-04
2.296344560000000456e+03	-3.623329169903516389e-04
2.296374690000000555e+03	-3.476176476662970471e-04
2.296404820000000200e+03	-3.179023783422274541e-04
2.296434960000000501e+03	-2.931872035188964887e-04
2.296465090000000146e+03	-2.784719341948280191e-04
2.296495230000000447e+03	-2.787567593714943004e-04
2.296525360000000546e+03	-2.940414900474419557e-04
2.296555490000000191e+03	-3.193262207233718564e-04
2.296585630000000492e+03	-3.396110459000373227e-04
2.296615760000000137e+03	-3.498957765759799776e-04
2.296645890000000236e+03	-3.401805072519165085e-04
2.296676030000000537e+03	-3.204653324285836047e-04
2.296706160000000182e+03	-2.957500631045259509e-04
2.296736300000000483e+03	-2.710348882811880467e-04
2.296766430000000582e+03	-2.563196189571265160e-04
2.296796560000000227e+03	-2.516043496330680473e-04
2.296826700000000528e+03	-2.668891748097354522e-04
2.296856830000000173e+03	-2.821739054856761686e-04
2.296886970000000474e+03	-3.074587306623396965e-04
2.296917100000000573e+03	-3.227434613382804129e-04
2.296947230000000218e+03	-3.330281920142230678e-04
2.296977370000000519e+03	-3.383130171908874106e-04
2.297007500000000164e+03	-3.335977478668220031e-04
2.297037630000000263e+03	-3.238824785427654729e-04
2.297067770000000564e+03	-3.141673037194286922e-04
2.297097900000000209e+03	-3.094520343953632846e-04
2.297128040000000510e+03	-3.097368595720295659e-04
2.297158170000000155e+03	-3.150215902479672203e-04
2.297188300000000254e+03	-3.253063209239098752e-04
2.297218440000000555e+03	-3.405911461005703411e-04
2.297248570000000200e+03	-3.458758767765079956e-04
2.297278700000000299e+03	-3.411606074524495269e-04
2.297308840000000146e+03	-3.264454326291146846e-04
2.297338970000000245e+03	-2.967301633050520304e-04
2.297369110000000546e+03	-2.670149884817230035e-04
2.297399240000000191e+03	-2.422997191576584108e-04
2.297429370000000290e+03	-2.325844498336018806e-04
2.297459510000000137e+03	-2.478692750102692854e-04
2.297489640000000236e+03	-2.881540056862072485e-04
2.297519780000000537e+03	-3.334388308628699615e-04
2.297549910000000182e+03	-3.787235615388129251e-04
2.297580040000000281e+03	-4.040082922147497646e-04
2.297610180000000582e+03	-3.992931173914179843e-04
2.297640310000000227e+03	-3.595778480673592070e-04
2.297670440000000326e+03	-3.048625787432993062e-04
2.297700580000000173e+03	-2.401474039199560928e-04
2.297730710000000272e+03	-1.954321345958992540e-04
2.297760850000000573e+03	-1.757169597725594112e-04
2.297790980000000218e+03	-1.910016904484931888e-04
2.297821110000000317e+03	-2.212864211244419677e-04
2.297851250000000164e+03	-2.665712463010977418e-04
2.297881380000000263e+03	-3.018559769770376433e-04
2.297911510000000362e+03	-3.271407076529883606e-04
2.297941650000000209e+03	-3.324255328296457646e-04
2.297971780000000308e+03	-3.327102635055853574e-04
2.298001920000000155e+03	-3.279950886822535772e-04
2.298032050000000254e+03	-3.282798193581931701e-04
2.298062180000000353e+03	-3.285645500341327629e-04
2.298092320000000200e+03	-3.188493752107959822e-04
2.298122450000000299e+03	-2.991341058867363900e-04
2.298152590000000146e+03	-2.644189310634023626e-04
2.298182720000000245e+03	-2.197036617393455238e-04
2.298212850000000344e+03	-1.749883924152817460e-04
2.298242990000000191e+03	-1.452732175919388413e-04
2.298273120000000290e+03	-1.455579482678853731e-04
2.298303250000000389e+03	-1.708426789438291515e-04
2.298333390000000236e+03	-2.261275041204879876e-04
2.298363520000000335e+03	-2.864122347964320747e-04
2.298393660000000182e+03	-3.466970599730889724e-04
2.298423790000000281e+03	-3.819817906490358128e-04
2.298453920000000380e+03	-3.972665213249765293e-04
2.298484060000000227e+03	-3.825513465016347481e-04
2.298514190000000326e+03	-3.578360771775770943e-04
2.298544330000000173e+03	-3.281209023542411285e-04
2.298574460000000272e+03	-3.034056330301765358e-04
2.298604590000000371e+03	-2.836903637061238825e-04
2.298634730000000218e+03	-2.739751888827801629e-04
2.298664860000000317e+03	-2.592599195587255712e-04
2.298694990000000416e+03	-2.445446502346640405e-04
2.298725130000000263e+03	-2.298294754113291982e-04
2.298755260000000362e+03	-2.251142060872707296e-04
2.298785400000000209e+03	-2.303990312639350724e-04
2.298815530000000308e+03	-2.606837619398769124e-04
2.298845660000000407e+03	-3.059684926158129370e-04
2.298875800000000254e+03	-3.662533177924767736e-04
2.298905930000000353e+03	-4.115380484684197371e-04
2.298936060000000452e+03	-4.368227791443565766e-04
2.298966200000000299e+03	-4.321076043210247963e-04
2.298996330000000398e+03	-3.923923349969660190e-04
2.299026470000000245e+03	-3.326771601736278061e-04
2.299056600000000344e+03	-2.779618908495609664e-04
2.299086730000000443e+03	-2.382466215255091280e-04
2.299116870000000290e+03	-2.285314467021723472e-04
2.299147000000000389e+03	-2.438161773781061248e-04
2.299177140000000236e+03	-2.691010025547696527e-04
2.299207270000000335e+03	-2.943857332307064922e-04
2.299237400000000434e+03	-2.996704639066580245e-04
2.299267540000000281e+03	-2.899552890833143048e-04
2.299297670000000380e+03	-2.702400197592547126e-04
2.299327800000000479e+03	-2.505247504352020593e-04
2.299357940000000326e+03	-2.458095756118564013e-04
2.299388070000000425e+03	-2.610943062877971177e-04
2.299418210000000272e+03	-2.913791314644656461e-04
2.299448340000000371e+03	-3.266638621404055476e-04
2.299478470000000470e+03	-3.419485928163462640e-04
2.299508610000000317e+03	-3.322334179930094833e-04
2.299538740000000416e+03	-2.975181486689487675e-04
2.299568880000000263e+03	-2.528029738456186171e-04
2.299599010000000362e+03	-2.130877045215598398e-04
2.299629140000000461e+03	-1.933724351974933087e-04
2.299659280000000308e+03	-2.086572603741537746e-04
2.299689410000000407e+03	-2.489419910500986766e-04
2.299719540000000507e+03	-3.092267217260427636e-04
2.299749680000000353e+03	-3.595115469027035382e-04
2.299779810000000452e+03	-3.847962775786473166e-04
2.299809950000000299e+03	-3.800811027553016586e-04
2.299840080000000398e+03	-3.453658334312478817e-04
2.299870210000000498e+03	-2.956505641071860424e-04
2.299900350000000344e+03	-2.459353892838439526e-04
2.299930480000000443e+03	-2.162201199597951762e-04
2.299960610000000543e+03	-2.165048506357347691e-04
2.299990750000000389e+03	-2.367896758123932965e-04
2.300020880000000489e+03	-2.720744064883331981e-04
2.300051020000000335e+03	-3.123592316649978495e-04
2.300081150000000434e+03	-3.426439623409396895e-04
2.300111280000000534e+03	-3.579286930168734671e-04
2.300141420000000380e+03	-3.532135181935416868e-04
2.300171550000000479e+03	-3.384982488694801561e-04
2.300201690000000326e+03	-3.137830740461491907e-04
2.300231820000000425e+03	-2.940678047220895985e-04
2.300261950000000525e+03	-2.793525353980280679e-04
2.300292090000000371e+03	-2.796373605746943491e-04
2.300322220000000470e+03	-2.849220912506320036e-04
2.300352350000000570e+03	-2.952068219265746585e-04
2.300382490000000416e+03	-3.054916471032370628e-04
2.300412620000000516e+03	-3.107763777791816562e-04
2.300442760000000362e+03	-3.110612029558409986e-04
2.300472890000000461e+03	-3.013459336317775294e-04
2.300503020000000561e+03	-2.866306643077229377e-04
2.300533160000000407e+03	-2.719154894843811565e-04
2.300563290000000507e+03	-2.572002201603196259e-04
2.300593420000000151e+03	-2.524849508362611572e-04
2.300623560000000452e+03	-2.477697760129224380e-04
2.300653690000000552e+03	-2.530545066888670314e-04
2.300683830000000398e+03	-2.683393318655274973e-04
2.300713960000000498e+03	-2.836240625414682137e-04
2.300744090000000142e+03	-3.039087932174069917e-04
2.300774230000000443e+03	-3.191936183940743965e-04
2.300804360000000543e+03	-3.294783490700101125e-04
2.300834500000000389e+03	-3.247631742466783322e-04
2.300864630000000489e+03	-3.150479049226218020e-04
2.300894760000000133e+03	-2.953326355985552709e-04
2.300924900000000434e+03	-2.806174607752273675e-04
2.300955030000000534e+03	-2.709021914511638984e-04
2.300985160000000178e+03	-2.761869221271015529e-04
2.301015300000000479e+03	-3.014717473037720197e-04
2.301045430000000579e+03	-3.317564779797069208e-04
2.301075570000000425e+03	-3.570413031563704487e-04
2.301105700000000525e+03	-3.723260338323181040e-04
2.301135830000000169e+03	-3.676107645082457576e-04
2.301165970000000470e+03	-3.478955896849128537e-04
2.301196100000000570e+03	-3.181803203608640773e-04
2.301226240000000416e+03	-2.984651455375103568e-04
2.301256370000000516e+03	-2.887498762134607655e-04
2.301286500000000160e+03	-2.940346068893914810e-04
2.301316640000000461e+03	-3.093194320660588859e-04
2.301346770000000561e+03	-3.296041627420046027e-04
2.301376900000000205e+03	-3.398888934179403187e-04
2.301407040000000507e+03	-3.301737185946035380e-04
2.301437170000000151e+03	-3.154584492705420073e-04
2.301467310000000452e+03	-2.957432744472091035e-04
2.301497440000000552e+03	-2.860280051231525733e-04
2.301527570000000196e+03	-2.863127357990921662e-04
2.301557710000000498e+03	-2.865975609757584475e-04
2.301587840000000142e+03	-2.918822916516961019e-04
2.301617970000000241e+03	-2.871670223276376332e-04
2.301648110000000543e+03	-2.624518475042997290e-04
2.301678240000000187e+03	-2.277365781802390132e-04
2.301708380000000489e+03	-1.980214033569099863e-04
2.301738510000000133e+03	-1.783061340328365163e-04
2.301768640000000232e+03	-1.835908647087880485e-04
2.301798780000000534e+03	-2.138756898854496380e-04
2.301828910000000178e+03	-2.591604205613856626e-04
2.301859050000000479e+03	-2.994452457380503141e-04
2.301889180000000579e+03	-3.297299764139921541e-04
2.301919310000000223e+03	-3.350147070899298085e-04
2.301949450000000525e+03	-3.202995322665949662e-04
2.301979580000000169e+03	-3.055842629425264967e-04
2.302009710000000268e+03	-2.908689936184719049e-04
2.302039850000000570e+03	-2.861538187951331857e-04
2.302069980000000214e+03	-2.964385494710758406e-04
2.302100120000000516e+03	-3.117233746477432454e-04
2.302130250000000160e+03	-3.270081053236839619e-04
2.302160380000000259e+03	-3.322928359996216163e-04
2.302190520000000561e+03	-3.325776611762878976e-04
2.302220650000000205e+03	-3.228623918522244285e-04
2.302250790000000507e+03	-3.181472170288926482e-04
2.302280920000000151e+03	-3.184319477048322411e-04
2.302311050000000250e+03	-3.237166783807698955e-04
2.302341190000000552e+03	-3.290015035574411773e-04
2.302371320000000196e+03	-3.292862342333807701e-04
2.302401450000000295e+03	-3.245709649093153626e-04
2.302431590000000142e+03	-3.148557900859785819e-04
2.302461720000000241e+03	-3.001405207619170512e-04
2.302491860000000543e+03	-2.904253459385802705e-04
2.302521990000000187e+03	-2.857100766145218018e-04
2.302552120000000286e+03	-2.909948072904594563e-04
2.302582260000000133e+03	-2.912796324671187986e-04
2.302612390000000232e+03	-2.915643631430583915e-04
2.302642520000000331e+03	-2.918490938190049233e-04
2.302672660000000178e+03	-2.871339189956662041e-04
2.302702790000000277e+03	-2.824186496716077355e-04
2.302732930000000579e+03	-2.827034748482740167e-04
2.302763060000000223e+03	-2.879882055242116712e-04
2.302793190000000322e+03	-3.032729362001523876e-04
2.302823330000000169e+03	-3.135577613768147920e-04
2.302853460000000268e+03	-3.288424920527555084e-04
2.302883600000000570e+03	-3.341273172294267901e-04
2.302913730000000214e+03	-3.394120479053644446e-04
2.302943860000000313e+03	-3.396967785813040375e-04
2.302974000000000160e+03	-3.399816037579633798e-04
2.303004130000000259e+03	-3.352663344339118501e-04
2.303034260000000359e+03	-3.305510651098464425e-04
2.303064400000000205e+03	-3.208358902865096618e-04
2.303094530000000304e+03	-3.061206209624550700e-04
2.303124670000000151e+03	-2.964054461391044115e-04
2.303154800000000250e+03	-2.916901768150528818e-04
2.303184930000000350e+03	-2.969749074909974751e-04
2.303215070000000196e+03	-3.172597326676490637e-04
2.303245200000000295e+03	-3.425444633435997810e-04
2.303275330000000395e+03	-3.678291940195366205e-04
2.303305470000000241e+03	-3.781140191961990249e-04
2.303335600000000341e+03	-3.733987498721474951e-04
2.303365740000000187e+03	-3.486835750488026520e-04
2.303395870000000286e+03	-3.089683057247438747e-04
2.303426000000000386e+03	-2.642530364006800969e-04
2.303456140000000232e+03	-2.345378615773510700e-04
2.303486270000000331e+03	-2.198225922532895393e-04
2.303516410000000178e+03	-2.301074174299519437e-04
2.303546540000000277e+03	-2.603921481058937837e-04
2.303576670000000377e+03	-2.906768787818356237e-04
2.303606810000000223e+03	-3.109617039585010900e-04
2.303636940000000322e+03	-3.162464346344387445e-04
2.303667070000000422e+03	-2.965311653103791523e-04
2.303697210000000268e+03	-2.618159904870451249e-04
2.303727340000000368e+03	-2.271007211629844091e-04
2.303757480000000214e+03	-2.073855463396445664e-04
2.303787610000000313e+03	-2.126702770155891598e-04
2.303817740000000413e+03	-2.479550076915290613e-04
2.303847880000000259e+03	-3.032398328681878974e-04
2.303878010000000359e+03	-3.685245635441300460e-04
2.303908150000000205e+03	-4.188093887207908206e-04
2.303938280000000304e+03	-4.440941193967276601e-04
2.303968410000000404e+03	-4.293788500726730684e-04
2.303998550000000250e+03	-3.846636752493359790e-04
2.304028680000000350e+03	-3.199484059252730161e-04
2.304058810000000449e+03	-2.602331366012219926e-04
2.304088950000000295e+03	-2.155179617778779644e-04
2.304119080000000395e+03	-2.008026924538164337e-04
2.304149220000000241e+03	-2.110875176304857770e-04
2.304179350000000341e+03	-2.463722483064256785e-04
2.304209480000000440e+03	-2.866569789823636416e-04
2.304239620000000286e+03	-3.269418041590282931e-04
2.304269750000000386e+03	-3.572265348349701330e-04
2.304299880000000485e+03	-3.725112655109108495e-04
2.304330020000000331e+03	-3.777960906875751923e-04
2.304360150000000431e+03	-3.730808213635167236e-04
2.304390290000000277e+03	-3.683656465401780045e-04
2.304420420000000377e+03	-3.586503772161214743e-04
2.304450550000000476e+03	-3.439351078920599436e-04
2.304480690000000322e+03	-3.292199330687181624e-04
2.304510820000000422e+03	-3.145046637446705096e-04
2.304540960000000268e+03	-3.047894889213198510e-04
2.304571090000000368e+03	-3.000742195972683213e-04
2.304601220000000467e+03	-2.953589502732098526e-04
2.304631360000000313e+03	-3.006437754498672565e-04
2.304661490000000413e+03	-3.009285061258137883e-04
2.304691620000000512e+03	-3.012132368017533812e-04
2.304721760000000359e+03	-2.964980619784077231e-04
2.304751890000000458e+03	-2.867827926543581318e-04
2.304782030000000304e+03	-2.770676178310144122e-04
2.304812160000000404e+03	-2.673523485069578820e-04
2.304842290000000503e+03	-2.676370791828974749e-04
2.304872430000000350e+03	-2.779219043595598793e-04
2.304902560000000449e+03	-2.982066350354986572e-04
2.304932690000000548e+03	-3.184913657114443741e-04
2.304962830000000395e+03	-3.387761908881098405e-04
2.304992960000000494e+03	-3.440609215640474949e-04
2.305023100000000341e+03	-3.293457467407126527e-04
2.305053230000000440e+03	-3.046304774166549989e-04
2.305083360000000539e+03	-2.699152080925942832e-04
2.305113500000000386e+03	-2.402000332692583173e-04
2.305143630000000485e+03	-2.254847639451967867e-04
2.305173770000000331e+03	-2.357695891218591910e-04
2.305203900000000431e+03	-2.660543197978010310e-04
2.305234030000000530e+03	-3.063390504737459330e-04
2.305264170000000377e+03	-3.466238756504036456e-04
2.305294300000000476e+03	-3.719086063263404851e-04
2.305324430000000575e+03	-3.771933370022920173e-04
2.305354570000000422e+03	-3.624781621789432973e-04
2.305384700000000521e+03	-3.327628928548875820e-04
2.305414840000000368e+03	-3.030477180315446772e-04
2.305444970000000467e+03	-2.783324487074870235e-04
2.305475100000000566e+03	-2.786171793834335553e-04
2.305505240000000413e+03	-2.939020045600940212e-04
2.305535370000000512e+03	-3.241867352360358612e-04
2.305565510000000359e+03	-3.594715604127024511e-04
2.305595640000000458e+03	-3.847562910886392906e-04
2.305625770000000557e+03	-3.950410217645819455e-04
2.305655910000000404e+03	-3.903258469412432263e-04
2.305686040000000503e+03	-3.756105776171816957e-04
2.305716170000000147e+03	-3.558953082931221035e-04
2.305746310000000449e+03	-3.461801334697922616e-04
2.305776440000000548e+03	-3.364648641457287925e-04
2.305806580000000395e+03	-3.367496893223881349e-04
2.305836710000000494e+03	-3.320344199983366051e-04
2.305866840000000138e+03	-3.173191506742681356e-04
2.305896980000000440e+03	-2.976039758509352318e-04
2.305927110000000539e+03	-2.728887065268845169e-04
2.305957240000000183e+03	-2.481734372028129854e-04
2.305987380000000485e+03	-2.334582623794781431e-04
2.306017510000000129e+03	-2.387429930554157975e-04
2.306047650000000431e+03	-2.590278182320812639e-04
2.306077780000000530e+03	-2.793125489080269808e-04
2.306107910000000174e+03	-2.945972795839607583e-04
2.306138050000000476e+03	-2.948821047606270396e-04
2.306168180000000575e+03	-2.751668354365674474e-04
2.306198320000000422e+03	-2.504516606132295431e-04
2.306228450000000521e+03	-2.307363912891699509e-04
2.306258580000000165e+03	-2.310211219651095438e-04
2.306288720000000467e+03	-2.613059471417780721e-04
2.306318850000000566e+03	-3.215906778177152203e-04
2.306348980000000211e+03	-3.918754084936554305e-04
2.306379120000000512e+03	-4.471602336703212055e-04
2.306409250000000156e+03	-4.724449643462580450e-04
2.306439390000000458e+03	-4.527297895229251412e-04
2.306469520000000557e+03	-4.030145201988702408e-04
2.306499650000000202e+03	-3.382992508748072780e-04
2.306529790000000503e+03	-2.785840760514760039e-04
2.306559920000000147e+03	-2.488688067274064109e-04
2.306590060000000449e+03	-2.541536319040707537e-04
2.306620190000000548e+03	-2.794383625800145321e-04
2.306650320000000193e+03	-3.097230932559494332e-04
2.306680460000000494e+03	-3.300079184326148996e-04
2.306710590000000138e+03	-3.202926491085514304e-04
2.306740720000000238e+03	-2.905773797844957151e-04
2.306770860000000539e+03	-2.508622049611566873e-04
2.306800990000000183e+03	-2.211469356370940331e-04
2.306831130000000485e+03	-2.164317608137622528e-04
2.306861260000000129e+03	-2.417164914896990924e-04
2.306891390000000229e+03	-2.820012221656439944e-04
2.306921530000000530e+03	-3.272860473423067074e-04
2.306951660000000174e+03	-3.625707780182466089e-04
2.306981790000000274e+03	-3.678555086941842633e-04
2.307011930000000575e+03	-3.481403338708513595e-04
2.307042060000000220e+03	-3.084250645467925822e-04
2.307072200000000521e+03	-2.687098897234604933e-04
2.307102330000000165e+03	-2.339946203993997775e-04
2.307132460000000265e+03	-2.242793510753363084e-04
2.307162600000000566e+03	-2.345641762520056517e-04
2.307192730000000211e+03	-2.648489069279336139e-04
2.307222870000000512e+03	-3.051337321046052042e-04
2.307253000000000156e+03	-3.454184627805431673e-04
2.307283130000000256e+03	-3.757031934564850073e-04
2.307313270000000557e+03	-3.909880186331454732e-04
2.307343400000000202e+03	-3.962727493090831277e-04
2.307373530000000301e+03	-3.865574799850265975e-04
2.307403670000000147e+03	-3.668423051616867547e-04
2.307433800000000247e+03	-3.521270358376252241e-04
2.307463940000000548e+03	-3.374118610142903818e-04
2.307494070000000193e+03	-3.326965916902319131e-04
2.307524200000000292e+03	-3.329813223661715060e-04
2.307554340000000138e+03	-3.432661475428408493e-04
2.307584470000000238e+03	-3.485508782187785037e-04
2.307614600000000337e+03	-3.488356088947180966e-04
2.307644740000000183e+03	-3.441204340713863163e-04
2.307674870000000283e+03	-3.244051647473197852e-04
2.307705010000000129e+03	-3.046899899239868814e-04
2.307735140000000229e+03	-2.899747205999322897e-04
2.307765270000000328e+03	-2.802594512758688206e-04
2.307795410000000174e+03	-2.905442764525312249e-04
2.307825540000000274e+03	-3.058290071284719414e-04
2.307855680000000575e+03	-3.361138323051404697e-04
2.307885810000000220e+03	-3.613985629810703704e-04
2.307915940000000319e+03	-3.766832936570180257e-04
2.307946080000000165e+03	-3.769681188336704292e-04
2.307976210000000265e+03	-3.572528495096177759e-04
2.308006340000000364e+03	-3.325375801855601221e-04
2.308036480000000211e+03	-3.078224053622152789e-04
2.308066610000000310e+03	-2.881071360381626256e-04
2.308096750000000156e+03	-2.783919612148258449e-04
2.308126880000000256e+03	-2.836766918907634993e-04
2.308157010000000355e+03	-2.939614225667061542e-04
2.308187150000000202e+03	-2.992462477433704970e-04
2.308217280000000301e+03	-2.945309784193120284e-04
2.308247420000000147e+03	-2.748158035959721857e-04
2.308277550000000247e+03	-2.501005342719145319e-04
2.308307680000000346e+03	-2.253852649478568781e-04
2.308337820000000193e+03	-2.156700901245200974e-04
2.308367950000000292e+03	-2.309548208004608139e-04
2.308398080000000391e+03	-2.612395514764026538e-04
2.308428220000000238e+03	-3.015243766530673053e-04
2.308458350000000337e+03	-3.368091073290072068e-04
2.308488490000000183e+03	-3.570939325056657343e-04
2.308518620000000283e+03	-3.573786631816122661e-04
2.308548750000000382e+03	-3.426633938575507354e-04
2.308578890000000229e+03	-3.229482190342108927e-04
2.308609020000000328e+03	-3.082329497101493621e-04
2.308639150000000427e+03	-2.985176803860997707e-04
2.308669290000000274e+03	-3.038025055627571747e-04
2.308699420000000373e+03	-3.140872362386928907e-04
2.308729560000000220e+03	-3.193720614153572335e-04
2.308759690000000319e+03	-3.146567920912918259e-04
2.308789820000000418e+03	-3.049415227672422346e-04
2.308819960000000265e+03	-2.902263479439004534e-04
2.308850090000000364e+03	-2.805110786198369843e-04
2.308880230000000211e+03	-2.757959037965052040e-04
2.308910360000000310e+03	-2.760806344724447969e-04
2.308940490000000409e+03	-2.863653651483874518e-04
2.308970630000000256e+03	-2.916501903250517946e-04
2.309000760000000355e+03	-2.919349210009913875e-04
2.309030890000000454e+03	-2.922196516769309804e-04
2.309061030000000301e+03	-2.875044768535992001e-04
2.309091160000000400e+03	-2.827892075295337926e-04
2.309121300000000247e+03	-2.780740327061950734e-04
2.309151430000000346e+03	-2.733587633821435436e-04
2.309181560000000445e+03	-2.736434940580831365e-04
2.309211700000000292e+03	-2.689283192347444174e-04
2.309241830000000391e+03	-2.692130499106909491e-04
2.309271960000000490e+03	-2.744977805866286036e-04
2.309302100000000337e+03	-2.847826057632840691e-04
2.309332230000000436e+03	-3.100673364392347864e-04
2.309362370000000283e+03	-3.353521616158844365e-04
2.309392500000000382e+03	-3.656368922918332154e-04
2.309422630000000481e+03	-3.859216229677719934e-04
2.309452770000000328e+03	-3.862064481444313357e-04
2.309482900000000427e+03	-3.764911788203748055e-04
2.309513040000000274e+03	-3.467760039970388397e-04
2.309543170000000373e+03	-3.170607346729761855e-04
2.309573300000000472e+03	-2.923454653489185318e-04
2.309603440000000319e+03	-2.726302905255856279e-04
2.309633570000000418e+03	-2.679150212015202204e-04
2.309663700000000517e+03	-2.731997518774648137e-04
2.309693840000000364e+03	-2.884845770541252796e-04
2.309723970000000463e+03	-3.087693077300709965e-04
2.309754110000000310e+03	-3.340541329067345244e-04
2.309784240000000409e+03	-3.543388635826733024e-04
2.309814370000000508e+03	-3.696235942586140188e-04
2.309844510000000355e+03	-3.749084194352783617e-04
2.309874640000000454e+03	-3.701931501112198930e-04
2.309904780000000301e+03	-3.504779752878800503e-04
2.309934910000000400e+03	-3.357627059638254585e-04
2.309965040000000499e+03	-3.210474366397639279e-04
2.309995180000000346e+03	-3.213322618164232702e-04
2.310025310000000445e+03	-3.366169924923639867e-04
2.310055440000000544e+03	-3.569017231683097036e-04
2.310085580000000391e+03	-3.721865483449632306e-04
2.310115710000000490e+03	-3.674712790209117008e-04
2.310145850000000337e+03	-3.477561041975649192e-04
2.310175980000000436e+03	-3.080408348735061419e-04
2.310206110000000535e+03	-2.583255655494512415e-04
2.310236250000000382e+03	-2.286103907261152757e-04
2.310266380000000481e+03	-2.188951214020518066e-04
2.310296510000000580e+03	-2.391798520779975235e-04
2.310326650000000427e+03	-2.794646772546621749e-04
2.310356780000000526e+03	-3.247494079305981995e-04
2.310386920000000373e+03	-3.550342331072667279e-04
2.310417050000000472e+03	-3.603189637832043823e-04
2.310447180000000571e+03	-3.456036944591428517e-04
2.310477320000000418e+03	-3.208885196358118863e-04
2.310507450000000517e+03	-3.011732503117522941e-04
2.310537590000000364e+03	-3.014580754884116365e-04
2.310567720000000463e+03	-3.117428061643542914e-04
2.310597850000000562e+03	-3.320275368402930694e-04
2.310627990000000409e+03	-3.423123620169554737e-04
2.310658120000000508e+03	-3.275970926929008820e-04
2.310688250000000153e+03	-2.928818233688332273e-04
2.310718390000000454e+03	-2.481666485455030768e-04
2.310748520000000553e+03	-2.084513792214442995e-04
2.310778660000000400e+03	-1.887362043980975179e-04
2.310808790000000499e+03	-2.040209350740451733e-04
2.310838920000000144e+03	-2.493056657499811979e-04
2.310869060000000445e+03	-3.045904909266469729e-04
2.310899190000000544e+03	-3.498752216025899364e-04
2.310929330000000391e+03	-3.751600467792534643e-04
2.310959460000000490e+03	-3.754447774551930572e-04
2.310989590000000135e+03	-3.557295081311265261e-04
2.311019730000000436e+03	-3.310143333077955607e-04
2.311049860000000535e+03	-3.062990639837379070e-04
2.311079990000000180e+03	-2.965837946596744379e-04
2.311110130000000481e+03	-2.968686198363407192e-04
2.311140260000000580e+03	-3.071533505122833740e-04
2.311170400000000427e+03	-3.124381756889477169e-04
2.311200530000000526e+03	-3.127229063648873097e-04
2.311230660000000171e+03	-3.030076370408238406e-04
2.311260800000000472e+03	-2.932924622174939988e-04
2.311290930000000571e+03	-2.835771928934305297e-04
2.311321060000000216e+03	-2.738619235693739995e-04
2.311351200000000517e+03	-2.741467487460333419e-04
2.311381330000000162e+03	-2.744314794219729348e-04
2.311411470000000463e+03	-2.747163045986392160e-04
2.311441600000000562e+03	-2.750010352745788089e-04
2.311471730000000207e+03	-2.852857659505145249e-04
2.311501870000000508e+03	-2.955705911271769293e-04
2.311532000000000153e+03	-3.108553218031176457e-04
2.311562140000000454e+03	-3.311401469797831121e-04
2.311592270000000553e+03	-3.514248776557218901e-04
2.311622400000000198e+03	-3.617096083316576061e-04
2.311652540000000499e+03	-3.669944335083288878e-04
2.311682670000000144e+03	-3.672791641842684807e-04
2.311712800000000243e+03	-3.575638948602050116e-04
2.311742940000000544e+03	-3.528487200368732313e-04
2.311773070000000189e+03	-3.431334507128097622e-04
2.311803210000000490e+03	-3.434182758894760434e-04
2.311833340000000135e+03	-3.437030065654156363e-04
2.311863470000000234e+03	-3.389877372413571677e-04
2.311893610000000535e+03	-3.242725624180223254e-04
2.311923740000000180e+03	-3.095572930939607947e-04
2.311953870000000279e+03	-2.848420237699031410e-04
2.311984010000000580e+03	-2.701268489465682987e-04
2.312014140000000225e+03	-2.604115796225048296e-04
2.312044280000000526e+03	-2.706964047991672340e-04
2.312074410000000171e+03	-3.009811354751021351e-04
2.312104540000000270e+03	-3.362658661510489755e-04
2.312134680000000571e+03	-3.715506913277155654e-04
2.312164810000000216e+03	-3.968354220036454660e-04
2.312194950000000517e+03	-3.971202471803117473e-04
2.312225080000000162e+03	-3.724049778562540935e-04
2.312255210000000261e+03	-3.276897085321903158e-04
2.312285350000000562e+03	-2.829745337088601653e-04
2.312315480000000207e+03	-2.482592643847994496e-04
2.312345610000000306e+03	-2.385439950607359805e-04
2.312375750000000153e+03	-2.588288202374014468e-04
2.312405880000000252e+03	-2.941135509133413484e-04
2.312436020000000553e+03	-3.343983760900129387e-04
2.312466150000000198e+03	-3.646831067659478398e-04
2.312496280000000297e+03	-3.699678374418854943e-04
2.312526420000000144e+03	-3.552526626185506520e-04
2.312556550000000243e+03	-3.305373932944929982e-04
2.312586690000000544e+03	-3.058222184711620328e-04
2.312616820000000189e+03	-2.961069491470916248e-04
2.312646950000000288e+03	-3.063916798230412186e-04
2.312677090000000135e+03	-3.266765049996928072e-04
2.312707220000000234e+03	-3.419612356756404625e-04
2.312737350000000333e+03	-3.422459663515869943e-04
2.312767490000000180e+03	-3.225307915282402127e-04
2.312797620000000279e+03	-2.928155222041844974e-04
2.312827760000000580e+03	-2.681003473808535320e-04
2.312857890000000225e+03	-2.633850780567811856e-04
2.312888020000000324e+03	-2.836698087327269024e-04
2.312918160000000171e+03	-3.289546339093896155e-04
2.312948290000000270e+03	-3.892393645853267636e-04
2.312978420000000369e+03	-4.345240952612697272e-04
2.313008560000000216e+03	-4.498089204379371320e-04
2.313038690000000315e+03	-4.250936511138725393e-04
2.313068830000000162e+03	-3.703784762905393269e-04
2.313098960000000261e+03	-3.006632069664783025e-04
2.313129090000000360e+03	-2.409479376424203401e-04
2.313159230000000207e+03	-1.962327628190832507e-04
2.313189360000000306e+03	-1.865174934950267205e-04
2.313219500000000153e+03	-2.018023186716871864e-04
2.313249630000000252e+03	-2.370870493476340268e-04
2.313279760000000351e+03	-2.723717800235739284e-04
2.313309900000000198e+03	-3.126566052002316409e-04
2.313340030000000297e+03	-3.379413358761684805e-04
2.313370160000000396e+03	-3.532260665521161358e-04
2.313400300000000243e+03	-3.535108917287754782e-04
2.313430430000000342e+03	-3.487956224047170095e-04
2.313460570000000189e+03	-3.290804475813771668e-04
2.313490700000000288e+03	-3.043651782573125741e-04
2.313520830000000387e+03	-2.796499089332618593e-04
2.313550970000000234e+03	-2.599347341099220166e-04
2.313581100000000333e+03	-2.602194647858616094e-04
2.313611230000000432e+03	-2.805041954618073263e-04
2.313641370000000279e+03	-3.107890206384689158e-04
2.313671500000000378e+03	-3.510737513144068789e-04
2.313701640000000225e+03	-3.813585764910684683e-04
2.313731770000000324e+03	-3.966433071670091848e-04
2.313761900000000423e+03	-3.969280378429487777e-04
2.313792040000000270e+03	-3.822128630196139354e-04
2.313822170000000369e+03	-3.724975936955574052e-04
2.313852310000000216e+03	-3.627824188722206245e-04
2.313882440000000315e+03	-3.680671495481652178e-04
2.313912570000000414e+03	-3.833518802240989953e-04
2.313942710000000261e+03	-3.986367054007594612e-04
2.313972840000000360e+03	-4.039214360767109935e-04
2.314002970000000460e+03	-3.942061667526475244e-04
2.314033110000000306e+03	-3.694909919293096201e-04
2.314063240000000405e+03	-3.397757226052539048e-04
2.314093380000000252e+03	-3.150605477819090616e-04
2.314123510000000351e+03	-2.953452784578494694e-04
2.314153640000000451e+03	-2.956300091337890623e-04
2.314183780000000297e+03	-3.059148343104514667e-04
2.314213910000000396e+03	-3.261995649863971836e-04
2.314244050000000243e+03	-3.414843901630576495e-04
2.314274180000000342e+03	-3.517691208390003044e-04
2.314304310000000442e+03	-3.520538515149398973e-04
2.314334450000000288e+03	-3.373386766916050550e-04
2.314364580000000387e+03	-3.176234073675454628e-04
2.314394710000000487e+03	-2.979081380434789317e-04
2.314424850000000333e+03	-2.781929632201460278e-04
2.314454980000000432e+03	-2.734776938960875592e-04
2.314485120000000279e+03	-2.737625190727538405e-04
2.314515250000000378e+03	-2.890472497486945569e-04
2.314545380000000478e+03	-3.093319804246333349e-04
2.314575520000000324e+03	-3.396168056013018632e-04
2.314605650000000423e+03	-3.649015362772387028e-04
2.314635780000000523e+03	-3.851862669531774808e-04
2.314665920000000369e+03	-4.004710921298448856e-04
2.314696050000000469e+03	-4.057558228057825400e-04
2.314726190000000315e+03	-3.960406479824457593e-04
2.314756320000000414e+03	-3.813253786583842286e-04
2.314786450000000514e+03	-3.566101093343335138e-04
2.314816590000000360e+03	-3.318949345109886706e-04
2.314846720000000460e+03	-3.071796651869310169e-04
2.314876860000000306e+03	-2.924644903635892357e-04
2.314906990000000405e+03	-2.877492210395307670e-04
2.314937120000000505e+03	-2.980339517154734219e-04
2.314967260000000351e+03	-3.183187768921319494e-04
2.314997390000000451e+03	-3.436035075680757278e-04
2.315027520000000550e+03	-3.688882382440195062e-04
2.315057660000000396e+03	-3.741730634206769102e-04
2.315087790000000496e+03	-3.644577940966203800e-04
2.315117930000000342e+03	-3.347426192732844141e-04
2.315148060000000442e+03	-3.050273499492217599e-04
2.315178190000000541e+03	-2.703120806251610442e-04
2.315208330000000387e+03	-2.505969058018281403e-04
2.315238460000000487e+03	-2.458816364777696717e-04
2.315268600000000333e+03	-2.511664616544270756e-04
2.315298730000000432e+03	-2.564511923303786078e-04
2.315328860000000532e+03	-2.617359230063162623e-04
2.315359000000000378e+03	-2.570207481829775431e-04
2.315389130000000478e+03	-2.473054788589210129e-04
2.315419260000000577e+03	-2.475902095348606058e-04
2.315449400000000423e+03	-2.628750347115210717e-04
2.315479530000000523e+03	-2.881597653874648501e-04
2.315509670000000369e+03	-3.284445905641225627e-04
2.315539800000000469e+03	-3.637293212400694031e-04
2.315569930000000568e+03	-3.890140519160062427e-04
2.315600070000000414e+03	-3.842988770926675235e-04
2.315630200000000514e+03	-3.645836077686148702e-04
2.315660330000000158e+03	-3.298683384445472155e-04
2.315690470000000460e+03	-2.951531636212131882e-04
2.315720600000000559e+03	-2.804378942971516575e-04
2.315750740000000405e+03	-2.857227194738160003e-04
2.315780870000000505e+03	-3.060074501497547783e-04
2.315811000000000149e+03	-3.412921808256946798e-04
2.315841140000000451e+03	-3.665770060023651467e-04
2.315871270000000550e+03	-3.768617366783008626e-04
2.315901410000000396e+03	-3.671465618549710208e-04
2.315931540000000496e+03	-3.424312925309064282e-04
2.315961670000000140e+03	-3.077160232068457124e-04
2.315991810000000442e+03	-2.730008483835116850e-04
2.316021940000000541e+03	-2.532855790594520928e-04
2.316052070000000185e+03	-2.485703097353936242e-04
2.316082210000000487e+03	-2.588551349120560285e-04
2.316112340000000131e+03	-2.791398655879878676e-04
2.316142480000000432e+03	-2.994246907646602729e-04
2.316172610000000532e+03	-3.197094214405990509e-04
2.316202740000000176e+03	-3.299941521165347669e-04
2.316232880000000478e+03	-3.352789772932060486e-04
2.316263010000000577e+03	-3.305637079691406410e-04
2.316293140000000221e+03	-3.308484386450732950e-04
2.316323280000000523e+03	-3.311332638217395763e-04
2.316353410000000167e+03	-3.364179944976841696e-04
2.316383550000000469e+03	-3.467028196743465740e-04
2.316413680000000568e+03	-3.619875503502872904e-04
2.316443810000000212e+03	-3.672722810262249449e-04
2.316473950000000514e+03	-3.575571062028951030e-04
2.316504080000000158e+03	-3.378418368788355108e-04
2.316534220000000460e+03	-3.131266620554976066e-04
2.316564350000000559e+03	-2.784113927314368908e-04
2.316594480000000203e+03	-2.586961234073772986e-04
2.316624620000000505e+03	-2.489809485840474568e-04
2.316654750000000149e+03	-2.542656792599851112e-04
2.316684880000000248e+03	-2.645504099359208272e-04
2.316715020000000550e+03	-2.798352351125882320e-04
2.316745150000000194e+03	-2.901199657885239480e-04
2.316775290000000496e+03	-2.854047909651852288e-04
2.316805420000000140e+03	-2.806895216411267602e-04
2.316835550000000239e+03	-2.759742523170682915e-04
2.316865690000000541e+03	-2.812590774937326343e-04
2.316895820000000185e+03	-3.015438081696644734e-04
2.316925960000000487e+03	-3.368286333463310633e-04
2.316956090000000131e+03	-3.721133640222709649e-04
2.316986220000000230e+03	-3.923980946982097429e-04
2.317016360000000532e+03	-3.926829198748760241e-04
2.317046490000000176e+03	-3.679676505508183704e-04
2.317076620000000275e+03	-3.282523812267595931e-04
2.317106760000000577e+03	-2.785372064034244421e-04
2.317136890000000221e+03	-2.438219370793637264e-04
2.317167030000000523e+03	-2.241067622560308226e-04
2.317197160000000167e+03	-2.343914929319665386e-04
2.317227290000000266e+03	-2.696762236079064401e-04
2.317257430000000568e+03	-3.149610487845760920e-04
2.317287560000000212e+03	-3.552457794605140551e-04
2.317317690000000312e+03	-3.805305101364578335e-04
2.317347830000000158e+03	-3.758153353131121754e-04
2.317377960000000257e+03	-3.461000659890633990e-04
2.317408100000000559e+03	-3.013848911657263097e-04
2.317438230000000203e+03	-2.616696218416605935e-04
2.317468360000000303e+03	-2.319543525176048782e-04
2.317498500000000149e+03	-2.272391776942592201e-04
2.317528630000000248e+03	-2.475239083702049370e-04
2.317558770000000550e+03	-2.828087335468715269e-04
2.317588900000000194e+03	-3.230934642228025511e-04
2.317619030000000294e+03	-3.483781948987532684e-04
2.317649170000000140e+03	-3.536630200754106723e-04
2.317679300000000239e+03	-3.389477507513491417e-04
2.317709430000000339e+03	-3.092324814272864875e-04
2.317739570000000185e+03	-2.845173066039555221e-04
2.317769700000000284e+03	-2.748020372798920530e-04
2.317799840000000131e+03	-2.850868624565613962e-04
2.317829970000000230e+03	-3.053715931325001742e-04
2.317860100000000330e+03	-3.356563238084420142e-04
2.317890240000000176e+03	-3.509411489851094190e-04
2.317920370000000275e+03	-3.512258796610490119e-04
2.317950510000000577e+03	-3.265107048377111076e-04
2.317980640000000221e+03	-2.967954355136484534e-04
2.318010770000000321e+03	-2.620801661895946766e-04
2.318040910000000167e+03	-2.423649913662478950e-04
2.318071040000000266e+03	-2.476497220421994272e-04
2.318101170000000366e+03	-2.679344527181382052e-04
2.318131310000000212e+03	-2.982192778947928558e-04
2.318161440000000312e+03	-3.285040085707346957e-04
2.318191580000000158e+03	-3.487888337473932232e-04
2.318221710000000257e+03	-3.490735644233328161e-04
2.318251840000000357e+03	-3.393582950992832248e-04
2.318281980000000203e+03	-3.196431202759433821e-04
2.318312110000000303e+03	-3.049278509518818514e-04
2.318342240000000402e+03	-2.952125816278253212e-04
2.318372380000000248e+03	-2.954974068044846636e-04
2.318402510000000348e+03	-3.007821374804223180e-04
2.318432650000000194e+03	-3.060669626570935997e-04
2.318462780000000294e+03	-3.113516933330312542e-04
2.318492910000000393e+03	-3.066364240089727855e-04
2.318523050000000239e+03	-3.019212491856340663e-04
2.318553180000000339e+03	-3.072059798615786597e-04
2.318583320000000185e+03	-3.174908050382410640e-04
2.318613450000000284e+03	-3.427755357141848425e-04
2.318643580000000384e+03	-3.630602663901236205e-04
2.318673720000000230e+03	-3.783450915667840864e-04
2.318703850000000330e+03	-3.786298222427306182e-04
2.318733980000000429e+03	-3.589145529186710259e-04
2.318764120000000275e+03	-3.291993780953281212e-04
2.318794250000000375e+03	-3.044841087712704675e-04
2.318824390000000221e+03	-2.897689339479286863e-04
2.318854520000000321e+03	-3.000536646238713412e-04
2.318884650000000420e+03	-3.303383952998201201e-04
2.318914790000000266e+03	-3.706232204764708937e-04
2.318944920000000366e+03	-3.959079511524216111e-04
2.318975050000000465e+03	-3.961926818283612040e-04
2.319005190000000312e+03	-3.664775070050182992e-04
2.319035320000000411e+03	-3.117622376809653373e-04
2.319065460000000257e+03	-2.470470628576221239e-04
2.319095590000000357e+03	-2.023317935335652851e-04
2.319125720000000456e+03	-1.826165242095056929e-04
2.319155860000000303e+03	-1.929013493861680972e-04
2.319185990000000402e+03	-2.281860800621079988e-04
2.319216130000000248e+03	-2.734709052387776507e-04
2.319246260000000348e+03	-3.137556359147156138e-04
2.319276390000000447e+03	-3.440403665906505148e-04
2.319306530000000294e+03	-3.643251917673229201e-04
2.319336660000000393e+03	-3.746099224432586361e-04
2.319366790000000492e+03	-3.798946531191962905e-04
2.319396930000000339e+03	-3.751794782958645103e-04
2.319427060000000438e+03	-3.604642089718029796e-04
2.319457200000000284e+03	-3.307490341484670138e-04
2.319487330000000384e+03	-2.860337648244032360e-04
2.319517460000000483e+03	-2.363184955003483356e-04
2.319547600000000330e+03	-1.966033206770093078e-04
2.319577730000000429e+03	-1.818880513529477772e-04
2.319607870000000275e+03	-1.921728765296101815e-04
2.319638000000000375e+03	-2.324576072055481446e-04
2.319668130000000474e+03	-2.827423378814961086e-04
2.319698270000000321e+03	-3.280271630581518827e-04
2.319728400000000420e+03	-3.433118937340925991e-04
2.319758530000000519e+03	-3.385966244100410694e-04
2.319788670000000366e+03	-3.138814495866962262e-04
2.319818800000000465e+03	-2.941661802626366340e-04
2.319848940000000312e+03	-2.844510054393067922e-04
2.319879070000000411e+03	-2.947357361152425081e-04
2.319909200000000510e+03	-3.250204667911843481e-04
2.319939340000000357e+03	-3.653052919678489996e-04
2.319969470000000456e+03	-3.955900226437908396e-04
2.319999600000000555e+03	-4.108747533197315560e-04
2.320029740000000402e+03	-4.061595784963997757e-04
2.320059870000000501e+03	-3.864443091723332446e-04
2.320090010000000348e+03	-3.617291343489953404e-04
2.320120140000000447e+03	-3.470138650249407486e-04
2.320150270000000546e+03	-3.422985957008822799e-04
2.320180410000000393e+03	-3.425834208775416223e-04
2.320210540000000492e+03	-3.528681515534842772e-04
2.320240680000000339e+03	-3.531529767301366807e-04
2.320270810000000438e+03	-3.484377074060851509e-04
2.320300940000000537e+03	-3.337224380820236203e-04
2.320331080000000384e+03	-3.090072632586857160e-04
2.320361210000000483e+03	-2.892919939346330627e-04
2.320391340000000582e+03	-2.745767246105715320e-04
2.320421480000000429e+03	-2.698615497872328128e-04
2.320451610000000528e+03	-2.801462804631685288e-04
2.320481750000000375e+03	-3.004311056398339952e-04
2.320511880000000474e+03	-3.307158363157758352e-04
2.320542010000000573e+03	-3.510005669917146132e-04
2.320572150000000420e+03	-3.612853921683839564e-04
2.320602280000000519e+03	-3.465701228443224258e-04
2.320632410000000164e+03	-3.168548535202597716e-04
2.320662550000000465e+03	-2.721396786969296211e-04
2.320692680000000564e+03	-2.274244093728658433e-04
2.320722820000000411e+03	-1.977092345495368164e-04
2.320752950000000510e+03	-1.879939652254733473e-04
2.320783080000000155e+03	-2.082786959014121253e-04
2.320813220000000456e+03	-2.485635210780767768e-04
2.320843350000000555e+03	-3.038482517540158634e-04
2.320873490000000402e+03	-3.591330769306746995e-04
2.320903620000000501e+03	-3.944178076066146010e-04
2.320933750000000146e+03	-4.097025382825553175e-04
2.320963890000000447e+03	-3.999873634592254756e-04
2.320994020000000546e+03	-3.752720941351608830e-04
2.321024150000000191e+03	-3.405568248111001672e-04
2.321054290000000492e+03	-2.958416499877630779e-04
2.321084420000000136e+03	-2.611263806637023621e-04
2.321114560000000438e+03	-2.314112058403663963e-04
2.321144690000000537e+03	-2.166959365163048656e-04
2.321174820000000182e+03	-2.169806671922444585e-04
2.321204960000000483e+03	-2.372654923689099249e-04
2.321235090000000582e+03	-2.625502230448537033e-04
2.321265230000000429e+03	-2.978350482215202932e-04
2.321295360000000528e+03	-3.281197788974551943e-04
2.321325490000000173e+03	-3.534045095733989728e-04
2.321355630000000474e+03	-3.636893347500613771e-04
2.321385760000000573e+03	-3.639740654260009700e-04
2.321415890000000218e+03	-3.492587961019463783e-04
2.321446030000000519e+03	-3.345436212786115360e-04
2.321476160000000164e+03	-3.198283519545430664e-04
2.321506300000000465e+03	-3.101131771312062857e-04
2.321536430000000564e+03	-3.103979078071528175e-04
2.321566560000000209e+03	-3.106826384830854715e-04
2.321596700000000510e+03	-3.109674636597517527e-04
2.321626830000000155e+03	-3.062521943356863452e-04
2.321656960000000254e+03	-2.915369250116317534e-04
2.321687100000000555e+03	-2.768217501882969112e-04
2.321717230000000200e+03	-2.621064808642353805e-04
2.321747370000000501e+03	-2.623913060409016618e-04
2.321777500000000146e+03	-2.776760367168354393e-04
2.321807630000000245e+03	-3.079607673927772793e-04
2.321837770000000546e+03	-3.482455925694419308e-04
2.321867900000000191e+03	-3.935303232453848943e-04
2.321898040000000492e+03	-4.288151484220514842e-04
2.321928170000000136e+03	-4.490998790979902622e-04
2.321958300000000236e+03	-4.443846097739317935e-04
2.321988440000000537e+03	-4.196694349505938892e-04
2.322018570000000182e+03	-3.749541656265370504e-04
2.322048700000000281e+03	-3.252388963024752111e-04
2.322078840000000582e+03	-2.905237214791411837e-04
2.322108970000000227e+03	-2.658084521550835300e-04
2.322139110000000528e+03	-2.660932773317498112e-04
2.322169240000000173e+03	-2.763780080076785883e-04
2.322199370000000272e+03	-3.016627386836293057e-04
2.322229510000000573e+03	-3.269475638602928336e-04
2.322259640000000218e+03	-3.422322945362266111e-04
2.322289780000000519e+03	-3.525171197128890155e-04
2.322319910000000164e+03	-3.528018503888216695e-04
2.322350040000000263e+03	-3.430865810647720782e-04
2.322380180000000564e+03	-3.383714062414333590e-04
2.322410310000000209e+03	-3.286561369173698899e-04
2.322440440000000308e+03	-3.189408675933064208e-04
2.322470580000000155e+03	-3.142256927699746405e-04
2.322500710000000254e+03	-3.095104234459161718e-04
2.322530850000000555e+03	-3.097952486225824531e-04
2.322560980000000200e+03	-3.050799792985239844e-04
2.322591110000000299e+03	-3.053647099744635773e-04
2.322621250000000146e+03	-3.056495351511298586e-04
2.322651380000000245e+03	-3.059342658270694515e-04
2.322681510000000344e+03	-3.012189965030040439e-04
2.322711650000000191e+03	-2.965038216796722637e-04
2.322741780000000290e+03	-3.017885523556099181e-04
2.322771920000000136e+03	-3.070733775322742609e-04
2.322802050000000236e+03	-3.223581082082149774e-04
2.322832180000000335e+03	-3.376428388841556938e-04
2.322862320000000182e+03	-3.479276640608180982e-04
2.322892450000000281e+03	-3.382123947367546291e-04
2.322922590000000582e+03	-3.084972199134256021e-04
2.322952720000000227e+03	-2.637819505893618244e-04
2.322982850000000326e+03	-2.090666812653019235e-04
2.323012990000000173e+03	-1.643515064419578953e-04
2.323043120000000272e+03	-1.446362371178983031e-04
2.323073250000000371e+03	-1.449209677938448348e-04
2.323103390000000218e+03	-1.752057929705064243e-04
2.323133520000000317e+03	-2.154905236464443874e-04
2.323163660000000164e+03	-2.557753488231090389e-04
2.323193790000000263e+03	-2.810600794990528173e-04
2.323223920000000362e+03	-2.863448101749904717e-04
2.323254060000000209e+03	-2.766296353516606299e-04
2.323284190000000308e+03	-2.619143660275990992e-04
2.323314320000000407e+03	-2.571990967035336917e-04
2.323344460000000254e+03	-2.724839218802010965e-04
2.323374590000000353e+03	-3.027686525561429365e-04
2.323404730000000200e+03	-3.480534777327987106e-04
2.323434860000000299e+03	-3.933382084087486130e-04
2.323464990000000398e+03	-4.236229390846904530e-04
2.323495130000000245e+03	-4.389077642613509189e-04
2.323525260000000344e+03	-4.391924949372974507e-04
2.323555400000000191e+03	-4.194773201139437302e-04
2.323585530000000290e+03	-3.897620507898949538e-04
2.323615660000000389e+03	-3.600467814658392385e-04
2.323645800000000236e+03	-3.303316066424893949e-04
2.323675930000000335e+03	-3.056163373184386800e-04
2.323706060000000434e+03	-2.909010679943771494e-04
2.323736200000000281e+03	-2.761858931710353682e-04
2.323766330000000380e+03	-2.714706238469838384e-04
2.323796470000000227e+03	-2.767554490236412423e-04
2.323826600000000326e+03	-2.920401796995819588e-04
2.323856730000000425e+03	-3.073249103755226752e-04
2.323886870000000272e+03	-3.276097355521881416e-04
2.323917000000000371e+03	-3.428944662281288580e-04
2.323947140000000218e+03	-3.531792914047912624e-04
2.323977270000000317e+03	-3.534640220807308553e-04
2.324007400000000416e+03	-3.487487527566723866e-04
2.324037540000000263e+03	-3.440335779333406063e-04
2.324067670000000362e+03	-3.443183086092801992e-04
2.324097800000000461e+03	-3.496030392852178537e-04
2.324127940000000308e+03	-3.548878644618821965e-04
2.324158070000000407e+03	-3.701725951378229129e-04
2.324188210000000254e+03	-3.804574203144853173e-04
2.324218340000000353e+03	-3.857421509904299106e-04
2.324248470000000452e+03	-3.860268816663695035e-04
2.324278610000000299e+03	-3.763117068430327228e-04
2.324308740000000398e+03	-3.665964375189692537e-04
2.324338870000000497e+03	-3.568811681949127235e-04
2.324369010000000344e+03	-3.471659933715759427e-04
2.324399140000000443e+03	-3.424507240475174741e-04
2.324429280000000290e+03	-3.377355492241718160e-04
2.324459410000000389e+03	-3.330202799001133473e-04
2.324489540000000488e+03	-3.283050105760618176e-04
2.324519680000000335e+03	-3.235898357527230984e-04
2.324549810000000434e+03	-3.138745664286596293e-04
2.324579950000000281e+03	-3.041593916053228486e-04
2.324610080000000380e+03	-2.894441222812682568e-04
2.324640210000000479e+03	-2.747288529572067262e-04
2.324670350000000326e+03	-2.750136781338730074e-04
2.324700480000000425e+03	-2.802984088098106619e-04
2.324730610000000524e+03	-3.005831394857494399e-04
2.324760750000000371e+03	-3.258679646624199067e-04
2.324790880000000470e+03	-3.511526953383567462e-04
2.324821020000000317e+03	-3.714375205150152737e-04
2.324851150000000416e+03	-3.717222511909618055e-04
2.324881280000000515e+03	-3.570069818669002748e-04
2.324911420000000362e+03	-3.272918070435643090e-04
2.324941550000000461e+03	-2.875765377195055317e-04
2.324971680000000561e+03	-2.528612683954448159e-04
2.325001820000000407e+03	-2.281460935721069117e-04
2.325031950000000506e+03	-2.184308242480503814e-04
2.325062090000000353e+03	-2.337156494247039085e-04
2.325092220000000452e+03	-2.640003801006526873e-04
2.325122350000000552e+03	-2.992851107765925889e-04
2.325152490000000398e+03	-3.395699359532503014e-04
2.325182620000000497e+03	-3.698546666291990803e-04
2.325212760000000344e+03	-3.951394918058556693e-04
2.325242890000000443e+03	-4.054242224817983242e-04
2.325273020000000542e+03	-4.007089531577329167e-04
2.325303160000000389e+03	-3.809937783344000128e-04
2.325333290000000488e+03	-3.562785090103423591e-04
2.325363420000000133e+03	-3.215632396862816433e-04
2.325393560000000434e+03	-2.968480648629506780e-04
2.325423690000000533e+03	-2.771327955388841469e-04
2.325453830000000380e+03	-2.824176207155554286e-04
2.325483960000000479e+03	-3.027023513914942066e-04
2.325514090000000579e+03	-3.329870820674360465e-04
2.325544230000000425e+03	-3.732719072441006980e-04
2.325574360000000524e+03	-4.035566379200355991e-04
2.325604500000000371e+03	-4.188414630966960650e-04
2.325634630000000470e+03	-4.091261937726395348e-04
2.325664760000000570e+03	-3.794109244485838195e-04
2.325694900000000416e+03	-3.396957496252447917e-04
2.325725030000000515e+03	-3.049804803011840759e-04
2.325755160000000160e+03	-2.852652109771244837e-04
2.325785300000000461e+03	-2.905500361537818876e-04
2.325815430000000561e+03	-3.208347668297306665e-04
2.325845570000000407e+03	-3.611195920063883791e-04
2.325875700000000506e+03	-3.964043226823282806e-04
2.325905830000000151e+03	-4.216890533582651202e-04
2.325935970000000452e+03	-4.219738785349314014e-04
2.325966100000000552e+03	-4.022586092108718092e-04
2.325996230000000196e+03	-3.625433398868130319e-04
2.326026370000000497e+03	-3.178281650634759425e-04
2.326056500000000142e+03	-2.881128957394202272e-04
2.326086640000000443e+03	-2.783977209160834465e-04
2.326116770000000542e+03	-2.936824515920241629e-04
2.326146900000000187e+03	-3.239671822679660029e-04
2.326177040000000488e+03	-3.592520074446325928e-04
2.326207170000000133e+03	-3.795367381205713708e-04
2.326237310000000434e+03	-3.848215632972287747e-04
2.326267440000000533e+03	-3.601062939731780599e-04
2.326297570000000178e+03	-3.253910246491104052e-04
2.326327710000000479e+03	-2.806758498257733159e-04
2.326357840000000579e+03	-2.509605805017245395e-04
2.326387970000000223e+03	-2.412453111776541315e-04
2.326418110000000524e+03	-2.465301363543184743e-04
2.326448240000000169e+03	-2.718148670302553138e-04
2.326478380000000470e+03	-2.970996922069188417e-04
2.326508510000000570e+03	-3.173844228828645586e-04
2.326538640000000214e+03	-3.276691535588002746e-04
2.326568780000000515e+03	-3.279539787354665559e-04
2.326598910000000160e+03	-3.232387094114011483e-04
2.326629050000000461e+03	-3.235235345880674296e-04
2.326659180000000561e+03	-3.238082652640070225e-04
2.326689310000000205e+03	-3.190929959399485538e-04
2.326719450000000506e+03	-3.043778211166137115e-04
2.326749580000000151e+03	-2.796625517925560578e-04
2.326779710000000250e+03	-2.449472824684953420e-04
2.326809850000000552e+03	-2.052321076451632531e-04
2.326839980000000196e+03	-1.805168383210986605e-04
2.326870120000000497e+03	-1.758016634977668802e-04
2.326900250000000142e+03	-2.010863941736967808e-04
2.326930380000000241e+03	-2.463711248496466832e-04
2.326960520000000542e+03	-3.016559500263124582e-04
2.326990650000000187e+03	-3.469406807022484829e-04
2.327020780000000286e+03	-3.772254113781903229e-04
2.327050920000000133e+03	-3.775102365548427263e-04
2.327081050000000232e+03	-3.627949672307881346e-04
2.327111190000000533e+03	-3.380797924074571692e-04
2.327141320000000178e+03	-3.233645230833886997e-04
2.327171450000000277e+03	-3.186492537593371699e-04
2.327201590000000579e+03	-3.239340789359945738e-04
2.327231720000000223e+03	-3.442188096119333518e-04
2.327261860000000524e+03	-3.595036347886007566e-04
2.327291990000000169e+03	-3.747883654645414730e-04
2.327322120000000268e+03	-3.800730961404791275e-04
2.327352260000000570e+03	-3.803579213171454088e-04
2.327382390000000214e+03	-3.806426519930850016e-04
2.327412520000000313e+03	-3.759273826690265330e-04
2.327442660000000160e+03	-3.662122078456897523e-04
2.327472790000000259e+03	-3.564969385216332221e-04
2.327502930000000561e+03	-3.417817636982983798e-04
2.327533060000000205e+03	-3.270664943742368491e-04
2.327563190000000304e+03	-3.123512250501753185e-04
2.327593330000000151e+03	-3.076360502268365993e-04
2.327623460000000250e+03	-3.129207809027742537e-04
2.327653590000000349e+03	-3.332055115787199706e-04
2.327683730000000196e+03	-3.534903367553854370e-04
2.327713860000000295e+03	-3.737750674313242150e-04
2.327744000000000142e+03	-3.840598926079796804e-04
2.327774130000000241e+03	-3.843446232839192733e-04
2.327804260000000340e+03	-3.696293539598646816e-04
2.327834400000000187e+03	-3.499141791365248388e-04
2.327864530000000286e+03	-3.351989098124633082e-04
2.327894670000000133e+03	-3.304837349891315279e-04
2.327924800000000232e+03	-3.407684656650741828e-04
2.327954930000000331e+03	-3.510531963410098988e-04
2.327985070000000178e+03	-3.613380215176792420e-04
2.328015200000000277e+03	-3.666227521936168965e-04
2.328045330000000376e+03	-3.619074828695584278e-04
2.328075470000000223e+03	-3.471923080462235855e-04
2.328105600000000322e+03	-3.224770387221659318e-04
2.328135740000000169e+03	-3.077618638988310895e-04
2.328165870000000268e+03	-2.980465945747676204e-04
2.328196000000000367e+03	-3.033313252507052749e-04
2.328226140000000214e+03	-3.186161504273657408e-04
2.328256270000000313e+03	-3.389008811033114577e-04
2.328286410000000160e+03	-3.491857062799738620e-04
2.328316540000000259e+03	-3.394704369559103929e-04
2.328346670000000358e+03	-3.197551676318577396e-04
2.328376810000000205e+03	-2.950399928085128964e-04
2.328406940000000304e+03	-2.703247234844621816e-04
2.328437070000000404e+03	-2.606094541603987125e-04
2.328467210000000250e+03	-2.708942793370611168e-04
2.328497340000000349e+03	-3.011790100130029568e-04
2.328527480000000196e+03	-3.364638351896626078e-04
2.328557610000000295e+03	-3.567485658656013858e-04
2.328587740000000395e+03	-3.570332965415409787e-04
2.328617880000000241e+03	-3.323181217182100133e-04
2.328648010000000340e+03	-2.826028523941481740e-04
2.328678140000000440e+03	-2.328875830700863347e-04
2.328708280000000286e+03	-1.981724082467523074e-04
2.328738410000000385e+03	-1.934571389226938387e-04
2.328768550000000232e+03	-2.237419640993623671e-04
2.328798680000000331e+03	-2.690266947752983917e-04
2.328828810000000431e+03	-3.243114254512374783e-04
2.328858950000000277e+03	-3.595962506279040682e-04
2.328889080000000376e+03	-3.798809813038428462e-04
2.328919220000000223e+03	-3.701658064805060655e-04
2.328949350000000322e+03	-3.454505371564484117e-04
2.328979480000000422e+03	-3.207352678323907580e-04
2.329009620000000268e+03	-3.010200930090509153e-04
2.329039750000000367e+03	-3.013048236849905082e-04
2.329069880000000467e+03	-3.115895543609331630e-04
2.329100020000000313e+03	-3.318743795375986294e-04
2.329130150000000413e+03	-3.471591102135324070e-04
2.329160290000000259e+03	-3.574439353901948113e-04
2.329190420000000358e+03	-3.527286660661363427e-04
2.329220550000000458e+03	-3.430133967420798125e-04
2.329250690000000304e+03	-3.282982219187380313e-04
2.329280820000000404e+03	-3.135829525946765006e-04
2.329310950000000503e+03	-3.088676832706249709e-04
2.329341090000000349e+03	-3.041525084472862517e-04
2.329371220000000449e+03	-3.094372391232239061e-04
2.329401360000000295e+03	-3.147220642998882489e-04
2.329431490000000395e+03	-3.200067949758328423e-04
2.329461620000000494e+03	-3.302915256517685583e-04
2.329491760000000340e+03	-3.405763508284379015e-04
2.329521890000000440e+03	-3.558610815043786180e-04
2.329552030000000286e+03	-3.711459066810390839e-04
2.329582160000000385e+03	-3.864306373569798003e-04
2.329612290000000485e+03	-3.917153680329243937e-04
2.329642430000000331e+03	-3.870001932095787356e-04
2.329672560000000431e+03	-3.622849238855280207e-04
2.329702690000000530e+03	-3.325696545614653665e-04
2.329732830000000376e+03	-2.978544797381244003e-04
2.329762960000000476e+03	-2.681392104140756238e-04
2.329793100000000322e+03	-2.534240355907269038e-04
2.329823230000000422e+03	-2.537087662666734356e-04
2.329853360000000521e+03	-2.739934969426122136e-04
2.329883500000000367e+03	-2.992783221192688026e-04
2.329913630000000467e+03	-3.295630527952175814e-04
2.329943770000000313e+03	-3.548478779718741705e-04
2.329973900000000413e+03	-3.751326086478198873e-04
2.330004030000000512e+03	-3.904173393237536649e-04
2.330034170000000358e+03	-3.957021645004249466e-04
2.330064300000000458e+03	-3.959868951763645395e-04
2.330094430000000557e+03	-3.812716258523030088e-04
2.330124570000000404e+03	-3.565564510289651046e-04
2.330154700000000503e+03	-3.168411817049063273e-04
2.330184840000000349e+03	-2.721260068815761768e-04
2.330214970000000449e+03	-2.374107375575154610e-04
2.330245100000000548e+03	-2.276954682334519919e-04
2.330275240000000395e+03	-2.479802934101174583e-04
2.330305370000000494e+03	-3.032650240860565449e-04
2.330335500000000138e+03	-3.635497547620006320e-04
2.330365640000000440e+03	-4.138345799386614066e-04
2.330395770000000539e+03	-4.241193106146040614e-04
2.330425910000000385e+03	-3.844041357912650336e-04
2.330456040000000485e+03	-3.096888664672059477e-04
2.330486170000000129e+03	-2.149735971431407378e-04
2.330516310000000431e+03	-1.452584223198064017e-04
2.330546440000000530e+03	-1.155431529957506864e-04
2.330576580000000376e+03	-1.458279781724053370e-04
2.330606710000000476e+03	-2.211127088483505476e-04
2.330636840000000575e+03	-3.063974395242918813e-04
2.330666980000000422e+03	-3.816822647009568414e-04
2.330697110000000521e+03	-4.169669953768898041e-04
2.330727240000000165e+03	-4.072517260528332739e-04
2.330757380000000467e+03	-3.725365512294992465e-04
2.330787510000000566e+03	-3.228212819054374072e-04
2.330817650000000413e+03	-2.881061070821033798e-04
2.330847780000000512e+03	-2.683908377580437876e-04
2.330877910000000156e+03	-2.736755684339814421e-04
2.330908050000000458e+03	-2.839603936106507853e-04
2.330938180000000557e+03	-2.942451242865934402e-04
2.330968320000000404e+03	-2.995299494632508441e-04
2.330998450000000503e+03	-2.948146801391993144e-04
2.331028580000000147e+03	-2.900994108151269679e-04
2.331058720000000449e+03	-2.953842359917982496e-04
2.331088850000000548e+03	-3.056689666677409045e-04
2.331118980000000192e+03	-3.159536973436766205e-04
2.331149120000000494e+03	-3.212385225203409633e-04
2.331179250000000138e+03	-3.165232531962755558e-04
2.331209390000000440e+03	-2.968080783729426519e-04
2.331239520000000539e+03	-2.720928090488849982e-04
2.331269650000000183e+03	-2.573775397248165286e-04
2.331299790000000485e+03	-2.626623649014878104e-04
2.331329920000000129e+03	-2.879470955774246499e-04
2.331360050000000228e+03	-3.282318262533626130e-04
2.331390190000000530e+03	-3.635166514300292029e-04
2.331420320000000174e+03	-3.838013821059679809e-04
2.331450460000000476e+03	-3.740862072826381390e-04
2.331480590000000575e+03	-3.393709379585774233e-04
2.331510720000000219e+03	-2.996556686345186460e-04
2.331540860000000521e+03	-2.649404938111846186e-04
2.331570990000000165e+03	-2.552252244871211495e-04
2.331601130000000467e+03	-2.705100496637885543e-04
2.331631260000000566e+03	-3.057947803397284559e-04
2.331661390000000210e+03	-3.460795110156664189e-04
2.331691530000000512e+03	-3.663643361923318853e-04
2.331721660000000156e+03	-3.666490668682645393e-04
2.331751790000000256e+03	-3.469337975442118860e-04
2.331781930000000557e+03	-3.172186227208689813e-04
2.331812060000000201e+03	-2.925033533968113275e-04
2.331842200000000503e+03	-2.877881785734795472e-04
2.331872330000000147e+03	-3.080729092494113863e-04
2.331902460000000247e+03	-3.433576399253582268e-04
2.331932600000000548e+03	-3.836424651020159393e-04
2.331962730000000192e+03	-4.089271957779527789e-04
2.331992860000000292e+03	-4.092119264538923717e-04
2.332023000000000138e+03	-3.944967516305644684e-04
2.332053130000000237e+03	-3.647814823065018142e-04
2.332083270000000539e+03	-3.400663074831639099e-04
2.332113400000000183e+03	-3.353510381591054412e-04
2.332143530000000283e+03	-3.406357688350430957e-04
2.332173670000000129e+03	-3.559205940117105005e-04
2.332203800000000228e+03	-3.612053246876550938e-04
2.332233940000000530e+03	-3.464901498643202515e-04
2.332264070000000174e+03	-3.017748805402564738e-04
2.332294200000000274e+03	-2.420596112161985114e-04
2.332324340000000575e+03	-1.773444363928622369e-04
2.332354470000000219e+03	-1.276291670688003976e-04
2.332384600000000319e+03	-1.179138977447438674e-04
2.332414740000000165e+03	-1.531987229214035184e-04
2.332444870000000265e+03	-2.184834535973387282e-04
2.332475010000000566e+03	-3.037682787740067503e-04
2.332505140000000210e+03	-3.790530094499380831e-04
2.332535270000000310e+03	-4.293377401258860471e-04
2.332565410000000156e+03	-4.496225653025445745e-04
2.332595540000000256e+03	-4.349072959784830439e-04
2.332625680000000557e+03	-3.951921211551509550e-04
2.332655810000000201e+03	-3.554768518310921777e-04
2.332685940000000301e+03	-3.207615825070314619e-04
2.332716080000000147e+03	-3.010464076836985581e-04
2.332746210000000247e+03	-2.963311383596400894e-04
2.332776340000000346e+03	-3.116158690355808059e-04
2.332806480000000192e+03	-3.319006942122462722e-04
2.332836610000000292e+03	-3.521854248881850502e-04
2.332866750000000138e+03	-3.674702500648524550e-04
2.332896880000000237e+03	-3.777549807407881710e-04
2.332927010000000337e+03	-3.780397114167277639e-04
2.332957150000000183e+03	-3.733245365933890447e-04
2.332987280000000283e+03	-3.636092672693325145e-04
2.333017410000000382e+03	-3.488939979452709839e-04
2.333047550000000228e+03	-3.341788231219361416e-04
2.333077680000000328e+03	-3.194635537978815498e-04
2.333107820000000174e+03	-3.097483789745308913e-04
2.333137950000000274e+03	-3.000331096504813000e-04
2.333168080000000373e+03	-2.903178403264247698e-04
2.333198220000000219e+03	-2.906026655030771733e-04
2.333228350000000319e+03	-2.958873961790217666e-04
2.333258490000000165e+03	-3.061722213556841710e-04
2.333288620000000265e+03	-3.164569520316268258e-04
2.333318750000000364e+03	-3.317416827075675423e-04
2.333348890000000210e+03	-3.420265078842299467e-04
2.333379020000000310e+03	-3.423112385601695395e-04
2.333409150000000409e+03	-3.425959692361091324e-04
2.333439290000000256e+03	-3.378807944127773522e-04
2.333469420000000355e+03	-3.281655250887138831e-04
2.333499560000000201e+03	-3.234503502653821028e-04
2.333529690000000301e+03	-3.237350809413216957e-04
2.333559820000000400e+03	-3.290198116172593501e-04
2.333589960000000247e+03	-3.343046367939236929e-04
2.333620090000000346e+03	-3.395893674698682863e-04
2.333650230000000192e+03	-3.348741926465226282e-04
2.333680360000000292e+03	-3.201589233224749753e-04
2.333710490000000391e+03	-3.004436539984084442e-04
2.333740630000000237e+03	-2.857284791750736019e-04
2.333770760000000337e+03	-2.710132098510120713e-04
2.333800890000000436e+03	-2.712979405269586031e-04
2.333831030000000283e+03	-2.865827657036190690e-04
2.333861160000000382e+03	-3.168674963795539701e-04
2.333891300000000228e+03	-3.471523215562155595e-04
2.333921430000000328e+03	-3.774370522321573995e-04
2.333951560000000427e+03	-3.927217829080981160e-04
2.333981700000000274e+03	-3.830066080847613352e-04
2.334011830000000373e+03	-3.532913387606986810e-04
2.334041960000000472e+03	-2.985760694366457191e-04
2.334072100000000319e+03	-2.338608946133025057e-04
2.334102230000000418e+03	-1.691456252892464818e-04
2.334132370000000265e+03	-1.194304504659113308e-04
2.334162500000000364e+03	-9.971518114185173864e-05
2.334192630000000463e+03	-1.149999118177924551e-04
2.334222770000000310e+03	-1.652847369944601685e-04
2.334252900000000409e+03	-2.305694676703953783e-04
2.334283040000000256e+03	-2.958542928470642153e-04
2.334313170000000355e+03	-3.461390235230052403e-04
2.334343300000000454e+03	-3.664237541989440183e-04
2.334373440000000301e+03	-3.667085793756033607e-04
2.334403570000000400e+03	-3.419933100515457070e-04
2.334433700000000499e+03	-3.172780407274880532e-04
2.334463840000000346e+03	-3.075628659041443336e-04
2.334493970000000445e+03	-3.128475965800958658e-04
2.334524110000000292e+03	-3.381324217567455159e-04
2.334554240000000391e+03	-3.634171524326892944e-04
2.334584370000000490e+03	-3.887018831086400117e-04
2.334614510000000337e+03	-3.889867082852924152e-04
2.334644640000000436e+03	-3.642714389612347614e-04
2.334674770000000535e+03	-3.195561696371779226e-04
2.334704910000000382e+03	-2.698409948138358327e-04
2.334735040000000481e+03	-2.351257254897751170e-04
2.334765180000000328e+03	-2.204105506664402747e-04
2.334795310000000427e+03	-2.306952813423829296e-04
2.334825440000000526e+03	-2.609800120183247696e-04
2.334855580000000373e+03	-3.012648371949894210e-04
2.334885710000000472e+03	-3.315495678709312610e-04
2.334915850000000319e+03	-3.518343930475967274e-04
2.334945980000000418e+03	-3.521191237235363203e-04
2.334976110000000517e+03	-3.474038543994709127e-04
2.335006250000000364e+03	-3.426886795761391324e-04
2.335036380000000463e+03	-3.429734102520787253e-04
2.335066510000000562e+03	-3.582581409280194418e-04
2.335096650000000409e+03	-3.685429661046818461e-04
2.335126780000000508e+03	-3.788276967806245010e-04
2.335156920000000355e+03	-3.741125219572857818e-04
2.335187050000000454e+03	-3.493972526332211892e-04
2.335217180000000553e+03	-3.196819833091724128e-04
2.335247320000000400e+03	-2.899668084858295081e-04
2.335277450000000499e+03	-2.752515391617679774e-04
2.335307590000000346e+03	-2.805363643384253813e-04
2.335337720000000445e+03	-3.108210950143672213e-04
2.335367850000000544e+03	-3.511058256903121233e-04
2.335397990000000391e+03	-3.863906508669717743e-04
2.335428120000000490e+03	-4.016753815429124908e-04
2.335458250000000135e+03	-3.919601122188559605e-04
2.335488390000000436e+03	-3.622449373955199947e-04
2.335518520000000535e+03	-3.275296680714592790e-04
2.335548660000000382e+03	-2.978144932481233131e-04
2.335578790000000481e+03	-2.930992239240648445e-04
2.335608920000000580e+03	-3.183839546000016840e-04
2.335639060000000427e+03	-3.636687797766713359e-04
2.335669190000000526e+03	-4.139535104526123610e-04
2.335699320000000171e+03	-4.492382411285522625e-04
2.335729460000000472e+03	-4.395230663052154818e-04
2.335759590000000571e+03	-3.898077969811536425e-04
2.335789730000000418e+03	-2.950926221578151210e-04
2.335819860000000517e+03	-1.853773528337626653e-04
2.335849990000000162e+03	-9.066208350969745533e-05
2.335880130000000463e+03	-3.094690868635924241e-05
2.335910260000000562e+03	-2.123163936230965110e-05
2.335940400000000409e+03	-6.651646453895848632e-05
2.335970530000000508e+03	-1.468011952149086974e-04
2.336000660000000153e+03	-2.420859258908392153e-04
2.336030800000000454e+03	-3.173707510675041754e-04
2.336060930000000553e+03	-3.676554817434521394e-04
2.336091060000000198e+03	-3.779402124193809165e-04
2.336121200000000499e+03	-3.582250375960480127e-04
2.336151330000000144e+03	-3.235097682719872969e-04
2.336181470000000445e+03	-2.887945934486532695e-04
2.336211600000000544e+03	-2.690793241245936773e-04
2.336241730000000189e+03	-2.693640548005332702e-04
2.336271870000000490e+03	-2.846488799772006750e-04
2.336302000000000135e+03	-3.099336106531444535e-04
2.336332130000000234e+03	-3.352183413290812930e-04
2.336362270000000535e+03	-3.605031665057448209e-04
2.336392400000000180e+03	-3.807878971816835989e-04
2.336422540000000481e+03	-3.960727223583510037e-04
2.336452670000000580e+03	-4.063574530342936586e-04
2.336482800000000225e+03	-4.066421837102332515e-04
2.336512940000000526e+03	-4.019270088869014712e-04
2.336543070000000171e+03	-3.922117395628310632e-04
2.336573210000000472e+03	-3.724965647394981594e-04
2.336603340000000571e+03	-3.527812954154385672e-04
2.336633470000000216e+03	-3.330660260913789750e-04
2.336663610000000517e+03	-3.283508512680402558e-04
2.336693740000000162e+03	-3.286355819439729098e-04
2.336723870000000261e+03	-3.439203126199136262e-04
2.336754010000000562e+03	-3.692051377965840930e-04
2.336784140000000207e+03	-3.944898684725209326e-04
2.336814280000000508e+03	-4.147746936491863989e-04
2.336844410000000153e+03	-4.300594243251271154e-04
2.336874540000000252e+03	-4.303441550010667083e-04
2.336904680000000553e+03	-4.156289801777318660e-04
2.336934810000000198e+03	-3.909137108536742122e-04
2.336964950000000499e+03	-3.661985360303363080e-04
2.336995080000000144e+03	-3.364832667062805927e-04
2.337025210000000243e+03	-3.117679973822160000e-04
2.337055350000000544e+03	-3.020528225588861582e-04
2.337085480000000189e+03	-3.123375532348218742e-04
2.337115610000000288e+03	-3.326222839107606521e-04
2.337145750000000135e+03	-3.629071090874222416e-04
2.337175880000000234e+03	-3.831918397633610196e-04
2.337206020000000535e+03	-3.884766649400253624e-04
2.337236150000000180e+03	-3.737613956159707707e-04
2.337266280000000279e+03	-3.390461262919100549e-04
2.337296420000000580e+03	-3.043309514685760275e-04
2.337326550000000225e+03	-2.896156821445075580e-04
2.337356680000000324e+03	-3.049004128204552133e-04
2.337386820000000171e+03	-3.551852379971159879e-04
2.337416950000000270e+03	-4.204699686730511976e-04
2.337447090000000571e+03	-4.757547938497169726e-04
2.337477220000000216e+03	-4.960395245256557506e-04
2.337507350000000315e+03	-4.713242552015980968e-04
2.337537490000000162e+03	-4.016090803782637608e-04
2.337567620000000261e+03	-3.068938110542054898e-04
2.337597760000000562e+03	-2.221786362308700302e-04
2.337627890000000207e+03	-1.674633669068101294e-04
2.337658020000000306e+03	-1.677480975827497223e-04
2.337688160000000153e+03	-2.030329227594093733e-04
2.337718290000000252e+03	-2.633176534353534604e-04
2.337748420000000351e+03	-3.186023841112925470e-04
2.337778560000000198e+03	-3.388872092879510745e-04
2.337808690000000297e+03	-3.341719399638995447e-04
2.337838830000000144e+03	-3.044567651405497011e-04
2.337868960000000243e+03	-2.797414958164989862e-04
2.337899090000000342e+03	-2.750262264924474565e-04
2.337929230000000189e+03	-3.003110516690971066e-04
2.337959360000000288e+03	-3.455957823450470090e-04
2.337989500000000135e+03	-4.008806075217058451e-04
2.338019630000000234e+03	-4.361653381976457466e-04
2.338049760000000333e+03	-4.364500688735922784e-04
2.338079900000000180e+03	-4.067348940502493737e-04
2.338110030000000279e+03	-3.570196247261875344e-04
2.338140160000000378e+03	-3.023043554021276336e-04
2.338170300000000225e+03	-2.625891805787955446e-04
2.338200430000000324e+03	-2.528739112547320755e-04
2.338230570000000171e+03	-2.681587364313994803e-04
2.338260700000000270e+03	-3.034434671073393819e-04
2.338290830000000369e+03	-3.387281977832792834e-04
2.338320970000000216e+03	-3.640130229599497502e-04
2.338351100000000315e+03	-3.742977536358854662e-04
2.338381230000000414e+03	-3.645824843118289360e-04
2.338411370000000261e+03	-3.448673094884890933e-04
2.338441500000000360e+03	-3.201520401644314395e-04
2.338471640000000207e+03	-3.004368653410915968e-04
2.338501770000000306e+03	-2.957215960170400670e-04
2.338531900000000405e+03	-3.060063266929757830e-04
2.338562040000000252e+03	-3.312911518696393109e-04
2.338592170000000351e+03	-3.615758825455742120e-04
2.338622310000000198e+03	-3.868607077222377399e-04
2.338652440000000297e+03	-4.021454383981784564e-04
2.338682570000000396e+03	-4.024301690741180493e-04
2.338712710000000243e+03	-3.877149942507832070e-04
2.338742840000000342e+03	-3.629997249267186143e-04
2.338772970000000441e+03	-3.532844556026690230e-04
2.338803110000000288e+03	-3.585692807793264270e-04
2.338833240000000387e+03	-3.838540114552632665e-04
2.338863380000000234e+03	-4.291388366319329184e-04
2.338893510000000333e+03	-4.694235673078708815e-04
2.338923640000000432e+03	-4.947082979838077210e-04
2.338953780000000279e+03	-4.849931231604778792e-04
2.338983910000000378e+03	-4.502778538364171634e-04
2.339014040000000477e+03	-4.055625845123533857e-04
2.339044180000000324e+03	-3.658474096890212968e-04
2.339074310000000423e+03	-3.561321403649647666e-04
2.339104450000000270e+03	-3.764169655416232940e-04
2.339134580000000369e+03	-4.217016962175662576e-04
2.339164710000000468e+03	-4.619864268935111595e-04
2.339194850000000315e+03	-4.672712520701685635e-04
2.339224980000000414e+03	-4.225559827461117246e-04
2.339255120000000261e+03	-3.178408079227632022e-04
2.339285250000000360e+03	-1.831255385987134998e-04
2.339315380000000459e+03	-5.841026927465992058e-05
2.339345520000000306e+03	2.130490554869135522e-05
2.339375650000000405e+03	2.102017487274482344e-05
2.339405780000000505e+03	-4.926455580319538674e-05
2.339435920000000351e+03	-1.745493809798548401e-04
2.339466050000000450e+03	-3.098341116558045449e-04
2.339496190000000297e+03	-4.151189368324648132e-04
2.339526320000000396e+03	-4.604036675084008379e-04
2.339556450000000495e+03	-4.456883981843393072e-04
2.339586590000000342e+03	-3.909732233610060947e-04
2.339616720000000441e+03	-3.262579540369500708e-04
2.339646860000000288e+03	-2.915427792136160434e-04
2.339676990000000387e+03	-2.968275098895536979e-04
2.339707120000000486e+03	-3.321122405654935994e-04
2.339737260000000333e+03	-3.823970657421613129e-04
2.339767390000000432e+03	-4.226817964180992759e-04
2.339797520000000532e+03	-4.329665270940419308e-04
2.339827660000000378e+03	-4.082513522707040265e-04
2.339857790000000477e+03	-3.635360829466471877e-04
2.339887930000000324e+03	-3.188209081233031594e-04
2.339918060000000423e+03	-2.941056387992455057e-04
2.339948190000000523e+03	-2.993903694751900990e-04
2.339978330000000369e+03	-3.296751946518516885e-04
2.340008460000000468e+03	-3.749599253277877131e-04
2.340038590000000568e+03	-4.052446560037364920e-04
2.340068730000000414e+03	-4.205294811803900190e-04
2.340098860000000514e+03	-4.108142118563334888e-04
2.340129000000000360e+03	-3.860990370329955845e-04
2.340159130000000459e+03	-3.613837677089309919e-04
2.340189260000000559e+03	-3.466684983848833390e-04
2.340219400000000405e+03	-3.469533235615426814e-04
2.340249530000000505e+03	-3.572380542374783974e-04
2.340279670000000351e+03	-3.725228794141458022e-04
2.340309800000000450e+03	-3.828076100900884571e-04
2.340339930000000550e+03	-3.780923407660230495e-04
2.340370070000000396e+03	-3.633771659426882072e-04
2.340400200000000495e+03	-3.386618966186305535e-04
2.340430330000000140e+03	-3.239466272945690228e-04
2.340460470000000441e+03	-3.092314524712341806e-04
2.340490600000000541e+03	-3.145161831471787739e-04
2.340520740000000387e+03	-3.248010083238342394e-04
2.340550870000000486e+03	-3.450857389997799562e-04
2.340581000000000131e+03	-3.653704696757117953e-04
2.340611140000000432e+03	-3.856552948523842006e-04
2.340641270000000532e+03	-4.059400255283299175e-04
2.340671400000000176e+03	-4.162247562042586946e-04
2.340701540000000477e+03	-4.265095813809280378e-04
2.340731670000000577e+03	-4.267943120568745696e-04
2.340761810000000423e+03	-4.170791372335239111e-04
2.340791940000000523e+03	-4.023638679094693194e-04
2.340822070000000167e+03	-3.826485985854027883e-04
2.340852210000000468e+03	-3.629334237620698844e-04
2.340882340000000568e+03	-3.332181544380072302e-04
2.340912480000000414e+03	-3.035029796146782033e-04
2.340942610000000514e+03	-2.637877102906194260e-04
2.340972740000000158e+03	-2.140724409665575867e-04
2.341002880000000459e+03	-1.643572661432224358e-04
2.341033010000000559e+03	-1.146419968191605965e-04
2.341063140000000203e+03	-7.992672749509988073e-05
2.341093280000000505e+03	-7.521155267176810044e-05
2.341123410000000149e+03	-1.004962833477049400e-04
2.341153550000000450e+03	-1.557811085243707150e-04
2.341183680000000550e+03	-2.410658392003120487e-04
2.341213810000000194e+03	-3.263505698762533824e-04
2.341243950000000495e+03	-4.016353950529183425e-04
2.341274080000000140e+03	-4.469201257288543672e-04
2.341304220000000441e+03	-4.472049509055206484e-04
2.341334350000000541e+03	-4.174896815814579942e-04
2.341364480000000185e+03	-3.677744122573961549e-04
2.341394620000000486e+03	-3.130592374340629425e-04
2.341424750000000131e+03	-2.733439681099972263e-04
2.341454880000000230e+03	-2.636286987859406961e-04
2.341485020000000532e+03	-2.789135239626011620e-04
2.341515150000000176e+03	-3.141982546385410635e-04
2.341545290000000477e+03	-3.494830798152076534e-04
2.341575420000000577e+03	-3.747678104911444930e-04
2.341605550000000221e+03	-3.850525411670871478e-04
2.341635690000000523e+03	-3.753373663437503671e-04
2.341665820000000167e+03	-3.656220970196938369e-04
2.341695950000000266e+03	-3.509068276956323063e-04
2.341726090000000568e+03	-3.461916528723005260e-04
2.341756220000000212e+03	-3.464763835482401189e-04
2.341786360000000514e+03	-3.517612087249044617e-04
2.341816490000000158e+03	-3.520459394008440546e-04
2.341846620000000257e+03	-3.423306700767805855e-04
2.341876760000000559e+03	-3.276154952534526821e-04
2.341906890000000203e+03	-3.129002259293842125e-04
2.341937030000000505e+03	-3.031850511060474318e-04
2.341967160000000149e+03	-3.084697817819850862e-04
2.341997290000000248e+03	-3.237545124579258027e-04
2.342027430000000550e+03	-3.390393376345932075e-04
2.342057560000000194e+03	-3.443240683105239230e-04
2.342087690000000293e+03	-3.446087989864704548e-04
2.342117830000000140e+03	-3.298936241631356125e-04
2.342147960000000239e+03	-3.201783548390721434e-04
2.342178100000000541e+03	-3.204631800157384247e-04
2.342208230000000185e+03	-3.407479106916772027e-04
2.342238360000000284e+03	-3.710326413676190427e-04
2.342268500000000131e+03	-4.063174665442856326e-04
2.342298630000000230e+03	-4.266021972202244106e-04
2.342328770000000532e+03	-4.268870223968906918e-04
2.342358900000000176e+03	-4.021717530728330381e-04
2.342389030000000275e+03	-3.674564837487723223e-04
2.342419170000000577e+03	-3.427413089254344181e-04
2.342449300000000221e+03	-3.380260396013759494e-04
2.342479430000000320e+03	-3.483107702773116654e-04
2.342509570000000167e+03	-3.635955954539721313e-04
2.342539700000000266e+03	-3.638803261299186631e-04
2.342569840000000568e+03	-3.291651513065846357e-04
2.342599970000000212e+03	-2.594498819825166724e-04
2.342630100000000311e+03	-1.647346126584653403e-04
2.342660240000000158e+03	-8.001943783511600294e-05
2.342690370000000257e+03	-2.530416851106304099e-05
2.342720500000000357e+03	-2.558889918700263388e-05
2.342750640000000203e+03	-8.087372436366146999e-05
2.342780770000000302e+03	-1.661584550396097426e-04
2.342810910000000149e+03	-2.564432802162688874e-04
2.342841040000000248e+03	-3.217280108922110360e-04
2.342871170000000347e+03	-3.570127415681509375e-04
2.342901310000000194e+03	-3.522975667448122183e-04
2.342931440000000293e+03	-3.325822974207526261e-04
2.342961580000000140e+03	-3.078671225974216608e-04
2.342991710000000239e+03	-2.981518532733581917e-04
2.343021840000000338e+03	-2.984365839492977845e-04
2.343051980000000185e+03	-3.087214091259671278e-04
2.343082110000000284e+03	-3.140061398019047822e-04
2.343112240000000384e+03	-3.142908704778443751e-04
2.343142380000000230e+03	-3.045756956545145333e-04
2.343172510000000329e+03	-2.898604263304530027e-04
2.343202650000000176e+03	-2.801452515071092830e-04
2.343232780000000275e+03	-2.854299821830608153e-04
2.343262910000000375e+03	-3.007147128589945928e-04
2.343293050000000221e+03	-3.209995380356531203e-04
2.343323180000000320e+03	-3.312842687115957752e-04
2.343353310000000420e+03	-3.265689993875442454e-04
2.343383450000000266e+03	-3.118538245642024642e-04
2.343413580000000366e+03	-2.821385552401398100e-04
2.343443720000000212e+03	-2.574233804168019057e-04
2.343473850000000311e+03	-2.327081110927373131e-04
2.343503980000000411e+03	-2.279928417686857833e-04
2.343534120000000257e+03	-2.282776669453451257e-04
2.343564250000000357e+03	-2.335623976212827801e-04
2.343594390000000203e+03	-2.438472227979521234e-04
2.343624520000000302e+03	-2.491319534738897779e-04
2.343654650000000402e+03	-2.494166841498293707e-04
2.343684790000000248e+03	-2.497015093264956520e-04
2.343714920000000347e+03	-2.499862400024352449e-04
2.343745050000000447e+03	-2.552709706783798382e-04
2.343775190000000293e+03	-2.605557958550441811e-04
2.343805320000000393e+03	-2.708405265309798970e-04
2.343835460000000239e+03	-2.861253517076473019e-04
2.343865590000000338e+03	-2.964100823835899567e-04
2.343895720000000438e+03	-3.016948130595276112e-04
2.343925860000000284e+03	-2.969796382361888920e-04
2.343955990000000384e+03	-2.822643689121343002e-04
2.343986130000000230e+03	-2.625491940887875186e-04
2.344016260000000329e+03	-2.378339247647298649e-04
2.344046390000000429e+03	-2.181186554406772116e-04
2.344076530000000275e+03	-2.134034806173315535e-04
2.344106660000000375e+03	-2.136882112932780853e-04
2.344136790000000474e+03	-2.239729419692207402e-04
2.344166930000000320e+03	-2.392577671458742672e-04
2.344197060000000420e+03	-2.445424978218257994e-04
2.344227200000000266e+03	-2.398273229984801413e-04
2.344257330000000366e+03	-2.201120536744205491e-04
2.344287460000000465e+03	-1.953967843503628954e-04
2.344317600000000311e+03	-1.656816095270269296e-04
2.344347730000000411e+03	-1.459663402029673374e-04
2.344377860000000510e+03	-1.412510708789088687e-04
2.344408000000000357e+03	-1.565358960555762735e-04
2.344438130000000456e+03	-1.868206267315111746e-04
2.344468270000000302e+03	-2.171054519081797030e-04
2.344498400000000402e+03	-2.473901825841215429e-04
2.344528530000000501e+03	-2.626749132600622594e-04
2.344558670000000347e+03	-2.629597384367285406e-04
2.344588800000000447e+03	-2.532444691126650715e-04
2.344618940000000293e+03	-2.385292942893232904e-04
2.344649070000000393e+03	-2.238140249652686986e-04
2.344679200000000492e+03	-2.090987556412071680e-04
2.344709340000000338e+03	-2.093835808178665103e-04
2.344739470000000438e+03	-2.096683114938061032e-04
2.344769600000000537e+03	-2.199530421697556970e-04
2.344799740000000384e+03	-2.252378673464131009e-04
2.344829870000000483e+03	-2.355225980223557558e-04
2.344860010000000329e+03	-2.408074231990131597e-04
2.344890140000000429e+03	-2.410921538749527526e-04
2.344920270000000528e+03	-2.413768845508992844e-04
2.344950410000000375e+03	-2.316617097275625037e-04
2.344980540000000474e+03	-2.269464404034970961e-04
2.345010670000000573e+03	-2.172311710794475048e-04
2.345040810000000420e+03	-2.125159962561018467e-04
2.345070940000000519e+03	-2.128007269320414396e-04
2.345101080000000366e+03	-2.130855521087077209e-04
2.345131210000000465e+03	-2.183702827846523142e-04
2.345161340000000564e+03	-2.286550134605880302e-04
2.345191480000000411e+03	-2.289398386372543115e-04
2.345221610000000510e+03	-2.292245693131939044e-04
2.345251750000000357e+03	-2.245093944898551852e-04
2.345281880000000456e+03	-2.197941251658036554e-04
2.345312010000000555e+03	-2.200788558417432483e-04
2.345342150000000402e+03	-2.203636810184025907e-04
2.345372280000000501e+03	-2.256484116943471840e-04
2.345402410000000145e+03	-2.359331423702829000e-04
2.345432550000000447e+03	-2.362179675469491813e-04
2.345462680000000546e+03	-2.215026982228945895e-04
2.345492820000000393e+03	-1.967875233995428075e-04
2.345522950000000492e+03	-1.620722540754890306e-04
2.345553080000000136e+03	-1.223569847514233144e-04
2.345583220000000438e+03	-9.264180992809428750e-05
2.345613350000000537e+03	-8.792654060403581884e-05
2.345643490000000384e+03	-1.032113657806962848e-04
2.345673620000000483e+03	-1.484960964566392483e-04
2.345703750000000582e+03	-2.037808271325783349e-04
2.345733890000000429e+03	-2.540656523092391095e-04
2.345764020000000528e+03	-2.843503829851809495e-04
2.345794150000000172e+03	-2.796351136611224808e-04
2.345824290000000474e+03	-2.449199388377884534e-04
2.345854420000000573e+03	-1.902046695137285526e-04
2.345884560000000420e+03	-1.304894946903903397e-04
2.345914690000000519e+03	-9.077422536633156236e-05
2.345944820000000163e+03	-7.605895604227003171e-05
2.345974960000000465e+03	-9.134378121893743652e-05
2.346005090000000564e+03	-1.316285118948753996e-04
2.346035220000000209e+03	-1.769132425708183631e-04
2.346065360000000510e+03	-2.121980677474780141e-04
2.346095490000000154e+03	-2.324827984234167921e-04
2.346125630000000456e+03	-2.327676236000830734e-04
2.346155760000000555e+03	-2.230523542760196043e-04
2.346185890000000200e+03	-2.083370849519650125e-04
2.346216030000000501e+03	-1.986219101286212929e-04
2.346246160000000145e+03	-1.889066408045647627e-04
2.346276300000000447e+03	-1.841914659812260435e-04
2.346306430000000546e+03	-1.744761966571695133e-04
2.346336560000000190e+03	-1.497609273331049207e-04
2.346366700000000492e+03	-1.150457525097708933e-04
2.346396830000000136e+03	-7.033048318571405444e-05
2.346426960000000236e+03	-3.561521386165333869e-05
2.346457100000000537e+03	-5.900039038317372864e-06
2.346487230000000181e+03	-1.184769714258904205e-06
2.346517370000000483e+03	-1.646959489092630902e-05
2.346547500000000582e+03	-4.675432556686121011e-05
2.346577630000000227e+03	-9.203905624280417364e-05
2.346607770000000528e+03	-1.423238814194718871e-04
2.346637900000000172e+03	-1.876086120954079117e-04
2.346668040000000474e+03	-2.178934372720695012e-04
2.346698170000000573e+03	-2.381781679480152181e-04
2.346728300000000218e+03	-2.434628986239459336e-04
2.346758440000000519e+03	-2.287477238006110913e-04
2.346788570000000163e+03	-1.990324544765553760e-04
2.346818700000000263e+03	-1.643171851524946603e-04
2.346848840000000564e+03	-1.296020103291606329e-04
2.346878970000000209e+03	-1.048867410050960403e-04
2.346909110000000510e+03	-9.517156618175925953e-05
2.346939240000000154e+03	-9.545629685769885242e-05
2.346969370000000254e+03	-1.157410275336376304e-04
2.346999510000000555e+03	-1.410258527103011583e-04
2.347029640000000200e+03	-1.663105833862449368e-04
2.347059770000000299e+03	-1.865953140621837147e-04
2.347089910000000145e+03	-2.068801392388491811e-04
2.347120040000000245e+03	-2.221648699147898975e-04
2.347150180000000546e+03	-2.324496950914523019e-04
2.347180310000000190e+03	-2.377344257673968952e-04
2.347210440000000290e+03	-2.380191564433364881e-04
2.347240580000000136e+03	-2.283039816199927685e-04
2.347270710000000236e+03	-2.135887122959381768e-04
2.347300850000000537e+03	-1.988735374726102734e-04
2.347330980000000181e+03	-1.841582681485418038e-04
2.347361110000000281e+03	-1.744429988244852736e-04
2.347391250000000582e+03	-1.747278240011515549e-04
2.347421380000000227e+03	-1.800125546770822704e-04
2.347451510000000326e+03	-1.902972853530318642e-04
2.347481650000000172e+03	-1.955821105296823292e-04
