v_p	A_p	v_s	A_s	νk	ipda	νk	isda
2132.51014	0.00030475101410850497	2132.51014	0.0006580649338978894	2088.97	0.0	2088.97	0.0
2132.54028	0.0002994696323739346	2132.54028	0.0006822003265484905	2089.018	0.0	2089.018	0.0
2132.57041	0.000294188343997602	2132.57041	0.0007013360060628832	2089.066	0.0	2089.066	0.0
2132.60055	0.0002839069622630336	2132.60055	0.0007104713987134831	2089.114	0.0	2089.114	0.0
2132.63068	0.000278625673886701	2132.63068	0.0007096070782278557	2089.162	0.0	2089.162	0.0
2132.66081	0.00027334438551036844	2132.66081	0.0007037427577422373	2089.21	0.0	2089.21	0.0
2132.69095	0.0002830630037757992	2132.69095	0.000702878150392855	2089.258	0.0	2089.258	0.0
2132.72108	0.00029778171539947274	2132.72108	0.0007120138299072376	2089.306	0.0	2089.306	0.0
2132.75121	0.0003175004270231374	2132.75121	0.0007361495094215936	2089.354	0.0	2089.354	0.0
2132.78135	0.0003372190452885643	2132.78135	0.0007702849020722186	2089.402	0.0	2089.402	0.0
2132.81148	0.0003569377569122359	2132.81148	0.0008044205815865846	2089.45	0.0	2089.45	0.0
2132.84162	0.00037165637517765776	2132.84162	0.0008385559742372095	2089.498	0.0	2089.498	0.0
2132.87175	0.0003813750868013263	2132.87175	0.0008676916537515705	2089.546	0.0	2089.546	0.0
2132.90188	0.0003910937984250018	2132.90188	0.0008868273332659493	2089.594	0.0	2089.594	0.0
2132.93202	0.00040581241669042367	2132.93202	0.0009059627259165592	2089.642	0.0	2089.642	0.0
2132.96215	0.0004255311283140953	2132.96215	0.000930098405430943	2089.69	0.0	2089.69	0.0
2132.99229	0.00045024974657952715	2132.99229	0.000954233798081558	2089.738	0.0	2089.738	0.0
2133.02242	0.00047996845820320183	2133.02242	0.0009783694775959279	2089.786	0.0	2089.786	0.0
2133.05255	0.0004996871698268596	2133.05255	0.0010025051571102978	2089.834	0.0	2089.834	0.0
2133.08269	0.0005094057880922973	2133.08269	0.0010166405497609166	2089.882	0.0	2089.882	0.0
2133.11282	0.0004991244997159666	2133.11282	0.0010207762292752942	2089.93	0.0	2089.93	0.0
2133.14295	0.00047384321133963486	2133.14295	0.0010149119087896619	2089.978	0.0	2089.978	0.0
2133.17309	0.00044856182960505836	2133.17309	0.0010040473014402834	2090.026	0.0	2090.026	0.0
2133.20322	0.00042328054122873354	2133.20322	0.001003182980954656	2090.074	0.0	2090.074	0.0
2133.23336	0.0004129991594941512	2133.23336	0.001012318373605256	2090.122	0.0	2090.122	0.0
2133.26349	0.0004277178711178248	2133.26349	0.0010464540531196498	2090.17	0.0	2090.17	0.0
2133.29362	0.0004724365827415006	2133.29362	0.001095589732634017	2090.218	0.0	2090.218	0.0
2133.32376	0.0005321552010069189	2133.32376	0.0011547251252846252	2090.266	0.0	2090.266	0.0
2133.35389	0.0006018739126305919	2133.35389	0.0012188608047990074	2090.314	0.0	2090.314	0.0
2133.38402	0.0006565926242542638	2133.38402	0.0012729964843133795	2090.362	0.0	2090.362	0.0
2133.41416	0.0006863112425196938	2133.41416	0.0013021318769639995	2090.41	0.0	2090.41	0.0
2133.44429	0.0006860299541433593	2133.44429	0.0013012675564783721	2090.458	0.0	2090.458	0.0
2133.47443	0.0006457485724087955	2133.47443	0.0012854029491289748	2090.506	0.0	2090.506	0.0
2133.50456	0.0005954672840324665	2133.50456	0.001254538628643359	2090.554	0.0	2090.554	0.0
2133.53469	0.0005401859956561256	2133.53469	0.0012236743081577295	2090.602	0.0	2090.602	0.0
2133.56483	0.0005049046139215599	2133.56483	0.001217809700808356	2090.65	0.0	2090.65	0.0
2133.59496	0.0005046233255452323	2133.59496	0.0012319453803227298	2090.698	0.0	2090.698	0.0
2133.6251	0.0005393419438106534	2133.6251	0.0012760807729733231	2090.746	0.0	2090.746	0.0
2133.65523	0.0005940606554343253	2133.65523	0.0013352164524877141	2090.794	0.0	2090.794	0.0
2133.68536	0.0006537793670579953	2133.68536	0.0014043521320020735	2090.842	0.0	2090.842	0.0
2133.7155	0.0006984979853234263	2133.7155	0.0014534875246526996	2090.89	0.0	2090.89	0.0
2133.74563	0.000718216696947091	2133.74563	0.0014876232041670795	2090.938	0.0	2090.938	0.0
2133.77576	0.0007179354085707634	2133.77576	0.0015017588836814394	2090.986	0.0	2090.986	0.0
2133.8059	0.00070265402683619	2133.8059	0.001495894276332066	2091.034	0.0	2091.034	0.0
2133.83603	0.0006873727384598544	2133.83603	0.0014950299558464247	2091.082	0.0	2091.082	0.0
2133.86617	0.000687091356725289	2133.86617	0.0015041653484970524	2091.13	0.0	2091.13	0.0
2133.8963	0.0007068100683489537	2133.8963	0.0015283010280114362	2091.178	0.0	2091.178	0.0
2133.92643	0.0007415287799726195	2133.92643	0.0015674367075257933	2091.226	0.0	2091.226	0.0
2133.95657	0.0007812473982380524	2133.95657	0.0016165721001764194	2091.274	0.0	2091.274	0.0
2133.9867	0.0008159661098617252	2133.9867	0.0016557077796907765	2091.322	0.0	2091.322	0.0
2134.01684	0.0008356847281271451	2134.01684	0.0016898431723414153	2091.37	0.0	2091.37	0.0
2134.04697	0.0008454034397508206	2134.04697	0.0017189788518557764	2091.418	0.0	2091.418	0.0
2134.0771	0.0008501221513744911	2134.0771	0.0017431145313701463	2091.466	0.0	2091.466	0.0
2134.10724	0.0008598407696399218	2134.10724	0.0017772499240207712	2091.514	0.0	2091.514	0.0
2134.13737	0.0008895594812635826	2134.13737	0.0018213856035351333	2091.562	0.0	2091.562	0.0
2134.1675	0.0009242781928872554	2134.1675	0.0018805212830495105	2091.61	0.0	2091.61	0.0
2134.19764	0.0009689968111526864	2134.19764	0.00195465667570012	2091.658	0.0	2091.658	0.0
2134.22777	0.0010087155227763503	2134.22777	0.002023792355214493	2091.706	0.0	2091.706	0.0
2134.25791	0.0010384341410417872	2134.25791	0.0020879277478651204	2091.754	0.0	2091.754	0.0
2134.28804	0.0010531528526654538	2134.28804	0.0021420634273794925	2091.802	0.0	2091.802	0.0
2134.31817	0.0010578715642891173	2134.31817	0.0021811991068938635	2091.85	0.0	2091.85	0.0
2134.34831	0.001057590182554552	2134.34831	0.0022203344995444796	2091.898	0.0	2091.898	0.0
2134.37844	0.0010673088941782205	2134.37844	0.0022544701790588456	2091.946	0.0	2091.946	0.0
2134.40857	0.0010920276058018832	2134.40857	0.0022936058585732166	2091.994	0.0	2091.994	0.0
2134.43871	0.0011317462240673162	2134.43871	0.0023427412512238427	2092.042	0.0	2092.042	0.0
2134.46884	0.0011864649356909882	2134.46884	0.002406876930738211	2092.09	0.0	2092.09	0.0
2134.49898	0.0012461835539564134	2134.49898	0.0024810123233888343	2092.138	0.0	2092.138	0.0
2134.52911	0.0013109022655800814	2134.52911	0.0025701480029031998	2092.186	0.0	2092.186	0.0
2134.55924	0.0013756209772037564	2134.55924	0.0026692836824175753	2092.234	0.0	2092.234	0.0
2134.58938	0.0014403395954691867	2134.58938	0.002783419075068197	2092.282	0.0	2092.282	0.0
2134.61951	0.0015050583070928478	2134.61951	0.0029075547545825697	2092.33	0.0	2092.33	0.0
2134.64965	0.001574776925358283	2134.64965	0.0030416901472331836	2092.378	0.0	2092.378	0.0
2134.67978	0.0016494956369819472	2134.67978	0.0031758258267475525	2092.426	0.0	2092.426	0.0
2134.70991	0.0017192143486056133	2134.70991	0.0032999615062619253	2092.474	0.0	2092.474	0.0
2134.74005	0.0017889329668710485	2134.74005	0.003414096898912547	2092.522	0.0	2092.522	0.0
2134.77018	0.0018586516784947146	2134.77018	0.0035182325784269136	2092.57	0.0	2092.57	0.0
2134.80031	0.0019233703901183827	2134.80031	0.0036173682579412753	2092.618	0.0	2092.618	0.0
2134.83045	0.001993089008383818	2134.83045	0.0037215036505919147	2092.666	0.0	2092.666	0.0
2134.86058	0.002067807720007482	2134.86058	0.0038356393301062636	2092.714	0.0	2092.714	0.0
2134.89072	0.0021575263382729096	2134.89072	0.003974774722756896	2092.762	0.0	2092.762	0.0
2134.92085	0.00225224504989658	2134.92085	0.004128910402271271	2092.81	0.0	2092.81	0.0
2134.95098	0.0023519637615202482	2134.95098	0.004298046081785634	2092.858	0.0	2092.858	0.0
2134.98112	0.002451682379785672	2134.98112	0.004467181474436269	2092.906	0.0	2092.906	0.0
2135.01125	0.002536401091409346	2135.01125	0.004616317153950625	2092.954	0.0	2092.954	0.0
2135.04138	0.002611119803033017	2135.04138	0.004750452833464994	2093.002	0.0	2093.002	0.0
2135.07152	0.0026708384212984423	2135.07152	0.004854588226115605	2093.05	0.0	2093.05	0.0
2135.10165	0.0027205571329221093	2135.10165	0.004943723905629985	2093.098	0.0	2093.098	0.0
2135.13179	0.002760275751187549	2135.13179	0.005017859298280622	2093.146	0.0	2093.146	0.0
2135.16192	0.002804994462811211	2135.16192	0.005086994977794981	2093.194	0.0	2093.194	0.0
2135.19205	0.002844713174434875	2135.19205	0.005156130657309355	2093.242	0.0	2093.242	0.0
2135.22219	0.002884431792700315	2135.22219	0.005220266049959968	2093.29	0.0	2093.29	0.0
2135.25232	0.0029141505043239757	2135.25232	0.005279401729474331	2093.338	0.0	2093.338	0.0
2135.28246	0.0029288691225894045	2135.28246	0.005318537122124975	2093.386	0.0	2093.386	0.0
2135.31259	0.002928587834213077	2135.31259	0.005342672801639331	2093.434	0.0	2093.434	0.0
2135.34272	0.0029133065458367413	2135.34272	0.0053518084811537	2093.482	0.0	2093.482	0.0
2135.37286	0.002898025164102168	2135.37286	0.005365943873804319	2093.53	0.0	2093.53	0.0
2135.40299	0.002887743875725844	2135.40299	0.005385079553318697	2093.578	0.0	2093.578	0.0
2135.43312	0.0028874625873495097	2135.43312	0.005424215232833068	2093.626	0.0	2093.626	0.0
2135.46326	0.0029071812056149365	2135.46326	0.005483350625483677	2093.674	0.0	2093.674	0.0
2135.49339	0.002931899917238606	2135.49339	0.005557486304998055	2093.722	0.0	2093.722	0.0
2135.52353	0.002961618535504043	2135.52353	0.005631621697648678	2093.77	0.0	2093.77	0.0
2135.55366	0.002986337247127699	2135.55366	0.005705757377163043	2093.818	0.0	2093.818	0.0
2135.58379	0.0030110559587513755	2135.58379	0.005769893056677411	2093.866	0.0	2093.866	0.0
2135.61393	0.0030307745770168093	2135.61393	0.005829028449328033	2093.914	0.0	2093.914	0.0
2135.64406	0.003060493288640477	2135.64406	0.005903164128842411	2093.962	0.0	2093.962	0.0
2135.6742	0.003105211906905901	2135.6742	0.006002299521493032	2094.01	0.0	2094.01	0.0
2135.70433	0.003169930618529576	2135.70433	0.006126435201007405	2094.058	0.0	2094.058	0.0
2135.73446	0.0032546493301532364	2135.73446	0.006275570880521775	2094.106	0.0	2094.106	0.0
2135.7646	0.003349367948418669	2135.7646	0.006439706273172391	2094.154	0.0	2094.154	0.0
2135.79473	0.003444086660042339	2135.79473	0.006598841952686757	2094.202	0.0	2094.202	0.0
2135.82486	0.0035288053716660064	2135.82486	0.006747977632201113	2094.25	0.0	2094.25	0.0
2135.855	0.0035985239899314347	2135.855	0.00687711302485175	2094.298	0.0	2094.298	0.0
2135.88513	0.0036532427015551067	2135.88513	0.0069912487043661126	2094.346	0.0	2094.346	0.0
2135.91527	0.003707961319820534	2135.91527	0.007105384097016748	2094.394	0.0	2094.394	0.0
2135.9454	0.003762680031444199	2135.9454	0.007239519776531117	2094.442	0.0	2094.442	0.0
2135.97553	0.003842398743067868	2135.97553	0.007393655456045478	2094.49	0.0	2094.49	0.0
2136.00567	0.003937117361333307	2136.00567	0.0075777908486961	2094.538	0.0	2094.538	0.0
2136.0358	0.004046836072956965	2136.0358	0.00778192652821047	2094.586	0.0	2094.586	0.0
2136.06593	0.0041615547845806344	2136.06593	0.00799106220772483	2094.634	0.0	2094.634	0.0
2136.09607	0.00426627340284607	2136.09607	0.008200197600375464	2094.682	0.0	2094.682	0.0
2136.1262	0.004365992114469738	2136.1262	0.008399333279889828	2094.73	0.0	2094.73	0.0
2136.15634	0.004455710732735166	2136.15634	0.00859346867254046	2094.778	0.0	2094.778	0.0
2136.18647	0.004545429444358838	2136.18647	0.008792604352054811	2094.826	0.0	2094.826	0.0
2136.2166	0.004635148155982503	2136.2166	0.008996740031569195	2094.874	0.0	2094.874	0.0
2136.24674	0.00474486677424793	2136.24674	0.009225875424219807	2094.922	0.0	2094.922	0.0
2136.27687	0.0048695854858716026	2136.27687	0.00947501110373418	2094.97	0.0	2094.97	0.0
2136.30701	0.0050093041041370315	2136.30701	0.009744146496384817	2095.018	0.0	2095.018	0.0
2136.33714	0.005164022815760692	2136.33714	0.010018282175899174	2095.066	0.0	2095.066	0.0
2136.36727	0.005313741527384369	2136.36727	0.010297417855413549	2095.114	0.0	2095.114	0.0
2136.39741	0.005458460145649796	2136.39741	0.010561553248064154	2095.162	0.0	2095.162	0.0
2136.42754	0.005593178857273458	2136.42754	0.010820688927578537	2095.21	0.0	2095.21	0.0
2136.45767	0.00571789756889713	2136.45767	0.01107982460709292	2095.258	0.0	2095.258	0.0
2136.48781	0.005842616187162565	2136.48781	0.011343959999743525	2095.306	0.0	2095.306	0.0
2136.51794	0.005977334898786227	2136.51794	0.011638095679257901	2095.354	0.0	2095.354	0.0
2136.54808	0.006127053517051659	2136.54808	0.01195723107190852	2095.402	0.0	2095.402	0.0
2136.57821	0.006296772228675335	2136.57821	0.012311366751422886	2095.45	0.0	2095.45	0.0
2136.60834	0.006481490940298991	2136.60834	0.01268550243093726	2095.498	0.0	2095.498	0.0
2136.63848	0.006681209558564424	2136.63848	0.013074637823587879	2095.546	0.0	2095.546	0.0
2136.66861	0.0068859282701881006	2136.66861	0.013473773503102249	2095.594	0.0	2095.594	0.0
2136.69874	0.007100646981811773	2136.69874	0.013892909182616625	2095.642	0.0	2095.642	0.0
2136.72888	0.007320365600077192	2136.72888	0.014337044575267244	2095.69	0.0	2095.69	0.0
2136.75901	0.007560084311700868	2136.75901	0.01481618025478161	2095.738	0.0	2095.738	0.0
2136.78915	0.007819802929966292	2136.78915	0.015350315647432236	2095.786	0.0	2095.786	0.0
2136.81928	0.00809952164158996	2136.81928	0.015934451326946597	2095.834	0.0	2095.834	0.0
2136.84941	0.008404240353213632	2136.84941	0.01655858700646097	2095.882	0.0	2095.882	0.0
2136.87955	0.008728958971479059	2136.87955	0.017222722399111587	2095.93	0.0	2095.93	0.0
2136.90968	0.009063677683102726	2136.90968	0.01790185807862596	2095.978	0.0	2095.978	0.0
2136.93982	0.009418396301368155	2136.93982	0.018600993471276583	2096.026	0.0	2096.026	0.0
2136.96995	0.009788115012991823	2136.96995	0.01931512915079095	2096.074	0.0	2096.074	0.0
2137.00008	0.010177833724615497	2137.00008	0.020064264830305323	2096.122	0.0	2096.122	0.0
2137.03022	0.010592552342880923	2137.03022	0.020858400222955945	2096.17	0.0	2096.17	0.0
2137.06035	0.011032271054504598	2137.06035	0.021707535902470307	2096.218	0.0	2096.218	0.0
2137.09048	0.011501989766128269	2137.09048	0.022626671581984698	2096.266	0.0	2096.266	0.0
2137.12062	0.01200170838439369	2137.12062	0.023615806974635306	2096.314	0.0	2096.314	0.0
2137.15075	0.012541427096017362	2137.15075	0.024704942654149686	2096.362	0.0	2096.362	0.0
2137.18089	0.01314614571428279	2137.18089	0.025919078046800298	2096.41	0.0	2096.41	0.0
2137.21102	0.013850864425906453	2137.21102	0.02732321372631466	2096.458	0.0	2096.458	0.0
2137.24115	0.014705583137530127	2137.24115	0.02896734940582904	2096.506	0.0	2096.506	0.0
2137.27129	0.015755301755795557	2137.27129	0.030931484798479653	2096.554	0.0	2096.554	0.0
2137.30142	0.01704002046741923	2137.30142	0.03326562047799403	2096.602	0.0	2096.602	0.0
2137.33156	0.018584739085684657	2137.33156	0.03599975587064465	2096.65	0.0	2096.65	0.0
2137.36169	0.020404457797308324	2137.36169	0.03915389155015901	2096.698	0.0	2096.698	0.0
2137.39182	0.02249417650893199	2137.39182	0.0427330272296734	2096.746	0.0	2096.746	0.0
2137.42196	0.024863895127197423	2137.42196	0.046732162622324006	2096.794	0.0	2096.794	0.0
2137.45209	0.027523613838821084	2137.45209	0.051181298301838374	2096.842	0.0	2096.842	0.0
2137.48222	0.03050833255044476	2137.48222	0.056130433981352756	2096.89	0.0	2096.89	0.0
2137.51236	0.03386805116871019	2137.51236	0.06165456937400336	2096.938	0.0	2096.938	0.0
2137.54249	0.03766776988033386	2137.54249	0.06785370505351776	2096.986	0.0	2096.986	0.0
2137.57263	0.04198248849859928	2137.57263	0.07482784044616834	2097.034	0.0	2097.034	0.0
2137.60276	0.04690220721022295	2137.60276	0.08269697612568273	2097.082	0.0	2097.082	0.0
2137.63289	0.05250692592184662	2137.63289	0.09155611180519713	2097.13	0.0	2097.13	0.0
2137.66303	0.058886644540112054	2137.66303	0.10151524719784773	2097.178	0.0	2097.178	0.0
2137.69316	0.06614136325173572	2137.69316	0.11266938287736211	2097.226	0.0	2097.226	0.0
2137.72329	0.07437608196335939	2137.72329	0.12512351855687648	2097.274	0.0	2097.274	0.0
2137.75343	0.08368580058162482	2137.75343	0.1389776539495271	2097.322	0.0	2097.322	0.0
2137.78356	0.09417051929324849	2137.78356	0.15432178962904147	2097.37	0.0	2097.37	0.0
2137.8137	0.10590023791151393	2137.8137	0.17123092502169207	2097.418	0.0	2097.418	0.0
2137.84383	0.1189249566231376	2137.84383	0.18973006070120646	2097.466	0.0	2097.466	0.0
2137.87396	0.13323467533476124	2137.87396	0.20978919638072085	2097.514	0.0	2097.514	0.0
2137.9041	0.14876939395302669	2137.9041	0.23129333177337147	2097.562	0.0	2097.562	0.0
2137.93423	0.16539411266465037	2137.93423	0.2540324674528858	2097.61	0.0	2097.61	0.0
2137.96437	0.18289383128291578	2137.96437	0.2776866028455364	2097.658	0.0	2097.658	0.0
2137.9945	0.20096354999453947	2137.9945	0.3018357385250508	2097.706	0.0	2097.706	0.0
2138.02463	0.2192332687061631	2138.02463	0.3259598742045652	2097.754	0.0	2097.754	0.0
2138.05477	0.23725798732442854	2138.05477	0.3494890095972158	2097.802	0.0	2097.802	0.0
2138.0849	0.2545677060360522	2138.0849	0.37183314527673017	2097.85	0.0	2097.85	0.0
2138.11503	0.2706974247476759	2138.11503	0.39244228095624456	2097.898	0.0	2097.898	0.0
2138.14517	0.28522714336594135	2138.14517	0.41085141634889516	2097.946	0.0	2097.946	0.0
2138.1753	0.297836862077565	2138.1753	0.42671555202840955	2097.994	0.0	2097.994	0.0
2138.20544	0.3083265806958304	2138.20544	0.43980468742106016	2098.042	0.0	2098.042	0.0
2138.23557	0.3166062994074541	2138.23557	0.45000882310057455	2098.09	0.0	2098.09	0.0
2138.2657	0.3226860181190777	2138.2657	0.45731295878008893	2098.138	0.0	2098.138	0.0
2138.29584	0.32665073673734313	2138.29584	0.4617820941727395	2098.186	0.0	2098.186	0.0
2138.32597	0.32861045544896683	2138.32597	0.46355122985225394	2098.234	0.0	2098.234	0.0
2138.35611	0.3287001740672323	2138.35611	0.46282036524490455	2098.282	0.0	2098.282	0.0
2138.38624	0.32704489277885596	2138.38624	0.4598345009244189	2098.33	0.0	2098.33	0.0
2138.41637	0.32378461149047966	2138.41637	0.45484863660393327	2098.378	0.0	2098.378	0.0
2138.44651	0.31905933010874504	2138.44651	0.4480927719965838	2098.426	0.0	2098.426	0.0
2138.47664	0.31301404882036876	2138.47664	0.4397669076760983	2098.474	0.0	2098.474	0.0
2138.50677	0.3058037675319924	2138.50677	0.4300260433556126	2098.522	0.0	2098.522	0.0
2138.53691	0.2975684861502578	2138.53691	0.41899517874826325	2098.57	0.0	2098.57	0.0
2138.56704	0.28844320486188146	2138.56704	0.4067943144277776	2098.618	0.0	2098.618	0.0
2138.59718	0.27855292348014693	2138.59718	0.3935584498204282	2098.666	0.0	2098.666	0.0
2138.62731	0.2680176421917706	2138.62731	0.3794675854999426	2098.714	0.0	2098.714	0.0
2138.65744	0.25697236090339426	2138.65744	0.364701721179457	2098.762	0.0	2098.762	0.0
2138.68758	0.24554707952165966	2138.68758	0.3494658565721076	2098.81	0.0	2098.81	0.0
2138.71771	0.23388679823328334	2138.71771	0.33393999225162196	2098.858	0.0	2098.858	0.0
2138.74784	0.222141516944907	2138.74784	0.3182941279311363	2098.906	0.0	2098.906	0.0
2138.77798	0.21045623556317244	2138.77798	0.30267826332378694	2098.954	0.0	2098.954	0.0
2138.80811	0.19895095427479612	2138.80811	0.2872223990033013	2099.002	0.0	2099.002	0.0
2138.83825	0.18773067289306153	2138.83825	0.27204153439595197	2099.05	0.0	2099.05	0.0
2138.86838	0.1768703916046852	2138.86838	0.2572406700754663	2099.098	0.0	2099.098	0.0
2138.89851	0.16642511031630888	2138.89851	0.24290480575498066	2099.146	0.0	2099.146	0.0
2138.92865	0.1564298289345743	2138.92865	0.2291089411476313	2099.194	0.0	2099.194	0.0
2138.95878	0.14690454764619798	2138.95878	0.21589807682714568	2099.242	0.0	2099.242	0.0
2138.98892	0.13788426626446343	2138.98892	0.20331721221979632	2099.29	0.0	2099.29	0.0
2139.01905	0.12938398497608708	2139.01905	0.19138134789931066	2099.338	0.0	2099.338	0.0
2139.04918	0.12143370368771074	2139.04918	0.180115483578825	2099.386	0.0	2099.386	0.0
2139.07932	0.11403342230597618	2139.07932	0.16952461897147564	2099.434	0.0	2099.434	0.0
2139.10945	0.10717814101759984	2139.10945	0.15960375465099	2099.482	0.0	2099.482	0.0
2139.13958	0.1008378597292235	2139.13958	0.15033289033050437	2099.53	0.0	2099.53	0.0
2139.16972	0.09496257834748895	2139.16972	0.14168202572315503	2099.578	0.0	2099.578	0.0
2139.19985	0.08949729705911261	2139.19985	0.13360116140266937	2099.626	0.0	2099.626	0.0
2139.22999	0.08439201567737804	2139.22999	0.12605029679531998	2099.674	0.0	2099.674	0.0
2139.26012	0.07961673438900171	2139.26012	0.11897443247483436	2099.722	0.0	2099.722	0.0
2139.29025	0.07515645310062538	2139.29025	0.11234356815434873	2099.77	0.0	2099.77	0.0
2139.32039	0.07100117171889081	2139.32039	0.10613270354699937	2099.818	0.0	2099.818	0.0
2139.35052	0.06716089043051447	2139.35052	0.10032183922651372	2099.866	0.0	2099.866	0.0
2139.38065	0.06361560914213814	2139.38065	0.09490097490602808	2099.914	0.0	2099.914	0.0
2139.41079	0.06034532776040357	2139.41079	0.0898501102986787	2099.962	0.0	2099.962	0.0
2139.44092	0.057320046472027236	2139.44092	0.08514424597819309	2100.01	0.0	2100.01	0.0
2139.47106	0.054499765090292675	2139.47106	0.0807483813708437	2100.058	0.0	2100.058	0.0
2139.50119	0.05184948380191634	2139.50119	0.07663251705035806	2100.106	0.0	2100.106	0.0
2139.53132	0.04935420251354	2139.53132	0.07276165272987245	2100.154	0.0	2100.154	0.0
2139.56146	0.04698892113180544	2139.56146	0.06911078812252305	2100.202	0.0	2100.202	0.0
2139.59159	0.0447636398434291	2139.59159	0.06567492380203743	2100.25	0.0	2100.25	0.0
2139.62173	0.04267835846169453	2139.62173	0.06243405919468806	2100.298	0.0	2100.298	0.0
2139.65186	0.0407280771733182	2139.65186	0.05938319487420242	2100.346	0.0	2100.346	0.0
2139.68199	0.038902795884941874	2139.68199	0.0565073305537168	2100.394	0.0	2100.394	0.0
2139.71213	0.0371975145032073	2139.71213	0.05380146594636742	2100.442	0.0	2100.442	0.0
2139.74226	0.03559223321483097	2139.74226	0.051250601625881784	2100.49	0.0	2100.49	0.0
2139.77239	0.03408195192645464	2139.77239	0.048844737305396166	2100.538	0.0	2100.538	0.0
2139.80253	0.032661670544720064	2139.80253	0.04657887269804678	2100.586	0.0	2100.586	0.0
2139.83266	0.031321389256343736	2139.83266	0.04443800837756115	2100.634	0.0	2100.634	0.0
2139.8628	0.030061107874609166	2139.8628	0.042422143770211765	2100.682	0.0	2100.682	0.0
2139.89293	0.028885826586232836	2139.89293	0.04051627944972615	2100.73	0.0	2100.73	0.0
2139.92306	0.027775545297856502	2139.92306	0.03871041512924052	2100.778	0.0	2100.778	0.0
2139.9532	0.026730263916121932	2139.9532	0.036999550521891134	2100.826	0.0	2100.826	0.0
2139.98333	0.025744982627745598	2139.98333	0.035373686201405505	2100.874	0.0	2100.874	0.0
2140.01347	0.024809701246011027	2140.01347	0.03383282159405612	2100.922	0.0	2100.922	0.0
2140.0436	0.0239294199576347	2140.0436	0.0323769572735705	2100.97	0.0	2100.97	0.0
2140.07373	0.023104138669258367	2140.07373	0.03101109295308485	2101.018	0.0	2101.018	0.0
2140.10387	0.022338857287523793	2140.10387	0.02973022834573548	2101.066	0.0	2101.066	0.0
2140.134	0.021623575999147465	2140.134	0.02852936402524986	2101.114	0.0	2101.114	0.0
2140.16413	0.020968294710771135	2140.16413	0.027398499704764212	2101.162	0.0	2101.162	0.0
2140.19427	0.020353013329036558	2140.19427	0.026327635097414842	2101.21	0.0	2101.21	0.0
2140.2244	0.019772732040660233	2140.2244	0.025311770776929213	2101.258	0.0	2101.258	0.0
2140.25454	0.019227450658925664	2140.25454	0.024345906169579837	2101.306	0.0	2101.306	0.0
2140.28467	0.018702169370549332	2140.28467	0.02342504184909419	2101.354	0.0	2101.354	0.0
2140.3148	0.018206888082172995	2140.3148	0.022559177528608573	2101.402	0.0	2101.402	0.0
2140.34494	0.01774160670043843	2140.34494	0.0217483129212592	2101.45	0.0	2101.45	0.0
2140.37507	0.0173163254120621	2140.37507	0.020992448600773567	2101.498	0.0	2101.498	0.0
2140.4052	0.016931044123685762	2140.4052	0.020286584280287928	2101.546	0.0	2101.546	0.0
2140.43534	0.016590762741951197	2140.43534	0.019620719672938547	2101.594	0.0	2101.594	0.0
2140.46547	0.016285481453574863	2140.46547	0.01899485535245292	2101.642	0.0	2101.642	0.0
2140.49561	0.016010200071840293	2140.49561	0.018388990745103542	2101.69	0.0	2101.69	0.0
2140.52574	0.015749918783463962	2140.52574	0.017808126424617918	2101.738	0.0	2101.738	0.0
2140.55587	0.015489637495087631	2140.55587	0.01724226210413228	2101.786	0.0	2101.786	0.0
2140.58601	0.015224356113353057	2140.58601	0.016696397496782908	2101.834	0.0	2101.834	0.0
2140.61614	0.014959074824976729	2140.61614	0.016165533176297278	2101.882	0.0	2101.882	0.0
2140.64628	0.014703793443242165	2140.64628	0.015649668568947894	2101.93	0.0	2101.93	0.0
2140.67641	0.014468512154865824	2140.67641	0.015163804248462268	2101.978	0.0	2101.978	0.0
2140.70654	0.014273230866489496	2140.70654	0.014697939927976633	2102.026	0.0	2102.026	0.0
2140.73668	0.014107949484754925	2140.73668	0.01426207532062726	2102.074	0.0	2102.074	0.0
2140.76681	0.013977668196378593	2140.76681	0.01385621100014163	2102.122	0.0	2102.122	0.0
2140.79694	0.013872386908002257	2140.79694	0.013475346679655997	2102.17	0.0	2102.17	0.0
2140.82708	0.013777105526267694	2140.82708	0.013114482072306616	2102.218	0.0	2102.218	0.0
2140.85721	0.013676824237891357	2140.85721	0.012773617751820995	2102.266	0.0	2102.266	0.0
2140.88735	0.01357154285615679	2140.88735	0.012442753144471616	2102.314	0.0	2102.314	0.0
2140.91748	0.013466261567780462	2140.91748	0.012121888823985988	2102.362	0.0	2102.362	0.0
2140.94761	0.013370980279404122	2140.94761	0.011811024503500356	2102.41	0.0	2102.41	0.0
2140.97775	0.013290698897669553	2140.97775	0.011510159896150979	2102.458	0.0	2102.458	0.0
2141.00788	0.013230417609293228	2141.00788	0.011219295575665353	2102.506	0.0	2102.506	0.0
2141.03801	0.01318513632091689	2141.03801	0.01093843125517971	2102.554	0.0	2102.554	0.0
2141.06815	0.013149854939182318	2141.06815	0.010667566647830334	2102.602	0.0	2102.602	0.0
2141.09828	0.01311457365080599	2141.09828	0.010401702327344692	2102.65	0.0	2102.65	0.0
2141.12842	0.013074292269071426	2141.12842	0.010140837719995327	2102.698	0.0	2102.698	0.0
2141.15855	0.013024010980695083	2141.15855	0.009884973399509694	2102.746	0.0	2102.746	0.0
2141.18868	0.012968729692318756	2141.18868	0.009639109079024058	2102.794	0.0	2102.794	0.0
2141.21882	0.012923448310584194	2141.21882	0.009398244471674685	2102.842	0.0	2102.842	0.0
2141.24895	0.01289316702220785	2141.24895	0.00916738015118905	2102.89	0.0	2102.89	0.0
2141.27909	0.012882885640473282	2141.27909	0.008946515543839684	2102.938	0.0	2102.938	0.0
2141.30922	0.012882604352096955	2141.30922	0.008725651223354058	2102.986	0.0	2102.986	0.0
2141.33935	0.012887323063720625	2141.33935	0.00850978690286841	2103.034	0.0	2103.034	0.0
2141.36949	0.012882041681986048	2141.36949	0.008293922295519049	2103.082	0.0	2103.082	0.0
2141.39962	0.012866760393609719	2141.39962	0.008083057975033406	2103.13	0.0	2103.13	0.0
2141.42975	0.012836479105233396	2141.42975	0.007877193654547796	2103.178	0.0	2103.178	0.0
2141.45989	0.012801197723498817	2141.45989	0.007681329047198399	2103.226	0.0	2103.226	0.0
2141.49002	0.012775916435122485	2141.49002	0.007495464726712767	2103.274	0.0	2103.274	0.0
2141.52016	0.012775635053387913	2141.52016	0.007324600119363395	2103.322	0.0	2103.322	0.0
2141.55029	0.012800353765011582	2141.55029	0.007148735798877759	2103.37	0.0	2103.37	0.0
2141.58042	0.012840072476635253	2141.58042	0.006967871478392146	2103.418	0.0	2103.418	0.0
2141.61056	0.01287979109490068	2141.61056	0.006772006871042749	2103.466	0.0	2103.466	0.0
2141.64069	0.012899509806524344	2141.64069	0.00656114255055712	2103.514	0.0	2103.514	0.0
2141.67083	0.01289422842478978	2141.67083	0.006340277943207739	2103.562	0.0	2103.562	0.0
2141.70096	0.01286394713641345	2141.70096	0.006119413622722114	2103.61	0.0	2103.61	0.0
2141.73109	0.012833665848037114	2141.73109	0.005908549302236485	2103.658	0.0	2103.658	0.0
2141.76123	0.012818384466302547	2141.76123	0.005722684694887098	2103.706	0.0	2103.706	0.0
2141.79136	0.012848103177926222	2141.79136	0.005566820374401468	2103.754	0.0	2103.754	0.0
2141.82149	0.01293282188954989	2141.82149	0.0054359560539158636	2103.802	0.0	2103.802	0.0
2141.85163	0.013062540507815315	2141.85163	0.005325091446566468	2103.85	0.0	2103.85	0.0
2141.88176	0.013227259219438986	2141.88176	0.005219227126080833	2103.898	0.0	2103.898	0.0
2141.9119	0.013401977837704415	2141.9119	0.005108362518731452	2103.946	0.0	2103.946	0.0
2141.94203	0.013576696549328075	2141.94203	0.004982498198245824	2103.994	0.0	2103.994	0.0
2141.97216	0.013746415260951751	2141.97216	0.00484163387776021	2104.042	0.0	2104.042	0.0
2142.0023	0.013916133879217175	2142.0023	0.004690769270410816	2104.09	0.0	2104.09	0.0
2142.03243	0.014115852590840847	2142.03243	0.0045349049499251864	2104.138	0.0	2104.138	0.0
2142.06256	0.014355571302464516	2142.06256	0.004384040629439562	2104.186	0.0	2104.186	0.0
2142.0927	0.014655289920729946	2142.0927	0.004243176022090178	2104.234	0.0	2104.234	0.0
2142.12283	0.015025008632353613	2142.12283	0.004122311701604556	2104.282	0.0	2104.282	0.0
2142.15297	0.01545472725061904	2142.15297	0.004011447094255174	2104.33	0.0	2104.33	0.0
2142.1831	0.015934445962242715	2142.1831	0.0039055827737695392	2104.378	0.0	2104.378	0.0
2142.21323	0.01644916467386639	2142.21323	0.003799718453283918	2104.426	0.0	2104.426	0.0
2142.24337	0.016988883292131808	2142.24337	0.0036988538459345327	2104.474	0.0	2104.474	0.0
2142.2735	0.017568602003755485	2142.2735	0.0035979895254489025	2104.522	0.0	2104.522	0.0
2142.30364	0.018228320622020913	2142.30364	0.0035071249180995273	2104.57	0.0	2104.57	0.0
2142.33377	0.019013039333644573	2142.33377	0.0034262605976138893	2104.618	0.0	2104.618	0.0
2142.3639	0.019977758045268246	2142.3639	0.0033553962771282614	2104.666	0.0	2104.666	0.0
2142.39404	0.021152476663533676	2142.39404	0.0032945316697788884	2104.714	0.0	2104.714	0.0
2142.42417	0.022537195375157346	2142.42417	0.0032336673492932566	2104.762	0.0	2104.762	0.0
2142.4543	0.024121914086781014	2142.4543	0.0031728030288076248	2104.81	0.0	2104.81	0.0
2142.48444	0.025871632705046443	2142.48444	0.003106938421458233	2104.858	0.0	2104.858	0.0
2142.51457	0.027806351416670115	2142.51457	0.0030310741009726277	2104.906	0.0	2104.906	0.0
2142.54471	0.029986070034935544	2142.54471	0.002960209493623245	2104.954	0.0	2104.954	0.0
2142.57484	0.03256078874655921	2142.57484	0.002899345173137599	2105.002	0.0	2105.002	0.0
2142.60497	0.035725507458182884	2142.60497	0.0028484808526519773	2105.05	0.0	2105.05	0.0
2142.63511	0.03969022607644831	2142.63511	0.0028176162453025927	2105.098	0.0	2105.098	0.0
2142.66524	0.044639944788071984	2142.66524	0.002796751924816973	2105.146	0.0	2105.146	0.0
2142.69538	0.0507246634063374	2142.69538	0.0027808873174675897	2105.194	0.0	2105.194	0.0
2142.72551	0.058154382117961076	2142.72551	0.002755022996981951	2105.242	0.0	2105.242	0.0
2142.75564	0.06732910082958475	2142.75564	0.0027241586764963355	2105.29	0.0	2105.29	0.0
2142.78578	0.07899381944785017	2142.78578	0.002678294069146936	2105.338	0.0	2105.338	0.0
2142.81591	0.09438853815947384	2142.81591	0.002637429748661324	2105.386	0.0	2105.386	0.0
2142.84604	0.11532825687109752	2142.84604	0.0026115654281756995	2105.434	0.0	2105.434	0.0
2142.87618	0.14419297548936294	2142.87618	0.0026157008208263083	2105.482	0.0	2105.482	0.0
2142.90631	0.18392769420098662	2142.90631	0.002649836500340688	2105.53	0.0	2105.53	0.0
2142.93645	0.23799741281925205	2142.93645	0.0027139718929912876	2105.578	0.0	2105.578	0.0
2142.96658	0.3100071315308757	2142.96658	0.002798107572505676	2105.626	0.0	2105.626	0.0
2142.99671	0.4013968502424994	2142.99671	0.002872243252020054	2105.674	0.0	2105.674	0.0
2143.02685	0.5007265688607648	2143.02685	0.0029163786446706613	2105.722	0.0	2105.722	0.0
2143.05698	0.5565012875723885	2143.05698	0.002905514324185038	2105.77	0.0	2105.77	0.0
2143.08711	0.5100060062840122	2143.08711	0.0028246500036994	2105.818	0.0	2105.818	0.0
2143.11725	0.4062407249022776	2143.11725	0.00268378539635003	2105.866	0.0	2105.866	0.0
2143.14738	0.30538044361390126	2143.14738	0.002487921075864402	2105.914	0.0	2105.914	0.0
2143.17752	0.22421016223216667	2143.17752	0.002267056468515008	2105.962	0.0	2105.962	0.0
2143.20765	0.16266988094379034	2143.20765	0.0020511921480294015	2106.01	0.0	2106.01	0.0
2143.23778	0.11752459965541401	2143.23778	0.0018603278275437507	2106.058	0.0	2106.058	0.0
2143.26792	0.08537931827367945	2143.26792	0.00171446322019439	2106.106	0.0	2106.106	0.0
2143.29805	0.0631740369853031	2143.29805	0.0016135988997087458	2106.154	0.0	2106.154	0.0
2143.32819	0.04818375560356854	2143.32819	0.0015427342923593629	2106.202	0.0	2106.202	0.0
2143.35832	0.03805347431519221	2143.35832	0.001491869971873755	2106.25	0.0	2106.25	0.0
2143.38845	0.030908193026815873	2143.38845	0.0014410056513881053	2106.298	0.0	2106.298	0.0
2143.41859	0.025432911645081303	2143.41859	0.0013901410440387285	2106.346	0.0	2106.346	0.0
2143.44872	0.020912630356704973	2143.44872	0.0013292767235530967	2106.394	0.0	2106.394	0.0
2143.47885	0.017087349068328636	2143.47885	0.0012734124030674698	2106.442	0.0	2106.442	0.0
2143.50899	0.013962067686594068	2143.50899	0.0012275477957180841	2106.49	0.0	2106.49	0.0
2143.53912	0.011586786398217738	2143.53912	0.0011916834752324634	2106.538	0.0	2106.538	0.0
2143.56926	0.009906505016483158	2143.56926	0.001170818867883075	2106.586	0.0	2106.586	0.0
2143.59939	0.008751223728106834	2143.59939	0.0011549545473974465	2106.634	0.0	2106.634	0.0
2143.62952	0.007885942439730502	2143.62952	0.001134090226911827	2106.682	0.0	2106.682	0.0
2143.65966	0.007105661057995934	2143.65966	0.0010982256195624374	2106.73	0.0	2106.73	0.0
2143.68979	0.006310379769619595	2143.68979	0.0010523612990768205	2106.778	0.0	2106.778	0.0
2143.71992	0.005505098481243267	2143.71992	0.0009964969785911937	2106.826	0.0	2106.826	0.0
2143.75006	0.0047698170995087025	2143.75006	0.000950632371241808	2106.874	0.0	2106.874	0.0
2143.78019	0.004184535811132366	2143.78019	0.0009247680507561834	2106.922	0.0	2106.922	0.0
2143.81033	0.003779254429397798	2143.81033	0.0009089034434068	2106.97	0.0	2106.97	0.0
2143.84046	0.003523973141021472	2143.84046	0.0009080391229211726	2107.018	0.0	2107.018	0.0
2143.87059	0.003338691852645126	2143.87059	0.0009071748024355453	2107.066	0.0	2107.066	0.0
2143.90073	0.0031434104709105667	2143.90073	0.000896310195086153	2107.114	0.0	2107.114	0.0
2143.93086	0.002898129182534237	2143.93086	0.0008704458746005284	2107.162	0.0	2107.162	0.0
2143.961	0.002607847800799666	2143.961	0.0008295812672511477	2107.21	0.0	2107.21	0.0
2143.99113	0.002312566512423328	2143.99113	0.000788716946765522	2107.258	0.0	2107.258	0.0
2144.02126	0.002062285224047	2144.02126	0.0007578526262798924	2107.306	0.0	2107.306	0.0
2144.0514	0.0018920038423124313	2144.0514	0.0007419880189305089	2107.354	0.0	2107.354	0.0
2144.08153	0.001801722553936097	2144.08153	0.0007461236984448866	2107.402	0.0	2107.402	0.0
2144.11166	0.0017714412655597672	2144.11166	0.0007602593779592465	2107.45	0.0	2107.45	0.0
2144.1418	0.0017611598838251918	2144.1418	0.0007743947706098792	2107.498	0.0	2107.498	0.0
2144.17193	0.001725878595448857	2144.17193	0.0007685304501242468	2107.546	0.0	2107.546	0.0
2144.20207	0.001650597213714293	2144.20207	0.0007476658427748722	2107.594	0.0	2107.594	0.0
2144.2322	0.0015353159253379614	2144.2322	0.0007118015222892377	2107.642	0.0	2107.642	0.0
2144.26233	0.0014000346369616237	2144.26233	0.0006709372018035981	2107.69	0.0	2107.69	0.0
2144.29247	0.0012647532552270621	2144.29247	0.0006350725944542362	2107.738	0.0	2107.738	0.0
2144.3226	0.0011544719668507356	2144.3226	0.0006192082739685939	2107.786	0.0	2107.786	0.0
2144.35274	0.0010741905851161596	2144.35274	0.0006083436666192155	2107.834	0.0	2107.834	0.0
2144.38287	0.0010289092967398286	2144.38287	0.0006074793461335881	2107.882	0.0	2107.882	0.0
2144.413	0.0010086280083635019	2144.413	0.0006016150256479558	2107.93	0.0	2107.93	0.0
2144.44314	0.0009933466266289284	2144.44314	0.0005907504182985773	2107.978	0.0	2107.978	0.0
2144.47327	0.0009680653382525897	2144.47327	0.0005698860978129439	2108.026	0.0	2108.026	0.0
2144.5034	0.0009327840498762618	2144.5034	0.0005540217773273154	2108.074	0.0	2108.074	0.0
2144.53354	0.000882502668141695	2144.53354	0.0005431571699779508	2108.122	0.0	2108.122	0.0
2144.56367	0.0008322213797653591	2144.56367	0.0005472928494923007	2108.17	0.0	2108.17	0.0
2144.59381	0.0007869399980307903	2144.59381	0.0005564282421429423	2108.218	0.0	2108.218	0.0
2144.62394	0.0007616587096544586	2144.62394	0.0005755639216572933	2108.266	0.0	2108.266	0.0
2144.65407	0.0007413774212781249	2144.65407	0.000579699601171671	2108.314	0.0	2108.314	0.0
2144.68421	0.0007210960395435603	2144.68421	0.0005688349938222786	2108.362	0.0	2108.362	0.0
2144.71434	0.0006858147511672255	2144.71434	0.0005379706733366629	2108.41	0.0	2108.41	0.0
2144.74447	0.0006305334627908915	2144.74447	0.0004921063528510322	2108.458	0.0	2108.458	0.0
2144.77461	0.0005552520810563205	2144.77461	0.0004412417455016415	2108.506	0.0	2108.506	0.0
2144.80474	0.0004749707926799962	2144.80474	0.0004053774250160208	2108.554	0.0	2108.554	0.0
2144.83488	0.0004096894109454144	2144.83488	0.00038951281766663737	2108.602	0.0	2108.602	0.0
2144.86501	0.0003794081225690915	2144.86501	0.00039864849718100615	2108.65	0.0	2108.65	0.0
2144.89514	0.000384126834192762	2144.89514	0.00042778417669538105	2108.698	0.0	2108.698	0.0
2144.92528	0.00041384545245819193	2144.92528	0.000451919569345996	2108.746	0.0	2108.746	0.0
2144.95541	0.00044356416408185273	2144.95541	0.00047105524886037475	2108.794	0.0	2108.794	0.0
2144.98555	0.0004582827823472885	2144.98555	0.00046519064151098743	2108.842	0.0	2108.842	0.0
2145.01568	0.0004330014939709567	2145.01568	0.00043432632102535784	2108.89	0.0	2108.89	0.0
2145.04581	0.0003827202055946208	2145.04581	0.000388462000539741	2108.938	0.0	2108.938	0.0
2145.07595	0.00032243882386005784	2145.07595	0.0003425973931903553	2108.986	0.0	2108.986	0.0
2145.10608	0.0002671575354837169	2145.10608	0.0003067330727047207	2109.034	0.0	2109.034	0.0
2145.13621	0.00024187624710738514	2145.13621	0.00028586875221908725	2109.082	0.0	2109.082	0.0
2145.16635	0.0002565948653728209	2145.16635	0.00029500414486971493	2109.13	0.0	2109.13	0.0
2145.19648	0.0002913135769964867	2145.19648	0.00032413982438408984	2109.178	0.0	2109.178	0.0
2145.22662	0.0003410321952619158	2145.22662	0.0003632752170347059	2109.226	0.0	2109.226	0.0
2145.25675	0.00038575090688558467	2145.25675	0.0003974108965490858	2109.274	0.0	2109.274	0.0
2145.28688	0.0004004696185092582	2145.28688	0.0004165465760634368	2109.322	0.0	2109.322	0.0
2145.31702	0.0003901882367746759	2145.31702	0.00041568196871406837	2109.37	0.0	2109.37	0.0
2145.34715	0.00034990694839834996	2145.34715	0.0003898176482284438	2109.418	0.0	2109.418	0.0
2145.37729	0.00029962556666378315	2145.37729	0.00033895304087906697	2109.466	0.0	2109.466	0.0
2145.40742	0.00024434427828744915	2145.40742	0.00028308872039344013	2109.514	0.0	2109.514	0.0
2145.43755	0.00020406298991111627	2145.43755	0.0002272243999077994	2109.562	0.0	2109.562	0.0
2145.46769	0.00017878160817655364	2145.46769	0.0001813597925584276	2109.61	0.0	2109.61	0.0
2145.49782	0.00017350031980021413	2145.49782	0.00016049547207278025	2109.658	0.0	2109.658	0.0
2145.52795	0.00018321903142388268	2145.52795	0.0001646311515871579	2109.706	0.0	2109.706	0.0
2145.55809	0.00019793764968931843	2145.55809	0.0001787665442377906	2109.754	0.0	2109.754	0.0
2145.58822	0.00021265636131298504	2145.58822	0.0001929022237521505	2109.802	0.0	2109.802	0.0
2145.61836	0.0002173749795784108	2145.61836	0.00020203761640277818	2109.85	0.0	2109.85	0.0
2145.64849	0.00020709369120208015	2145.64849	0.00019617329591713195	2109.898	0.0	2109.898	0.0
2145.67862	0.00018681240282574646	2145.67862	0.00017530897543151236	2109.946	0.0	2109.946	0.0
2145.70876	0.00016653102109117496	2145.70876	0.00015444436808212392	2109.994	0.0	2109.994	0.0
2145.73889	0.00015624973271485126	2145.73889	0.00013858004759649545	2110.042	0.0	2110.042	0.0
2145.76902	0.00016096844433851482	2145.76902	0.0001377157271108681	2110.09	0.0	2110.09	0.0
2145.79916	0.00018068706260394168	2145.79916	0.0001568511197614919	2110.138	0.0	2110.138	0.0
2145.82929	0.00021040577422761636	2145.82929	0.0001859867992758668	2110.186	0.0	2110.186	0.0
2145.85943	0.0002451243924930513	2145.85943	0.00022012219192647786	2110.234	0.0	2110.234	0.0
2145.88956	0.00027484310411670515	2145.88956	0.00024925787144085276	2110.282	0.0	2110.282	0.0
2145.91969	0.00029456181574037676	2145.91969	0.00025839355095522154	2110.33	0.0	2110.33	0.0
2145.94983	0.00030428043400581445	2145.94983	0.0002575289436058392	2110.378	0.0	2110.378	0.0
2145.97996	0.000308999145629478	2145.97996	0.00025166462312022075	2110.426	0.0	2110.426	0.0
2146.0101	0.0003037177638949076	2146.0101	0.00024580001577083344	2110.474	0.0	2110.474	0.0
2146.04023	0.000298436475518582	2146.04023	0.0002449356952852061	2110.522	0.0	2110.522	0.0
2146.07036	0.00028315518714224636	2146.07036	0.00025407137479957487	2110.57	0.0	2110.57	0.0
2146.1005	0.0002678738054076729	2146.1005	0.00026320676745020255	2110.618	0.0	2110.618	0.0
2146.13063	0.00024759251703134616	2146.13063	0.00027234244696457133	2110.666	0.0	2110.666	0.0
2146.16076	0.00023231122865501053	2146.16076	0.000271478126478944	2110.714	0.0	2110.714	0.0
2146.1909	0.00021702984692043709	2146.1909	0.00026061351912956554	2110.762	0.0	2110.762	0.0
2146.22103	0.00021174855854411145	2146.22103	0.0002497491986439282	2110.81	0.0	2110.81	0.0
2146.25117	0.00021146717680953914	2146.25117	0.00023388459129454475	2110.858	0.0	2110.858	0.0
2146.2813	0.00022118588843320075	2146.2813	0.00022802027080892628	2110.906	0.0	2110.906	0.0
2146.31143	0.00023090460005687624	2146.31143	0.00022715595032328506	2110.954	0.0	2110.954	0.0
2146.34157	0.00023062321832231086	2146.34157	0.00022629134297391662	2111.002	0.0	2111.002	0.0
2146.3717	0.00022534192994597135	2146.3717	0.00022042702248828427	2111.05	0.0	2111.05	0.0
2146.40183	0.00021506064156964072	2146.40183	0.0002045627020026558	2111.098	0.0	2111.098	0.0
2146.43197	0.00019977925983507422	2146.43197	0.00017869809465327624	2111.146	0.0	2111.146	0.0
2146.4621	0.00018949797145874359	2146.4621	0.00015283377416763777	2111.194	0.0	2111.194	0.0
2146.49224	0.0001792165897241682	2146.49224	0.00012696916681827208	2111.242	0.0	2111.242	0.0
2146.52237	0.00018393530134784564	2146.52237	0.00011110484633262974	2111.29	0.0	2111.29	0.0
2146.5525	0.00018365401297151807	2146.5525	0.00011024052584701627	2111.338	0.0	2111.338	0.0
2146.58264	0.00018837263123693687	2146.58264	0.00012437591849763507	2111.386	0.0	2111.386	0.0
2146.61277	0.0001880913428606093	2146.61277	0.0001385115980119811	2111.434	0.0	2111.434	0.0
2146.64291	0.00018280996112603892	2146.64291	0.00015264699066261378	2111.482	0.0	2111.482	0.0
2146.67304	0.00017252867274970135	2146.67304	0.00015178267017697256	2111.53	0.0	2111.53	0.0
2146.70317	0.00016224738437337072	2146.70317	0.00014091834969136297	2111.578	0.0	2111.578	0.0
2146.73331	0.00015696600263880034	2146.73331	0.0001200537423419884	2111.626	0.0	2111.626	0.0
2146.76344	0.00015168471426246777	2146.76344	8.918942185634493e-5	2111.674	0.0	2111.674	0.0
2146.79357	0.0001514034258861402	2146.79357	5.8325101370729215e-5	2111.722	0.0	2111.722	0.0
2146.82371	0.00015612204415157288	2146.82371	4.2460494021331896e-5	2111.77	0.0	2111.77	0.0
2146.85384	0.00015584075577523143	2146.85384	4.159617353570455e-5	2111.818	0.0	2111.818	0.0
2146.88398	0.00016555937404066912	2146.88398	5.5731566186323356e-5	2111.866	0.0	2111.866	0.0
2146.91411	0.00017527808566433767	2146.91411	8.486724570069826e-5	2111.914	0.0	2111.914	0.0
2146.94424	0.00019499679728800928	2146.94424	0.00011900292521507816	2111.962	0.0	2111.962	0.0
2146.97438	0.00020971541555343115	2146.97438	0.0001481383178656842	2112.01	0.0	2112.01	0.0
2147.00451	0.00022943412717710276	2147.00451	0.000167273997380063	2112.058	0.0	2112.058	0.0
2147.03465	0.00023415274544253545	2147.03465	0.00016640939003068067	2112.106	0.0	2112.106	0.0
2147.06478	0.00023387145706620094	2147.06478	0.00015554506954504332	2112.154	0.0	2112.154	0.0
2147.09491	0.0002235901686898703	2147.09491	0.0001296807490594326	2112.202	0.0	2112.202	0.0
2147.12505	0.0002033087869552988	2147.12505	0.00010381614171003917	2112.25	0.0	2112.25	0.0
2147.15518	0.0001830274985789651	2147.15518	8.79518212244107e-5	2112.298	0.0	2112.298	0.0
2147.18531	0.00017274621020263448	2147.18531	8.208750073879223e-5	2112.346	0.0	2112.346	0.0
2147.21545	0.00017246482846806216	2147.21545	9.122289338940603e-5	2112.394	0.0	2112.394	0.0
2147.24558	0.00018218354009173765	2147.24558	0.00011035857290378481	2112.442	0.0	2112.442	0.0
2147.27572	0.00019690215835716646	2147.27572	0.00012949396555439474	2112.49	0.0	2112.49	0.0
2147.30585	0.00021662086998083807	2147.30585	0.00014362964506876852	2112.538	0.0	2112.538	0.0
2147.33598	0.00023133958160450468	2147.33598	0.00014276532458314117	2112.586	0.0	2112.586	0.0
2147.36612	0.00023105819986993237	2147.36612	0.00013190071723374885	2112.634	0.0	2112.634	0.0
2147.39625	0.00021577691149360367	2147.39625	0.00011103639674814314	2112.682	0.0	2112.682	0.0
2147.42638	0.00019549562311727692	2147.42638	8.517207626250467e-5	2112.73	0.0	2112.73	0.0
2147.45652	0.00017021424138269348	2147.45652	7.430746891311235e-5	2112.778	0.0	2112.778	0.0
2147.48665	0.00015493295300636478	2147.48665	6.844314842749388e-5	2112.826	0.0	2112.826	0.0
NaN	NaN	NaN	NaN	2112.874	0.0	2112.874	0.0
NaN	NaN	NaN	NaN	2112.922	0.0	2112.922	0.0
NaN	NaN	NaN	NaN	2112.97	0.0	2112.97	0.0
NaN	NaN	NaN	NaN	2113.018	0.0	2113.018	0.0
NaN	NaN	NaN	NaN	2113.066	0.0	2113.066	0.0
NaN	NaN	NaN	NaN	2113.114	0.0	2113.114	0.0
NaN	NaN	NaN	NaN	2113.162	0.0	2113.162	0.0
NaN	NaN	NaN	NaN	2113.21	0.0	2113.21	0.0
NaN	NaN	NaN	NaN	2113.258	0.0	2113.258	0.0
NaN	NaN	NaN	NaN	2113.306	0.0	2113.306	0.0
NaN	NaN	NaN	NaN	2113.354	0.0	2113.354	0.0
NaN	NaN	NaN	NaN	2113.402	0.0	2113.402	0.0
NaN	NaN	NaN	NaN	2113.45	0.0	2113.45	0.0
NaN	NaN	NaN	NaN	2113.498	0.0	2113.498	0.0
NaN	NaN	NaN	NaN	2113.546	0.0	2113.546	0.0
NaN	NaN	NaN	NaN	2113.594	0.0	2113.594	0.0
NaN	NaN	NaN	NaN	2113.642	0.0	2113.642	0.0
NaN	NaN	NaN	NaN	2113.69	0.0	2113.69	0.0
NaN	NaN	NaN	NaN	2113.738	0.0	2113.738	0.0
NaN	NaN	NaN	NaN	2113.786	0.0	2113.786	0.0
NaN	NaN	NaN	NaN	2113.834	0.0	2113.834	0.0
NaN	NaN	NaN	NaN	2113.882	0.0	2113.882	0.0
NaN	NaN	NaN	NaN	2113.93	0.0	2113.93	0.0
NaN	NaN	NaN	NaN	2113.978	0.0	2113.978	0.0
NaN	NaN	NaN	NaN	2114.026	0.0	2114.026	0.0
NaN	NaN	NaN	NaN	2114.074	0.0	2114.074	0.0
NaN	NaN	NaN	NaN	2114.122	0.0	2114.122	0.0
NaN	NaN	NaN	NaN	2114.17	0.0	2114.17	0.0
NaN	NaN	NaN	NaN	2114.218	0.0	2114.218	0.0
NaN	NaN	NaN	NaN	2114.266	0.0	2114.266	0.0
NaN	NaN	NaN	NaN	2114.314	0.0	2114.314	0.0
NaN	NaN	NaN	NaN	2114.362	0.0	2114.362	0.0
NaN	NaN	NaN	NaN	2114.41	0.0	2114.41	0.0
NaN	NaN	NaN	NaN	2114.458	0.0	2114.458	0.0
NaN	NaN	NaN	NaN	2114.506	0.0	2114.506	0.0
NaN	NaN	NaN	NaN	2114.554	0.0	2114.554	0.0
NaN	NaN	NaN	NaN	2114.602	0.0	2114.602	0.0
NaN	NaN	NaN	NaN	2114.65	0.0	2114.65	0.0
NaN	NaN	NaN	NaN	2114.698	0.0	2114.698	0.0
NaN	NaN	NaN	NaN	2114.746	0.0	2114.746	0.0
NaN	NaN	NaN	NaN	2114.794	0.0	2114.794	0.0
NaN	NaN	NaN	NaN	2114.842	0.0	2114.842	0.0
NaN	NaN	NaN	NaN	2114.89	0.0	2114.89	0.0
NaN	NaN	NaN	NaN	2114.938	0.0	2114.938	0.0
NaN	NaN	NaN	NaN	2114.986	0.0	2114.986	0.0
NaN	NaN	NaN	NaN	2115.034	0.0	2115.034	0.0
NaN	NaN	NaN	NaN	2115.082	0.0	2115.082	0.0
NaN	NaN	NaN	NaN	2115.13	0.0	2115.13	0.0
NaN	NaN	NaN	NaN	2115.178	0.0	2115.178	0.0
NaN	NaN	NaN	NaN	2115.226	0.0	2115.226	0.0
NaN	NaN	NaN	NaN	2115.274	0.0	2115.274	0.0
NaN	NaN	NaN	NaN	2115.322	0.0	2115.322	0.0
NaN	NaN	NaN	NaN	2115.37	0.0	2115.37	0.0
NaN	NaN	NaN	NaN	2115.418	0.0	2115.418	0.0
NaN	NaN	NaN	NaN	2115.466	0.0	2115.466	0.0
NaN	NaN	NaN	NaN	2115.514	0.0	2115.514	0.0
NaN	NaN	NaN	NaN	2115.562	0.0	2115.562	0.0
NaN	NaN	NaN	NaN	2115.61	0.0	2115.61	0.0
NaN	NaN	NaN	NaN	2115.658	0.0	2115.658	0.0
NaN	NaN	NaN	NaN	2115.706	0.0	2115.706	0.0
NaN	NaN	NaN	NaN	2115.754	0.0	2115.754	0.0
NaN	NaN	NaN	NaN	2115.802	0.0	2115.802	0.0
NaN	NaN	NaN	NaN	2115.85	0.0	2115.85	0.0
NaN	NaN	NaN	NaN	2115.898	0.0	2115.898	0.0
NaN	NaN	NaN	NaN	2115.946	0.0	2115.946	0.0
NaN	NaN	NaN	NaN	2115.994	0.0	2115.994	0.0
NaN	NaN	NaN	NaN	2116.042	0.0	2116.042	0.0
NaN	NaN	NaN	NaN	2116.09	0.0	2116.09	0.0
NaN	NaN	NaN	NaN	2116.138	0.0	2116.138	0.0
NaN	NaN	NaN	NaN	2116.186	0.0	2116.186	0.0
NaN	NaN	NaN	NaN	2116.234	0.0	2116.234	0.0
NaN	NaN	NaN	NaN	2116.282	0.0	2116.282	0.0
NaN	NaN	NaN	NaN	2116.33	0.0	2116.33	0.0
NaN	NaN	NaN	NaN	2116.378	0.0	2116.378	0.0
NaN	NaN	NaN	NaN	2116.426	0.0	2116.426	0.0
NaN	NaN	NaN	NaN	2116.474	0.0	2116.474	0.0
NaN	NaN	NaN	NaN	2116.522	0.0	2116.522	0.0
NaN	NaN	NaN	NaN	2116.57	0.0	2116.57	0.0
NaN	NaN	NaN	NaN	2116.618	0.0	2116.618	0.0
NaN	NaN	NaN	NaN	2116.666	0.0	2116.666	0.0
NaN	NaN	NaN	NaN	2116.714	0.0	2116.714	0.0
NaN	NaN	NaN	NaN	2116.762	0.0	2116.762	0.0
NaN	NaN	NaN	NaN	2116.81	0.0	2116.81	0.0
NaN	NaN	NaN	NaN	2116.858	0.0	2116.858	0.0
NaN	NaN	NaN	NaN	2116.906	0.0	2116.906	0.0
NaN	NaN	NaN	NaN	2116.954	0.0	2116.954	0.0
NaN	NaN	NaN	NaN	2117.002	0.0	2117.002	0.0
NaN	NaN	NaN	NaN	2117.05	0.0	2117.05	0.0
NaN	NaN	NaN	NaN	2117.098	0.0	2117.098	0.0
NaN	NaN	NaN	NaN	2117.146	0.0	2117.146	0.0
NaN	NaN	NaN	NaN	2117.194	0.0	2117.194	0.0
NaN	NaN	NaN	NaN	2117.242	0.0	2117.242	0.0
NaN	NaN	NaN	NaN	2117.29	0.0	2117.29	0.0
NaN	NaN	NaN	NaN	2117.338	0.0	2117.338	0.0
NaN	NaN	NaN	NaN	2117.386	0.0	2117.386	0.0
NaN	NaN	NaN	NaN	2117.434	0.0	2117.434	0.0
NaN	NaN	NaN	NaN	2117.482	0.0	2117.482	0.0
NaN	NaN	NaN	NaN	2117.53	0.0	2117.53	0.0
NaN	NaN	NaN	NaN	2117.578	0.0	2117.578	0.0
NaN	NaN	NaN	NaN	2117.626	0.0	2117.626	0.0
NaN	NaN	NaN	NaN	2117.674	0.0	2117.674	0.0
NaN	NaN	NaN	NaN	2117.722	0.0	2117.722	0.0
NaN	NaN	NaN	NaN	2117.77	0.0	2117.77	0.0
NaN	NaN	NaN	NaN	2117.818	0.0	2117.818	0.0
NaN	NaN	NaN	NaN	2117.866	0.0	2117.866	0.0
NaN	NaN	NaN	NaN	2117.914	0.0	2117.914	0.0
NaN	NaN	NaN	NaN	2117.962	0.0	2117.962	0.0
NaN	NaN	NaN	NaN	2118.01	0.0	2118.01	0.0
NaN	NaN	NaN	NaN	2118.058	0.0	2118.058	0.0
NaN	NaN	NaN	NaN	2118.106	0.0	2118.106	0.0
NaN	NaN	NaN	NaN	2118.154	0.0	2118.154	0.0
NaN	NaN	NaN	NaN	2118.202	0.0	2118.202	0.0
NaN	NaN	NaN	NaN	2118.25	0.0	2118.25	0.0
NaN	NaN	NaN	NaN	2118.298	0.0	2118.298	0.0
NaN	NaN	NaN	NaN	2118.346	0.0	2118.346	0.0
NaN	NaN	NaN	NaN	2118.394	0.0	2118.394	0.0
NaN	NaN	NaN	NaN	2118.442	0.0	2118.442	0.0
NaN	NaN	NaN	NaN	2118.49	0.0	2118.49	0.0
NaN	NaN	NaN	NaN	2118.538	0.0	2118.538	0.0
NaN	NaN	NaN	NaN	2118.586	0.0	2118.586	0.0
NaN	NaN	NaN	NaN	2118.634	0.0	2118.634	0.0
NaN	NaN	NaN	NaN	2118.682	0.0	2118.682	0.0
NaN	NaN	NaN	NaN	2118.73	0.0	2118.73	0.0
NaN	NaN	NaN	NaN	2118.778	0.0	2118.778	0.0
NaN	NaN	NaN	NaN	2118.826	0.0	2118.826	0.0
NaN	NaN	NaN	NaN	2118.874	0.0	2118.874	0.0
NaN	NaN	NaN	NaN	2118.922	0.0	2118.922	0.0
NaN	NaN	NaN	NaN	2118.97	0.0	2118.97	0.0
NaN	NaN	NaN	NaN	2119.018	0.0	2119.018	0.0
NaN	NaN	NaN	NaN	2119.066	0.0	2119.066	0.0
NaN	NaN	NaN	NaN	2119.114	0.0	2119.114	0.0
NaN	NaN	NaN	NaN	2119.162	0.0	2119.162	0.0
NaN	NaN	NaN	NaN	2119.21	0.0	2119.21	0.0
NaN	NaN	NaN	NaN	2119.258	0.0	2119.258	0.0
NaN	NaN	NaN	NaN	2119.306	0.0	2119.306	0.0
NaN	NaN	NaN	NaN	2119.354	0.0	2119.354	0.0
NaN	NaN	NaN	NaN	2119.402	0.0	2119.402	0.0
NaN	NaN	NaN	NaN	2119.45	0.0	2119.45	0.0
NaN	NaN	NaN	NaN	2119.498	0.0	2119.498	0.0
NaN	NaN	NaN	NaN	2119.546	0.0	2119.546	0.0
NaN	NaN	NaN	NaN	2119.594	0.0	2119.594	0.0
NaN	NaN	NaN	NaN	2119.642	0.0	2119.642	0.0
NaN	NaN	NaN	NaN	2119.69	0.0	2119.69	0.0
NaN	NaN	NaN	NaN	2119.738	0.0	2119.738	0.0
NaN	NaN	NaN	NaN	2119.786	0.0	2119.786	0.0
NaN	NaN	NaN	NaN	2119.834	0.0	2119.834	0.0
NaN	NaN	NaN	NaN	2119.882	0.0	2119.882	0.0
NaN	NaN	NaN	NaN	2119.93	0.0	2119.93	0.0
NaN	NaN	NaN	NaN	2119.978	0.0	2119.978	0.0
NaN	NaN	NaN	NaN	2120.026	0.0	2120.026	0.0
NaN	NaN	NaN	NaN	2120.074	0.0	2120.074	0.0
NaN	NaN	NaN	NaN	2120.122	0.0	2120.122	0.0
NaN	NaN	NaN	NaN	2120.17	0.0	2120.17	0.0
NaN	NaN	NaN	NaN	2120.218	0.0	2120.218	0.0
NaN	NaN	NaN	NaN	2120.266	0.0	2120.266	0.0
NaN	NaN	NaN	NaN	2120.314	0.0	2120.314	0.0
NaN	NaN	NaN	NaN	2120.362	0.0	2120.362	0.0
NaN	NaN	NaN	NaN	2120.41	0.0	2120.41	0.0
NaN	NaN	NaN	NaN	2120.458	0.0	2120.458	0.0
NaN	NaN	NaN	NaN	2120.506	0.0	2120.506	0.0
NaN	NaN	NaN	NaN	2120.554	0.0	2120.554	0.0
NaN	NaN	NaN	NaN	2120.602	0.0	2120.602	0.0
NaN	NaN	NaN	NaN	2120.65	0.0	2120.65	0.0
NaN	NaN	NaN	NaN	2120.698	0.0	2120.698	0.0
NaN	NaN	NaN	NaN	2120.746	0.0	2120.746	0.0
NaN	NaN	NaN	NaN	2120.794	0.0	2120.794	0.0
NaN	NaN	NaN	NaN	2120.842	0.0	2120.842	0.0
NaN	NaN	NaN	NaN	2120.89	0.0	2120.89	0.0
NaN	NaN	NaN	NaN	2120.938	0.0	2120.938	0.0
NaN	NaN	NaN	NaN	2120.986	0.0	2120.986	0.0
NaN	NaN	NaN	NaN	2121.034	0.0	2121.034	0.0
NaN	NaN	NaN	NaN	2121.082	0.0	2121.082	0.0
NaN	NaN	NaN	NaN	2121.13	0.0	2121.13	0.0
NaN	NaN	NaN	NaN	2121.178	0.0	2121.178	0.0
NaN	NaN	NaN	NaN	2121.226	0.0	2121.226	0.0
NaN	NaN	NaN	NaN	2121.274	0.0	2121.274	0.0
NaN	NaN	NaN	NaN	2121.322	0.0	2121.322	0.0
NaN	NaN	NaN	NaN	2121.37	0.0	2121.37	0.0
NaN	NaN	NaN	NaN	2121.418	0.0	2121.418	0.0
NaN	NaN	NaN	NaN	2121.466	0.0	2121.466	0.0
NaN	NaN	NaN	NaN	2121.514	0.0	2121.514	0.0
NaN	NaN	NaN	NaN	2121.562	0.0	2121.562	0.0
NaN	NaN	NaN	NaN	2121.61	0.0	2121.61	0.0
NaN	NaN	NaN	NaN	2121.658	0.0	2121.658	0.0
NaN	NaN	NaN	NaN	2121.706	0.0	2121.706	0.0
NaN	NaN	NaN	NaN	2121.754	0.0	2121.754	0.0
NaN	NaN	NaN	NaN	2121.802	0.0	2121.802	0.0
NaN	NaN	NaN	NaN	2121.85	0.0	2121.85	0.0
NaN	NaN	NaN	NaN	2121.898	0.0	2121.898	0.0
NaN	NaN	NaN	NaN	2121.946	0.0	2121.946	0.0
NaN	NaN	NaN	NaN	2121.994	0.0	2121.994	0.0
NaN	NaN	NaN	NaN	2122.042	0.0	2122.042	0.0
NaN	NaN	NaN	NaN	2122.09	0.0	2122.09	0.0
NaN	NaN	NaN	NaN	2122.138	0.0	2122.138	0.0
NaN	NaN	NaN	NaN	2122.186	0.0	2122.186	0.0
NaN	NaN	NaN	NaN	2122.234	0.0	2122.234	0.0
NaN	NaN	NaN	NaN	2122.282	0.0	2122.282	0.0
NaN	NaN	NaN	NaN	2122.33	0.0	2122.33	0.0
NaN	NaN	NaN	NaN	2122.378	0.0	2122.378	0.0
NaN	NaN	NaN	NaN	2122.426	0.0	2122.426	0.0
NaN	NaN	NaN	NaN	2122.474	0.0	2122.474	0.0
NaN	NaN	NaN	NaN	2122.522	0.0	2122.522	0.0
NaN	NaN	NaN	NaN	2122.57	0.0	2122.57	0.0
NaN	NaN	NaN	NaN	2122.618	0.0	2122.618	0.0
NaN	NaN	NaN	NaN	2122.666	0.0	2122.666	0.0
NaN	NaN	NaN	NaN	2122.714	0.0	2122.714	0.0
NaN	NaN	NaN	NaN	2122.762	0.0	2122.762	0.0
NaN	NaN	NaN	NaN	2122.81	0.0	2122.81	0.0
NaN	NaN	NaN	NaN	2122.858	0.0	2122.858	0.0
NaN	NaN	NaN	NaN	2122.906	0.0	2122.906	0.0
NaN	NaN	NaN	NaN	2122.954	0.0	2122.954	0.0
NaN	NaN	NaN	NaN	2123.002	0.0	2123.002	0.0
NaN	NaN	NaN	NaN	2123.05	0.0	2123.05	0.0
NaN	NaN	NaN	NaN	2123.098	0.0	2123.098	0.0
NaN	NaN	NaN	NaN	2123.146	0.0	2123.146	0.0
NaN	NaN	NaN	NaN	2123.194	0.0	2123.194	0.0
NaN	NaN	NaN	NaN	2123.242	0.0	2123.242	0.0
NaN	NaN	NaN	NaN	2123.29	0.0	2123.29	0.0
NaN	NaN	NaN	NaN	2123.338	0.0	2123.338	0.0
NaN	NaN	NaN	NaN	2123.386	0.0	2123.386	0.0
NaN	NaN	NaN	NaN	2123.434	0.0	2123.434	0.0
NaN	NaN	NaN	NaN	2123.482	0.0	2123.482	0.0
NaN	NaN	NaN	NaN	2123.53	0.0	2123.53	0.0
NaN	NaN	NaN	NaN	2123.578	0.0	2123.578	0.0
NaN	NaN	NaN	NaN	2123.626	0.0	2123.626	0.0
NaN	NaN	NaN	NaN	2123.674	0.0	2123.674	0.0
NaN	NaN	NaN	NaN	2123.722	0.0	2123.722	0.0
NaN	NaN	NaN	NaN	2123.77	0.0	2123.77	0.0
NaN	NaN	NaN	NaN	2123.818	0.0	2123.818	0.0
NaN	NaN	NaN	NaN	2123.866	0.0	2123.866	0.0
NaN	NaN	NaN	NaN	2123.914	0.0	2123.914	0.0
NaN	NaN	NaN	NaN	2123.962	0.0	2123.962	0.0
NaN	NaN	NaN	NaN	2124.01	0.0	2124.01	0.0
NaN	NaN	NaN	NaN	2124.058	0.0	2124.058	0.0
NaN	NaN	NaN	NaN	2124.106	0.0	2124.106	0.0
NaN	NaN	NaN	NaN	2124.154	0.0	2124.154	0.0
NaN	NaN	NaN	NaN	2124.202	0.0	2124.202	0.0
NaN	NaN	NaN	NaN	2124.25	0.0	2124.25	0.0
NaN	NaN	NaN	NaN	2124.298	0.0	2124.298	0.0
NaN	NaN	NaN	NaN	2124.346	0.0	2124.346	0.0
NaN	NaN	NaN	NaN	2124.394	0.0	2124.394	0.0
NaN	NaN	NaN	NaN	2124.442	0.0	2124.442	0.0
NaN	NaN	NaN	NaN	2124.49	0.0	2124.49	0.0
NaN	NaN	NaN	NaN	2124.538	0.0	2124.538	0.0
NaN	NaN	NaN	NaN	2124.586	0.0	2124.586	0.0
NaN	NaN	NaN	NaN	2124.634	0.0	2124.634	0.0
NaN	NaN	NaN	NaN	2124.682	0.0	2124.682	0.0
NaN	NaN	NaN	NaN	2124.73	0.0	2124.73	0.0
NaN	NaN	NaN	NaN	2124.778	0.0	2124.778	0.0
NaN	NaN	NaN	NaN	2124.826	0.0	2124.826	0.0
NaN	NaN	NaN	NaN	2124.874	0.0	2124.874	0.0
NaN	NaN	NaN	NaN	2124.922	0.0	2124.922	0.0
NaN	NaN	NaN	NaN	2124.97	0.0	2124.97	0.0
NaN	NaN	NaN	NaN	2125.018	0.0	2125.018	0.0
NaN	NaN	NaN	NaN	2125.066	0.0	2125.066	0.0
NaN	NaN	NaN	NaN	2125.114	0.0	2125.114	0.0
NaN	NaN	NaN	NaN	2125.162	0.0	2125.162	0.0
NaN	NaN	NaN	NaN	2125.21	0.0	2125.21	0.0
NaN	NaN	NaN	NaN	2125.258	1.967743e-317	2125.258	2.386053e-317
NaN	NaN	NaN	NaN	2125.306	3.5749038554451673e-308	2125.306	4.334869602412288e-308
NaN	NaN	NaN	NaN	2125.354	4.718953691507716e-299	2125.354	5.722125612231534e-299
NaN	NaN	NaN	NaN	2125.402	4.5259780443047656e-290	2125.402	5.48812651718126e-290
NaN	NaN	NaN	NaN	2125.45	3.1540207639086766e-281	2125.45	3.824513689793304e-281
NaN	NaN	NaN	NaN	2125.498	1.5969893923218682e-272	2125.498	1.936483064182681e-272
NaN	NaN	NaN	NaN	2125.546	5.875230269336512e-264	2125.546	7.124207567967709e-264
NaN	NaN	NaN	NaN	2125.594	1.5704826107671716e-255	2125.594	1.9043413769470314e-255
NaN	NaN	NaN	NaN	2125.642	3.050188991119511e-247	2125.642	3.6986089903025014e-247
NaN	NaN	NaN	NaN	2125.69	4.30433182968285e-239	2125.69	5.219361963753949e-239
NaN	NaN	NaN	NaN	2125.738	4.413367757045758e-231	2125.738	5.351577135464475e-231
NaN	NaN	NaN	NaN	2125.786	3.28790960690656e-223	2125.786	3.9868650981338795e-223
NaN	NaN	NaN	NaN	2125.834	1.7797335948371525e-215	2125.834	2.1580756777277902e-215
NaN	NaN	NaN	NaN	2125.882	6.999636799490637e-208	2125.882	8.487644428205182e-208
NaN	NaN	NaN	NaN	2125.93	2.0002366980912477e-200	2125.93	2.4254541131164326e-200
NaN	NaN	NaN	NaN	2125.978	4.1531025429399465e-193	2125.978	5.035983818605296e-193
NaN	NaN	NaN	NaN	2126.026	6.265407108932801e-186	2126.026	7.597329584649367e-186
NaN	NaN	NaN	NaN	2126.074	6.867699985542313e-179	2126.074	8.327660018176202e-179
NaN	NaN	NaN	NaN	2126.122	5.469639610945981e-172	2126.122	6.632395008197327e-172
NaN	NaN	NaN	NaN	2126.17	3.165129526583535e-165	2126.17	3.837983992656501e-165
NaN	NaN	NaN	NaN	2126.218	1.3307903426045052e-158	2126.218	1.6136944758817129e-158
NaN	NaN	NaN	NaN	2126.266	4.065492571696256e-152	2126.266	4.929749408794798e-152
NaN	NaN	NaN	NaN	2126.314	9.02406222084553e-146	2126.314	1.094242938920918e-145
NaN	NaN	NaN	NaN	2126.362	1.4553798857061525e-139	2126.362	1.7647697061559863e-139
NaN	NaN	NaN	NaN	2126.41	1.7054383850901364e-133	2126.41	2.067986528659729e-133
NaN	NaN	NaN	NaN	2126.458	1.4520483475132694e-127	2126.458	1.760729937752255e-127
NaN	NaN	NaN	NaN	2126.506	8.982795197508519e-122	2126.506	1.0892389675617114e-121
NaN	NaN	NaN	NaN	2126.554	4.037637240698861e-116	2126.554	4.895972492690657e-116
NaN	NaN	NaN	NaN	2126.602	1.318646767931716e-110	2126.602	1.598969377014083e-110
NaN	NaN	NaN	NaN	2126.65	3.12906820675495e-105	2126.65	3.7942566294968695e-105
NaN	NaN	NaN	NaN	2126.698	5.394944274541006e-100	2126.698	6.541820672126515e-100
NaN	NaN	NaN	NaN	2126.746	6.758405947926402e-95	2126.746	8.195131866219158e-95
NaN	NaN	NaN	NaN	2126.794	6.151584069825176e-90	2126.794	7.459309639992508e-90
NaN	NaN	NaN	NaN	2126.842	4.068319299083596e-85	2126.842	4.9331770519205214e-85
NaN	NaN	NaN	NaN	2126.89	1.954917687933074e-80	2126.89	2.3705010269663432e-80
NaN	NaN	NaN	NaN	2126.938	6.8253872892378e-76	2126.938	8.276352338745616e-76
NaN	NaN	NaN	NaN	2126.986	1.731456163006036e-71	2126.986	2.099535258127232e-71
NaN	NaN	NaN	NaN	2127.034	3.1913988176911644e-67	2127.034	3.869837702880606e-67
NaN	NaN	NaN	NaN	2127.082	4.274014950803287e-63	2127.082	5.182600215176608e-63
NaN	NaN	NaN	NaN	2127.13	4.1588798355297765e-59	2127.13	5.042989268537844e-59
NaN	NaN	NaN	NaN	2127.178	2.9403706933077767e-55	2127.178	3.5654451290308646e-55
NaN	NaN	NaN	NaN	2127.226	1.510473730918305e-51	2127.226	1.8315755964513015e-51
NaN	NaN	NaN	NaN	2127.274	5.637799749179977e-48	2127.274	6.836303225076091e-48
NaN	NaN	NaN	NaN	2127.322	1.528943698215432e-44	2127.322	1.8539719748155999e-44
NaN	NaN	NaN	NaN	2127.37	3.012719639674692e-41	2127.37	3.6531742705097393e-41
NaN	NaN	NaN	NaN	2127.418	4.313316454525143e-38	2127.418	5.230256569932443e-38
NaN	NaN	NaN	NaN	2127.466	4.4869301019946617e-35	2127.466	5.440777619916574e-35
NaN	NaN	NaN	NaN	2127.514	3.391350407415376e-32	2127.514	4.112295703039556e-32
NaN	NaN	NaN	NaN	2127.562	1.8624362088791265e-29	2127.562	2.2583594972413327e-29
NaN	NaN	NaN	NaN	2127.61	7.431483735675499e-27	2127.61	9.011294833915636e-27
NaN	NaN	NaN	NaN	2127.658	2.1545424171460163e-24	2127.658	2.6125626361227313e-24
NaN	NaN	NaN	NaN	2127.706	4.538579808082395e-22	2127.706	5.503406965521907e-22
NaN	NaN	NaN	NaN	2127.754	6.946569132232869e-20	2127.754	8.423294649054497e-20
NaN	NaN	NaN	NaN	2127.802	7.725139264426724e-18	2127.802	9.367374891373755e-18
NaN	NaN	NaN	NaN	2127.85	6.242062517903618e-16	2127.85	7.569019105218297e-16
NaN	NaN	NaN	NaN	2127.898	3.664682994990616e-14	2127.898	4.443730401204882e-14
NaN	NaN	NaN	NaN	2127.946	1.5632657938556154e-12	2127.946	1.8955869945112126e-12
NaN	NaN	NaN	NaN	2127.994	4.845306923584928e-11	2127.994	5.875318680647319e-11
NaN	NaN	NaN	NaN	2128.042	1.0912179346193293e-9	2128.042	1.3231840117439894e-9
NaN	NaN	NaN	NaN	2128.09	1.785777325315611e-8	2128.09	2.1653781565106904e-8
NaN	NaN	NaN	NaN	2128.138	2.1238696879641823e-7	2128.138	2.575319933024655e-7
NaN	NaN	NaN	NaN	2128.186	1.8363716339871271e-6	2128.186	2.2267015092043396e-6
NaN	NaN	NaN	NaN	2128.234	1.1553012576675047e-5	2128.234	1.4008932164003959e-5
NaN	NaN	NaN	NaN	2128.282	5.299891077596152e-5	2128.282	6.427252484828209e-5
NaN	NaN	NaN	NaN	2128.33	0.0001782609615001667	2128.33	0.0002162656698201173
NaN	NaN	NaN	NaN	2128.378	0.00044577990304000566	2128.378	0.0005414214569698473
NaN	NaN	NaN	NaN	2128.426	0.0008579190041630837	2128.426	0.001044372648097153
NaN	NaN	NaN	NaN	2128.474	0.0013719005050495839	2128.474	0.0016729149890292651
NaN	NaN	NaN	NaN	2128.522	0.0020690139670517843	2128.522	0.002501037720959369
NaN	NaN	NaN	NaN	2128.57	0.0032723136034028748	2128.57	0.0038241859396781932
NaN	NaN	NaN	NaN	2128.618	0.0053924714356425405	2128.618	0.005958624806397138
NaN	NaN	NaN	NaN	2128.666	0.008630204622687722	2128.666	0.009000074964509797
NaN	NaN	NaN	NaN	2128.714	0.012706408898927662	2128.714	0.012703404537133369
NaN	NaN	NaN	NaN	2128.762	0.016801272539867684	2128.762	0.01647271425950668
NaN	NaN	NaN	NaN	2128.81	0.020004526353673672	2128.81	0.01968293603279786
NaN	NaN	NaN	NaN	2128.858	0.02207793034856328	2128.858	0.022222570608364984
NaN	NaN	NaN	NaN	2128.906	0.023750156289618015	2128.906	0.024668838498129394
NaN	NaN	NaN	NaN	2128.954	0.026040814822167076	2128.954	0.027751933737056415
NaN	NaN	NaN	NaN	2129.002	0.02911781960042493	2129.002	0.0314587090695008
NaN	NaN	NaN	NaN	2129.05	0.032051942477956744	2129.05	0.03487750469459102
NaN	NaN	NaN	NaN	2129.098	0.03401191375390225	2129.098	0.03733822385918911
NaN	NaN	NaN	NaN	2129.146	0.03545534067538635	2129.146	0.03950611378410685
NaN	NaN	NaN	NaN	2129.194	0.037679606064052816	2129.194	0.04277876627113242
NaN	NaN	NaN	NaN	2129.242	0.04123277987362786	2129.242	0.04755715376327277
NaN	NaN	NaN	NaN	2129.29	0.04520516858298207	2129.29	0.05261343189343369
NaN	NaN	NaN	NaN	2129.338	0.04824065610022426	2129.338	0.0563412863210404
NaN	NaN	NaN	NaN	2129.386	0.04981546348879302	2129.386	0.05815068288826117
NaN	NaN	NaN	NaN	2129.434	0.05026185722603179	2129.434	0.05845729829565469
NaN	NaN	NaN	NaN	2129.482	0.050111027582495374	2129.482	0.05798814666053901
NaN	NaN	NaN	NaN	2129.53	0.04993659256680056	2129.53	0.05756073992819335
NaN	NaN	NaN	NaN	2129.578	0.05046787805756352	2129.578	0.05809450011068391
NaN	NaN	NaN	NaN	2129.626	0.05234504832904785	2129.626	0.06033572725670744
NaN	NaN	NaN	NaN	2129.674	0.05575329952654505	2129.674	0.06451923458233645
NaN	NaN	NaN	NaN	2129.722	0.060246054402807364	2129.722	0.07016032978711638
NaN	NaN	NaN	NaN	2129.77	0.06467298203876043	2129.77	0.07587385802156926
NaN	NaN	NaN	NaN	2129.818	0.0675225061162053	2129.818	0.07971211173182484
NaN	NaN	NaN	NaN	2129.866	0.06809531602837038	2129.866	0.08064541766056255
NaN	NaN	NaN	NaN	2129.914	0.06753350657214076	2129.914	0.07993639615437108
NaN	NaN	NaN	NaN	2129.962	0.06797020554714722	2129.962	0.08016946538548791
NaN	NaN	NaN	NaN	2130.01	0.07041204456460466	2130.01	0.08271384551112827
NaN	NaN	NaN	NaN	2130.058	0.07414066416194215	2130.058	0.08696412690753177
NaN	NaN	NaN	NaN	2130.106	0.07812952637827619	2130.106	0.0918244741919224
NaN	NaN	NaN	NaN	2130.154	0.08205368365221402	2130.154	0.09672551530508959
NaN	NaN	NaN	NaN	2130.202	0.08596878464631692	2130.202	0.10141841017282578
NaN	NaN	NaN	NaN	2130.25	0.09000673710581544	2130.25	0.10593292352065503
NaN	NaN	NaN	NaN	2130.298	0.09446636641204191	2130.298	0.11073896375751378
NaN	NaN	NaN	NaN	2130.346	0.09946056230479632	2130.346	0.1161772246030983
NaN	NaN	NaN	NaN	2130.394	0.10406872320922356	2130.394	0.12121144581885152
NaN	NaN	NaN	NaN	2130.442	0.10630032519635386	2130.442	0.1232470430855869
NaN	NaN	NaN	NaN	2130.49	0.10501954505267988	2130.49	0.12074201586992443
NaN	NaN	NaN	NaN	2130.538	0.10198319952843622	2130.538	0.11601057471988718
NaN	NaN	NaN	NaN	2130.586	0.10077119719901761	2130.586	0.11376480822599638
NaN	NaN	NaN	NaN	2130.634	0.10363977195161954	2130.634	0.11703236874711546
NaN	NaN	NaN	NaN	2130.682	0.1101965689880921	2130.682	0.12554375482304383
NaN	NaN	NaN	NaN	2130.73	0.1184669143234526	2130.73	0.1369209118272846
NaN	NaN	NaN	NaN	2130.778	0.1260205620601505	2130.778	0.14776227979175288
NaN	NaN	NaN	NaN	2130.826	0.13051605693888993	2130.826	0.1544010413645351
NaN	NaN	NaN	NaN	2130.874	0.13082068700521976	2130.874	0.15488359372534447
NaN	NaN	NaN	NaN	2130.922	0.12824850553290498	2130.922	0.1508140487269108
NaN	NaN	NaN	NaN	2130.97	0.12603914348119927	2130.97	0.14644712152053976
NaN	NaN	NaN	NaN	2131.018	0.12700016546030232	2131.018	0.1456656847538346
NaN	NaN	NaN	NaN	2131.066	0.131530981027709	2131.066	0.14964811803532163
NaN	NaN	NaN	NaN	2131.114	0.13803615244515163	2131.114	0.1570412244190498
NaN	NaN	NaN	NaN	2131.162	0.1449435604705769	2131.162	0.16610350024050177
NaN	NaN	NaN	NaN	2131.21	0.15199234358032962	2131.21	0.17663939580786614
NaN	NaN	NaN	NaN	2131.258	0.1598819780095235	2131.258	0.18954632307303737
NaN	NaN	NaN	NaN	2131.306	0.16855930103175318	2131.306	0.2036611321294387
NaN	NaN	NaN	NaN	2131.354	0.1759333976952894	2131.354	0.21423542192714132
NaN	NaN	NaN	NaN	2131.402	0.17965662471039426	2131.402	0.21736014609153886
NaN	NaN	NaN	NaN	2131.45	0.18020638278079207	2131.45	0.21514920718769678
NaN	NaN	NaN	NaN	2131.498	0.18046978965334753	2131.498	0.21346456498338953
NaN	NaN	NaN	NaN	2131.546	0.18239071672828777	2131.546	0.21542051384899072
NaN	NaN	NaN	NaN	2131.594	0.18563824491564887	2131.594	0.2199200179790217
NaN	NaN	NaN	NaN	2131.642	0.18932456066110911	2131.642	0.22523406815380156
NaN	NaN	NaN	NaN	2131.69	0.19339571453207366	2131.69	0.23088938622531666
NaN	NaN	NaN	NaN	2131.738	0.19803254945765314	2131.738	0.23651258132037659
NaN	NaN	NaN	NaN	2131.786	0.202839039309407	2131.786	0.2413328762214576
NaN	NaN	NaN	NaN	2131.834	0.207502170549746	2131.834	0.2455832246711496
NaN	NaN	NaN	NaN	2131.882	0.2129464699389015	2131.882	0.2515737335049338
NaN	NaN	NaN	NaN	2131.93	0.22060568703911512	2131.93	0.261895080216957
NaN	NaN	NaN	NaN	2131.978	0.22990618855910108	2131.978	0.27555788395086017
NaN	NaN	NaN	NaN	2132.026	0.23750074159097878	2132.026	0.28706771740096676
NaN	NaN	NaN	NaN	2132.074	0.24029514357693588	2132.074	0.2910914769663055
NaN	NaN	NaN	NaN	2132.122	0.23916594679453584	2132.122	0.28812376617268126
NaN	NaN	NaN	NaN	2132.17	0.2388033116133665	2132.17	0.2847615582839562
NaN	NaN	NaN	NaN	2132.218	0.24381809260478465	2132.218	0.2884986256123925
NaN	NaN	NaN	NaN	2132.266	0.2555303511260116	2132.266	0.3025756697653249
NaN	NaN	NaN	NaN	2132.314	0.27199909273093953	2132.314	0.32474323921008286
NaN	NaN	NaN	NaN	2132.362	0.2897626419272201	2132.362	0.34911143802562494
NaN	NaN	NaN	NaN	2132.41	0.3050710530432549	2132.41	0.3688258762326196
NaN	NaN	NaN	NaN	2132.458	0.3149137792483138	2132.458	0.3793952345970441
NaN	NaN	NaN	NaN	2132.506	0.3193478231289597	2132.506	0.3826183565842577
NaN	NaN	NaN	NaN	2132.554	0.3229732453284718	2132.554	0.3866177799457595
NaN	NaN	NaN	NaN	2132.602	0.331255867250847	2132.602	0.39852278885427667
NaN	NaN	NaN	NaN	2132.65	0.3446061120158025	2132.65	0.417111686515374
NaN	NaN	NaN	NaN	2132.698	0.3586837837820573	2132.698	0.43544927477137096
NaN	NaN	NaN	NaN	2132.746	0.3702811282125871	2132.746	0.4493758431180559
NaN	NaN	NaN	NaN	2132.794	0.37956610370569055	2132.794	0.4595702044134009
NaN	NaN	NaN	NaN	2132.842	0.3874261847684412	2132.842	0.467363666042389
NaN	NaN	NaN	NaN	2132.89	0.39477871968317524	2132.89	0.4740830163020464
NaN	NaN	NaN	NaN	2132.938	0.4045972834541083	2132.938	0.484194953307718
NaN	NaN	NaN	NaN	2132.986	0.42084375784950073	2132.986	0.5036791752928137
NaN	NaN	NaN	NaN	2133.034	0.443705049307256	2133.034	0.5329888834196914
NaN	NaN	NaN	NaN	2133.082	0.46805032906047017	2133.082	0.5648343861012638
NaN	NaN	NaN	NaN	2133.13	0.4885296852039393	2133.13	0.5918256759278117
NaN	NaN	NaN	NaN	2133.178	0.5043597843526949	2133.178	0.6134818986006327
NaN	NaN	NaN	NaN	2133.226	0.5177183596241894	2133.226	0.6331632421783632
NaN	NaN	NaN	NaN	2133.274	0.5308483332142971	2133.274	0.6530019029764255
NaN	NaN	NaN	NaN	2133.322	0.5458489967982607	2133.322	0.6741817473491255
NaN	NaN	NaN	NaN	2133.37	0.563674949971706	2133.37	0.6972499934383705
NaN	NaN	NaN	NaN	2133.418	0.5830525361398222	2133.418	0.7212207503728572
NaN	NaN	NaN	NaN	2133.466	0.6021878990437064	2133.466	0.7446068500222782
NaN	NaN	NaN	NaN	2133.514	0.6210808225635773	2133.514	0.7673210031286389
NaN	NaN	NaN	NaN	2133.562	0.6422711473747537	2133.562	0.7925668116439845
NaN	NaN	NaN	NaN	2133.61	0.6692749605814601	2133.61	0.8260818260587964
NaN	NaN	NaN	NaN	2133.658	0.7030413306204477	2133.658	0.8704370055208435
NaN	NaN	NaN	NaN	2133.706	0.7407547746069766	2133.706	0.921739994550213
NaN	NaN	NaN	NaN	2133.754	0.7786464027666772	2133.754	0.973857368993993
NaN	NaN	NaN	NaN	2133.802	0.8144210741167368	2133.802	1.0233587358125988
NaN	NaN	NaN	NaN	2133.85	0.848183640687917	2133.85	1.0709054764568002
NaN	NaN	NaN	NaN	2133.898	0.8821697531216747	2133.898	1.1191581990485553
NaN	NaN	NaN	NaN	2133.946	0.9167887557457634	2133.946	1.1668397476501804
NaN	NaN	NaN	NaN	2133.994	0.9483557942679947	2133.994	1.2079137779318154
NaN	NaN	NaN	NaN	2134.042	0.9749658206629607	2134.042	1.2413315840927226
NaN	NaN	NaN	NaN	2134.09	1.000664623133009	2134.09	1.274988316981251
NaN	NaN	NaN	NaN	2134.138	1.0297104322928725	2134.138	1.3153572564352396
NaN	NaN	NaN	NaN	2134.186	1.0617148144520774	2134.186	1.360961951791027
NaN	NaN	NaN	NaN	2134.234	1.0941511540670488	2134.234	1.4072093674187562
NaN	NaN	NaN	NaN	2134.282	1.1247368048000006	2134.282	1.4499169562545915
NaN	NaN	NaN	NaN	2134.33	1.1522781555801254	2134.33	1.4862954587114119
NaN	NaN	NaN	NaN	2134.378	1.1779075344737544	2134.378	1.5172262512297043
NaN	NaN	NaN	NaN	2134.426	1.2024289286462444	2134.426	1.5445495647433016
NaN	NaN	NaN	NaN	2134.474	1.2232126276414703	2134.474	1.5669137291183852
NaN	NaN	NaN	NaN	2134.522	1.2383882853081407	2134.522	1.5838794113385268
NaN	NaN	NaN	NaN	2134.57	1.2513997915427868	2134.57	1.6002140758355718
NaN	NaN	NaN	NaN	2134.618	1.266909652688522	2134.618	1.6204413593663416
NaN	NaN	NaN	NaN	2134.666	1.284772732689299	2134.666	1.6422745148994173
NaN	NaN	NaN	NaN	2134.714	1.3013892454504523	2134.714	1.6597703335100653
NaN	NaN	NaN	NaN	2134.762	1.315128674683057	2134.762	1.6711126190507835
NaN	NaN	NaN	NaN	2134.81	1.3275069395674755	2134.81	1.679873719379644
NaN	NaN	NaN	NaN	2134.858	1.3409014536900512	2134.858	1.6911690993540514
NaN	NaN	NaN	NaN	2134.906	1.3583265652543992	2134.906	1.7103449517652016
NaN	NaN	NaN	NaN	2134.954	1.383116056793408	2134.954	1.7418788940584702
NaN	NaN	NaN	NaN	2135.002	1.4137302476721287	2135.002	1.7826668447580913
NaN	NaN	NaN	NaN	2135.05	1.4406439646331433	2135.05	1.8182436854537765
NaN	NaN	NaN	NaN	2135.098	1.457327774904648	2135.098	1.8381945069071652
NaN	NaN	NaN	NaN	2135.146	1.4739296867095635	2135.146	1.8564254727415654
NaN	NaN	NaN	NaN	2135.194	1.5100717418427103	2135.194	1.9022033259977955
NaN	NaN	NaN	NaN	2135.242	1.5741051766529548	2135.242	1.9894501856874953
NaN	NaN	NaN	NaN	2135.29	1.6541022734578665	2135.29	2.1017646229649367
NaN	NaN	NaN	NaN	2135.338	1.7278793346211379	2135.338	2.2068374782854843
NaN	NaN	NaN	NaN	2135.386	1.781654264587308	2135.386	2.2839154786272338
NaN	NaN	NaN	NaN	2135.434	1.8199978326654382	2135.434	2.337477703802065
NaN	NaN	NaN	NaN	2135.482	1.8579561485251974	2135.482	2.3858516479583747
NaN	NaN	NaN	NaN	2135.53	1.904492529936902	2135.53	2.4397987269131827
NaN	NaN	NaN	NaN	2135.578	1.9552236554969757	2135.578	2.495211591631968
NaN	NaN	NaN	NaN	2135.626	2.004448538653897	2135.626	2.5498068395198277
NaN	NaN	NaN	NaN	2135.674	2.060030631131004	2135.674	2.6196317645679863
NaN	NaN	NaN	NaN	2135.722	2.134398249108107	2135.722	2.7229296125699656
NaN	NaN	NaN	NaN	2135.77	2.225867047736047	2135.77	2.8542420421624763
NaN	NaN	NaN	NaN	2135.818	2.326777604821466	2135.818	2.997927495389972
NaN	NaN	NaN	NaN	2135.866	2.4392459527851114	2135.866	3.153427728532031
NaN	NaN	NaN	NaN	2135.914	2.560263406866449	2135.914	3.3172279026949836
NaN	NaN	NaN	NaN	2135.962	2.669762621589305	2135.962	3.465010546486456
NaN	NaN	NaN	NaN	2136.01	2.7578195706127295	2136.01	3.5859337660987998
NaN	NaN	NaN	NaN	2136.058	2.8448687341160253	2136.058	3.709619287279907
NaN	NaN	NaN	NaN	2136.106	2.957141815984122	2136.106	3.873086081947857
NaN	NaN	NaN	NaN	2136.154	3.1002286372201184	2136.154	4.083560871147694
NaN	NaN	NaN	NaN	2136.202	3.2689598530371584	2136.202	4.33129315742118
NaN	NaN	NaN	NaN	2136.25	3.4612255746301908	2136.25	4.610039946477101
NaN	NaN	NaN	NaN	2136.298	3.6665139534511813	2136.298	4.901692812240647
NaN	NaN	NaN	NaN	2136.346	3.860762256001269	2136.346	5.168696922270661
NaN	NaN	NaN	NaN	2136.394	4.02780188333058	2136.394	5.387676200237668
NaN	NaN	NaN	NaN	2136.442	4.172378088751105	2136.442	5.572069172626757
NaN	NaN	NaN	NaN	2136.49	4.307918950646048	2136.49	5.7515741375001985
NaN	NaN	NaN	NaN	2136.538	4.450491132453846	2136.538	5.95537561099288
NaN	NaN	NaN	NaN	2136.586	4.629447799759525	2136.586	6.223264648063275
NaN	NaN	NaN	NaN	2136.634	4.885793670404001	2136.634	6.606070113041094
NaN	NaN	NaN	NaN	2136.682	5.2479600052603335	2136.682	7.137009002859818
NaN	NaN	NaN	NaN	2136.73	5.7081942899920035	2136.73	7.80167623191074
NaN	NaN	NaN	NaN	2136.778	6.218947696776513	2136.778	8.532069028401782
NaN	NaN	NaN	NaN	2136.826	6.717272749672837	2136.826	9.240402572582084
NaN	NaN	NaN	NaN	2136.874	7.170633232354252	2136.874	9.887300835112649
NaN	NaN	NaN	NaN	2136.922	7.606848682248623	2136.922	10.523942710181874
NaN	NaN	NaN	NaN	2136.97	8.095500087059083	2136.97	11.253982120611871
NaN	NaN	NaN	NaN	2137.018	8.69961262463447	2137.018	12.156670638670526
NaN	NaN	NaN	NaN	2137.066	9.445299747292083	2137.066	13.255383749733532
NaN	NaN	NaN	NaN	2137.114	10.316395995012034	2137.114	14.524836611570022
NaN	NaN	NaN	NaN	2137.162	11.25157484304599	2137.162	15.883920736309582
NaN	NaN	NaN	NaN	2137.21	12.163762892937207	2137.21	17.214030326232592
NaN	NaN	NaN	NaN	2137.258	12.986926477360916	2137.258	18.424470182468188
NaN	NaN	NaN	NaN	2137.306	13.699489348264754	2137.306	19.483841016679506
NaN	NaN	NaN	NaN	2137.354	14.339015333629694	2137.354	20.437060802177033
NaN	NaN	NaN	NaN	2137.402	15.050433322623453	2137.402	21.482779288883016
NaN	NaN	NaN	NaN	2137.45	16.080192699630366	2137.45	22.98007842191946
NaN	NaN	NaN	NaN	2137.498	17.632568602673917	2137.498	25.23991513298163
NaN	NaN	NaN	NaN	2137.546	19.731695375597816	2137.546	28.30676430608316
NaN	NaN	NaN	NaN	2137.594	22.302495040113033	2137.594	32.06631563752196
NaN	NaN	NaN	NaN	2137.642	25.369179890169853	2137.642	36.545597551129916
NaN	NaN	NaN	NaN	2137.69	29.043988740119833	2137.69	41.9086302923081
NaN	NaN	NaN	NaN	2137.738	33.33815908138866	2137.738	48.17642481405447
NaN	NaN	NaN	NaN	2137.786	38.20147124473665	2137.786	55.27664075402081
NaN	NaN	NaN	NaN	2137.834	43.80228209096893	2137.834	63.457688019867135
NaN	NaN	NaN	NaN	2137.882	50.52346501309138	2137.882	73.29041999625626
NaN	NaN	NaN	NaN	2137.93	58.47855812787914	2137.93	84.9502139746776
NaN	NaN	NaN	NaN	2137.978	66.99076005854884	2137.978	97.4393443642347
NaN	NaN	NaN	NaN	2138.026	74.56283380509723	2138.026	108.55039894233751
NaN	NaN	NaN	NaN	2138.074	79.54829921238458	2138.074	115.867628556863
NaN	NaN	NaN	NaN	2138.122	81.11499278797473	2138.122	118.17918446262225
NaN	NaN	NaN	NaN	2138.17	79.62295284145505	2138.17	116.01768113380604
NaN	NaN	NaN	NaN	2138.218	76.00194803246184	2138.218	110.74045525337337
NaN	NaN	NaN	NaN	2138.266	70.85461264215857	2138.266	103.21929365186293
NaN	NaN	NaN	NaN	2138.314	64.41715048711214	2138.314	93.79353243567223
NaN	NaN	NaN	NaN	2138.362	57.133024461270416	2138.362	83.11759187712309
NaN	NaN	NaN	NaN	2138.41	49.696469193889016	2138.41	72.21925865965964
NaN	NaN	NaN	NaN	2138.458	42.73924458290098	2138.458	62.02815784674878
NaN	NaN	NaN	NaN	2138.506	36.817373639393	2138.506	53.352191473196555
NaN	NaN	NaN	NaN	2138.554	32.31077110143499	2138.554	46.7400596912488
NaN	NaN	NaN	NaN	2138.602	29.08929394511752	2138.602	42.00191800024512
NaN	NaN	NaN	NaN	2138.65	26.60149018523726	2138.65	38.33569843050827
NaN	NaN	NaN	NaN	2138.698	24.432486345214407	2138.698	35.133229599018776
NaN	NaN	NaN	NaN	2138.746	22.541600147467776	2138.746	32.3284678153649
NaN	NaN	NaN	NaN	2138.794	20.904718724724084	2138.794	29.885223620423254
NaN	NaN	NaN	NaN	2138.842	19.236172740594757	2138.842	27.392396041623908
NaN	NaN	NaN	NaN	2138.89	17.24847429616947	2138.89	24.434765435358706
NaN	NaN	NaN	NaN	2138.938	14.996391231705847	2138.938	21.0915877790284
NaN	NaN	NaN	NaN	2138.986	12.799549535124024	2138.986	17.825715383176064
NaN	NaN	NaN	NaN	2139.034	10.930114303167484	2139.034	15.02996436481298
NaN	NaN	NaN	NaN	2139.082	9.471286052035659	2139.082	12.821975131214847
NaN	NaN	NaN	NaN	2139.13	8.393779728043343	2139.13	11.153006016252316
NaN	NaN	NaN	NaN	2139.178	7.6418035431852145	2139.178	9.934376013187425
NaN	NaN	NaN	NaN	2139.226	7.124639222357036	2139.226	9.03771245662291
NaN	NaN	NaN	NaN	2139.274	6.710319620668991	2139.274	8.286131432536596
NaN	NaN	NaN	NaN	2139.322	6.292028572263522	2139.322	7.532087880760453
NaN	NaN	NaN	NaN	2139.37	5.8478542382632765	2139.37	6.745206292463645
NaN	NaN	NaN	NaN	2139.418	5.415086031379808	2139.418	5.999655450061583
NaN	NaN	NaN	NaN	2139.466	5.01995642472732	2139.466	5.374543732826375
NaN	NaN	NaN	NaN	2139.514	4.648873160888176	2139.514	4.881405580655687
NaN	NaN	NaN	NaN	2139.562	4.281265187087003	2139.562	4.48072589428914
NaN	NaN	NaN	NaN	2139.61	3.931165281011957	2139.61	4.140543026503562
NaN	NaN	NaN	NaN	2139.658	3.639793166875444	2139.658	3.86138275976353
NaN	NaN	NaN	NaN	2139.706	3.4303084650188382	2139.706	3.6512857266113885
NaN	NaN	NaN	NaN	2139.754	3.2896141538391883	2139.754	3.500911261216912
NaN	NaN	NaN	NaN	2139.802	3.1931474015555814	2139.802	3.3918515050655778
NaN	NaN	NaN	NaN	2139.85	3.125160716868848	2139.85	3.311502405626144
NaN	NaN	NaN	NaN	2139.898	3.0780932305645474	2139.898	3.2547123068573063
NaN	NaN	NaN	NaN	2139.946	3.056050437032964	2139.946	3.2278237771028846
NaN	NaN	NaN	NaN	2139.994	3.080516062195584	2139.994	3.258374746522779
NaN	NaN	NaN	NaN	2140.042	3.1769012996330703	2140.042	3.3857440955912943
NaN	NaN	NaN	NaN	2140.09	3.340003058759596	2140.09	3.6070904662768495
NaN	NaN	NaN	NaN	2140.138	3.505505808747173	2140.138	3.8207141310963895
NaN	NaN	NaN	NaN	2140.186	3.5740422813123685	2140.186	3.8703253435574188
NaN	NaN	NaN	NaN	2140.234	3.485050347648649	2140.234	3.6753331117995383
NaN	NaN	NaN	NaN	2140.282	3.263757798900469	2140.282	3.288889197432185
NaN	NaN	NaN	NaN	2140.33	2.998391197401385	2140.33	2.830387472427244
NaN	NaN	NaN	NaN	2140.378	2.781271757566828	2140.378	2.398375346494153
NaN	NaN	NaN	NaN	2140.426	2.6571790179633545	2140.426	2.0415150854999835
NaN	NaN	NaN	NaN	2140.474	2.6120361449750216	2140.474	1.774633127495509
NaN	NaN	NaN	NaN	2140.522	2.609694185842818	2140.522	1.5950561614104342
NaN	NaN	NaN	NaN	2140.57	2.641915882340849	2140.57	1.4817735616454786
NaN	NaN	NaN	NaN	2140.618	2.7544973624157842	2140.618	1.3992695330590568
NaN	NaN	NaN	NaN	2140.666	3.0271323874048384	2140.666	1.3170446401844178
NaN	NaN	NaN	NaN	2140.714	3.5014507074921695	2140.714	1.2255011543807877
NaN	NaN	NaN	NaN	2140.762	4.1098457834808535	2140.762	1.1336323063684326
NaN	NaN	NaN	NaN	2140.81	4.688143468944264	2140.81	1.0572242341459122
NaN	NaN	NaN	NaN	2140.858	5.07290633345062	2140.858	1.0086829805505277
NaN	NaN	NaN	NaN	2140.906	5.182164014444111	2140.906	0.9876968973918561
NaN	NaN	NaN	NaN	2140.954	5.022226488021179	2140.954	0.97680328229221
NaN	NaN	NaN	NaN	2141.002	4.676555531227156	2141.002	0.9520989448847764
NaN	NaN	NaN	NaN	2141.05	4.288587721698771	2141.05	0.9031180444521618
NaN	NaN	NaN	NaN	2141.098	3.971176062438148	2141.098	0.8419330549674987
NaN	NaN	NaN	NaN	2141.146	3.7070752170075143	2141.146	0.7914922595562145
NaN	NaN	NaN	NaN	2141.194	3.40130205303329	2141.194	0.7655630472919336
NaN	NaN	NaN	NaN	2141.242	3.0366860922007266	2141.242	0.7617832340630611
NaN	NaN	NaN	NaN	2141.29	2.713081032445537	2141.29	0.7703445131859907
NaN	NaN	NaN	NaN	2141.338	2.534021855989047	2141.338	0.7839382363918526
NaN	NaN	NaN	NaN	2141.386	2.519369819240571	2141.386	0.8031557435912794
NaN	NaN	NaN	NaN	2141.434	2.631042470489249	2141.434	0.8377970750898579
NaN	NaN	NaN	NaN	2141.482	2.822365843057098	2141.482	0.9019567689325366
NaN	NaN	NaN	NaN	2141.53	3.055150116948861	2141.53	1.0026485103690976
NaN	NaN	NaN	NaN	2141.578	3.3211610731624273	2141.578	1.1260732320652382
NaN	NaN	NaN	NaN	2141.626	3.649195518278951	2141.626	1.2358575656245965
NaN	NaN	NaN	NaN	2141.674	4.046472987041409	2141.674	1.2949616762975524
NaN	NaN	NaN	NaN	2141.722	4.448143354200956	2141.722	1.2913560333916239
NaN	NaN	NaN	NaN	2141.77	4.7808163518497215	2141.77	1.2353276904221429
NaN	NaN	NaN	NaN	2141.818	5.074492782108413	2141.818	1.137633347212724
NaN	NaN	NaN	NaN	2141.866	5.467928231006725	2141.866	1.0063660396579537
NaN	NaN	NaN	NaN	2141.914	6.091308087559877	2141.914	0.8609074131320452
NaN	NaN	NaN	NaN	2141.962	6.986846798620905	2141.962	0.728195824464885
NaN	NaN	NaN	NaN	2142.01	8.196426405000375	2142.01	0.6224566058915583
NaN	NaN	NaN	NaN	2142.058	9.91207041550057	2142.058	0.5407626493251687
NaN	NaN	NaN	NaN	2142.106	12.487656763710717	2142.106	0.477560765697937
NaN	NaN	NaN	NaN	2142.154	16.291280871403508	2142.154	0.4325807743252598
NaN	NaN	NaN	NaN	2142.202	21.497248356709914	2142.202	0.404506885764222
NaN	NaN	NaN	NaN	2142.25	27.744563096856425	2142.25	0.38624143289634816
NaN	NaN	NaN	NaN	2142.298	33.71833061411554	2142.298	0.36962837144047883
NaN	NaN	NaN	NaN	2142.346	37.42314515151259	2142.346	0.35090098226811517
NaN	NaN	NaN	NaN	2142.394	37.54630032632603	2142.394	0.3304938328989513
NaN	NaN	NaN	NaN	2142.442	34.608662199097424	2142.442	0.31095622884352336
NaN	NaN	NaN	NaN	2142.49	30.514996535160915	2142.49	0.2964328266310543
NaN	NaN	NaN	NaN	2142.538	27.043016125844304	2142.538	0.2911507089795715
NaN	NaN	NaN	NaN	2142.586	24.883488533886823	2142.586	0.29476506773590244
NaN	NaN	NaN	NaN	2142.634	23.933208761388265	2142.634	0.29972628171074156
NaN	NaN	NaN	NaN	2142.682	24.15210227254686	2142.682	0.29640600612700263
NaN	NaN	NaN	NaN	2142.73	26.161387990776753	2142.73	0.2818418446372848
NaN	NaN	NaN	NaN	2142.778	31.438737040107046	2142.778	0.26297060082495277
NaN	NaN	NaN	NaN	2142.826	42.14171834780546	2142.826	0.25096141339113476
NaN	NaN	NaN	NaN	2142.874	60.3794069968997	2142.874	0.2523926259836722
NaN	NaN	NaN	NaN	2142.922	86.5166627031197	2142.922	0.26752152892466013
NaN	NaN	NaN	NaN	2142.97	116.59658939003907	2142.97	0.2966695652651788
NaN	NaN	NaN	NaN	2143.018	141.32782722163628	2143.018	0.3435392857113067
NaN	NaN	NaN	NaN	2143.066	150.19404623889443	2143.066	0.4103682316287922
NaN	NaN	NaN	NaN	2143.114	139.02168313183958	2143.114	0.49134378702922493
NaN	NaN	NaN	NaN	2143.162	113.3470931221914	2143.162	0.5696778813128004
NaN	NaN	NaN	NaN	2143.21	83.78704240511554	2143.21	0.6214462701095423
NaN	NaN	NaN	NaN	2143.258	58.639642460034594	2143.258	0.6271055726459464
NaN	NaN	NaN	NaN	2143.306	40.6612870743409	2143.306	0.5833608311613723
NaN	NaN	NaN	NaN	2143.354	28.873506657613827	2143.354	0.5054018219023112
NaN	NaN	NaN	NaN	2143.402	21.397967214644858	2143.402	0.4169230489318625
NaN	NaN	NaN	NaN	2143.45	16.641698512463357	2143.45	0.3364287127459879
NaN	NaN	NaN	NaN	2143.498	13.40253654480987	2143.498	0.2721387723773411
NaN	NaN	NaN	NaN	2143.546	10.927916476697947	2143.546	0.22539139625478016
NaN	NaN	NaN	NaN	2143.594	8.904372386437208	2143.594	0.19352282640199275
NaN	NaN	NaN	NaN	2143.642	7.238363707138779	2143.642	0.17171196515307105
NaN	NaN	NaN	NaN	2143.69	5.907314049451832	2143.69	0.15651864638834867
NaN	NaN	NaN	NaN	2143.738	4.978384736033899	2143.738	0.14718885601040216
NaN	NaN	NaN	NaN	2143.786	4.587039806368246	2143.786	0.14311929599066697
NaN	NaN	NaN	NaN	2143.834	4.8201730671197245	2143.834	0.14212508140812521
NaN	NaN	NaN	NaN	2143.882	5.635429467833328	2143.882	0.14176694765241923
NaN	NaN	NaN	NaN	2143.93	6.93795819508477	2143.93	0.1410316516024496
NaN	NaN	NaN	NaN	2143.978	8.706138263772655	2143.978	0.1398660289591017
NaN	NaN	NaN	NaN	2144.026	10.823697933187567	2144.026	0.1377699301346478
NaN	NaN	NaN	NaN	2144.074	12.715668616837268	2144.074	0.13384135545028084
NaN	NaN	NaN	NaN	2144.122	13.488779035457558	2144.122	0.12766905863293698
NaN	NaN	NaN	NaN	2144.17	12.685468304196212	2144.17	0.11963166560489137
NaN	NaN	NaN	NaN	2144.218	10.716988509629754	2144.218	0.11110301716723235
NaN	NaN	NaN	NaN	2144.266	8.412997351249027	2144.266	0.10421829636899357
NaN	NaN	NaN	NaN	2144.314	6.345975023404833	2144.314	0.10041574828187586
NaN	NaN	NaN	NaN	2144.362	4.6882457812043175	2144.362	0.09984549242711412
NaN	NaN	NaN	NaN	2144.41	3.446069177733075	2144.41	0.10313870124414541
NaN	NaN	NaN	NaN	2144.458	2.592604849309702	2144.458	0.11259346002267152
NaN	NaN	NaN	NaN	2144.506	2.0532350679429068	2144.506	0.1306988501702531
NaN	NaN	NaN	NaN	2144.554	1.7193077401480776	2144.554	0.15968471335904252
NaN	NaN	NaN	NaN	2144.602	1.510886396064283	2144.602	0.20471494023152098
NaN	NaN	NaN	NaN	2144.65	1.3984117815989592	2144.65	0.2727325177337229
NaN	NaN	NaN	NaN	2144.698	1.3585248653450497	2144.698	0.3583602215582878
NaN	NaN	NaN	NaN	2144.746	1.335091020291698	2144.746	0.43118323548825427
NaN	NaN	NaN	NaN	2144.794	1.2692226538169504	2144.794	0.45121545589255607
NaN	NaN	NaN	NaN	2144.842	1.1566880224171185	2144.842	0.40495647152418485
NaN	NaN	NaN	NaN	2144.89	1.0416860058001265	2144.89	0.3183993132011493
NaN	NaN	NaN	NaN	2144.938	0.9543052445790731	2144.938	0.2311312685052242
NaN	NaN	NaN	NaN	2144.986	0.8839301857494836	2144.986	0.16635147021862595
NaN	NaN	NaN	NaN	2145.034	0.8121068671234556	2145.034	0.12615631340531167
NaN	NaN	NaN	NaN	2145.082	0.7410171737248554	2145.082	0.10284470922729153
NaN	NaN	NaN	NaN	2145.13	0.6844040914668649	2145.13	0.08807378969803441
NaN	NaN	NaN	NaN	2145.178	0.6512908059918285	2145.178	0.07650341997764296
NaN	NaN	NaN	NaN	2145.226	0.6458741073449502	2145.226	0.0667718544643801
NaN	NaN	NaN	NaN	2145.274	0.6738175474474254	2145.274	0.060119650384647526
NaN	NaN	NaN	NaN	2145.322	0.7493821064683103	2145.322	0.057518424683542714
NaN	NaN	NaN	NaN	2145.37	0.9024820956013534	2145.37	0.058033850249877755
NaN	NaN	NaN	NaN	2145.418	1.1670484864912989	2145.418	0.059429560674537224
NaN	NaN	NaN	NaN	2145.466	1.5436278230655502	2145.466	0.059667796311161286
NaN	NaN	NaN	NaN	2145.514	1.9624623758672568	2145.514	0.05801319817105714
NaN	NaN	NaN	NaN	2145.562	2.285480408165077	2145.562	0.05520183586110701
NaN	NaN	NaN	NaN	2145.61	2.3693627678200695	2145.61	0.052492987942973614
NaN	NaN	NaN	NaN	2145.658	2.1563105657775536	2145.658	0.05052990243810264
NaN	NaN	NaN	NaN	2145.706	1.7202825175355596	2145.706	0.049533196479277966
NaN	NaN	NaN	NaN	2145.754	1.2283243321753556	2145.754	0.05010833736187025
NaN	NaN	NaN	NaN	2145.802	0.8359190604522493	2145.802	0.05260274354098187
NaN	NaN	NaN	NaN	2145.85	0.5985865987016057	2145.85	0.05619569130991281
NaN	NaN	NaN	NaN	2145.898	0.4783265880377219	2145.898	0.06044979567352127
NaN	NaN	NaN	NaN	2145.946	0.41532778894136546	2145.946	0.06770597741014735
NaN	NaN	NaN	NaN	2145.994	0.3781253483634302	2145.994	0.08292190351921307
NaN	NaN	NaN	NaN	2146.042	0.3635749306874219	2146.042	0.11152722562248864
NaN	NaN	NaN	NaN	2146.09	0.3738130480411695	2146.09	0.15602794493702543
NaN	NaN	NaN	NaN	2146.138	0.398652727906804	2146.138	0.2097198165167275
NaN	NaN	NaN	NaN	2146.186	0.41603171487856494	2146.186	0.25311524694650456
NaN	NaN	NaN	NaN	2146.234	0.40744503763808787	2146.234	0.2642158774071972
NaN	NaN	NaN	NaN	2146.282	0.3714718476914967	2146.282	0.23711732344745537
NaN	NaN	NaN	NaN	2146.33	0.32150347496514503	2146.33	0.18684870231565667
NaN	NaN	NaN	NaN	2146.378	0.2726430393664963	2146.378	0.13478715300818161
NaN	NaN	NaN	NaN	2146.426	0.231833208886556	2146.426	0.0938229427919552
NaN	NaN	NaN	NaN	2146.474	0.19828236650435843	2146.474	0.06660397912116661
NaN	NaN	NaN	NaN	2146.522	0.17137407722067743	2146.522	0.05090076582031602
NaN	NaN	NaN	NaN	2146.57	0.1554847585829287	2146.57	0.04338243177337766
NaN	NaN	NaN	NaN	2146.618	0.1553857605456594	2146.618	0.04059676124948755
NaN	NaN	NaN	NaN	2146.666	0.17174074325958943	2146.666	0.03964472266977658
NaN	NaN	NaN	NaN	2146.714	0.20555209863197896	2146.714	0.0391568507198156
NaN	NaN	NaN	NaN	2146.762	0.2628058820582201	2146.762	0.03896713085227862
NaN	NaN	NaN	NaN	2146.81	0.34993942226042973	2146.81	0.03864312656662268
NaN	NaN	NaN	NaN	2146.858	0.4624231904404509	2146.858	0.03704702924243043
NaN	NaN	NaN	NaN	2146.906	0.5719326221290955	2146.906	0.033561547473557246
NaN	NaN	NaN	NaN	2146.954	0.6277688266189031	2146.954	0.029118055309782995
NaN	NaN	NaN	NaN	2147.002	0.5900318706110209	2147.002	0.02543968031791444
NaN	NaN	NaN	NaN	2147.05	0.47033630959639905	2147.05	0.023645555973140272
NaN	NaN	NaN	NaN	2147.098	0.32799880757286987	2147.098	0.024060394700271912
NaN	NaN	NaN	NaN	2147.146	0.221159431804499	2147.146	0.026861566175794133
NaN	NaN	NaN	NaN	2147.194	0.16893270365943433	2147.194	0.032286698442567534
NaN	NaN	NaN	NaN	2147.242	0.1564253246556989	2147.242	0.04050334191675759
NaN	NaN	NaN	NaN	2147.29	0.16082098829433356	2147.29	0.05234856615775103
NaN	NaN	NaN	NaN	2147.338	0.16858606311064736	2147.338	0.07045592464652299
NaN	NaN	NaN	NaN	2147.386	0.17619421909262284	2147.386	0.09653899277760795
NaN	NaN	NaN	NaN	2147.434	0.18129438673721404	2147.434	0.12410229516130973
NaN	NaN	NaN	NaN	2147.482	0.1773049205436418	2147.482	0.13795563501136987
NaN	NaN	NaN	NaN	2147.53	0.159932681106092	2147.53	0.12780701605325645
NaN	NaN	NaN	NaN	2147.578	0.13483979028586798	2147.578	0.09951721916851639
NaN	NaN	NaN	NaN	2147.626	0.11234644557221901	2147.626	0.06806248701947593
NaN	NaN	NaN	NaN	2147.674	0.09704663023517898	2147.674	0.043892497406541
NaN	NaN	NaN	NaN	2147.722	0.08652150732308582	2147.722	0.02914232224058615
NaN	NaN	NaN	NaN	2147.77	0.0768157769658354	2147.77	0.021446610278445702
NaN	NaN	NaN	NaN	2147.818	0.06641202171021816	2147.818	0.017514870369635362
NaN	NaN	NaN	NaN	2147.866	0.0575191695504074	2147.866	0.01505059308689259
NaN	NaN	NaN	NaN	2147.914	0.05521094192106218	2147.914	0.013478890925151976
NaN	NaN	NaN	NaN	2147.962	0.0638123999167322	2147.962	0.013215542042839522
NaN	NaN	NaN	NaN	2148.01	0.08308896662140555	2148.01	0.01433418997586932
NaN	NaN	NaN	NaN	2148.058	0.10715947559396552	2148.058	0.016202727682294346
NaN	NaN	NaN	NaN	2148.106	0.12589284289023725	2148.106	0.018337184753134644
NaN	NaN	NaN	NaN	2148.154	0.12978068815161006	2148.154	0.021030636485554133
NaN	NaN	NaN	NaN	2148.202	0.11765019693480246	2148.202	0.024709112254461093
NaN	NaN	NaN	NaN	2148.25	0.09831072241894043	2148.25	0.028941143386827985
NaN	NaN	NaN	NaN	2148.298	0.08171574814378768	2148.298	0.03229041290952229
NaN	NaN	NaN	NaN	2148.346	0.07056062605880435	2148.346	0.03291992776018568
NaN	NaN	NaN	NaN	2148.394	0.06199520669870543	2148.394	0.029802642485879768
NaN	NaN	NaN	NaN	2148.442	0.05415822409780552	2148.442	0.02397145317168096
NaN	NaN	NaN	NaN	2148.49	0.04801081494796546	2148.49	0.01801099782062478
NaN	NaN	NaN	NaN	2148.538	0.04446927629030851	2148.538	0.013977757852525264
NaN	NaN	NaN	NaN	2148.586	0.04313864843226544	2148.586	0.012425207589404531
NaN	NaN	NaN	NaN	2148.634	0.04351803904395996	2148.634	0.013062446839289832
NaN	NaN	NaN	NaN	2148.682	0.045017419241617694	2148.682	0.015381960056839677
NaN	NaN	NaN	NaN	2148.73	0.04668226825887293	2148.73	0.018988142714962433
NaN	NaN	NaN	NaN	2148.778	0.049257291817755115	2148.778	0.02378502331095592
NaN	NaN	NaN	NaN	2148.826	0.05680137025175763	2148.826	0.029067288200781898
NaN	NaN	NaN	NaN	2148.874	0.0745787808381548	2148.874	0.032316249494248495
NaN	NaN	NaN	NaN	2148.922	0.10506692186122915	2148.922	0.03066650871108095
NaN	NaN	NaN	NaN	2148.97	0.14369152364187496	2148.97	0.024330201838728204
NaN	NaN	NaN	NaN	2149.018	0.1757534370530821	2149.018	0.0169245463523096
NaN	NaN	NaN	NaN	2149.066	0.18265720319131618	2149.066	0.01187119491623541
NaN	NaN	NaN	NaN	2149.114	0.15807984874209366	2149.114	0.0097543363027351
NaN	NaN	NaN	NaN	2149.162	0.11506879038119815	2149.162	0.009125374476786678
NaN	NaN	NaN	NaN	2149.21	0.07386683381475642	2149.21	0.00861238166387526
NaN	NaN	NaN	NaN	2149.258	0.04693934565357399	2149.258	0.007953577207719664
NaN	NaN	NaN	NaN	2149.306	0.03695248038756665	2149.306	0.0077482450997778856
NaN	NaN	NaN	NaN	2149.354	0.045258722099353325	2149.354	0.00889673933528021
NaN	NaN	NaN	NaN	2149.402	0.08325718915324394	2149.402	0.012043508962712087
NaN	NaN	NaN	NaN	2149.45	0.18073420125164635	2149.45	0.01675587942687374
NaN	NaN	NaN	NaN	2149.498	0.3729934940027295	2149.498	0.021004425668029385
NaN	NaN	NaN	NaN	2149.546	0.6441695784052814	2149.546	0.02216055779631524
NaN	NaN	NaN	NaN	2149.594	0.8730932517271544	2149.594	0.019257992026181583
NaN	NaN	NaN	NaN	2149.642	0.9008771774971704	2149.642	0.014049314881985967
NaN	NaN	NaN	NaN	2149.69	0.6985532113061454	2149.69	0.009332379474139427
NaN	NaN	NaN	NaN	2149.738	0.40716589632382494	2149.738	0.006575109515925698
NaN	NaN	NaN	NaN	2149.786	0.18252444838831464	2149.786	0.0054622517861335085
NaN	NaN	NaN	NaN	2149.834	0.06819222328989988	2149.834	0.00497943983152484
NaN	NaN	NaN	NaN	2149.882	0.025367609053412822	2149.882	0.004310005402885851
NaN	NaN	NaN	NaN	2149.93	0.01087003715657055	2149.93	0.0031803897472560435
NaN	NaN	NaN	NaN	2149.978	0.00486023933834918	2149.978	0.001875569968874983
NaN	NaN	NaN	NaN	2150.026	0.0019084768352871186	2150.026	0.000852150452329124
NaN	NaN	NaN	NaN	2150.074	0.0006029501463673366	2150.074	0.00029233802895930653
NaN	NaN	NaN	NaN	2150.122	0.00014919389537516818	2150.122	7.540298622726474e-5
NaN	NaN	NaN	NaN	2150.17	3.673156971358649e-5	2150.17	1.840306578898246e-5
NaN	NaN	NaN	NaN	2150.218	5.240441370835954e-5	2150.218	2.4157119697901214e-5
NaN	NaN	NaN	NaN	2150.266	0.0001906458882003669	2150.266	8.55386376610028e-5
NaN	NaN	NaN	NaN	2150.314	0.0005438551407455783	2150.314	0.0002398168844016967
NaN	NaN	NaN	NaN	2150.362	0.0011326857239840745	2150.362	0.0004919277636109813
NaN	NaN	NaN	NaN	2150.41	0.0017186182549950805	2150.41	0.0007365920850782191
NaN	NaN	NaN	NaN	2150.458	0.001899364687562813	2150.458	0.0008049657692407025
NaN	NaN	NaN	NaN	2150.506	0.0015287464770036095	2150.506	0.0006419275190344375
NaN	NaN	NaN	NaN	2150.554	0.0008959882695880083	2150.554	0.00037348813918444874
NaN	NaN	NaN	NaN	2150.602	0.00038234259506114894	2150.602	0.00015851332076538029
NaN	NaN	NaN	NaN	2150.65	0.00011877712735929925	2150.65	4.906397189748633e-5
NaN	NaN	NaN	NaN	2150.698	2.6859117780817073e-5	2150.698	1.107320971071923e-5
NaN	NaN	NaN	NaN	2150.746	4.4206016055886475e-6	2150.746	1.8218058378408068e-6
NaN	NaN	NaN	NaN	2150.794	5.294885881701875e-7	2150.794	2.1844995195153467e-7
NaN	NaN	NaN	NaN	2150.842	4.6150381141482446e-8	2150.842	1.9086569129929205e-8
NaN	NaN	NaN	NaN	2150.89	2.9268350261488383e-9	2150.89	1.2148901983690809e-9
NaN	NaN	NaN	NaN	2150.938	1.3504829818475307e-10	2150.938	5.6323553174997653e-11
NaN	NaN	NaN	NaN	2150.986	4.533298358185185e-12	2150.986	1.9015235162748078e-12
NaN	NaN	NaN	NaN	2151.034	1.1069877143319293e-13	2151.034	4.6740296784998183e-14
NaN	NaN	NaN	NaN	2151.082	1.9662831354994352e-15	2151.082	8.363418292801161e-16
NaN	NaN	NaN	NaN	2151.13	2.5403748008098715e-17	2151.13	1.0892019389776026e-17
NaN	NaN	NaN	NaN	2151.178	2.3871179770571013e-19	2151.178	1.0322860655258885e-19
NaN	NaN	NaN	NaN	2151.226	1.6313687298287427e-21	2151.226	7.11866798235501e-22
NaN	NaN	NaN	NaN	2151.274	8.1079705625788e-24	2151.274	3.571488894471015e-24
NaN	NaN	NaN	NaN	2151.322	2.9304561982482684e-26	2151.322	1.303470949921178e-26
NaN	NaN	NaN	NaN	2151.37	7.702010488262071e-29	2151.37	3.460261624527286e-29
NaN	NaN	NaN	NaN	2151.418	1.4719833388594712e-31	2151.418	6.680827264517955e-32
NaN	NaN	NaN	NaN	2151.466	2.0455822451179995e-34	2151.466	9.38052912336053e-35
NaN	NaN	NaN	NaN	2151.514	2.0669630457076742e-37	2151.514	9.5778015093049e-38
NaN	NaN	NaN	NaN	2151.562	1.5185798878238908e-40	2151.562	7.110736917166197e-41
NaN	NaN	NaN	NaN	2151.61	8.111853238976972e-44	2151.61	3.838358430311818e-44
NaN	NaN	NaN	NaN	2151.658	3.1504252664177146e-47	2151.658	1.5063751535853163e-47
NaN	NaN	NaN	NaN	2151.706	8.895590862230818e-51	2151.706	4.297881882814323e-51
NaN	NaN	NaN	NaN	2151.754	1.826112153460384e-54	2151.754	8.914331000253131e-55
NaN	NaN	NaN	NaN	2151.802	2.7253243970638997e-58	2151.802	1.344055544946503e-58
NaN	NaN	NaN	NaN	2151.85	2.9569138169627405e-62	2151.85	1.4730683294484225e-62
NaN	NaN	NaN	NaN	2151.898	2.3322810759924272e-66	2151.898	1.1735198384082437e-66
NaN	NaN	NaN	NaN	2151.946	1.337326140251208e-70	2151.946	6.795258080442161e-71
NaN	NaN	NaN	NaN	2151.994	5.574434717879909e-75	2151.994	2.859939639145369e-75
NaN	NaN	NaN	NaN	2152.042	1.6891357348667255e-79	2152.042	8.748462973136329e-80
NaN	NaN	NaN	NaN	2152.09	3.7206767342411275e-84	2152.09	1.9450029670329557e-84
NaN	NaN	NaN	NaN	2152.138	5.9575366638129926e-89	2152.138	3.142772770043282e-89
NaN	NaN	NaN	NaN	2152.186	6.934144213634416e-94	2152.186	3.690636987171869e-94
NaN	NaN	NaN	NaN	2152.234	5.866709169922729e-99	2152.234	3.1497603050665735e-99
NaN	NaN	NaN	NaN	2152.282	3.6079970598558944e-104	2152.282	1.9535943225001403e-104
NaN	NaN	NaN	NaN	2152.33	1.6128808302976422e-109	2152.33	8.80573187732089e-110
NaN	NaN	NaN	NaN	2152.378	5.240800241152014e-115	2152.378	2.8844616463331934e-115
NaN	NaN	NaN	NaN	2152.426	1.2377901997664793e-120	2152.426	6.866364583460366e-121
NaN	NaN	NaN	NaN	2152.474	2.124934806612387e-126	2152.474	1.1878092981654947e-126
NaN	NaN	NaN	NaN	2152.522	2.651480775789366e-132	2152.522	1.4932060753034828e-132
NaN	NaN	NaN	NaN	2152.57	2.4047556172730144e-138	2152.57	1.3640858512305382e-138
NaN	NaN	NaN	NaN	2152.618	1.5852158905328318e-144	2152.618	9.055421751494728e-145
NaN	NaN	NaN	NaN	2152.666	7.595151051214179e-151	2152.666	4.368346453873459e-151
NaN	NaN	NaN	NaN	2152.714	2.644908042878484e-157	2152.714	1.5313115150261677e-157
NaN	NaN	NaN	NaN	2152.762	6.694322668476622e-164	2152.762	3.900722132781367e-164
NaN	NaN	NaN	NaN	2152.81	1.2314603964077586e-170	2152.81	7.22035600190736e-171
NaN	NaN	NaN	NaN	2152.858	1.6464477010249655e-177	2152.858	9.711843603801388e-178
NaN	NaN	NaN	NaN	2152.906	1.5998716707015866e-184	2152.906	9.492306444971385e-185
NaN	NaN	NaN	NaN	2152.954	1.1298692862326721e-191	2152.954	6.7416549571964395e-192
NaN	NaN	NaN	NaN	2153.002	5.799269953233143e-199	2153.002	3.4792356806482422e-199
NaN	NaN	NaN	NaN	2153.05	2.1633003763052508e-206	2153.05	1.3047332510317204e-206
NaN	NaN	NaN	NaN	2153.098	5.864825627117924e-214	2153.098	3.555316734753224e-214
NaN	NaN	NaN	NaN	2153.146	1.1555391060508064e-221	2153.146	7.039661850159241e-222
NaN	NaN	NaN	NaN	2153.194	1.6546343252978883e-229	2153.194	1.0128394194400205e-229
NaN	NaN	NaN	NaN	2153.242	1.7218840713043202e-237	2153.242	1.0588712390408731e-237
NaN	NaN	NaN	NaN	2153.29	1.3022279952941935e-245	2153.29	8.04374002908645e-246
NaN	NaN	NaN	NaN	2153.338	7.157283378022905e-254	2153.338	4.440009112502146e-254
NaN	NaN	NaN	NaN	2153.386	2.8588039391016834e-262	2153.386	1.7808173757116413e-262
NaN	NaN	NaN	NaN	2153.434	8.298364265065757e-271	2153.434	5.189952643893186e-271
NaN	NaN	NaN	NaN	2153.482	1.7505303751533822e-279	2153.482	1.0990431987546557e-279
NaN	NaN	NaN	NaN	2153.53	2.6835703795544502e-288	2153.53	1.6911121978740298e-288
NaN	NaN	NaN	NaN	2153.578	2.989645798284362e-297	2153.578	1.890755473473153e-297
NaN	NaN	NaN	NaN	2153.626	2.4204003101421044e-306	2153.626	1.5360404239500907e-306
NaN	NaN	NaN	NaN	2153.674	1.42400907e-315	2153.674	9.06720345e-316
NaN	NaN	NaN	NaN	2153.722	0.0	2153.722	0.0
NaN	NaN	NaN	NaN	2153.77	0.0	2153.77	0.0
NaN	NaN	NaN	NaN	2153.818	0.0	2153.818	0.0
NaN	NaN	NaN	NaN	2153.866	0.0	2153.866	0.0
NaN	NaN	NaN	NaN	2153.914	0.0	2153.914	0.0
NaN	NaN	NaN	NaN	2153.962	0.0	2153.962	0.0
NaN	NaN	NaN	NaN	2154.01	0.0	2154.01	0.0
NaN	NaN	NaN	NaN	2154.058	0.0	2154.058	0.0
NaN	NaN	NaN	NaN	2154.106	0.0	2154.106	0.0
NaN	NaN	NaN	NaN	2154.154	0.0	2154.154	0.0
NaN	NaN	NaN	NaN	2154.202	0.0	2154.202	0.0
NaN	NaN	NaN	NaN	2154.25	0.0	2154.25	0.0
NaN	NaN	NaN	NaN	2154.298	0.0	2154.298	0.0
NaN	NaN	NaN	NaN	2154.346	0.0	2154.346	0.0
NaN	NaN	NaN	NaN	2154.394	0.0	2154.394	0.0
NaN	NaN	NaN	NaN	2154.442	0.0	2154.442	0.0
NaN	NaN	NaN	NaN	2154.49	0.0	2154.49	0.0
NaN	NaN	NaN	NaN	2154.538	0.0	2154.538	0.0
NaN	NaN	NaN	NaN	2154.586	0.0	2154.586	0.0
NaN	NaN	NaN	NaN	2154.634	0.0	2154.634	0.0
NaN	NaN	NaN	NaN	2154.682	0.0	2154.682	0.0
NaN	NaN	NaN	NaN	2154.73	0.0	2154.73	0.0
NaN	NaN	NaN	NaN	2154.778	0.0	2154.778	0.0
NaN	NaN	NaN	NaN	2154.826	0.0	2154.826	0.0
NaN	NaN	NaN	NaN	2154.874	0.0	2154.874	0.0
NaN	NaN	NaN	NaN	2154.922	0.0	2154.922	0.0
NaN	NaN	NaN	NaN	2154.97	0.0	2154.97	0.0
NaN	NaN	NaN	NaN	2155.018	0.0	2155.018	0.0
NaN	NaN	NaN	NaN	2155.066	0.0	2155.066	0.0
NaN	NaN	NaN	NaN	2155.114	0.0	2155.114	0.0
NaN	NaN	NaN	NaN	2155.162	0.0	2155.162	0.0
NaN	NaN	NaN	NaN	2155.21	0.0	2155.21	0.0
NaN	NaN	NaN	NaN	2155.258	0.0	2155.258	0.0
NaN	NaN	NaN	NaN	2155.306	0.0	2155.306	0.0
NaN	NaN	NaN	NaN	2155.354	0.0	2155.354	0.0
NaN	NaN	NaN	NaN	2155.402	0.0	2155.402	0.0
NaN	NaN	NaN	NaN	2155.45	0.0	2155.45	0.0
NaN	NaN	NaN	NaN	2155.498	0.0	2155.498	0.0
NaN	NaN	NaN	NaN	2155.546	0.0	2155.546	0.0
NaN	NaN	NaN	NaN	2155.594	0.0	2155.594	0.0
NaN	NaN	NaN	NaN	2155.642	0.0	2155.642	0.0
NaN	NaN	NaN	NaN	2155.69	0.0	2155.69	0.0
NaN	NaN	NaN	NaN	2155.738	0.0	2155.738	0.0
NaN	NaN	NaN	NaN	2155.786	0.0	2155.786	0.0
NaN	NaN	NaN	NaN	2155.834	0.0	2155.834	0.0
NaN	NaN	NaN	NaN	2155.882	0.0	2155.882	0.0
NaN	NaN	NaN	NaN	2155.93	0.0	2155.93	0.0
NaN	NaN	NaN	NaN	2155.978	0.0	2155.978	0.0
NaN	NaN	NaN	NaN	2156.026	0.0	2156.026	0.0
NaN	NaN	NaN	NaN	2156.074	0.0	2156.074	0.0
NaN	NaN	NaN	NaN	2156.122	0.0	2156.122	0.0
NaN	NaN	NaN	NaN	2156.17	0.0	2156.17	0.0
NaN	NaN	NaN	NaN	2156.218	0.0	2156.218	0.0
NaN	NaN	NaN	NaN	2156.266	0.0	2156.266	0.0
NaN	NaN	NaN	NaN	2156.314	0.0	2156.314	0.0
NaN	NaN	NaN	NaN	2156.362	0.0	2156.362	0.0
NaN	NaN	NaN	NaN	2156.41	0.0	2156.41	0.0
NaN	NaN	NaN	NaN	2156.458	0.0	2156.458	0.0
NaN	NaN	NaN	NaN	2156.506	0.0	2156.506	0.0
NaN	NaN	NaN	NaN	2156.554	0.0	2156.554	0.0
NaN	NaN	NaN	NaN	2156.602	0.0	2156.602	0.0
NaN	NaN	NaN	NaN	2156.65	0.0	2156.65	0.0
NaN	NaN	NaN	NaN	2156.698	0.0	2156.698	0.0
NaN	NaN	NaN	NaN	2156.746	0.0	2156.746	0.0
NaN	NaN	NaN	NaN	2156.794	0.0	2156.794	0.0
NaN	NaN	NaN	NaN	2156.842	0.0	2156.842	0.0
NaN	NaN	NaN	NaN	2156.89	0.0	2156.89	0.0
NaN	NaN	NaN	NaN	2156.938	0.0	2156.938	0.0
NaN	NaN	NaN	NaN	2156.986	0.0	2156.986	0.0
NaN	NaN	NaN	NaN	2157.034	0.0	2157.034	0.0
NaN	NaN	NaN	NaN	2157.082	0.0	2157.082	0.0
NaN	NaN	NaN	NaN	2157.13	0.0	2157.13	0.0
NaN	NaN	NaN	NaN	2157.178	0.0	2157.178	0.0
NaN	NaN	NaN	NaN	2157.226	0.0	2157.226	0.0
NaN	NaN	NaN	NaN	2157.274	0.0	2157.274	0.0
NaN	NaN	NaN	NaN	2157.322	0.0	2157.322	0.0
NaN	NaN	NaN	NaN	2157.37	0.0	2157.37	0.0
NaN	NaN	NaN	NaN	2157.418	0.0	2157.418	0.0
NaN	NaN	NaN	NaN	2157.466	0.0	2157.466	0.0
NaN	NaN	NaN	NaN	2157.514	0.0	2157.514	0.0
NaN	NaN	NaN	NaN	2157.562	0.0	2157.562	0.0
NaN	NaN	NaN	NaN	2157.61	0.0	2157.61	0.0
NaN	NaN	NaN	NaN	2157.658	0.0	2157.658	0.0
NaN	NaN	NaN	NaN	2157.706	0.0	2157.706	0.0
NaN	NaN	NaN	NaN	2157.754	0.0	2157.754	0.0
NaN	NaN	NaN	NaN	2157.802	0.0	2157.802	0.0
NaN	NaN	NaN	NaN	2157.85	0.0	2157.85	0.0
NaN	NaN	NaN	NaN	2157.898	0.0	2157.898	0.0
NaN	NaN	NaN	NaN	2157.946	0.0	2157.946	0.0
NaN	NaN	NaN	NaN	2157.994	0.0	2157.994	0.0
NaN	NaN	NaN	NaN	2158.042	0.0	2158.042	0.0
NaN	NaN	NaN	NaN	2158.09	0.0	2158.09	0.0
NaN	NaN	NaN	NaN	2158.138	0.0	2158.138	0.0
NaN	NaN	NaN	NaN	2158.186	0.0	2158.186	0.0
NaN	NaN	NaN	NaN	2158.234	0.0	2158.234	0.0
NaN	NaN	NaN	NaN	2158.282	0.0	2158.282	0.0
NaN	NaN	NaN	NaN	2158.33	0.0	2158.33	0.0
NaN	NaN	NaN	NaN	2158.378	0.0	2158.378	0.0
NaN	NaN	NaN	NaN	2158.426	0.0	2158.426	0.0
NaN	NaN	NaN	NaN	2158.474	0.0	2158.474	0.0
NaN	NaN	NaN	NaN	2158.522	0.0	2158.522	0.0
NaN	NaN	NaN	NaN	2158.57	0.0	2158.57	0.0
NaN	NaN	NaN	NaN	2158.618	0.0	2158.618	0.0
NaN	NaN	NaN	NaN	2158.666	0.0	2158.666	0.0
NaN	NaN	NaN	NaN	2158.714	0.0	2158.714	0.0
NaN	NaN	NaN	NaN	2158.762	0.0	2158.762	0.0
NaN	NaN	NaN	NaN	2158.81	0.0	2158.81	0.0
NaN	NaN	NaN	NaN	2158.858	0.0	2158.858	0.0
NaN	NaN	NaN	NaN	2158.906	0.0	2158.906	0.0
NaN	NaN	NaN	NaN	2158.954	0.0	2158.954	0.0
NaN	NaN	NaN	NaN	2159.002	0.0	2159.002	0.0
NaN	NaN	NaN	NaN	2159.05	0.0	2159.05	0.0
NaN	NaN	NaN	NaN	2159.098	0.0	2159.098	0.0
NaN	NaN	NaN	NaN	2159.146	0.0	2159.146	0.0
NaN	NaN	NaN	NaN	2159.194	0.0	2159.194	0.0
NaN	NaN	NaN	NaN	2159.242	0.0	2159.242	0.0
NaN	NaN	NaN	NaN	2159.29	0.0	2159.29	0.0
NaN	NaN	NaN	NaN	2159.338	0.0	2159.338	0.0
NaN	NaN	NaN	NaN	2159.386	0.0	2159.386	0.0
NaN	NaN	NaN	NaN	2159.434	0.0	2159.434	0.0
NaN	NaN	NaN	NaN	2159.482	0.0	2159.482	0.0
NaN	NaN	NaN	NaN	2159.53	0.0	2159.53	0.0
NaN	NaN	NaN	NaN	2159.578	0.0	2159.578	0.0
NaN	NaN	NaN	NaN	2159.626	0.0	2159.626	0.0
NaN	NaN	NaN	NaN	2159.674	0.0	2159.674	0.0
NaN	NaN	NaN	NaN	2159.722	0.0	2159.722	0.0
NaN	NaN	NaN	NaN	2159.77	0.0	2159.77	0.0
NaN	NaN	NaN	NaN	2159.818	0.0	2159.818	0.0
NaN	NaN	NaN	NaN	2159.866	0.0	2159.866	0.0
NaN	NaN	NaN	NaN	2159.914	0.0	2159.914	0.0
NaN	NaN	NaN	NaN	2159.962	0.0	2159.962	0.0
NaN	NaN	NaN	NaN	2160.01	0.0	2160.01	0.0
NaN	NaN	NaN	NaN	2160.058	0.0	2160.058	0.0
NaN	NaN	NaN	NaN	2160.106	0.0	2160.106	0.0
NaN	NaN	NaN	NaN	2160.154	0.0	2160.154	0.0
NaN	NaN	NaN	NaN	2160.202	0.0	2160.202	0.0
NaN	NaN	NaN	NaN	2160.25	0.0	2160.25	0.0
NaN	NaN	NaN	NaN	2160.298	0.0	2160.298	0.0
NaN	NaN	NaN	NaN	2160.346	0.0	2160.346	0.0
NaN	NaN	NaN	NaN	2160.394	0.0	2160.394	0.0
NaN	NaN	NaN	NaN	2160.442	0.0	2160.442	0.0
NaN	NaN	NaN	NaN	2160.49	0.0	2160.49	0.0
NaN	NaN	NaN	NaN	2160.538	0.0	2160.538	0.0
NaN	NaN	NaN	NaN	2160.586	0.0	2160.586	0.0
NaN	NaN	NaN	NaN	2160.634	0.0	2160.634	0.0
NaN	NaN	NaN	NaN	2160.682	0.0	2160.682	0.0
NaN	NaN	NaN	NaN	2160.73	0.0	2160.73	0.0
NaN	NaN	NaN	NaN	2160.778	0.0	2160.778	0.0
NaN	NaN	NaN	NaN	2160.826	0.0	2160.826	0.0
NaN	NaN	NaN	NaN	2160.874	0.0	2160.874	0.0
NaN	NaN	NaN	NaN	2160.922	0.0	2160.922	0.0
NaN	NaN	NaN	NaN	2160.97	0.0	2160.97	0.0
